Copyright 1986-2018 Xilinx, Inc. All Rights Reserved.
-----------------------------------------------------------------------------------------------------------------------------------------------------------------------------------------------
| Tool Version : Vivado v.2018.3 (win64) Build 2405991 Thu Dec  6 23:38:27 MST 2018
| Date         : Tue Mar 24 16:27:25 2026
| Host         : BH610-DRZVK84 running 64-bit major release  (build 9200)
| Command      : report_timing_summary -max_paths 10 -file main_top_timing_summary_routed.rpt -pb main_top_timing_summary_routed.pb -rpx main_top_timing_summary_routed.rpx -warn_on_violation
| Design       : main_top
| Device       : 7a35t-cpg236
| Speed File   : -1  PRODUCTION 1.23 2018-06-13
-----------------------------------------------------------------------------------------------------------------------------------------------------------------------------------------------

Timing Summary Report

------------------------------------------------------------------------------------------------
| Timer Settings
| --------------
------------------------------------------------------------------------------------------------

  Enable Multi Corner Analysis               :  Yes
  Enable Pessimism Removal                   :  Yes
  Pessimism Removal Resolution               :  Nearest Common Node
  Enable Input Delay Default Clock           :  No
  Enable Preset / Clear Arcs                 :  No
  Disable Flight Delays                      :  No
  Ignore I/O Paths                           :  No
  Timing Early Launch at Borrowing Latches   :  false

  Corner  Analyze    Analyze    
  Name    Max Paths  Min Paths  
  ------  ---------  ---------  
  Slow    Yes        Yes        
  Fast    Yes        Yes        



check_timing report

Table of Contents
-----------------
1. checking no_clock
2. checking constant_clock
3. checking pulse_width_clock
4. checking unconstrained_internal_endpoints
5. checking no_input_delay
6. checking no_output_delay
7. checking multiple_clock
8. checking generated_clocks
9. checking loops
10. checking partial_input_delay
11. checking partial_output_delay
12. checking latch_loops

1. checking no_clock
--------------------
 There are 32 register/latch pins with no clock driven by root clock pin: program_rom/instantiate_loader.jtag_loader_6_inst/jtag_loader_gen.BSCAN_7SERIES_gen.BSCAN_BLOCK_inst/DRCK (HIGH)

 There are 5 register/latch pins with no clock driven by root clock pin: program_rom/instantiate_loader.jtag_loader_6_inst/jtag_loader_gen.BSCAN_7SERIES_gen.BSCAN_BLOCK_inst/UPDATE (HIGH)


2. checking constant_clock
--------------------------
 There are 0 register/latch pins with constant_clock.


3. checking pulse_width_clock
-----------------------------
 There are 0 register/latch pins which need pulse_width check


4. checking unconstrained_internal_endpoints
--------------------------------------------
 There are 100 pins that are not constrained for maximum delay. (HIGH)

 There are 0 pins that are not constrained for maximum delay due to constant clock.


5. checking no_input_delay
--------------------------
 There are 8 input ports with no input delay specified. (HIGH)

 There are 0 input ports with no input delay but user has a false path constraint.


6. checking no_output_delay
---------------------------
 There are 8 ports with no output delay specified. (HIGH)

 There are 0 ports with no output delay but user has a false path constraint

 There are 0 ports with no output delay but with a timing clock defined on it or propagating through it


7. checking multiple_clock
--------------------------
 There are 0 register/latch pins with multiple clocks.


8. checking generated_clocks
----------------------------
 There are 0 generated clocks that are not connected to a clock source.


9. checking loops
-----------------
 There are 0 combinational loops in the design.


10. checking partial_input_delay
--------------------------------
 There are 0 input ports with partial input delay specified.


11. checking partial_output_delay
---------------------------------
 There are 0 ports with partial output delay specified.


12. checking latch_loops
------------------------
 There are 0 combinational latch loops in the design through latch input



------------------------------------------------------------------------------------------------
| Design Timing Summary
| ---------------------
------------------------------------------------------------------------------------------------

    WNS(ns)      TNS(ns)  TNS Failing Endpoints  TNS Total Endpoints      WHS(ns)      THS(ns)  THS Failing Endpoints  THS Total Endpoints     WPWS(ns)     TPWS(ns)  TPWS Failing Endpoints  TPWS Total Endpoints  
    -------      -------  ---------------------  -------------------      -------      -------  ---------------------  -------------------     --------     --------  ----------------------  --------------------  
      2.061        0.000                      0                  434        0.070        0.000                      0                  434        3.750        0.000                       0                   125  


All user specified timing constraints are met.


------------------------------------------------------------------------------------------------
| Clock Summary
| -------------
------------------------------------------------------------------------------------------------

Clock        Waveform(ns)       Period(ns)      Frequency(MHz)
-----        ------------       ----------      --------------
sys_clk_pin  {0.000 5.000}      10.000          100.000         


------------------------------------------------------------------------------------------------
| Intra Clock Table
| -----------------
------------------------------------------------------------------------------------------------

Clock             WNS(ns)      TNS(ns)  TNS Failing Endpoints  TNS Total Endpoints      WHS(ns)      THS(ns)  THS Failing Endpoints  THS Total Endpoints     WPWS(ns)     TPWS(ns)  TPWS Failing Endpoints  TPWS Total Endpoints  
-----             -------      -------  ---------------------  -------------------      -------      -------  ---------------------  -------------------     --------     --------  ----------------------  --------------------  
sys_clk_pin         2.061        0.000                      0                  434        0.070        0.000                      0                  434        3.750        0.000                       0                   125  


------------------------------------------------------------------------------------------------
| Inter Clock Table
| -----------------
------------------------------------------------------------------------------------------------

From Clock    To Clock          WNS(ns)      TNS(ns)  TNS Failing Endpoints  TNS Total Endpoints      WHS(ns)      THS(ns)  THS Failing Endpoints  THS Total Endpoints  
----------    --------          -------      -------  ---------------------  -------------------      -------      -------  ---------------------  -------------------  


------------------------------------------------------------------------------------------------
| Other Path Groups Table
| -----------------------
------------------------------------------------------------------------------------------------

Path Group    From Clock    To Clock          WNS(ns)      TNS(ns)  TNS Failing Endpoints  TNS Total Endpoints      WHS(ns)      THS(ns)  THS Failing Endpoints  THS Total Endpoints  
----------    ----------    --------          -------      -------  ---------------------  -------------------      -------      -------  ---------------------  -------------------  


------------------------------------------------------------------------------------------------
| Timing Details
| --------------
------------------------------------------------------------------------------------------------


---------------------------------------------------------------------------------------------------
From Clock:  sys_clk_pin
  To Clock:  sys_clk_pin

Setup :            0  Failing Endpoints,  Worst Slack        2.061ns,  Total Violation        0.000ns
Hold  :            0  Failing Endpoints,  Worst Slack        0.070ns,  Total Violation        0.000ns
PW    :            0  Failing Endpoints,  Worst Slack        3.750ns,  Total Violation        0.000ns
---------------------------------------------------------------------------------------------------


Max Delay Paths
--------------------------------------------------------------------------------------
Slack (MET) :             2.061ns  (required time - arrival time)
  Source:                 program_rom/ram_2k_generate.akv7.kcpsm6_rom/CLKARDCLK
                            (rising edge-triggered cell RAMB36E1 clocked by sys_clk_pin  {rise@0.000ns fall@5.000ns period=10.000ns})
  Destination:            processor/arith_carry_flop/D
                            (rising edge-triggered cell FDRE clocked by sys_clk_pin  {rise@0.000ns fall@5.000ns period=10.000ns})
  Path Group:             sys_clk_pin
  Path Type:              Setup (Max at Slow Process Corner)
  Requirement:            10.000ns  (sys_clk_pin rise@10.000ns - sys_clk_pin rise@0.000ns)
  Data Path Delay:        7.954ns  (logic 4.043ns (50.833%)  route 3.911ns (49.167%))
  Logic Levels:           5  (CARRY4=2 LUT5=1 LUT6=1 RAMD32=1)
  Clock Path Skew:        -0.012ns (DCD - SCD + CPR)
    Destination Clock Delay (DCD):    4.849ns = ( 14.849 - 10.000 ) 
    Source Clock Delay      (SCD):    5.122ns
    Clock Pessimism Removal (CPR):    0.260ns
  Clock Uncertainty:      0.035ns  ((TSJ^2 + TIJ^2)^1/2 + DJ) / 2 + PE
    Total System Jitter     (TSJ):    0.071ns
    Total Input Jitter      (TIJ):    0.000ns
    Discrete Jitter          (DJ):    0.000ns
    Phase Error              (PE):    0.000ns

    Location             Delay type                Incr(ns)  Path(ns)    Netlist Resource(s)
  -------------------------------------------------------------------    -------------------
                         (clock sys_clk_pin rise edge)
                                                      0.000     0.000 r  
    W5                                                0.000     0.000 r  clk (IN)
                         net (fo=0)                   0.000     0.000    clk
    W5                   IBUF (Prop_ibuf_I_O)         1.458     1.458 r  clk_IBUF_inst/O
                         net (fo=1, routed)           1.967     3.425    clk_IBUF
    BUFGCTRL_X0Y0        BUFG (Prop_bufg_I_O)         0.096     3.521 r  clk_IBUF_BUFG_inst/O
                         net (fo=124, routed)         1.601     5.122    program_rom/clk_IBUF_BUFG
    RAMB36_X0Y3          RAMB36E1                                     r  program_rom/ram_2k_generate.akv7.kcpsm6_rom/CLKARDCLK
  -------------------------------------------------------------------    -------------------
    RAMB36_X0Y3          RAMB36E1 (Prop_ramb36e1_CLKARDCLK_DOADO[5])
                                                      2.454     7.576 r  program_rom/ram_2k_generate.akv7.kcpsm6_rom/DOADO[5]
                         net (fo=14, routed)          1.752     9.328    processor/upper_reg_banks/ADDRA1
    SLICE_X2Y16          RAMD32 (Prop_ramd32_RADR1_O)
                                                      0.146     9.474 r  processor/upper_reg_banks/RAMA/O
                         net (fo=3, routed)           1.158    10.632    processor/data_path_loop[4].output_data.sy_kk_mux_lut/I0
    SLICE_X3Y15          LUT5 (Prop_lut5_I0_O)        0.356    10.988 r  processor/data_path_loop[4].output_data.sy_kk_mux_lut/LUT5/O
                         net (fo=18, routed)          1.001    11.988    processor/data_path_loop[4].arith_logical_lut/I0
    SLICE_X1Y18          LUT6 (Prop_lut6_I0_O)        0.332    12.320 r  processor/data_path_loop[4].arith_logical_lut/LUT6/O
                         net (fo=1, routed)           0.000    12.320    processor/half_arith_logical_4
    SLICE_X1Y18          CARRY4 (Prop_carry4_S[0]_CO[3])
                                                      0.532    12.852 r  processor/data_path_loop[4].upper_arith_logical.arith_logical_muxcy_CARRY4/CO[3]
                         net (fo=1, routed)           0.000    12.852    processor/carry_arith_logical_7
    SLICE_X1Y19          CARRY4 (Prop_carry4_CI_O[0])
                                                      0.223    13.075 r  processor/arith_carry_xorcy_CARRY4/O[0]
                         net (fo=1, routed)           0.000    13.075    processor/arith_carry_value
    SLICE_X1Y19          FDRE                                         r  processor/arith_carry_flop/D
  -------------------------------------------------------------------    -------------------

                         (clock sys_clk_pin rise edge)
                                                     10.000    10.000 r  
    W5                                                0.000    10.000 r  clk (IN)
                         net (fo=0)                   0.000    10.000    clk
    W5                   IBUF (Prop_ibuf_I_O)         1.388    11.388 r  clk_IBUF_inst/O
                         net (fo=1, routed)           1.862    13.250    clk_IBUF
    BUFGCTRL_X0Y0        BUFG (Prop_bufg_I_O)         0.091    13.341 r  clk_IBUF_BUFG_inst/O
                         net (fo=124, routed)         1.508    14.849    processor/clk_IBUF_BUFG
    SLICE_X1Y19          FDRE                                         r  processor/arith_carry_flop/C
                         clock pessimism              0.260    15.109    
                         clock uncertainty           -0.035    15.074    
    SLICE_X1Y19          FDRE (Setup_fdre_C_D)        0.062    15.136    processor/arith_carry_flop
  -------------------------------------------------------------------
                         required time                         15.136    
                         arrival time                         -13.075    
  -------------------------------------------------------------------
                         slack                                  2.061    

Slack (MET) :             2.167ns  (required time - arrival time)
  Source:                 program_rom/ram_2k_generate.akv7.kcpsm6_rom/CLKARDCLK
                            (rising edge-triggered cell RAMB36E1 clocked by sys_clk_pin  {rise@0.000ns fall@5.000ns period=10.000ns})
  Destination:            processor/data_path_loop[5].arith_logical_flop/D
                            (rising edge-triggered cell FDRE clocked by sys_clk_pin  {rise@0.000ns fall@5.000ns period=10.000ns})
  Path Group:             sys_clk_pin
  Path Type:              Setup (Max at Slow Process Corner)
  Requirement:            10.000ns  (sys_clk_pin rise@10.000ns - sys_clk_pin rise@0.000ns)
  Data Path Delay:        7.848ns  (logic 4.148ns (52.855%)  route 3.700ns (47.145%))
  Logic Levels:           5  (CARRY4=2 LUT5=1 LUT6=1 RAMD32=1)
  Clock Path Skew:        -0.011ns (DCD - SCD + CPR)
    Destination Clock Delay (DCD):    4.850ns = ( 14.850 - 10.000 ) 
    Source Clock Delay      (SCD):    5.122ns
    Clock Pessimism Removal (CPR):    0.260ns
  Clock Uncertainty:      0.035ns  ((TSJ^2 + TIJ^2)^1/2 + DJ) / 2 + PE
    Total System Jitter     (TSJ):    0.071ns
    Total Input Jitter      (TIJ):    0.000ns
    Discrete Jitter          (DJ):    0.000ns
    Phase Error              (PE):    0.000ns

    Location             Delay type                Incr(ns)  Path(ns)    Netlist Resource(s)
  -------------------------------------------------------------------    -------------------
                         (clock sys_clk_pin rise edge)
                                                      0.000     0.000 r  
    W5                                                0.000     0.000 r  clk (IN)
                         net (fo=0)                   0.000     0.000    clk
    W5                   IBUF (Prop_ibuf_I_O)         1.458     1.458 r  clk_IBUF_inst/O
                         net (fo=1, routed)           1.967     3.425    clk_IBUF
    BUFGCTRL_X0Y0        BUFG (Prop_bufg_I_O)         0.096     3.521 r  clk_IBUF_BUFG_inst/O
                         net (fo=124, routed)         1.601     5.122    program_rom/clk_IBUF_BUFG
    RAMB36_X0Y3          RAMB36E1                                     r  program_rom/ram_2k_generate.akv7.kcpsm6_rom/CLKARDCLK
  -------------------------------------------------------------------    -------------------
    RAMB36_X0Y3          RAMB36E1 (Prop_ramb36e1_CLKARDCLK_DOADO[5])
                                                      2.454     7.576 r  program_rom/ram_2k_generate.akv7.kcpsm6_rom/DOADO[5]
                         net (fo=14, routed)          1.859     9.435    processor/lower_reg_banks/ADDRA1
    SLICE_X2Y15          RAMD32 (Prop_ramd32_RADR1_O)
                                                      0.146     9.581 r  processor/lower_reg_banks/RAMA/O
                         net (fo=3, routed)           0.840    10.421    processor/data_path_loop[0].output_data.sy_kk_mux_lut/I0
    SLICE_X4Y15          LUT5 (Prop_lut5_I0_O)        0.356    10.777 r  processor/data_path_loop[0].output_data.sy_kk_mux_lut/LUT5/O
                         net (fo=18, routed)          1.000    11.778    processor/data_path_loop[0].arith_logical_lut/I0
    SLICE_X1Y17          LUT6 (Prop_lut6_I0_O)        0.326    12.104 r  processor/data_path_loop[0].arith_logical_lut/LUT6/O
                         net (fo=1, routed)           0.000    12.104    processor/half_arith_logical_0
    SLICE_X1Y17          CARRY4 (Prop_carry4_S[0]_CO[3])
                                                      0.532    12.636 r  processor/data_path_loop[0].lsb_arith_logical.arith_logical_muxcy_CARRY4/CO[3]
                         net (fo=1, routed)           0.000    12.636    processor/carry_arith_logical_3
    SLICE_X1Y18          CARRY4 (Prop_carry4_CI_O[1])
                                                      0.334    12.970 r  processor/data_path_loop[4].upper_arith_logical.arith_logical_muxcy_CARRY4/O[1]
                         net (fo=1, routed)           0.000    12.970    processor/arith_logical_value_5
    SLICE_X1Y18          FDRE                                         r  processor/data_path_loop[5].arith_logical_flop/D
  -------------------------------------------------------------------    -------------------

                         (clock sys_clk_pin rise edge)
                                                     10.000    10.000 r  
    W5                                                0.000    10.000 r  clk (IN)
                         net (fo=0)                   0.000    10.000    clk
    W5                   IBUF (Prop_ibuf_I_O)         1.388    11.388 r  clk_IBUF_inst/O
                         net (fo=1, routed)           1.862    13.250    clk_IBUF
    BUFGCTRL_X0Y0        BUFG (Prop_bufg_I_O)         0.091    13.341 r  clk_IBUF_BUFG_inst/O
                         net (fo=124, routed)         1.509    14.850    processor/clk_IBUF_BUFG
    SLICE_X1Y18          FDRE                                         r  processor/data_path_loop[5].arith_logical_flop/C
                         clock pessimism              0.260    15.110    
                         clock uncertainty           -0.035    15.075    
    SLICE_X1Y18          FDRE (Setup_fdre_C_D)        0.062    15.137    processor/data_path_loop[5].arith_logical_flop
  -------------------------------------------------------------------
                         required time                         15.137    
                         arrival time                         -12.970    
  -------------------------------------------------------------------
                         slack                                  2.167    

Slack (MET) :             2.188ns  (required time - arrival time)
  Source:                 program_rom/ram_2k_generate.akv7.kcpsm6_rom/CLKARDCLK
                            (rising edge-triggered cell RAMB36E1 clocked by sys_clk_pin  {rise@0.000ns fall@5.000ns period=10.000ns})
  Destination:            processor/data_path_loop[7].arith_logical_flop/D
                            (rising edge-triggered cell FDRE clocked by sys_clk_pin  {rise@0.000ns fall@5.000ns period=10.000ns})
  Path Group:             sys_clk_pin
  Path Type:              Setup (Max at Slow Process Corner)
  Requirement:            10.000ns  (sys_clk_pin rise@10.000ns - sys_clk_pin rise@0.000ns)
  Data Path Delay:        7.827ns  (logic 4.127ns (52.729%)  route 3.700ns (47.271%))
  Logic Levels:           5  (CARRY4=2 LUT5=1 LUT6=1 RAMD32=1)
  Clock Path Skew:        -0.011ns (DCD - SCD + CPR)
    Destination Clock Delay (DCD):    4.850ns = ( 14.850 - 10.000 ) 
    Source Clock Delay      (SCD):    5.122ns
    Clock Pessimism Removal (CPR):    0.260ns
  Clock Uncertainty:      0.035ns  ((TSJ^2 + TIJ^2)^1/2 + DJ) / 2 + PE
    Total System Jitter     (TSJ):    0.071ns
    Total Input Jitter      (TIJ):    0.000ns
    Discrete Jitter          (DJ):    0.000ns
    Phase Error              (PE):    0.000ns

    Location             Delay type                Incr(ns)  Path(ns)    Netlist Resource(s)
  -------------------------------------------------------------------    -------------------
                         (clock sys_clk_pin rise edge)
                                                      0.000     0.000 r  
    W5                                                0.000     0.000 r  clk (IN)
                         net (fo=0)                   0.000     0.000    clk
    W5                   IBUF (Prop_ibuf_I_O)         1.458     1.458 r  clk_IBUF_inst/O
                         net (fo=1, routed)           1.967     3.425    clk_IBUF
    BUFGCTRL_X0Y0        BUFG (Prop_bufg_I_O)         0.096     3.521 r  clk_IBUF_BUFG_inst/O
                         net (fo=124, routed)         1.601     5.122    program_rom/clk_IBUF_BUFG
    RAMB36_X0Y3          RAMB36E1                                     r  program_rom/ram_2k_generate.akv7.kcpsm6_rom/CLKARDCLK
  -------------------------------------------------------------------    -------------------
    RAMB36_X0Y3          RAMB36E1 (Prop_ramb36e1_CLKARDCLK_DOADO[5])
                                                      2.454     7.576 r  program_rom/ram_2k_generate.akv7.kcpsm6_rom/DOADO[5]
                         net (fo=14, routed)          1.859     9.435    processor/lower_reg_banks/ADDRA1
    SLICE_X2Y15          RAMD32 (Prop_ramd32_RADR1_O)
                                                      0.146     9.581 r  processor/lower_reg_banks/RAMA/O
                         net (fo=3, routed)           0.840    10.421    processor/data_path_loop[0].output_data.sy_kk_mux_lut/I0
    SLICE_X4Y15          LUT5 (Prop_lut5_I0_O)        0.356    10.777 r  processor/data_path_loop[0].output_data.sy_kk_mux_lut/LUT5/O
                         net (fo=18, routed)          1.000    11.778    processor/data_path_loop[0].arith_logical_lut/I0
    SLICE_X1Y17          LUT6 (Prop_lut6_I0_O)        0.326    12.104 r  processor/data_path_loop[0].arith_logical_lut/LUT6/O
                         net (fo=1, routed)           0.000    12.104    processor/half_arith_logical_0
    SLICE_X1Y17          CARRY4 (Prop_carry4_S[0]_CO[3])
                                                      0.532    12.636 r  processor/data_path_loop[0].lsb_arith_logical.arith_logical_muxcy_CARRY4/CO[3]
                         net (fo=1, routed)           0.000    12.636    processor/carry_arith_logical_3
    SLICE_X1Y18          CARRY4 (Prop_carry4_CI_O[3])
                                                      0.313    12.949 r  processor/data_path_loop[4].upper_arith_logical.arith_logical_muxcy_CARRY4/O[3]
                         net (fo=1, routed)           0.000    12.949    processor/arith_logical_value_7
    SLICE_X1Y18          FDRE                                         r  processor/data_path_loop[7].arith_logical_flop/D
  -------------------------------------------------------------------    -------------------

                         (clock sys_clk_pin rise edge)
                                                     10.000    10.000 r  
    W5                                                0.000    10.000 r  clk (IN)
                         net (fo=0)                   0.000    10.000    clk
    W5                   IBUF (Prop_ibuf_I_O)         1.388    11.388 r  clk_IBUF_inst/O
                         net (fo=1, routed)           1.862    13.250    clk_IBUF
    BUFGCTRL_X0Y0        BUFG (Prop_bufg_I_O)         0.091    13.341 r  clk_IBUF_BUFG_inst/O
                         net (fo=124, routed)         1.509    14.850    processor/clk_IBUF_BUFG
    SLICE_X1Y18          FDRE                                         r  processor/data_path_loop[7].arith_logical_flop/C
                         clock pessimism              0.260    15.110    
                         clock uncertainty           -0.035    15.075    
    SLICE_X1Y18          FDRE (Setup_fdre_C_D)        0.062    15.137    processor/data_path_loop[7].arith_logical_flop
  -------------------------------------------------------------------
                         required time                         15.137    
                         arrival time                         -12.949    
  -------------------------------------------------------------------
                         slack                                  2.188    

Slack (MET) :             2.262ns  (required time - arrival time)
  Source:                 program_rom/ram_2k_generate.akv7.kcpsm6_rom/CLKARDCLK
                            (rising edge-triggered cell RAMB36E1 clocked by sys_clk_pin  {rise@0.000ns fall@5.000ns period=10.000ns})
  Destination:            processor/data_path_loop[6].arith_logical_flop/D
                            (rising edge-triggered cell FDRE clocked by sys_clk_pin  {rise@0.000ns fall@5.000ns period=10.000ns})
  Path Group:             sys_clk_pin
  Path Type:              Setup (Max at Slow Process Corner)
  Requirement:            10.000ns  (sys_clk_pin rise@10.000ns - sys_clk_pin rise@0.000ns)
  Data Path Delay:        7.753ns  (logic 4.053ns (52.278%)  route 3.700ns (47.722%))
  Logic Levels:           5  (CARRY4=2 LUT5=1 LUT6=1 RAMD32=1)
  Clock Path Skew:        -0.011ns (DCD - SCD + CPR)
    Destination Clock Delay (DCD):    4.850ns = ( 14.850 - 10.000 ) 
    Source Clock Delay      (SCD):    5.122ns
    Clock Pessimism Removal (CPR):    0.260ns
  Clock Uncertainty:      0.035ns  ((TSJ^2 + TIJ^2)^1/2 + DJ) / 2 + PE
    Total System Jitter     (TSJ):    0.071ns
    Total Input Jitter      (TIJ):    0.000ns
    Discrete Jitter          (DJ):    0.000ns
    Phase Error              (PE):    0.000ns

    Location             Delay type                Incr(ns)  Path(ns)    Netlist Resource(s)
  -------------------------------------------------------------------    -------------------
                         (clock sys_clk_pin rise edge)
                                                      0.000     0.000 r  
    W5                                                0.000     0.000 r  clk (IN)
                         net (fo=0)                   0.000     0.000    clk
    W5                   IBUF (Prop_ibuf_I_O)         1.458     1.458 r  clk_IBUF_inst/O
                         net (fo=1, routed)           1.967     3.425    clk_IBUF
    BUFGCTRL_X0Y0        BUFG (Prop_bufg_I_O)         0.096     3.521 r  clk_IBUF_BUFG_inst/O
                         net (fo=124, routed)         1.601     5.122    program_rom/clk_IBUF_BUFG
    RAMB36_X0Y3          RAMB36E1                                     r  program_rom/ram_2k_generate.akv7.kcpsm6_rom/CLKARDCLK
  -------------------------------------------------------------------    -------------------
    RAMB36_X0Y3          RAMB36E1 (Prop_ramb36e1_CLKARDCLK_DOADO[5])
                                                      2.454     7.576 r  program_rom/ram_2k_generate.akv7.kcpsm6_rom/DOADO[5]
                         net (fo=14, routed)          1.859     9.435    processor/lower_reg_banks/ADDRA1
    SLICE_X2Y15          RAMD32 (Prop_ramd32_RADR1_O)
                                                      0.146     9.581 r  processor/lower_reg_banks/RAMA/O
                         net (fo=3, routed)           0.840    10.421    processor/data_path_loop[0].output_data.sy_kk_mux_lut/I0
    SLICE_X4Y15          LUT5 (Prop_lut5_I0_O)        0.356    10.777 r  processor/data_path_loop[0].output_data.sy_kk_mux_lut/LUT5/O
                         net (fo=18, routed)          1.000    11.778    processor/data_path_loop[0].arith_logical_lut/I0
    SLICE_X1Y17          LUT6 (Prop_lut6_I0_O)        0.326    12.104 r  processor/data_path_loop[0].arith_logical_lut/LUT6/O
                         net (fo=1, routed)           0.000    12.104    processor/half_arith_logical_0
    SLICE_X1Y17          CARRY4 (Prop_carry4_S[0]_CO[3])
                                                      0.532    12.636 r  processor/data_path_loop[0].lsb_arith_logical.arith_logical_muxcy_CARRY4/CO[3]
                         net (fo=1, routed)           0.000    12.636    processor/carry_arith_logical_3
    SLICE_X1Y18          CARRY4 (Prop_carry4_CI_O[2])
                                                      0.239    12.875 r  processor/data_path_loop[4].upper_arith_logical.arith_logical_muxcy_CARRY4/O[2]
                         net (fo=1, routed)           0.000    12.875    processor/arith_logical_value_6
    SLICE_X1Y18          FDRE                                         r  processor/data_path_loop[6].arith_logical_flop/D
  -------------------------------------------------------------------    -------------------

                         (clock sys_clk_pin rise edge)
                                                     10.000    10.000 r  
    W5                                                0.000    10.000 r  clk (IN)
                         net (fo=0)                   0.000    10.000    clk
    W5                   IBUF (Prop_ibuf_I_O)         1.388    11.388 r  clk_IBUF_inst/O
                         net (fo=1, routed)           1.862    13.250    clk_IBUF
    BUFGCTRL_X0Y0        BUFG (Prop_bufg_I_O)         0.091    13.341 r  clk_IBUF_BUFG_inst/O
                         net (fo=124, routed)         1.509    14.850    processor/clk_IBUF_BUFG
    SLICE_X1Y18          FDRE                                         r  processor/data_path_loop[6].arith_logical_flop/C
                         clock pessimism              0.260    15.110    
                         clock uncertainty           -0.035    15.075    
    SLICE_X1Y18          FDRE (Setup_fdre_C_D)        0.062    15.137    processor/data_path_loop[6].arith_logical_flop
  -------------------------------------------------------------------
                         required time                         15.137    
                         arrival time                         -12.875    
  -------------------------------------------------------------------
                         slack                                  2.262    

Slack (MET) :             2.278ns  (required time - arrival time)
  Source:                 program_rom/ram_2k_generate.akv7.kcpsm6_rom/CLKARDCLK
                            (rising edge-triggered cell RAMB36E1 clocked by sys_clk_pin  {rise@0.000ns fall@5.000ns period=10.000ns})
  Destination:            processor/data_path_loop[4].arith_logical_flop/D
                            (rising edge-triggered cell FDRE clocked by sys_clk_pin  {rise@0.000ns fall@5.000ns period=10.000ns})
  Path Group:             sys_clk_pin
  Path Type:              Setup (Max at Slow Process Corner)
  Requirement:            10.000ns  (sys_clk_pin rise@10.000ns - sys_clk_pin rise@0.000ns)
  Data Path Delay:        7.737ns  (logic 4.037ns (52.179%)  route 3.700ns (47.821%))
  Logic Levels:           5  (CARRY4=2 LUT5=1 LUT6=1 RAMD32=1)
  Clock Path Skew:        -0.011ns (DCD - SCD + CPR)
    Destination Clock Delay (DCD):    4.850ns = ( 14.850 - 10.000 ) 
    Source Clock Delay      (SCD):    5.122ns
    Clock Pessimism Removal (CPR):    0.260ns
  Clock Uncertainty:      0.035ns  ((TSJ^2 + TIJ^2)^1/2 + DJ) / 2 + PE
    Total System Jitter     (TSJ):    0.071ns
    Total Input Jitter      (TIJ):    0.000ns
    Discrete Jitter          (DJ):    0.000ns
    Phase Error              (PE):    0.000ns

    Location             Delay type                Incr(ns)  Path(ns)    Netlist Resource(s)
  -------------------------------------------------------------------    -------------------
                         (clock sys_clk_pin rise edge)
                                                      0.000     0.000 r  
    W5                                                0.000     0.000 r  clk (IN)
                         net (fo=0)                   0.000     0.000    clk
    W5                   IBUF (Prop_ibuf_I_O)         1.458     1.458 r  clk_IBUF_inst/O
                         net (fo=1, routed)           1.967     3.425    clk_IBUF
    BUFGCTRL_X0Y0        BUFG (Prop_bufg_I_O)         0.096     3.521 r  clk_IBUF_BUFG_inst/O
                         net (fo=124, routed)         1.601     5.122    program_rom/clk_IBUF_BUFG
    RAMB36_X0Y3          RAMB36E1                                     r  program_rom/ram_2k_generate.akv7.kcpsm6_rom/CLKARDCLK
  -------------------------------------------------------------------    -------------------
    RAMB36_X0Y3          RAMB36E1 (Prop_ramb36e1_CLKARDCLK_DOADO[5])
                                                      2.454     7.576 r  program_rom/ram_2k_generate.akv7.kcpsm6_rom/DOADO[5]
                         net (fo=14, routed)          1.859     9.435    processor/lower_reg_banks/ADDRA1
    SLICE_X2Y15          RAMD32 (Prop_ramd32_RADR1_O)
                                                      0.146     9.581 r  processor/lower_reg_banks/RAMA/O
                         net (fo=3, routed)           0.840    10.421    processor/data_path_loop[0].output_data.sy_kk_mux_lut/I0
    SLICE_X4Y15          LUT5 (Prop_lut5_I0_O)        0.356    10.777 r  processor/data_path_loop[0].output_data.sy_kk_mux_lut/LUT5/O
                         net (fo=18, routed)          1.000    11.778    processor/data_path_loop[0].arith_logical_lut/I0
    SLICE_X1Y17          LUT6 (Prop_lut6_I0_O)        0.326    12.104 r  processor/data_path_loop[0].arith_logical_lut/LUT6/O
                         net (fo=1, routed)           0.000    12.104    processor/half_arith_logical_0
    SLICE_X1Y17          CARRY4 (Prop_carry4_S[0]_CO[3])
                                                      0.532    12.636 r  processor/data_path_loop[0].lsb_arith_logical.arith_logical_muxcy_CARRY4/CO[3]
                         net (fo=1, routed)           0.000    12.636    processor/carry_arith_logical_3
    SLICE_X1Y18          CARRY4 (Prop_carry4_CI_O[0])
                                                      0.223    12.859 r  processor/data_path_loop[4].upper_arith_logical.arith_logical_muxcy_CARRY4/O[0]
                         net (fo=1, routed)           0.000    12.859    processor/arith_logical_value_4
    SLICE_X1Y18          FDRE                                         r  processor/data_path_loop[4].arith_logical_flop/D
  -------------------------------------------------------------------    -------------------

                         (clock sys_clk_pin rise edge)
                                                     10.000    10.000 r  
    W5                                                0.000    10.000 r  clk (IN)
                         net (fo=0)                   0.000    10.000    clk
    W5                   IBUF (Prop_ibuf_I_O)         1.388    11.388 r  clk_IBUF_inst/O
                         net (fo=1, routed)           1.862    13.250    clk_IBUF
    BUFGCTRL_X0Y0        BUFG (Prop_bufg_I_O)         0.091    13.341 r  clk_IBUF_BUFG_inst/O
                         net (fo=124, routed)         1.509    14.850    processor/clk_IBUF_BUFG
    SLICE_X1Y18          FDRE                                         r  processor/data_path_loop[4].arith_logical_flop/C
                         clock pessimism              0.260    15.110    
                         clock uncertainty           -0.035    15.075    
    SLICE_X1Y18          FDRE (Setup_fdre_C_D)        0.062    15.137    processor/data_path_loop[4].arith_logical_flop
  -------------------------------------------------------------------
                         required time                         15.137    
                         arrival time                         -12.859    
  -------------------------------------------------------------------
                         slack                                  2.278    

Slack (MET) :             2.419ns  (required time - arrival time)
  Source:                 program_rom/ram_2k_generate.akv7.kcpsm6_rom/CLKARDCLK
                            (rising edge-triggered cell RAMB36E1 clocked by sys_clk_pin  {rise@0.000ns fall@5.000ns period=10.000ns})
  Destination:            processor/address_loop[9].pc_flop/D
                            (rising edge-triggered cell FDRE clocked by sys_clk_pin  {rise@0.000ns fall@5.000ns period=10.000ns})
  Path Group:             sys_clk_pin
  Path Type:              Setup (Max at Slow Process Corner)
  Requirement:            10.000ns  (sys_clk_pin rise@10.000ns - sys_clk_pin rise@0.000ns)
  Data Path Delay:        7.597ns  (logic 4.174ns (54.945%)  route 3.423ns (45.055%))
  Logic Levels:           5  (CARRY4=2 LUT5=2 LUT6=1)
  Clock Path Skew:        -0.011ns (DCD - SCD + CPR)
    Destination Clock Delay (DCD):    4.850ns = ( 14.850 - 10.000 ) 
    Source Clock Delay      (SCD):    5.122ns
    Clock Pessimism Removal (CPR):    0.260ns
  Clock Uncertainty:      0.035ns  ((TSJ^2 + TIJ^2)^1/2 + DJ) / 2 + PE
    Total System Jitter     (TSJ):    0.071ns
    Total Input Jitter      (TIJ):    0.000ns
    Discrete Jitter          (DJ):    0.000ns
    Phase Error              (PE):    0.000ns

    Location             Delay type                Incr(ns)  Path(ns)    Netlist Resource(s)
  -------------------------------------------------------------------    -------------------
                         (clock sys_clk_pin rise edge)
                                                      0.000     0.000 r  
    W5                                                0.000     0.000 r  clk (IN)
                         net (fo=0)                   0.000     0.000    clk
    W5                   IBUF (Prop_ibuf_I_O)         1.458     1.458 r  clk_IBUF_inst/O
                         net (fo=1, routed)           1.967     3.425    clk_IBUF
    BUFGCTRL_X0Y0        BUFG (Prop_bufg_I_O)         0.096     3.521 r  clk_IBUF_BUFG_inst/O
                         net (fo=124, routed)         1.601     5.122    program_rom/clk_IBUF_BUFG
    RAMB36_X0Y3          RAMB36E1                                     r  program_rom/ram_2k_generate.akv7.kcpsm6_rom/CLKARDCLK
  -------------------------------------------------------------------    -------------------
    RAMB36_X0Y3          RAMB36E1 (Prop_ramb36e1_CLKARDCLK_DOADO[12])
                                                      2.454     7.576 f  program_rom/ram_2k_generate.akv7.kcpsm6_rom/DOADO[12]
                         net (fo=30, routed)          1.544     9.120    processor/move_type_lut/I0
    SLICE_X6Y18          LUT5 (Prop_lut5_I0_O)        0.150     9.270 f  processor/move_type_lut/LUT5/O
                         net (fo=2, routed)           0.845    10.115    processor/pc_mode1_lut/I1
    SLICE_X6Y18          LUT5 (Prop_lut5_I1_O)        0.356    10.471 r  processor/pc_mode1_lut/LUT5/O
                         net (fo=13, routed)          1.033    11.504    processor/p_0_in
    SLICE_X5Y16          LUT6 (Prop_lut6_I3_O)        0.348    11.852 r  processor/address_loop[4].upper_pc.high_int_vector.pc_lut/O
                         net (fo=1, routed)           0.000    11.852    processor/half_pc_4
    SLICE_X5Y16          CARRY4 (Prop_carry4_S[0]_CO[3])
                                                      0.532    12.384 r  processor/address_loop[4].upper_pc.mid_pc.pc_muxcy_CARRY4/CO[3]
                         net (fo=1, routed)           0.000    12.384    processor/carry_pc_7
    SLICE_X5Y17          CARRY4 (Prop_carry4_CI_O[1])
                                                      0.334    12.718 r  processor/address_loop[8].upper_pc.mid_pc.pc_muxcy_CARRY4/O[1]
                         net (fo=1, routed)           0.000    12.718    processor/pc_value_9
    SLICE_X5Y17          FDRE                                         r  processor/address_loop[9].pc_flop/D
  -------------------------------------------------------------------    -------------------

                         (clock sys_clk_pin rise edge)
                                                     10.000    10.000 r  
    W5                                                0.000    10.000 r  clk (IN)
                         net (fo=0)                   0.000    10.000    clk
    W5                   IBUF (Prop_ibuf_I_O)         1.388    11.388 r  clk_IBUF_inst/O
                         net (fo=1, routed)           1.862    13.250    clk_IBUF
    BUFGCTRL_X0Y0        BUFG (Prop_bufg_I_O)         0.091    13.341 r  clk_IBUF_BUFG_inst/O
                         net (fo=124, routed)         1.509    14.850    processor/clk_IBUF_BUFG
    SLICE_X5Y17          FDRE                                         r  processor/address_loop[9].pc_flop/C
                         clock pessimism              0.260    15.110    
                         clock uncertainty           -0.035    15.075    
    SLICE_X5Y17          FDRE (Setup_fdre_C_D)        0.062    15.137    processor/address_loop[9].pc_flop
  -------------------------------------------------------------------
                         required time                         15.137    
                         arrival time                         -12.718    
  -------------------------------------------------------------------
                         slack                                  2.419    

Slack (MET) :             2.429ns  (required time - arrival time)
  Source:                 program_rom/ram_2k_generate.akv7.kcpsm6_rom/CLKARDCLK
                            (rising edge-triggered cell RAMB36E1 clocked by sys_clk_pin  {rise@0.000ns fall@5.000ns period=10.000ns})
  Destination:            processor/data_path_loop[3].arith_logical_flop/D
                            (rising edge-triggered cell FDRE clocked by sys_clk_pin  {rise@0.000ns fall@5.000ns period=10.000ns})
  Path Group:             sys_clk_pin
  Path Type:              Setup (Max at Slow Process Corner)
  Requirement:            10.000ns  (sys_clk_pin rise@10.000ns - sys_clk_pin rise@0.000ns)
  Data Path Delay:        7.588ns  (logic 3.888ns (51.240%)  route 3.700ns (48.760%))
  Logic Levels:           4  (CARRY4=1 LUT5=1 LUT6=1 RAMD32=1)
  Clock Path Skew:        -0.009ns (DCD - SCD + CPR)
    Destination Clock Delay (DCD):    4.852ns = ( 14.852 - 10.000 ) 
    Source Clock Delay      (SCD):    5.122ns
    Clock Pessimism Removal (CPR):    0.260ns
  Clock Uncertainty:      0.035ns  ((TSJ^2 + TIJ^2)^1/2 + DJ) / 2 + PE
    Total System Jitter     (TSJ):    0.071ns
    Total Input Jitter      (TIJ):    0.000ns
    Discrete Jitter          (DJ):    0.000ns
    Phase Error              (PE):    0.000ns

    Location             Delay type                Incr(ns)  Path(ns)    Netlist Resource(s)
  -------------------------------------------------------------------    -------------------
                         (clock sys_clk_pin rise edge)
                                                      0.000     0.000 r  
    W5                                                0.000     0.000 r  clk (IN)
                         net (fo=0)                   0.000     0.000    clk
    W5                   IBUF (Prop_ibuf_I_O)         1.458     1.458 r  clk_IBUF_inst/O
                         net (fo=1, routed)           1.967     3.425    clk_IBUF
    BUFGCTRL_X0Y0        BUFG (Prop_bufg_I_O)         0.096     3.521 r  clk_IBUF_BUFG_inst/O
                         net (fo=124, routed)         1.601     5.122    program_rom/clk_IBUF_BUFG
    RAMB36_X0Y3          RAMB36E1                                     r  program_rom/ram_2k_generate.akv7.kcpsm6_rom/CLKARDCLK
  -------------------------------------------------------------------    -------------------
    RAMB36_X0Y3          RAMB36E1 (Prop_ramb36e1_CLKARDCLK_DOADO[5])
                                                      2.454     7.576 r  program_rom/ram_2k_generate.akv7.kcpsm6_rom/DOADO[5]
                         net (fo=14, routed)          1.859     9.435    processor/lower_reg_banks/ADDRA1
    SLICE_X2Y15          RAMD32 (Prop_ramd32_RADR1_O)
                                                      0.146     9.581 r  processor/lower_reg_banks/RAMA/O
                         net (fo=3, routed)           0.840    10.421    processor/data_path_loop[0].output_data.sy_kk_mux_lut/I0
    SLICE_X4Y15          LUT5 (Prop_lut5_I0_O)        0.356    10.777 r  processor/data_path_loop[0].output_data.sy_kk_mux_lut/LUT5/O
                         net (fo=18, routed)          1.000    11.778    processor/data_path_loop[0].arith_logical_lut/I0
    SLICE_X1Y17          LUT6 (Prop_lut6_I0_O)        0.326    12.104 r  processor/data_path_loop[0].arith_logical_lut/LUT6/O
                         net (fo=1, routed)           0.000    12.104    processor/half_arith_logical_0
    SLICE_X1Y17          CARRY4 (Prop_carry4_S[0]_O[3])
                                                      0.606    12.710 r  processor/data_path_loop[0].lsb_arith_logical.arith_logical_muxcy_CARRY4/O[3]
                         net (fo=1, routed)           0.000    12.710    processor/arith_logical_value_3
    SLICE_X1Y17          FDRE                                         r  processor/data_path_loop[3].arith_logical_flop/D
  -------------------------------------------------------------------    -------------------

                         (clock sys_clk_pin rise edge)
                                                     10.000    10.000 r  
    W5                                                0.000    10.000 r  clk (IN)
                         net (fo=0)                   0.000    10.000    clk
    W5                   IBUF (Prop_ibuf_I_O)         1.388    11.388 r  clk_IBUF_inst/O
                         net (fo=1, routed)           1.862    13.250    clk_IBUF
    BUFGCTRL_X0Y0        BUFG (Prop_bufg_I_O)         0.091    13.341 r  clk_IBUF_BUFG_inst/O
                         net (fo=124, routed)         1.511    14.852    processor/clk_IBUF_BUFG
    SLICE_X1Y17          FDRE                                         r  processor/data_path_loop[3].arith_logical_flop/C
                         clock pessimism              0.260    15.112    
                         clock uncertainty           -0.035    15.077    
    SLICE_X1Y17          FDRE (Setup_fdre_C_D)        0.062    15.139    processor/data_path_loop[3].arith_logical_flop
  -------------------------------------------------------------------
                         required time                         15.139    
                         arrival time                         -12.710    
  -------------------------------------------------------------------
                         slack                                  2.429    

Slack (MET) :             2.440ns  (required time - arrival time)
  Source:                 program_rom/ram_2k_generate.akv7.kcpsm6_rom/CLKARDCLK
                            (rising edge-triggered cell RAMB36E1 clocked by sys_clk_pin  {rise@0.000ns fall@5.000ns period=10.000ns})
  Destination:            processor/address_loop[11].pc_flop/D
                            (rising edge-triggered cell FDRE clocked by sys_clk_pin  {rise@0.000ns fall@5.000ns period=10.000ns})
  Path Group:             sys_clk_pin
  Path Type:              Setup (Max at Slow Process Corner)
  Requirement:            10.000ns  (sys_clk_pin rise@10.000ns - sys_clk_pin rise@0.000ns)
  Data Path Delay:        7.576ns  (logic 4.153ns (54.821%)  route 3.423ns (45.179%))
  Logic Levels:           5  (CARRY4=2 LUT5=2 LUT6=1)
  Clock Path Skew:        -0.011ns (DCD - SCD + CPR)
    Destination Clock Delay (DCD):    4.850ns = ( 14.850 - 10.000 ) 
    Source Clock Delay      (SCD):    5.122ns
    Clock Pessimism Removal (CPR):    0.260ns
  Clock Uncertainty:      0.035ns  ((TSJ^2 + TIJ^2)^1/2 + DJ) / 2 + PE
    Total System Jitter     (TSJ):    0.071ns
    Total Input Jitter      (TIJ):    0.000ns
    Discrete Jitter          (DJ):    0.000ns
    Phase Error              (PE):    0.000ns

    Location             Delay type                Incr(ns)  Path(ns)    Netlist Resource(s)
  -------------------------------------------------------------------    -------------------
                         (clock sys_clk_pin rise edge)
                                                      0.000     0.000 r  
    W5                                                0.000     0.000 r  clk (IN)
                         net (fo=0)                   0.000     0.000    clk
    W5                   IBUF (Prop_ibuf_I_O)         1.458     1.458 r  clk_IBUF_inst/O
                         net (fo=1, routed)           1.967     3.425    clk_IBUF
    BUFGCTRL_X0Y0        BUFG (Prop_bufg_I_O)         0.096     3.521 r  clk_IBUF_BUFG_inst/O
                         net (fo=124, routed)         1.601     5.122    program_rom/clk_IBUF_BUFG
    RAMB36_X0Y3          RAMB36E1                                     r  program_rom/ram_2k_generate.akv7.kcpsm6_rom/CLKARDCLK
  -------------------------------------------------------------------    -------------------
    RAMB36_X0Y3          RAMB36E1 (Prop_ramb36e1_CLKARDCLK_DOADO[12])
                                                      2.454     7.576 f  program_rom/ram_2k_generate.akv7.kcpsm6_rom/DOADO[12]
                         net (fo=30, routed)          1.544     9.120    processor/move_type_lut/I0
    SLICE_X6Y18          LUT5 (Prop_lut5_I0_O)        0.150     9.270 f  processor/move_type_lut/LUT5/O
                         net (fo=2, routed)           0.845    10.115    processor/pc_mode1_lut/I1
    SLICE_X6Y18          LUT5 (Prop_lut5_I1_O)        0.356    10.471 r  processor/pc_mode1_lut/LUT5/O
                         net (fo=13, routed)          1.033    11.504    processor/p_0_in
    SLICE_X5Y16          LUT6 (Prop_lut6_I3_O)        0.348    11.852 r  processor/address_loop[4].upper_pc.high_int_vector.pc_lut/O
                         net (fo=1, routed)           0.000    11.852    processor/half_pc_4
    SLICE_X5Y16          CARRY4 (Prop_carry4_S[0]_CO[3])
                                                      0.532    12.384 r  processor/address_loop[4].upper_pc.mid_pc.pc_muxcy_CARRY4/CO[3]
                         net (fo=1, routed)           0.000    12.384    processor/carry_pc_7
    SLICE_X5Y17          CARRY4 (Prop_carry4_CI_O[3])
                                                      0.313    12.697 r  processor/address_loop[8].upper_pc.mid_pc.pc_muxcy_CARRY4/O[3]
                         net (fo=1, routed)           0.000    12.697    processor/pc_value_11
    SLICE_X5Y17          FDRE                                         r  processor/address_loop[11].pc_flop/D
  -------------------------------------------------------------------    -------------------

                         (clock sys_clk_pin rise edge)
                                                     10.000    10.000 r  
    W5                                                0.000    10.000 r  clk (IN)
                         net (fo=0)                   0.000    10.000    clk
    W5                   IBUF (Prop_ibuf_I_O)         1.388    11.388 r  clk_IBUF_inst/O
                         net (fo=1, routed)           1.862    13.250    clk_IBUF
    BUFGCTRL_X0Y0        BUFG (Prop_bufg_I_O)         0.091    13.341 r  clk_IBUF_BUFG_inst/O
                         net (fo=124, routed)         1.509    14.850    processor/clk_IBUF_BUFG
    SLICE_X5Y17          FDRE                                         r  processor/address_loop[11].pc_flop/C
                         clock pessimism              0.260    15.110    
                         clock uncertainty           -0.035    15.075    
    SLICE_X5Y17          FDRE (Setup_fdre_C_D)        0.062    15.137    processor/address_loop[11].pc_flop
  -------------------------------------------------------------------
                         required time                         15.137    
                         arrival time                         -12.697    
  -------------------------------------------------------------------
                         slack                                  2.440    

Slack (MET) :             2.488ns  (required time - arrival time)
  Source:                 program_rom/ram_2k_generate.akv7.kcpsm6_rom/CLKARDCLK
                            (rising edge-triggered cell RAMB36E1 clocked by sys_clk_pin  {rise@0.000ns fall@5.000ns period=10.000ns})
  Destination:            processor/data_path_loop[2].arith_logical_flop/D
                            (rising edge-triggered cell FDRE clocked by sys_clk_pin  {rise@0.000ns fall@5.000ns period=10.000ns})
  Path Group:             sys_clk_pin
  Path Type:              Setup (Max at Slow Process Corner)
  Requirement:            10.000ns  (sys_clk_pin rise@10.000ns - sys_clk_pin rise@0.000ns)
  Data Path Delay:        7.529ns  (logic 3.829ns (50.858%)  route 3.700ns (49.142%))
  Logic Levels:           4  (CARRY4=1 LUT5=1 LUT6=1 RAMD32=1)
  Clock Path Skew:        -0.009ns (DCD - SCD + CPR)
    Destination Clock Delay (DCD):    4.852ns = ( 14.852 - 10.000 ) 
    Source Clock Delay      (SCD):    5.122ns
    Clock Pessimism Removal (CPR):    0.260ns
  Clock Uncertainty:      0.035ns  ((TSJ^2 + TIJ^2)^1/2 + DJ) / 2 + PE
    Total System Jitter     (TSJ):    0.071ns
    Total Input Jitter      (TIJ):    0.000ns
    Discrete Jitter          (DJ):    0.000ns
    Phase Error              (PE):    0.000ns

    Location             Delay type                Incr(ns)  Path(ns)    Netlist Resource(s)
  -------------------------------------------------------------------    -------------------
                         (clock sys_clk_pin rise edge)
                                                      0.000     0.000 r  
    W5                                                0.000     0.000 r  clk (IN)
                         net (fo=0)                   0.000     0.000    clk
    W5                   IBUF (Prop_ibuf_I_O)         1.458     1.458 r  clk_IBUF_inst/O
                         net (fo=1, routed)           1.967     3.425    clk_IBUF
    BUFGCTRL_X0Y0        BUFG (Prop_bufg_I_O)         0.096     3.521 r  clk_IBUF_BUFG_inst/O
                         net (fo=124, routed)         1.601     5.122    program_rom/clk_IBUF_BUFG
    RAMB36_X0Y3          RAMB36E1                                     r  program_rom/ram_2k_generate.akv7.kcpsm6_rom/CLKARDCLK
  -------------------------------------------------------------------    -------------------
    RAMB36_X0Y3          RAMB36E1 (Prop_ramb36e1_CLKARDCLK_DOADO[5])
                                                      2.454     7.576 r  program_rom/ram_2k_generate.akv7.kcpsm6_rom/DOADO[5]
                         net (fo=14, routed)          1.859     9.435    processor/lower_reg_banks/ADDRA1
    SLICE_X2Y15          RAMD32 (Prop_ramd32_RADR1_O)
                                                      0.146     9.581 r  processor/lower_reg_banks/RAMA/O
                         net (fo=3, routed)           0.840    10.421    processor/data_path_loop[0].output_data.sy_kk_mux_lut/I0
    SLICE_X4Y15          LUT5 (Prop_lut5_I0_O)        0.356    10.777 r  processor/data_path_loop[0].output_data.sy_kk_mux_lut/LUT5/O
                         net (fo=18, routed)          1.000    11.778    processor/data_path_loop[0].arith_logical_lut/I0
    SLICE_X1Y17          LUT6 (Prop_lut6_I0_O)        0.326    12.104 r  processor/data_path_loop[0].arith_logical_lut/LUT6/O
                         net (fo=1, routed)           0.000    12.104    processor/half_arith_logical_0
    SLICE_X1Y17          CARRY4 (Prop_carry4_S[0]_O[2])
                                                      0.547    12.651 r  processor/data_path_loop[0].lsb_arith_logical.arith_logical_muxcy_CARRY4/O[2]
                         net (fo=1, routed)           0.000    12.651    processor/arith_logical_value_2
    SLICE_X1Y17          FDRE                                         r  processor/data_path_loop[2].arith_logical_flop/D
  -------------------------------------------------------------------    -------------------

                         (clock sys_clk_pin rise edge)
                                                     10.000    10.000 r  
    W5                                                0.000    10.000 r  clk (IN)
                         net (fo=0)                   0.000    10.000    clk
    W5                   IBUF (Prop_ibuf_I_O)         1.388    11.388 r  clk_IBUF_inst/O
                         net (fo=1, routed)           1.862    13.250    clk_IBUF
    BUFGCTRL_X0Y0        BUFG (Prop_bufg_I_O)         0.091    13.341 r  clk_IBUF_BUFG_inst/O
                         net (fo=124, routed)         1.511    14.852    processor/clk_IBUF_BUFG
    SLICE_X1Y17          FDRE                                         r  processor/data_path_loop[2].arith_logical_flop/C
                         clock pessimism              0.260    15.112    
                         clock uncertainty           -0.035    15.077    
    SLICE_X1Y17          FDRE (Setup_fdre_C_D)        0.062    15.139    processor/data_path_loop[2].arith_logical_flop
  -------------------------------------------------------------------
                         required time                         15.139    
                         arrival time                         -12.651    
  -------------------------------------------------------------------
                         slack                                  2.488    

Slack (MET) :             2.514ns  (required time - arrival time)
  Source:                 program_rom/ram_2k_generate.akv7.kcpsm6_rom/CLKARDCLK
                            (rising edge-triggered cell RAMB36E1 clocked by sys_clk_pin  {rise@0.000ns fall@5.000ns period=10.000ns})
  Destination:            processor/address_loop[10].pc_flop/D
                            (rising edge-triggered cell FDRE clocked by sys_clk_pin  {rise@0.000ns fall@5.000ns period=10.000ns})
  Path Group:             sys_clk_pin
  Path Type:              Setup (Max at Slow Process Corner)
  Requirement:            10.000ns  (sys_clk_pin rise@10.000ns - sys_clk_pin rise@0.000ns)
  Data Path Delay:        7.502ns  (logic 4.079ns (54.375%)  route 3.423ns (45.625%))
  Logic Levels:           5  (CARRY4=2 LUT5=2 LUT6=1)
  Clock Path Skew:        -0.011ns (DCD - SCD + CPR)
    Destination Clock Delay (DCD):    4.850ns = ( 14.850 - 10.000 ) 
    Source Clock Delay      (SCD):    5.122ns
    Clock Pessimism Removal (CPR):    0.260ns
  Clock Uncertainty:      0.035ns  ((TSJ^2 + TIJ^2)^1/2 + DJ) / 2 + PE
    Total System Jitter     (TSJ):    0.071ns
    Total Input Jitter      (TIJ):    0.000ns
    Discrete Jitter          (DJ):    0.000ns
    Phase Error              (PE):    0.000ns

    Location             Delay type                Incr(ns)  Path(ns)    Netlist Resource(s)
  -------------------------------------------------------------------    -------------------
                         (clock sys_clk_pin rise edge)
                                                      0.000     0.000 r  
    W5                                                0.000     0.000 r  clk (IN)
                         net (fo=0)                   0.000     0.000    clk
    W5                   IBUF (Prop_ibuf_I_O)         1.458     1.458 r  clk_IBUF_inst/O
                         net (fo=1, routed)           1.967     3.425    clk_IBUF
    BUFGCTRL_X0Y0        BUFG (Prop_bufg_I_O)         0.096     3.521 r  clk_IBUF_BUFG_inst/O
                         net (fo=124, routed)         1.601     5.122    program_rom/clk_IBUF_BUFG
    RAMB36_X0Y3          RAMB36E1                                     r  program_rom/ram_2k_generate.akv7.kcpsm6_rom/CLKARDCLK
  -------------------------------------------------------------------    -------------------
    RAMB36_X0Y3          RAMB36E1 (Prop_ramb36e1_CLKARDCLK_DOADO[12])
                                                      2.454     7.576 f  program_rom/ram_2k_generate.akv7.kcpsm6_rom/DOADO[12]
                         net (fo=30, routed)          1.544     9.120    processor/move_type_lut/I0
    SLICE_X6Y18          LUT5 (Prop_lut5_I0_O)        0.150     9.270 f  processor/move_type_lut/LUT5/O
                         net (fo=2, routed)           0.845    10.115    processor/pc_mode1_lut/I1
    SLICE_X6Y18          LUT5 (Prop_lut5_I1_O)        0.356    10.471 r  processor/pc_mode1_lut/LUT5/O
                         net (fo=13, routed)          1.033    11.504    processor/p_0_in
    SLICE_X5Y16          LUT6 (Prop_lut6_I3_O)        0.348    11.852 r  processor/address_loop[4].upper_pc.high_int_vector.pc_lut/O
                         net (fo=1, routed)           0.000    11.852    processor/half_pc_4
    SLICE_X5Y16          CARRY4 (Prop_carry4_S[0]_CO[3])
                                                      0.532    12.384 r  processor/address_loop[4].upper_pc.mid_pc.pc_muxcy_CARRY4/CO[3]
                         net (fo=1, routed)           0.000    12.384    processor/carry_pc_7
    SLICE_X5Y17          CARRY4 (Prop_carry4_CI_O[2])
                                                      0.239    12.623 r  processor/address_loop[8].upper_pc.mid_pc.pc_muxcy_CARRY4/O[2]
                         net (fo=1, routed)           0.000    12.623    processor/pc_value_10
    SLICE_X5Y17          FDRE                                         r  processor/address_loop[10].pc_flop/D
  -------------------------------------------------------------------    -------------------

                         (clock sys_clk_pin rise edge)
                                                     10.000    10.000 r  
    W5                                                0.000    10.000 r  clk (IN)
                         net (fo=0)                   0.000    10.000    clk
    W5                   IBUF (Prop_ibuf_I_O)         1.388    11.388 r  clk_IBUF_inst/O
                         net (fo=1, routed)           1.862    13.250    clk_IBUF
    BUFGCTRL_X0Y0        BUFG (Prop_bufg_I_O)         0.091    13.341 r  clk_IBUF_BUFG_inst/O
                         net (fo=124, routed)         1.509    14.850    processor/clk_IBUF_BUFG
    SLICE_X5Y17          FDRE                                         r  processor/address_loop[10].pc_flop/C
                         clock pessimism              0.260    15.110    
                         clock uncertainty           -0.035    15.075    
    SLICE_X5Y17          FDRE (Setup_fdre_C_D)        0.062    15.137    processor/address_loop[10].pc_flop
  -------------------------------------------------------------------
                         required time                         15.137    
                         arrival time                         -12.623    
  -------------------------------------------------------------------
                         slack                                  2.514    





Min Delay Paths
--------------------------------------------------------------------------------------
Slack (MET) :             0.070ns  (arrival time - required time)
  Source:                 processor/stack_loop[0].lsb_stack.pointer_flop/C
                            (rising edge-triggered cell FDRE clocked by sys_clk_pin  {rise@0.000ns fall@5.000ns period=10.000ns})
  Destination:            processor/stack_ram_high/RAMA/WADR0
                            (rising edge-triggered cell RAMD32 clocked by sys_clk_pin  {rise@0.000ns fall@5.000ns period=10.000ns})
  Path Group:             sys_clk_pin
  Path Type:              Hold (Min at Fast Process Corner)
  Requirement:            0.000ns  (sys_clk_pin rise@0.000ns - sys_clk_pin rise@0.000ns)
  Data Path Delay:        0.393ns  (logic 0.141ns (35.914%)  route 0.252ns (64.086%))
  Logic Levels:           0  
  Clock Path Skew:        0.013ns (DCD - SCD - CPR)
    Destination Clock Delay (DCD):    1.984ns
    Source Clock Delay      (SCD):    1.471ns
    Clock Pessimism Removal (CPR):    0.500ns

    Location             Delay type                Incr(ns)  Path(ns)    Netlist Resource(s)
  -------------------------------------------------------------------    -------------------
                         (clock sys_clk_pin rise edge)
                                                      0.000     0.000 r  
    W5                                                0.000     0.000 r  clk (IN)
                         net (fo=0)                   0.000     0.000    clk
    W5                   IBUF (Prop_ibuf_I_O)         0.226     0.226 r  clk_IBUF_inst/O
                         net (fo=1, routed)           0.631     0.858    clk_IBUF
    BUFGCTRL_X0Y0        BUFG (Prop_bufg_I_O)         0.026     0.884 r  clk_IBUF_BUFG_inst/O
                         net (fo=124, routed)         0.588     1.471    processor/clk_IBUF_BUFG
    SLICE_X7Y16          FDRE                                         r  processor/stack_loop[0].lsb_stack.pointer_flop/C
  -------------------------------------------------------------------    -------------------
    SLICE_X7Y16          FDRE (Prop_fdre_C_Q)         0.141     1.612 r  processor/stack_loop[0].lsb_stack.pointer_flop/Q
                         net (fo=30, routed)          0.252     1.864    processor/stack_ram_high/ADDRD0
    SLICE_X6Y16          RAMD32                                       r  processor/stack_ram_high/RAMA/WADR0
  -------------------------------------------------------------------    -------------------

                         (clock sys_clk_pin rise edge)
                                                      0.000     0.000 r  
    W5                                                0.000     0.000 r  clk (IN)
                         net (fo=0)                   0.000     0.000    clk
    W5                   IBUF (Prop_ibuf_I_O)         0.414     0.414 r  clk_IBUF_inst/O
                         net (fo=1, routed)           0.685     1.099    clk_IBUF
    BUFGCTRL_X0Y0        BUFG (Prop_bufg_I_O)         0.029     1.128 r  clk_IBUF_BUFG_inst/O
                         net (fo=124, routed)         0.857     1.984    processor/stack_ram_high/WCLK
    SLICE_X6Y16          RAMD32                                       r  processor/stack_ram_high/RAMA/CLK
                         clock pessimism             -0.500     1.484    
    SLICE_X6Y16          RAMD32 (Hold_ramd32_CLK_WADR0)
                                                      0.310     1.794    processor/stack_ram_high/RAMA
  -------------------------------------------------------------------
                         required time                         -1.794    
                         arrival time                           1.864    
  -------------------------------------------------------------------
                         slack                                  0.070    

Slack (MET) :             0.070ns  (arrival time - required time)
  Source:                 processor/stack_loop[0].lsb_stack.pointer_flop/C
                            (rising edge-triggered cell FDRE clocked by sys_clk_pin  {rise@0.000ns fall@5.000ns period=10.000ns})
  Destination:            processor/stack_ram_high/RAMA_D1/WADR0
                            (rising edge-triggered cell RAMD32 clocked by sys_clk_pin  {rise@0.000ns fall@5.000ns period=10.000ns})
  Path Group:             sys_clk_pin
  Path Type:              Hold (Min at Fast Process Corner)
  Requirement:            0.000ns  (sys_clk_pin rise@0.000ns - sys_clk_pin rise@0.000ns)
  Data Path Delay:        0.393ns  (logic 0.141ns (35.914%)  route 0.252ns (64.086%))
  Logic Levels:           0  
  Clock Path Skew:        0.013ns (DCD - SCD - CPR)
    Destination Clock Delay (DCD):    1.984ns
    Source Clock Delay      (SCD):    1.471ns
    Clock Pessimism Removal (CPR):    0.500ns

    Location             Delay type                Incr(ns)  Path(ns)    Netlist Resource(s)
  -------------------------------------------------------------------    -------------------
                         (clock sys_clk_pin rise edge)
                                                      0.000     0.000 r  
    W5                                                0.000     0.000 r  clk (IN)
                         net (fo=0)                   0.000     0.000    clk
    W5                   IBUF (Prop_ibuf_I_O)         0.226     0.226 r  clk_IBUF_inst/O
                         net (fo=1, routed)           0.631     0.858    clk_IBUF
    BUFGCTRL_X0Y0        BUFG (Prop_bufg_I_O)         0.026     0.884 r  clk_IBUF_BUFG_inst/O
                         net (fo=124, routed)         0.588     1.471    processor/clk_IBUF_BUFG
    SLICE_X7Y16          FDRE                                         r  processor/stack_loop[0].lsb_stack.pointer_flop/C
  -------------------------------------------------------------------    -------------------
    SLICE_X7Y16          FDRE (Prop_fdre_C_Q)         0.141     1.612 r  processor/stack_loop[0].lsb_stack.pointer_flop/Q
                         net (fo=30, routed)          0.252     1.864    processor/stack_ram_high/ADDRD0
    SLICE_X6Y16          RAMD32                                       r  processor/stack_ram_high/RAMA_D1/WADR0
  -------------------------------------------------------------------    -------------------

                         (clock sys_clk_pin rise edge)
                                                      0.000     0.000 r  
    W5                                                0.000     0.000 r  clk (IN)
                         net (fo=0)                   0.000     0.000    clk
    W5                   IBUF (Prop_ibuf_I_O)         0.414     0.414 r  clk_IBUF_inst/O
                         net (fo=1, routed)           0.685     1.099    clk_IBUF
    BUFGCTRL_X0Y0        BUFG (Prop_bufg_I_O)         0.029     1.128 r  clk_IBUF_BUFG_inst/O
                         net (fo=124, routed)         0.857     1.984    processor/stack_ram_high/WCLK
    SLICE_X6Y16          RAMD32                                       r  processor/stack_ram_high/RAMA_D1/CLK
                         clock pessimism             -0.500     1.484    
    SLICE_X6Y16          RAMD32 (Hold_ramd32_CLK_WADR0)
                                                      0.310     1.794    processor/stack_ram_high/RAMA_D1
  -------------------------------------------------------------------
                         required time                         -1.794    
                         arrival time                           1.864    
  -------------------------------------------------------------------
                         slack                                  0.070    

Slack (MET) :             0.070ns  (arrival time - required time)
  Source:                 processor/stack_loop[0].lsb_stack.pointer_flop/C
                            (rising edge-triggered cell FDRE clocked by sys_clk_pin  {rise@0.000ns fall@5.000ns period=10.000ns})
  Destination:            processor/stack_ram_high/RAMB/WADR0
                            (rising edge-triggered cell RAMD32 clocked by sys_clk_pin  {rise@0.000ns fall@5.000ns period=10.000ns})
  Path Group:             sys_clk_pin
  Path Type:              Hold (Min at Fast Process Corner)
  Requirement:            0.000ns  (sys_clk_pin rise@0.000ns - sys_clk_pin rise@0.000ns)
  Data Path Delay:        0.393ns  (logic 0.141ns (35.914%)  route 0.252ns (64.086%))
  Logic Levels:           0  
  Clock Path Skew:        0.013ns (DCD - SCD - CPR)
    Destination Clock Delay (DCD):    1.984ns
    Source Clock Delay      (SCD):    1.471ns
    Clock Pessimism Removal (CPR):    0.500ns

    Location             Delay type                Incr(ns)  Path(ns)    Netlist Resource(s)
  -------------------------------------------------------------------    -------------------
                         (clock sys_clk_pin rise edge)
                                                      0.000     0.000 r  
    W5                                                0.000     0.000 r  clk (IN)
                         net (fo=0)                   0.000     0.000    clk
    W5                   IBUF (Prop_ibuf_I_O)         0.226     0.226 r  clk_IBUF_inst/O
                         net (fo=1, routed)           0.631     0.858    clk_IBUF
    BUFGCTRL_X0Y0        BUFG (Prop_bufg_I_O)         0.026     0.884 r  clk_IBUF_BUFG_inst/O
                         net (fo=124, routed)         0.588     1.471    processor/clk_IBUF_BUFG
    SLICE_X7Y16          FDRE                                         r  processor/stack_loop[0].lsb_stack.pointer_flop/C
  -------------------------------------------------------------------    -------------------
    SLICE_X7Y16          FDRE (Prop_fdre_C_Q)         0.141     1.612 r  processor/stack_loop[0].lsb_stack.pointer_flop/Q
                         net (fo=30, routed)          0.252     1.864    processor/stack_ram_high/ADDRD0
    SLICE_X6Y16          RAMD32                                       r  processor/stack_ram_high/RAMB/WADR0
  -------------------------------------------------------------------    -------------------

                         (clock sys_clk_pin rise edge)
                                                      0.000     0.000 r  
    W5                                                0.000     0.000 r  clk (IN)
                         net (fo=0)                   0.000     0.000    clk
    W5                   IBUF (Prop_ibuf_I_O)         0.414     0.414 r  clk_IBUF_inst/O
                         net (fo=1, routed)           0.685     1.099    clk_IBUF
    BUFGCTRL_X0Y0        BUFG (Prop_bufg_I_O)         0.029     1.128 r  clk_IBUF_BUFG_inst/O
                         net (fo=124, routed)         0.857     1.984    processor/stack_ram_high/WCLK
    SLICE_X6Y16          RAMD32                                       r  processor/stack_ram_high/RAMB/CLK
                         clock pessimism             -0.500     1.484    
    SLICE_X6Y16          RAMD32 (Hold_ramd32_CLK_WADR0)
                                                      0.310     1.794    processor/stack_ram_high/RAMB
  -------------------------------------------------------------------
                         required time                         -1.794    
                         arrival time                           1.864    
  -------------------------------------------------------------------
                         slack                                  0.070    

Slack (MET) :             0.070ns  (arrival time - required time)
  Source:                 processor/stack_loop[0].lsb_stack.pointer_flop/C
                            (rising edge-triggered cell FDRE clocked by sys_clk_pin  {rise@0.000ns fall@5.000ns period=10.000ns})
  Destination:            processor/stack_ram_high/RAMB_D1/WADR0
                            (rising edge-triggered cell RAMD32 clocked by sys_clk_pin  {rise@0.000ns fall@5.000ns period=10.000ns})
  Path Group:             sys_clk_pin
  Path Type:              Hold (Min at Fast Process Corner)
  Requirement:            0.000ns  (sys_clk_pin rise@0.000ns - sys_clk_pin rise@0.000ns)
  Data Path Delay:        0.393ns  (logic 0.141ns (35.914%)  route 0.252ns (64.086%))
  Logic Levels:           0  
  Clock Path Skew:        0.013ns (DCD - SCD - CPR)
    Destination Clock Delay (DCD):    1.984ns
    Source Clock Delay      (SCD):    1.471ns
    Clock Pessimism Removal (CPR):    0.500ns

    Location             Delay type                Incr(ns)  Path(ns)    Netlist Resource(s)
  -------------------------------------------------------------------    -------------------
                         (clock sys_clk_pin rise edge)
                                                      0.000     0.000 r  
    W5                                                0.000     0.000 r  clk (IN)
                         net (fo=0)                   0.000     0.000    clk
    W5                   IBUF (Prop_ibuf_I_O)         0.226     0.226 r  clk_IBUF_inst/O
                         net (fo=1, routed)           0.631     0.858    clk_IBUF
    BUFGCTRL_X0Y0        BUFG (Prop_bufg_I_O)         0.026     0.884 r  clk_IBUF_BUFG_inst/O
                         net (fo=124, routed)         0.588     1.471    processor/clk_IBUF_BUFG
    SLICE_X7Y16          FDRE                                         r  processor/stack_loop[0].lsb_stack.pointer_flop/C
  -------------------------------------------------------------------    -------------------
    SLICE_X7Y16          FDRE (Prop_fdre_C_Q)         0.141     1.612 r  processor/stack_loop[0].lsb_stack.pointer_flop/Q
                         net (fo=30, routed)          0.252     1.864    processor/stack_ram_high/ADDRD0
    SLICE_X6Y16          RAMD32                                       r  processor/stack_ram_high/RAMB_D1/WADR0
  -------------------------------------------------------------------    -------------------

                         (clock sys_clk_pin rise edge)
                                                      0.000     0.000 r  
    W5                                                0.000     0.000 r  clk (IN)
                         net (fo=0)                   0.000     0.000    clk
    W5                   IBUF (Prop_ibuf_I_O)         0.414     0.414 r  clk_IBUF_inst/O
                         net (fo=1, routed)           0.685     1.099    clk_IBUF
    BUFGCTRL_X0Y0        BUFG (Prop_bufg_I_O)         0.029     1.128 r  clk_IBUF_BUFG_inst/O
                         net (fo=124, routed)         0.857     1.984    processor/stack_ram_high/WCLK
    SLICE_X6Y16          RAMD32                                       r  processor/stack_ram_high/RAMB_D1/CLK
                         clock pessimism             -0.500     1.484    
    SLICE_X6Y16          RAMD32 (Hold_ramd32_CLK_WADR0)
                                                      0.310     1.794    processor/stack_ram_high/RAMB_D1
  -------------------------------------------------------------------
                         required time                         -1.794    
                         arrival time                           1.864    
  -------------------------------------------------------------------
                         slack                                  0.070    

Slack (MET) :             0.070ns  (arrival time - required time)
  Source:                 processor/stack_loop[0].lsb_stack.pointer_flop/C
                            (rising edge-triggered cell FDRE clocked by sys_clk_pin  {rise@0.000ns fall@5.000ns period=10.000ns})
  Destination:            processor/stack_ram_high/RAMC/WADR0
                            (rising edge-triggered cell RAMD32 clocked by sys_clk_pin  {rise@0.000ns fall@5.000ns period=10.000ns})
  Path Group:             sys_clk_pin
  Path Type:              Hold (Min at Fast Process Corner)
  Requirement:            0.000ns  (sys_clk_pin rise@0.000ns - sys_clk_pin rise@0.000ns)
  Data Path Delay:        0.393ns  (logic 0.141ns (35.914%)  route 0.252ns (64.086%))
  Logic Levels:           0  
  Clock Path Skew:        0.013ns (DCD - SCD - CPR)
    Destination Clock Delay (DCD):    1.984ns
    Source Clock Delay      (SCD):    1.471ns
    Clock Pessimism Removal (CPR):    0.500ns

    Location             Delay type                Incr(ns)  Path(ns)    Netlist Resource(s)
  -------------------------------------------------------------------    -------------------
                         (clock sys_clk_pin rise edge)
                                                      0.000     0.000 r  
    W5                                                0.000     0.000 r  clk (IN)
                         net (fo=0)                   0.000     0.000    clk
    W5                   IBUF (Prop_ibuf_I_O)         0.226     0.226 r  clk_IBUF_inst/O
                         net (fo=1, routed)           0.631     0.858    clk_IBUF
    BUFGCTRL_X0Y0        BUFG (Prop_bufg_I_O)         0.026     0.884 r  clk_IBUF_BUFG_inst/O
                         net (fo=124, routed)         0.588     1.471    processor/clk_IBUF_BUFG
    SLICE_X7Y16          FDRE                                         r  processor/stack_loop[0].lsb_stack.pointer_flop/C
  -------------------------------------------------------------------    -------------------
    SLICE_X7Y16          FDRE (Prop_fdre_C_Q)         0.141     1.612 r  processor/stack_loop[0].lsb_stack.pointer_flop/Q
                         net (fo=30, routed)          0.252     1.864    processor/stack_ram_high/ADDRD0
    SLICE_X6Y16          RAMD32                                       r  processor/stack_ram_high/RAMC/WADR0
  -------------------------------------------------------------------    -------------------

                         (clock sys_clk_pin rise edge)
                                                      0.000     0.000 r  
    W5                                                0.000     0.000 r  clk (IN)
                         net (fo=0)                   0.000     0.000    clk
    W5                   IBUF (Prop_ibuf_I_O)         0.414     0.414 r  clk_IBUF_inst/O
                         net (fo=1, routed)           0.685     1.099    clk_IBUF
    BUFGCTRL_X0Y0        BUFG (Prop_bufg_I_O)         0.029     1.128 r  clk_IBUF_BUFG_inst/O
                         net (fo=124, routed)         0.857     1.984    processor/stack_ram_high/WCLK
    SLICE_X6Y16          RAMD32                                       r  processor/stack_ram_high/RAMC/CLK
                         clock pessimism             -0.500     1.484    
    SLICE_X6Y16          RAMD32 (Hold_ramd32_CLK_WADR0)
                                                      0.310     1.794    processor/stack_ram_high/RAMC
  -------------------------------------------------------------------
                         required time                         -1.794    
                         arrival time                           1.864    
  -------------------------------------------------------------------
                         slack                                  0.070    

Slack (MET) :             0.070ns  (arrival time - required time)
  Source:                 processor/stack_loop[0].lsb_stack.pointer_flop/C
                            (rising edge-triggered cell FDRE clocked by sys_clk_pin  {rise@0.000ns fall@5.000ns period=10.000ns})
  Destination:            processor/stack_ram_high/RAMC_D1/WADR0
                            (rising edge-triggered cell RAMD32 clocked by sys_clk_pin  {rise@0.000ns fall@5.000ns period=10.000ns})
  Path Group:             sys_clk_pin
  Path Type:              Hold (Min at Fast Process Corner)
  Requirement:            0.000ns  (sys_clk_pin rise@0.000ns - sys_clk_pin rise@0.000ns)
  Data Path Delay:        0.393ns  (logic 0.141ns (35.914%)  route 0.252ns (64.086%))
  Logic Levels:           0  
  Clock Path Skew:        0.013ns (DCD - SCD - CPR)
    Destination Clock Delay (DCD):    1.984ns
    Source Clock Delay      (SCD):    1.471ns
    Clock Pessimism Removal (CPR):    0.500ns

    Location             Delay type                Incr(ns)  Path(ns)    Netlist Resource(s)
  -------------------------------------------------------------------    -------------------
                         (clock sys_clk_pin rise edge)
                                                      0.000     0.000 r  
    W5                                                0.000     0.000 r  clk (IN)
                         net (fo=0)                   0.000     0.000    clk
    W5                   IBUF (Prop_ibuf_I_O)         0.226     0.226 r  clk_IBUF_inst/O
                         net (fo=1, routed)           0.631     0.858    clk_IBUF
    BUFGCTRL_X0Y0        BUFG (Prop_bufg_I_O)         0.026     0.884 r  clk_IBUF_BUFG_inst/O
                         net (fo=124, routed)         0.588     1.471    processor/clk_IBUF_BUFG
    SLICE_X7Y16          FDRE                                         r  processor/stack_loop[0].lsb_stack.pointer_flop/C
  -------------------------------------------------------------------    -------------------
    SLICE_X7Y16          FDRE (Prop_fdre_C_Q)         0.141     1.612 r  processor/stack_loop[0].lsb_stack.pointer_flop/Q
                         net (fo=30, routed)          0.252     1.864    processor/stack_ram_high/ADDRD0
    SLICE_X6Y16          RAMD32                                       r  processor/stack_ram_high/RAMC_D1/WADR0
  -------------------------------------------------------------------    -------------------

                         (clock sys_clk_pin rise edge)
                                                      0.000     0.000 r  
    W5                                                0.000     0.000 r  clk (IN)
                         net (fo=0)                   0.000     0.000    clk
    W5                   IBUF (Prop_ibuf_I_O)         0.414     0.414 r  clk_IBUF_inst/O
                         net (fo=1, routed)           0.685     1.099    clk_IBUF
    BUFGCTRL_X0Y0        BUFG (Prop_bufg_I_O)         0.029     1.128 r  clk_IBUF_BUFG_inst/O
                         net (fo=124, routed)         0.857     1.984    processor/stack_ram_high/WCLK
    SLICE_X6Y16          RAMD32                                       r  processor/stack_ram_high/RAMC_D1/CLK
                         clock pessimism             -0.500     1.484    
    SLICE_X6Y16          RAMD32 (Hold_ramd32_CLK_WADR0)
                                                      0.310     1.794    processor/stack_ram_high/RAMC_D1
  -------------------------------------------------------------------
                         required time                         -1.794    
                         arrival time                           1.864    
  -------------------------------------------------------------------
                         slack                                  0.070    

Slack (MET) :             0.070ns  (arrival time - required time)
  Source:                 processor/stack_loop[0].lsb_stack.pointer_flop/C
                            (rising edge-triggered cell FDRE clocked by sys_clk_pin  {rise@0.000ns fall@5.000ns period=10.000ns})
  Destination:            processor/stack_ram_high/RAMD/ADR0
                            (rising edge-triggered cell RAMS32 clocked by sys_clk_pin  {rise@0.000ns fall@5.000ns period=10.000ns})
  Path Group:             sys_clk_pin
  Path Type:              Hold (Min at Fast Process Corner)
  Requirement:            0.000ns  (sys_clk_pin rise@0.000ns - sys_clk_pin rise@0.000ns)
  Data Path Delay:        0.393ns  (logic 0.141ns (35.914%)  route 0.252ns (64.086%))
  Logic Levels:           0  
  Clock Path Skew:        0.013ns (DCD - SCD - CPR)
    Destination Clock Delay (DCD):    1.984ns
    Source Clock Delay      (SCD):    1.471ns
    Clock Pessimism Removal (CPR):    0.500ns

    Location             Delay type                Incr(ns)  Path(ns)    Netlist Resource(s)
  -------------------------------------------------------------------    -------------------
                         (clock sys_clk_pin rise edge)
                                                      0.000     0.000 r  
    W5                                                0.000     0.000 r  clk (IN)
                         net (fo=0)                   0.000     0.000    clk
    W5                   IBUF (Prop_ibuf_I_O)         0.226     0.226 r  clk_IBUF_inst/O
                         net (fo=1, routed)           0.631     0.858    clk_IBUF
    BUFGCTRL_X0Y0        BUFG (Prop_bufg_I_O)         0.026     0.884 r  clk_IBUF_BUFG_inst/O
                         net (fo=124, routed)         0.588     1.471    processor/clk_IBUF_BUFG
    SLICE_X7Y16          FDRE                                         r  processor/stack_loop[0].lsb_stack.pointer_flop/C
  -------------------------------------------------------------------    -------------------
    SLICE_X7Y16          FDRE (Prop_fdre_C_Q)         0.141     1.612 r  processor/stack_loop[0].lsb_stack.pointer_flop/Q
                         net (fo=30, routed)          0.252     1.864    processor/stack_ram_high/ADDRD0
    SLICE_X6Y16          RAMS32                                       r  processor/stack_ram_high/RAMD/ADR0
  -------------------------------------------------------------------    -------------------

                         (clock sys_clk_pin rise edge)
                                                      0.000     0.000 r  
    W5                                                0.000     0.000 r  clk (IN)
                         net (fo=0)                   0.000     0.000    clk
    W5                   IBUF (Prop_ibuf_I_O)         0.414     0.414 r  clk_IBUF_inst/O
                         net (fo=1, routed)           0.685     1.099    clk_IBUF
    BUFGCTRL_X0Y0        BUFG (Prop_bufg_I_O)         0.029     1.128 r  clk_IBUF_BUFG_inst/O
                         net (fo=124, routed)         0.857     1.984    processor/stack_ram_high/WCLK
    SLICE_X6Y16          RAMS32                                       r  processor/stack_ram_high/RAMD/CLK
                         clock pessimism             -0.500     1.484    
    SLICE_X6Y16          RAMS32 (Hold_rams32_CLK_ADR0)
                                                      0.310     1.794    processor/stack_ram_high/RAMD
  -------------------------------------------------------------------
                         required time                         -1.794    
                         arrival time                           1.864    
  -------------------------------------------------------------------
                         slack                                  0.070    

Slack (MET) :             0.070ns  (arrival time - required time)
  Source:                 processor/stack_loop[0].lsb_stack.pointer_flop/C
                            (rising edge-triggered cell FDRE clocked by sys_clk_pin  {rise@0.000ns fall@5.000ns period=10.000ns})
  Destination:            processor/stack_ram_high/RAMD_D1/ADR0
                            (rising edge-triggered cell RAMS32 clocked by sys_clk_pin  {rise@0.000ns fall@5.000ns period=10.000ns})
  Path Group:             sys_clk_pin
  Path Type:              Hold (Min at Fast Process Corner)
  Requirement:            0.000ns  (sys_clk_pin rise@0.000ns - sys_clk_pin rise@0.000ns)
  Data Path Delay:        0.393ns  (logic 0.141ns (35.914%)  route 0.252ns (64.086%))
  Logic Levels:           0  
  Clock Path Skew:        0.013ns (DCD - SCD - CPR)
    Destination Clock Delay (DCD):    1.984ns
    Source Clock Delay      (SCD):    1.471ns
    Clock Pessimism Removal (CPR):    0.500ns

    Location             Delay type                Incr(ns)  Path(ns)    Netlist Resource(s)
  -------------------------------------------------------------------    -------------------
                         (clock sys_clk_pin rise edge)
                                                      0.000     0.000 r  
    W5                                                0.000     0.000 r  clk (IN)
                         net (fo=0)                   0.000     0.000    clk
    W5                   IBUF (Prop_ibuf_I_O)         0.226     0.226 r  clk_IBUF_inst/O
                         net (fo=1, routed)           0.631     0.858    clk_IBUF
    BUFGCTRL_X0Y0        BUFG (Prop_bufg_I_O)         0.026     0.884 r  clk_IBUF_BUFG_inst/O
                         net (fo=124, routed)         0.588     1.471    processor/clk_IBUF_BUFG
    SLICE_X7Y16          FDRE                                         r  processor/stack_loop[0].lsb_stack.pointer_flop/C
  -------------------------------------------------------------------    -------------------
    SLICE_X7Y16          FDRE (Prop_fdre_C_Q)         0.141     1.612 r  processor/stack_loop[0].lsb_stack.pointer_flop/Q
                         net (fo=30, routed)          0.252     1.864    processor/stack_ram_high/ADDRD0
    SLICE_X6Y16          RAMS32                                       r  processor/stack_ram_high/RAMD_D1/ADR0
  -------------------------------------------------------------------    -------------------

                         (clock sys_clk_pin rise edge)
                                                      0.000     0.000 r  
    W5                                                0.000     0.000 r  clk (IN)
                         net (fo=0)                   0.000     0.000    clk
    W5                   IBUF (Prop_ibuf_I_O)         0.414     0.414 r  clk_IBUF_inst/O
                         net (fo=1, routed)           0.685     1.099    clk_IBUF
    BUFGCTRL_X0Y0        BUFG (Prop_bufg_I_O)         0.029     1.128 r  clk_IBUF_BUFG_inst/O
                         net (fo=124, routed)         0.857     1.984    processor/stack_ram_high/WCLK
    SLICE_X6Y16          RAMS32                                       r  processor/stack_ram_high/RAMD_D1/CLK
                         clock pessimism             -0.500     1.484    
    SLICE_X6Y16          RAMS32 (Hold_rams32_CLK_ADR0)
                                                      0.310     1.794    processor/stack_ram_high/RAMD_D1
  -------------------------------------------------------------------
                         required time                         -1.794    
                         arrival time                           1.864    
  -------------------------------------------------------------------
                         slack                                  0.070    

Slack (MET) :             0.105ns  (arrival time - required time)
  Source:                 processor/address_loop[6].pc_flop/C
                            (rising edge-triggered cell FDRE clocked by sys_clk_pin  {rise@0.000ns fall@5.000ns period=10.000ns})
  Destination:            processor/stack_ram_high/RAMB/I
                            (rising edge-triggered cell RAMD32 clocked by sys_clk_pin  {rise@0.000ns fall@5.000ns period=10.000ns})
  Path Group:             sys_clk_pin
  Path Type:              Hold (Min at Fast Process Corner)
  Requirement:            0.000ns  (sys_clk_pin rise@0.000ns - sys_clk_pin rise@0.000ns)
  Data Path Delay:        0.265ns  (logic 0.141ns (53.146%)  route 0.124ns (46.854%))
  Logic Levels:           0  
  Clock Path Skew:        0.014ns (DCD - SCD - CPR)
    Destination Clock Delay (DCD):    1.984ns
    Source Clock Delay      (SCD):    1.471ns
    Clock Pessimism Removal (CPR):    0.499ns

    Location             Delay type                Incr(ns)  Path(ns)    Netlist Resource(s)
  -------------------------------------------------------------------    -------------------
                         (clock sys_clk_pin rise edge)
                                                      0.000     0.000 r  
    W5                                                0.000     0.000 r  clk (IN)
                         net (fo=0)                   0.000     0.000    clk
    W5                   IBUF (Prop_ibuf_I_O)         0.226     0.226 r  clk_IBUF_inst/O
                         net (fo=1, routed)           0.631     0.858    clk_IBUF
    BUFGCTRL_X0Y0        BUFG (Prop_bufg_I_O)         0.026     0.884 r  clk_IBUF_BUFG_inst/O
                         net (fo=124, routed)         0.588     1.471    processor/clk_IBUF_BUFG
    SLICE_X5Y16          FDRE                                         r  processor/address_loop[6].pc_flop/C
  -------------------------------------------------------------------    -------------------
    SLICE_X5Y16          FDRE (Prop_fdre_C_Q)         0.141     1.612 r  processor/address_loop[6].pc_flop/Q
                         net (fo=3, routed)           0.124     1.736    processor/stack_ram_high/DIB0
    SLICE_X6Y16          RAMD32                                       r  processor/stack_ram_high/RAMB/I
  -------------------------------------------------------------------    -------------------

                         (clock sys_clk_pin rise edge)
                                                      0.000     0.000 r  
    W5                                                0.000     0.000 r  clk (IN)
                         net (fo=0)                   0.000     0.000    clk
    W5                   IBUF (Prop_ibuf_I_O)         0.414     0.414 r  clk_IBUF_inst/O
                         net (fo=1, routed)           0.685     1.099    clk_IBUF
    BUFGCTRL_X0Y0        BUFG (Prop_bufg_I_O)         0.029     1.128 r  clk_IBUF_BUFG_inst/O
                         net (fo=124, routed)         0.857     1.984    processor/stack_ram_high/WCLK
    SLICE_X6Y16          RAMD32                                       r  processor/stack_ram_high/RAMB/CLK
                         clock pessimism             -0.499     1.485    
    SLICE_X6Y16          RAMD32 (Hold_ramd32_CLK_I)
                                                      0.146     1.631    processor/stack_ram_high/RAMB
  -------------------------------------------------------------------
                         required time                         -1.631    
                         arrival time                           1.736    
  -------------------------------------------------------------------
                         slack                                  0.105    

Slack (MET) :             0.106ns  (arrival time - required time)
  Source:                 processor/address_loop[2].pc_flop/C
                            (rising edge-triggered cell FDRE clocked by sys_clk_pin  {rise@0.000ns fall@5.000ns period=10.000ns})
  Destination:            processor/stack_ram_low/RAMD/I
                            (rising edge-triggered cell RAMS32 clocked by sys_clk_pin  {rise@0.000ns fall@5.000ns period=10.000ns})
  Path Group:             sys_clk_pin
  Path Type:              Hold (Min at Fast Process Corner)
  Requirement:            0.000ns  (sys_clk_pin rise@0.000ns - sys_clk_pin rise@0.000ns)
  Data Path Delay:        0.264ns  (logic 0.141ns (53.412%)  route 0.123ns (46.588%))
  Logic Levels:           0  
  Clock Path Skew:        0.014ns (DCD - SCD - CPR)
    Destination Clock Delay (DCD):    1.985ns
    Source Clock Delay      (SCD):    1.472ns
    Clock Pessimism Removal (CPR):    0.499ns

    Location             Delay type                Incr(ns)  Path(ns)    Netlist Resource(s)
  -------------------------------------------------------------------    -------------------
                         (clock sys_clk_pin rise edge)
                                                      0.000     0.000 r  
    W5                                                0.000     0.000 r  clk (IN)
                         net (fo=0)                   0.000     0.000    clk
    W5                   IBUF (Prop_ibuf_I_O)         0.226     0.226 r  clk_IBUF_inst/O
                         net (fo=1, routed)           0.631     0.858    clk_IBUF
    BUFGCTRL_X0Y0        BUFG (Prop_bufg_I_O)         0.026     0.884 r  clk_IBUF_BUFG_inst/O
                         net (fo=124, routed)         0.589     1.472    processor/clk_IBUF_BUFG
    SLICE_X5Y15          FDRE                                         r  processor/address_loop[2].pc_flop/C
  -------------------------------------------------------------------    -------------------
    SLICE_X5Y15          FDRE (Prop_fdre_C_Q)         0.141     1.613 r  processor/address_loop[2].pc_flop/Q
                         net (fo=3, routed)           0.123     1.736    processor/stack_ram_low/DID0
    SLICE_X6Y15          RAMS32                                       r  processor/stack_ram_low/RAMD/I
  -------------------------------------------------------------------    -------------------

                         (clock sys_clk_pin rise edge)
                                                      0.000     0.000 r  
    W5                                                0.000     0.000 r  clk (IN)
                         net (fo=0)                   0.000     0.000    clk
    W5                   IBUF (Prop_ibuf_I_O)         0.414     0.414 r  clk_IBUF_inst/O
                         net (fo=1, routed)           0.685     1.099    clk_IBUF
    BUFGCTRL_X0Y0        BUFG (Prop_bufg_I_O)         0.029     1.128 r  clk_IBUF_BUFG_inst/O
                         net (fo=124, routed)         0.858     1.985    processor/stack_ram_low/WCLK
    SLICE_X6Y15          RAMS32                                       r  processor/stack_ram_low/RAMD/CLK
                         clock pessimism             -0.499     1.486    
    SLICE_X6Y15          RAMS32 (Hold_rams32_CLK_I)
                                                      0.144     1.630    processor/stack_ram_low/RAMD
  -------------------------------------------------------------------
                         required time                         -1.630    
                         arrival time                           1.736    
  -------------------------------------------------------------------
                         slack                                  0.106    





Pulse Width Checks
--------------------------------------------------------------------------------------
Clock Name:         sys_clk_pin
Waveform(ns):       { 0.000 5.000 }
Period(ns):         10.000
Sources:            { clk }

Check Type        Corner  Lib Pin             Reference Pin  Required(ns)  Actual(ns)  Slack(ns)  Location       Pin
Min Period        n/a     RAMB36E1/CLKARDCLK  n/a            2.576         10.000      7.424      RAMB36_X0Y3    program_rom/ram_2k_generate.akv7.kcpsm6_rom/CLKARDCLK
Min Period        n/a     BUFG/I              n/a            2.155         10.000      7.845      BUFGCTRL_X0Y0  clk_IBUF_BUFG_inst/I
Min Period        n/a     FDRE/C              n/a            1.000         10.000      9.000      SLICE_X4Y15    led_reg_reg[0]/C
Min Period        n/a     FDRE/C              n/a            1.000         10.000      9.000      SLICE_X4Y15    led_reg_reg[1]/C
Min Period        n/a     FDRE/C              n/a            1.000         10.000      9.000      SLICE_X0Y17    led_reg_reg[2]/C
Min Period        n/a     FDRE/C              n/a            1.000         10.000      9.000      SLICE_X1Y16    led_reg_reg[3]/C
Min Period        n/a     FDRE/C              n/a            1.000         10.000      9.000      SLICE_X0Y17    led_reg_reg[4]/C
Min Period        n/a     FDRE/C              n/a            1.000         10.000      9.000      SLICE_X1Y15    led_reg_reg[5]/C
Min Period        n/a     FDRE/C              n/a            1.000         10.000      9.000      SLICE_X0Y16    led_reg_reg[6]/C
Min Period        n/a     FDRE/C              n/a            1.000         10.000      9.000      SLICE_X0Y16    led_reg_reg[7]/C
Low Pulse Width   Slow    RAMD64E/CLK         n/a            1.250         5.000       3.750      SLICE_X2Y18    processor/data_path_loop[4].small_spm.small_spm_ram.spm_ram/RAMA/CLK
Low Pulse Width   Slow    RAMD64E/CLK         n/a            1.250         5.000       3.750      SLICE_X2Y18    processor/data_path_loop[4].small_spm.small_spm_ram.spm_ram/RAMB/CLK
Low Pulse Width   Slow    RAMD64E/CLK         n/a            1.250         5.000       3.750      SLICE_X2Y18    processor/data_path_loop[4].small_spm.small_spm_ram.spm_ram/RAMC/CLK
Low Pulse Width   Slow    RAMD64E/CLK         n/a            1.250         5.000       3.750      SLICE_X2Y18    processor/data_path_loop[4].small_spm.small_spm_ram.spm_ram/RAMD/CLK
Low Pulse Width   Fast    RAMD32/CLK          n/a            1.250         5.000       3.750      SLICE_X2Y15    processor/lower_reg_banks/RAMA/CLK
Low Pulse Width   Fast    RAMD32/CLK          n/a            1.250         5.000       3.750      SLICE_X2Y15    processor/lower_reg_banks/RAMA_D1/CLK
Low Pulse Width   Fast    RAMD32/CLK          n/a            1.250         5.000       3.750      SLICE_X2Y15    processor/lower_reg_banks/RAMB/CLK
Low Pulse Width   Fast    RAMD32/CLK          n/a            1.250         5.000       3.750      SLICE_X2Y15    processor/lower_reg_banks/RAMB_D1/CLK
Low Pulse Width   Fast    RAMD32/CLK          n/a            1.250         5.000       3.750      SLICE_X2Y15    processor/lower_reg_banks/RAMC/CLK
Low Pulse Width   Slow    RAMD32/CLK          n/a            1.250         5.000       3.750      SLICE_X6Y15    processor/stack_ram_low/RAMA_D1/CLK
High Pulse Width  Slow    RAMD64E/CLK         n/a            1.250         5.000       3.750      SLICE_X2Y17    processor/data_path_loop[0].small_spm.small_spm_ram.spm_ram/RAMA/CLK
High Pulse Width  Slow    RAMD64E/CLK         n/a            1.250         5.000       3.750      SLICE_X2Y17    processor/data_path_loop[0].small_spm.small_spm_ram.spm_ram/RAMB/CLK
High Pulse Width  Slow    RAMD64E/CLK         n/a            1.250         5.000       3.750      SLICE_X2Y17    processor/data_path_loop[0].small_spm.small_spm_ram.spm_ram/RAMC/CLK
High Pulse Width  Slow    RAMD32/CLK          n/a            1.250         5.000       3.750      SLICE_X2Y15    processor/lower_reg_banks/RAMA/CLK
High Pulse Width  Slow    RAMD32/CLK          n/a            1.250         5.000       3.750      SLICE_X2Y15    processor/lower_reg_banks/RAMA_D1/CLK
High Pulse Width  Slow    RAMD32/CLK          n/a            1.250         5.000       3.750      SLICE_X2Y15    processor/lower_reg_banks/RAMB/CLK
High Pulse Width  Slow    RAMD32/CLK          n/a            1.250         5.000       3.750      SLICE_X2Y15    processor/lower_reg_banks/RAMB_D1/CLK
High Pulse Width  Slow    RAMD32/CLK          n/a            1.250         5.000       3.750      SLICE_X2Y15    processor/lower_reg_banks/RAMC/CLK
High Pulse Width  Fast    RAMD32/CLK          n/a            1.250         5.000       3.750      SLICE_X6Y15    processor/stack_ram_low/RAMA_D1/CLK
High Pulse Width  Fast    RAMD32/CLK          n/a            1.250         5.000       3.750      SLICE_X6Y15    processor/stack_ram_low/RAMB/CLK



