Copyright 1986-2018 Xilinx, Inc. All Rights Reserved.
-----------------------------------------------------------------------------------------------------------------------------------------------------------------------------------------------------------
| Tool Version : Vivado v.2018.3 (win64) Build 2405991 Thu Dec  6 23:38:27 MST 2018
| Date         : Thu Mar 26 21:25:30 2026
| Host         : BH610-DRZVK84 running 64-bit major release  (build 9200)
| Command      : report_timing_summary -max_paths 10 -file pico_btn_top_timing_summary_routed.rpt -pb pico_btn_top_timing_summary_routed.pb -rpx pico_btn_top_timing_summary_routed.rpx -warn_on_violation
| Design       : pico_btn_top
| Device       : 7a35t-cpg236
| Speed File   : -1  PRODUCTION 1.23 2018-06-13
-----------------------------------------------------------------------------------------------------------------------------------------------------------------------------------------------------------

Timing Summary Report

------------------------------------------------------------------------------------------------
| Timer Settings
| --------------
------------------------------------------------------------------------------------------------

  Enable Multi Corner Analysis               :  Yes
  Enable Pessimism Removal                   :  Yes
  Pessimism Removal Resolution               :  Nearest Common Node
  Enable Input Delay Default Clock           :  No
  Enable Preset / Clear Arcs                 :  No
  Disable Flight Delays                      :  No
  Ignore I/O Paths                           :  No
  Timing Early Launch at Borrowing Latches   :  false

  Corner  Analyze    Analyze    
  Name    Max Paths  Min Paths  
  ------  ---------  ---------  
  Slow    Yes        Yes        
  Fast    Yes        Yes        



check_timing report

Table of Contents
-----------------
1. checking no_clock
2. checking constant_clock
3. checking pulse_width_clock
4. checking unconstrained_internal_endpoints
5. checking no_input_delay
6. checking no_output_delay
7. checking multiple_clock
8. checking generated_clocks
9. checking loops
10. checking partial_input_delay
11. checking partial_output_delay
12. checking latch_loops

1. checking no_clock
--------------------
 There are 31 register/latch pins with no clock driven by root clock pin: program_rom/instantiate_loader.jtag_loader_6_inst/jtag_loader_gen.BSCAN_7SERIES_gen.BSCAN_BLOCK_inst/DRCK (HIGH)

 There are 6 register/latch pins with no clock driven by root clock pin: program_rom/instantiate_loader.jtag_loader_6_inst/jtag_loader_gen.BSCAN_7SERIES_gen.BSCAN_BLOCK_inst/UPDATE (HIGH)


2. checking constant_clock
--------------------------
 There are 0 register/latch pins with constant_clock.


3. checking pulse_width_clock
-----------------------------
 There are 0 register/latch pins which need pulse_width check


4. checking unconstrained_internal_endpoints
--------------------------------------------
 There are 101 pins that are not constrained for maximum delay. (HIGH)

 There are 0 pins that are not constrained for maximum delay due to constant clock.


5. checking no_input_delay
--------------------------
 There are 11 input ports with no input delay specified. (HIGH)

 There are 0 input ports with no input delay but user has a false path constraint.


6. checking no_output_delay
---------------------------
 There are 38 ports with no output delay specified. (HIGH)

 There are 0 ports with no output delay but user has a false path constraint

 There are 0 ports with no output delay but with a timing clock defined on it or propagating through it


7. checking multiple_clock
--------------------------
 There are 0 register/latch pins with multiple clocks.


8. checking generated_clocks
----------------------------
 There are 0 generated clocks that are not connected to a clock source.


9. checking loops
-----------------
 There are 0 combinational loops in the design.


10. checking partial_input_delay
--------------------------------
 There are 0 input ports with partial input delay specified.


11. checking partial_output_delay
---------------------------------
 There are 0 ports with partial output delay specified.


12. checking latch_loops
------------------------
 There are 0 combinational latch loops in the design through latch input



------------------------------------------------------------------------------------------------
| Design Timing Summary
| ---------------------
------------------------------------------------------------------------------------------------

    WNS(ns)      TNS(ns)  TNS Failing Endpoints  TNS Total Endpoints      WHS(ns)      THS(ns)  THS Failing Endpoints  THS Total Endpoints     WPWS(ns)     TPWS(ns)  TPWS Failing Endpoints  TPWS Total Endpoints  
    -------      -------  ---------------------  -------------------      -------      -------  ---------------------  -------------------     --------     --------  ----------------------  --------------------  
      0.770        0.000                      0                  951        0.060        0.000                      0                  951        3.750        0.000                       0                   368  


All user specified timing constraints are met.


------------------------------------------------------------------------------------------------
| Clock Summary
| -------------
------------------------------------------------------------------------------------------------

Clock        Waveform(ns)       Period(ns)      Frequency(MHz)
-----        ------------       ----------      --------------
sys_clk_pin  {0.000 5.000}      10.000          100.000         


------------------------------------------------------------------------------------------------
| Intra Clock Table
| -----------------
------------------------------------------------------------------------------------------------

Clock             WNS(ns)      TNS(ns)  TNS Failing Endpoints  TNS Total Endpoints      WHS(ns)      THS(ns)  THS Failing Endpoints  THS Total Endpoints     WPWS(ns)     TPWS(ns)  TPWS Failing Endpoints  TPWS Total Endpoints  
-----             -------      -------  ---------------------  -------------------      -------      -------  ---------------------  -------------------     --------     --------  ----------------------  --------------------  
sys_clk_pin         0.770        0.000                      0                  951        0.060        0.000                      0                  951        3.750        0.000                       0                   368  


------------------------------------------------------------------------------------------------
| Inter Clock Table
| -----------------
------------------------------------------------------------------------------------------------

From Clock    To Clock          WNS(ns)      TNS(ns)  TNS Failing Endpoints  TNS Total Endpoints      WHS(ns)      THS(ns)  THS Failing Endpoints  THS Total Endpoints  
----------    --------          -------      -------  ---------------------  -------------------      -------      -------  ---------------------  -------------------  


------------------------------------------------------------------------------------------------
| Other Path Groups Table
| -----------------------
------------------------------------------------------------------------------------------------

Path Group    From Clock    To Clock          WNS(ns)      TNS(ns)  TNS Failing Endpoints  TNS Total Endpoints      WHS(ns)      THS(ns)  THS Failing Endpoints  THS Total Endpoints  
----------    ----------    --------          -------      -------  ---------------------  -------------------      -------      -------  ---------------------  -------------------  


------------------------------------------------------------------------------------------------
| Timing Details
| --------------
------------------------------------------------------------------------------------------------


---------------------------------------------------------------------------------------------------
From Clock:  sys_clk_pin
  To Clock:  sys_clk_pin

Setup :            0  Failing Endpoints,  Worst Slack        0.770ns,  Total Violation        0.000ns
Hold  :            0  Failing Endpoints,  Worst Slack        0.060ns,  Total Violation        0.000ns
PW    :            0  Failing Endpoints,  Worst Slack        3.750ns,  Total Violation        0.000ns
---------------------------------------------------------------------------------------------------


Max Delay Paths
--------------------------------------------------------------------------------------
Slack (MET) :             0.770ns  (required time - arrival time)
  Source:                 program_rom/ram_1k_generate.akv7.kcpsm6_rom/CLKARDCLK
                            (rising edge-triggered cell RAMB18E1 clocked by sys_clk_pin  {rise@0.000ns fall@5.000ns period=10.000ns})
  Destination:            processor/zero_flag_flop/D
                            (rising edge-triggered cell FDRE clocked by sys_clk_pin  {rise@0.000ns fall@5.000ns period=10.000ns})
  Path Group:             sys_clk_pin
  Path Type:              Setup (Max at Slow Process Corner)
  Requirement:            10.000ns  (sys_clk_pin rise@10.000ns - sys_clk_pin rise@0.000ns)
  Data Path Delay:        8.913ns  (logic 4.249ns (47.674%)  route 4.664ns (52.326%))
  Logic Levels:           6  (CARRY4=1 LUT2=1 LUT5=2 LUT6=1 RAMD32=1)
  Clock Path Skew:        -0.084ns (DCD - SCD + CPR)
    Destination Clock Delay (DCD):    4.788ns = ( 14.788 - 10.000 ) 
    Source Clock Delay      (SCD):    5.133ns
    Clock Pessimism Removal (CPR):    0.260ns
  Clock Uncertainty:      0.035ns  ((TSJ^2 + TIJ^2)^1/2 + DJ) / 2 + PE
    Total System Jitter     (TSJ):    0.071ns
    Total Input Jitter      (TIJ):    0.000ns
    Discrete Jitter          (DJ):    0.000ns
    Phase Error              (PE):    0.000ns

    Location             Delay type                Incr(ns)  Path(ns)    Netlist Resource(s)
  -------------------------------------------------------------------    -------------------
                         (clock sys_clk_pin rise edge)
                                                      0.000     0.000 r  
    W5                                                0.000     0.000 r  clk (IN)
                         net (fo=0)                   0.000     0.000    clk
    W5                   IBUF (Prop_ibuf_I_O)         1.458     1.458 r  clk_IBUF_inst/O
                         net (fo=1, routed)           1.967     3.425    clk_IBUF
    BUFGCTRL_X0Y0        BUFG (Prop_bufg_I_O)         0.096     3.521 r  clk_IBUF_BUFG_inst/O
                         net (fo=367, routed)         1.612     5.133    program_rom/clk_IBUF_BUFG
    RAMB18_X1Y2          RAMB18E1                                     r  program_rom/ram_1k_generate.akv7.kcpsm6_rom/CLKARDCLK
  -------------------------------------------------------------------    -------------------
    RAMB18_X1Y2          RAMB18E1 (Prop_ramb18e1_CLKARDCLK_DOADO[4])
                                                      2.454     7.587 r  program_rom/ram_1k_generate.akv7.kcpsm6_rom/DOADO[4]
                         net (fo=14, routed)          1.471     9.058    processor/lower_reg_banks/ADDRA0
    SLICE_X42Y5          RAMD32 (Prop_ramd32_RADR0_O)
                                                      0.150     9.208 f  processor/lower_reg_banks/RAMA/O
                         net (fo=3, routed)           1.015    10.223    processor/data_path_loop[0].output_data.sy_kk_mux_lut/I0
    SLICE_X43Y4          LUT5 (Prop_lut5_I0_O)        0.356    10.579 f  processor/data_path_loop[0].output_data.sy_kk_mux_lut/LUT5/O
                         net (fo=35, routed)          0.855    11.433    processor/data_path_loop[0].output_data.sy_kk_mux_lut_n_0
    SLICE_X42Y9          LUT2 (Prop_lut2_I0_O)        0.319    11.752 f  processor/data_path_loop[3].alu_mux_lut_i_1/O
                         net (fo=1, routed)           0.498    12.251    processor/in_port[3]
    SLICE_X39Y6          LUT6 (Prop_lut6_I2_O)        0.348    12.599 f  processor/data_path_loop[3].alu_mux_lut/O
                         net (fo=3, routed)           0.825    13.423    processor/alu_result_3
    SLICE_X41Y5          LUT5 (Prop_lut5_I3_O)        0.152    13.575 r  processor/lower_zero_lut/O
                         net (fo=1, routed)           0.000    13.575    processor/lower_zero
    SLICE_X41Y5          CARRY4 (Prop_carry4_DI[1]_CO[3])
                                                      0.470    14.045 r  processor/init_zero_muxcy_CARRY4/CO[3]
                         net (fo=1, routed)           0.000    14.045    processor/zero_flag_value
    SLICE_X41Y5          FDRE                                         r  processor/zero_flag_flop/D
  -------------------------------------------------------------------    -------------------

                         (clock sys_clk_pin rise edge)
                                                     10.000    10.000 r  
    W5                                                0.000    10.000 r  clk (IN)
                         net (fo=0)                   0.000    10.000    clk
    W5                   IBUF (Prop_ibuf_I_O)         1.388    11.388 r  clk_IBUF_inst/O
                         net (fo=1, routed)           1.862    13.250    clk_IBUF
    BUFGCTRL_X0Y0        BUFG (Prop_bufg_I_O)         0.091    13.341 r  clk_IBUF_BUFG_inst/O
                         net (fo=367, routed)         1.447    14.788    processor/clk_IBUF_BUFG
    SLICE_X41Y5          FDRE                                         r  processor/zero_flag_flop/C
                         clock pessimism              0.260    15.048    
                         clock uncertainty           -0.035    15.013    
    SLICE_X41Y5          FDRE (Setup_fdre_C_D)       -0.198    14.815    processor/zero_flag_flop
  -------------------------------------------------------------------
                         required time                         14.815    
                         arrival time                         -14.045    
  -------------------------------------------------------------------
                         slack                                  0.770    

Slack (MET) :             1.446ns  (required time - arrival time)
  Source:                 program_rom/ram_1k_generate.akv7.kcpsm6_rom/CLKARDCLK
                            (rising edge-triggered cell RAMB18E1 clocked by sys_clk_pin  {rise@0.000ns fall@5.000ns period=10.000ns})
  Destination:            processor/lower_reg_banks/RAMA/I
                            (rising edge-triggered cell RAMD32 clocked by sys_clk_pin  {rise@0.000ns fall@5.000ns period=10.000ns})
  Path Group:             sys_clk_pin
  Path Type:              Setup (Max at Slow Process Corner)
  Requirement:            10.000ns  (sys_clk_pin rise@10.000ns - sys_clk_pin rise@0.000ns)
  Data Path Delay:        8.027ns  (logic 3.627ns (45.184%)  route 4.400ns (54.816%))
  Logic Levels:           4  (LUT3=1 LUT5=1 LUT6=1 RAMD32=1)
  Clock Path Skew:        -0.084ns (DCD - SCD + CPR)
    Destination Clock Delay (DCD):    4.788ns = ( 14.788 - 10.000 ) 
    Source Clock Delay      (SCD):    5.133ns
    Clock Pessimism Removal (CPR):    0.260ns
  Clock Uncertainty:      0.035ns  ((TSJ^2 + TIJ^2)^1/2 + DJ) / 2 + PE
    Total System Jitter     (TSJ):    0.071ns
    Total Input Jitter      (TIJ):    0.000ns
    Discrete Jitter          (DJ):    0.000ns
    Phase Error              (PE):    0.000ns

    Location             Delay type                Incr(ns)  Path(ns)    Netlist Resource(s)
  -------------------------------------------------------------------    -------------------
                         (clock sys_clk_pin rise edge)
                                                      0.000     0.000 r  
    W5                                                0.000     0.000 r  clk (IN)
                         net (fo=0)                   0.000     0.000    clk
    W5                   IBUF (Prop_ibuf_I_O)         1.458     1.458 r  clk_IBUF_inst/O
                         net (fo=1, routed)           1.967     3.425    clk_IBUF
    BUFGCTRL_X0Y0        BUFG (Prop_bufg_I_O)         0.096     3.521 r  clk_IBUF_BUFG_inst/O
                         net (fo=367, routed)         1.612     5.133    program_rom/clk_IBUF_BUFG
    RAMB18_X1Y2          RAMB18E1                                     r  program_rom/ram_1k_generate.akv7.kcpsm6_rom/CLKARDCLK
  -------------------------------------------------------------------    -------------------
    RAMB18_X1Y2          RAMB18E1 (Prop_ramb18e1_CLKARDCLK_DOADO[4])
                                                      2.454     7.587 r  program_rom/ram_1k_generate.akv7.kcpsm6_rom/DOADO[4]
                         net (fo=14, routed)          1.471     9.058    processor/lower_reg_banks/ADDRA0
    SLICE_X42Y5          RAMD32 (Prop_ramd32_RADR0_O)
                                                      0.150     9.208 r  processor/lower_reg_banks/RAMA/O
                         net (fo=3, routed)           1.015    10.223    processor/data_path_loop[0].output_data.sy_kk_mux_lut/I0
    SLICE_X43Y4          LUT5 (Prop_lut5_I0_O)        0.356    10.579 r  processor/data_path_loop[0].output_data.sy_kk_mux_lut/LUT5/O
                         net (fo=35, routed)          0.781    11.359    processor/data_path_loop[0].output_data.sy_kk_mux_lut_n_0
    SLICE_X42Y8          LUT3 (Prop_lut3_I1_O)        0.319    11.678 r  processor/data_path_loop[0].alu_mux_lut_i_1/O
                         net (fo=1, routed)           0.657    12.336    processor/in_port[0]
    SLICE_X40Y4          LUT6 (Prop_lut6_I2_O)        0.348    12.684 r  processor/data_path_loop[0].alu_mux_lut/O
                         net (fo=3, routed)           0.476    13.160    processor/lower_reg_banks/DIA0
    SLICE_X42Y5          RAMD32                                       r  processor/lower_reg_banks/RAMA/I
  -------------------------------------------------------------------    -------------------

                         (clock sys_clk_pin rise edge)
                                                     10.000    10.000 r  
    W5                                                0.000    10.000 r  clk (IN)
                         net (fo=0)                   0.000    10.000    clk
    W5                   IBUF (Prop_ibuf_I_O)         1.388    11.388 r  clk_IBUF_inst/O
                         net (fo=1, routed)           1.862    13.250    clk_IBUF
    BUFGCTRL_X0Y0        BUFG (Prop_bufg_I_O)         0.091    13.341 r  clk_IBUF_BUFG_inst/O
                         net (fo=367, routed)         1.447    14.788    processor/lower_reg_banks/WCLK
    SLICE_X42Y5          RAMD32                                       r  processor/lower_reg_banks/RAMA/CLK
                         clock pessimism              0.260    15.048    
                         clock uncertainty           -0.035    15.013    
    SLICE_X42Y5          RAMD32 (Setup_ramd32_CLK_I)
                                                     -0.407    14.606    processor/lower_reg_banks/RAMA
  -------------------------------------------------------------------
                         required time                         14.606    
                         arrival time                         -13.160    
  -------------------------------------------------------------------
                         slack                                  1.446    

Slack (MET) :             1.448ns  (required time - arrival time)
  Source:                 program_rom/ram_1k_generate.akv7.kcpsm6_rom/CLKARDCLK
                            (rising edge-triggered cell RAMB18E1 clocked by sys_clk_pin  {rise@0.000ns fall@5.000ns period=10.000ns})
  Destination:            led_msb_reg_reg[4]/CE
                            (rising edge-triggered cell FDRE clocked by sys_clk_pin  {rise@0.000ns fall@5.000ns period=10.000ns})
  Path Group:             sys_clk_pin
  Path Type:              Setup (Max at Slow Process Corner)
  Requirement:            10.000ns  (sys_clk_pin rise@10.000ns - sys_clk_pin rise@0.000ns)
  Data Path Delay:        8.012ns  (logic 3.401ns (42.449%)  route 4.611ns (57.551%))
  Logic Levels:           4  (LUT4=1 LUT5=1 LUT6=1 RAMD32=1)
  Clock Path Skew:        -0.091ns (DCD - SCD + CPR)
    Destination Clock Delay (DCD):    4.781ns = ( 14.781 - 10.000 ) 
    Source Clock Delay      (SCD):    5.133ns
    Clock Pessimism Removal (CPR):    0.260ns
  Clock Uncertainty:      0.035ns  ((TSJ^2 + TIJ^2)^1/2 + DJ) / 2 + PE
    Total System Jitter     (TSJ):    0.071ns
    Total Input Jitter      (TIJ):    0.000ns
    Discrete Jitter          (DJ):    0.000ns
    Phase Error              (PE):    0.000ns

    Location             Delay type                Incr(ns)  Path(ns)    Netlist Resource(s)
  -------------------------------------------------------------------    -------------------
                         (clock sys_clk_pin rise edge)
                                                      0.000     0.000 r  
    W5                                                0.000     0.000 r  clk (IN)
                         net (fo=0)                   0.000     0.000    clk
    W5                   IBUF (Prop_ibuf_I_O)         1.458     1.458 r  clk_IBUF_inst/O
                         net (fo=1, routed)           1.967     3.425    clk_IBUF
    BUFGCTRL_X0Y0        BUFG (Prop_bufg_I_O)         0.096     3.521 r  clk_IBUF_BUFG_inst/O
                         net (fo=367, routed)         1.612     5.133    program_rom/clk_IBUF_BUFG
    RAMB18_X1Y2          RAMB18E1                                     r  program_rom/ram_1k_generate.akv7.kcpsm6_rom/CLKARDCLK
  -------------------------------------------------------------------    -------------------
    RAMB18_X1Y2          RAMB18E1 (Prop_ramb18e1_CLKARDCLK_DOADO[5])
                                                      2.454     7.587 r  program_rom/ram_1k_generate.akv7.kcpsm6_rom/DOADO[5]
                         net (fo=14, routed)          1.589     9.176    processor/upper_reg_banks/ADDRA1
    SLICE_X42Y6          RAMD32 (Prop_ramd32_RADR1_O)
                                                      0.146     9.322 f  processor/upper_reg_banks/RAMA/O
                         net (fo=3, routed)           0.873    10.195    processor/data_path_loop[4].output_data.sy_kk_mux_lut/I0
    SLICE_X43Y6          LUT5 (Prop_lut5_I0_O)        0.356    10.551 f  processor/data_path_loop[4].output_data.sy_kk_mux_lut/LUT5/O
                         net (fo=19, routed)          0.481    11.031    processor/data_path_loop[4].output_data.sy_kk_mux_lut_n_0
    SLICE_X43Y6          LUT6 (Prop_lut6_I0_O)        0.326    11.357 r  processor/lcd_wr_addr[3]_i_2/O
                         net (fo=8, routed)           0.853    12.210    processor/lcd_wr_addr[3]_i_2_n_0
    SLICE_X44Y12         LUT4 (Prop_lut4_I0_O)        0.119    12.329 r  processor/led_msb_reg[7]_i_1/O
                         net (fo=8, routed)           0.816    13.145    processor_n_6
    SLICE_X47Y17         FDRE                                         r  led_msb_reg_reg[4]/CE
  -------------------------------------------------------------------    -------------------

                         (clock sys_clk_pin rise edge)
                                                     10.000    10.000 r  
    W5                                                0.000    10.000 r  clk (IN)
                         net (fo=0)                   0.000    10.000    clk
    W5                   IBUF (Prop_ibuf_I_O)         1.388    11.388 r  clk_IBUF_inst/O
                         net (fo=1, routed)           1.862    13.250    clk_IBUF
    BUFGCTRL_X0Y0        BUFG (Prop_bufg_I_O)         0.091    13.341 r  clk_IBUF_BUFG_inst/O
                         net (fo=367, routed)         1.440    14.781    clk_IBUF_BUFG
    SLICE_X47Y17         FDRE                                         r  led_msb_reg_reg[4]/C
                         clock pessimism              0.260    15.041    
                         clock uncertainty           -0.035    15.006    
    SLICE_X47Y17         FDRE (Setup_fdre_C_CE)      -0.413    14.593    led_msb_reg_reg[4]
  -------------------------------------------------------------------
                         required time                         14.593    
                         arrival time                         -13.145    
  -------------------------------------------------------------------
                         slack                                  1.448    

Slack (MET) :             1.448ns  (required time - arrival time)
  Source:                 program_rom/ram_1k_generate.akv7.kcpsm6_rom/CLKARDCLK
                            (rising edge-triggered cell RAMB18E1 clocked by sys_clk_pin  {rise@0.000ns fall@5.000ns period=10.000ns})
  Destination:            led_msb_reg_reg[5]/CE
                            (rising edge-triggered cell FDRE clocked by sys_clk_pin  {rise@0.000ns fall@5.000ns period=10.000ns})
  Path Group:             sys_clk_pin
  Path Type:              Setup (Max at Slow Process Corner)
  Requirement:            10.000ns  (sys_clk_pin rise@10.000ns - sys_clk_pin rise@0.000ns)
  Data Path Delay:        8.012ns  (logic 3.401ns (42.449%)  route 4.611ns (57.551%))
  Logic Levels:           4  (LUT4=1 LUT5=1 LUT6=1 RAMD32=1)
  Clock Path Skew:        -0.091ns (DCD - SCD + CPR)
    Destination Clock Delay (DCD):    4.781ns = ( 14.781 - 10.000 ) 
    Source Clock Delay      (SCD):    5.133ns
    Clock Pessimism Removal (CPR):    0.260ns
  Clock Uncertainty:      0.035ns  ((TSJ^2 + TIJ^2)^1/2 + DJ) / 2 + PE
    Total System Jitter     (TSJ):    0.071ns
    Total Input Jitter      (TIJ):    0.000ns
    Discrete Jitter          (DJ):    0.000ns
    Phase Error              (PE):    0.000ns

    Location             Delay type                Incr(ns)  Path(ns)    Netlist Resource(s)
  -------------------------------------------------------------------    -------------------
                         (clock sys_clk_pin rise edge)
                                                      0.000     0.000 r  
    W5                                                0.000     0.000 r  clk (IN)
                         net (fo=0)                   0.000     0.000    clk
    W5                   IBUF (Prop_ibuf_I_O)         1.458     1.458 r  clk_IBUF_inst/O
                         net (fo=1, routed)           1.967     3.425    clk_IBUF
    BUFGCTRL_X0Y0        BUFG (Prop_bufg_I_O)         0.096     3.521 r  clk_IBUF_BUFG_inst/O
                         net (fo=367, routed)         1.612     5.133    program_rom/clk_IBUF_BUFG
    RAMB18_X1Y2          RAMB18E1                                     r  program_rom/ram_1k_generate.akv7.kcpsm6_rom/CLKARDCLK
  -------------------------------------------------------------------    -------------------
    RAMB18_X1Y2          RAMB18E1 (Prop_ramb18e1_CLKARDCLK_DOADO[5])
                                                      2.454     7.587 r  program_rom/ram_1k_generate.akv7.kcpsm6_rom/DOADO[5]
                         net (fo=14, routed)          1.589     9.176    processor/upper_reg_banks/ADDRA1
    SLICE_X42Y6          RAMD32 (Prop_ramd32_RADR1_O)
                                                      0.146     9.322 f  processor/upper_reg_banks/RAMA/O
                         net (fo=3, routed)           0.873    10.195    processor/data_path_loop[4].output_data.sy_kk_mux_lut/I0
    SLICE_X43Y6          LUT5 (Prop_lut5_I0_O)        0.356    10.551 f  processor/data_path_loop[4].output_data.sy_kk_mux_lut/LUT5/O
                         net (fo=19, routed)          0.481    11.031    processor/data_path_loop[4].output_data.sy_kk_mux_lut_n_0
    SLICE_X43Y6          LUT6 (Prop_lut6_I0_O)        0.326    11.357 r  processor/lcd_wr_addr[3]_i_2/O
                         net (fo=8, routed)           0.853    12.210    processor/lcd_wr_addr[3]_i_2_n_0
    SLICE_X44Y12         LUT4 (Prop_lut4_I0_O)        0.119    12.329 r  processor/led_msb_reg[7]_i_1/O
                         net (fo=8, routed)           0.816    13.145    processor_n_6
    SLICE_X47Y17         FDRE                                         r  led_msb_reg_reg[5]/CE
  -------------------------------------------------------------------    -------------------

                         (clock sys_clk_pin rise edge)
                                                     10.000    10.000 r  
    W5                                                0.000    10.000 r  clk (IN)
                         net (fo=0)                   0.000    10.000    clk
    W5                   IBUF (Prop_ibuf_I_O)         1.388    11.388 r  clk_IBUF_inst/O
                         net (fo=1, routed)           1.862    13.250    clk_IBUF
    BUFGCTRL_X0Y0        BUFG (Prop_bufg_I_O)         0.091    13.341 r  clk_IBUF_BUFG_inst/O
                         net (fo=367, routed)         1.440    14.781    clk_IBUF_BUFG
    SLICE_X47Y17         FDRE                                         r  led_msb_reg_reg[5]/C
                         clock pessimism              0.260    15.041    
                         clock uncertainty           -0.035    15.006    
    SLICE_X47Y17         FDRE (Setup_fdre_C_CE)      -0.413    14.593    led_msb_reg_reg[5]
  -------------------------------------------------------------------
                         required time                         14.593    
                         arrival time                         -13.145    
  -------------------------------------------------------------------
                         slack                                  1.448    

Slack (MET) :             1.517ns  (required time - arrival time)
  Source:                 program_rom/ram_1k_generate.akv7.kcpsm6_rom/CLKARDCLK
                            (rising edge-triggered cell RAMB18E1 clocked by sys_clk_pin  {rise@0.000ns fall@5.000ns period=10.000ns})
  Destination:            processor/lower_reg_banks/RAMC_D1/I
                            (rising edge-triggered cell RAMD32 clocked by sys_clk_pin  {rise@0.000ns fall@5.000ns period=10.000ns})
  Path Group:             sys_clk_pin
  Path Type:              Setup (Max at Slow Process Corner)
  Requirement:            10.000ns  (sys_clk_pin rise@10.000ns - sys_clk_pin rise@0.000ns)
  Data Path Delay:        8.114ns  (logic 3.627ns (44.699%)  route 4.487ns (55.301%))
  Logic Levels:           4  (LUT2=1 LUT5=1 LUT6=1 RAMD32=1)
  Clock Path Skew:        -0.084ns (DCD - SCD + CPR)
    Destination Clock Delay (DCD):    4.788ns = ( 14.788 - 10.000 ) 
    Source Clock Delay      (SCD):    5.133ns
    Clock Pessimism Removal (CPR):    0.260ns
  Clock Uncertainty:      0.035ns  ((TSJ^2 + TIJ^2)^1/2 + DJ) / 2 + PE
    Total System Jitter     (TSJ):    0.071ns
    Total Input Jitter      (TIJ):    0.000ns
    Discrete Jitter          (DJ):    0.000ns
    Phase Error              (PE):    0.000ns

    Location             Delay type                Incr(ns)  Path(ns)    Netlist Resource(s)
  -------------------------------------------------------------------    -------------------
                         (clock sys_clk_pin rise edge)
                                                      0.000     0.000 r  
    W5                                                0.000     0.000 r  clk (IN)
                         net (fo=0)                   0.000     0.000    clk
    W5                   IBUF (Prop_ibuf_I_O)         1.458     1.458 r  clk_IBUF_inst/O
                         net (fo=1, routed)           1.967     3.425    clk_IBUF
    BUFGCTRL_X0Y0        BUFG (Prop_bufg_I_O)         0.096     3.521 r  clk_IBUF_BUFG_inst/O
                         net (fo=367, routed)         1.612     5.133    program_rom/clk_IBUF_BUFG
    RAMB18_X1Y2          RAMB18E1                                     r  program_rom/ram_1k_generate.akv7.kcpsm6_rom/CLKARDCLK
  -------------------------------------------------------------------    -------------------
    RAMB18_X1Y2          RAMB18E1 (Prop_ramb18e1_CLKARDCLK_DOADO[4])
                                                      2.454     7.587 r  program_rom/ram_1k_generate.akv7.kcpsm6_rom/DOADO[4]
                         net (fo=14, routed)          1.471     9.058    processor/lower_reg_banks/ADDRA0
    SLICE_X42Y5          RAMD32 (Prop_ramd32_RADR0_O)
                                                      0.150     9.208 r  processor/lower_reg_banks/RAMA/O
                         net (fo=3, routed)           1.015    10.223    processor/data_path_loop[0].output_data.sy_kk_mux_lut/I0
    SLICE_X43Y4          LUT5 (Prop_lut5_I0_O)        0.356    10.579 r  processor/data_path_loop[0].output_data.sy_kk_mux_lut/LUT5/O
                         net (fo=35, routed)          0.855    11.433    processor/data_path_loop[0].output_data.sy_kk_mux_lut_n_0
    SLICE_X42Y9          LUT2 (Prop_lut2_I0_O)        0.319    11.752 r  processor/data_path_loop[3].alu_mux_lut_i_1/O
                         net (fo=1, routed)           0.498    12.251    processor/in_port[3]
    SLICE_X39Y6          LUT6 (Prop_lut6_I2_O)        0.348    12.599 r  processor/data_path_loop[3].alu_mux_lut/O
                         net (fo=3, routed)           0.648    13.247    processor/lower_reg_banks/DIC1
    SLICE_X42Y5          RAMD32                                       r  processor/lower_reg_banks/RAMC_D1/I
  -------------------------------------------------------------------    -------------------

                         (clock sys_clk_pin rise edge)
                                                     10.000    10.000 r  
    W5                                                0.000    10.000 r  clk (IN)
                         net (fo=0)                   0.000    10.000    clk
    W5                   IBUF (Prop_ibuf_I_O)         1.388    11.388 r  clk_IBUF_inst/O
                         net (fo=1, routed)           1.862    13.250    clk_IBUF
    BUFGCTRL_X0Y0        BUFG (Prop_bufg_I_O)         0.091    13.341 r  clk_IBUF_BUFG_inst/O
                         net (fo=367, routed)         1.447    14.788    processor/lower_reg_banks/WCLK
    SLICE_X42Y5          RAMD32                                       r  processor/lower_reg_banks/RAMC_D1/CLK
                         clock pessimism              0.260    15.048    
                         clock uncertainty           -0.035    15.013    
    SLICE_X42Y5          RAMD32 (Setup_ramd32_CLK_I)
                                                     -0.249    14.764    processor/lower_reg_banks/RAMC_D1
  -------------------------------------------------------------------
                         required time                         14.764    
                         arrival time                         -13.247    
  -------------------------------------------------------------------
                         slack                                  1.517    

Slack (MET) :             1.558ns  (required time - arrival time)
  Source:                 program_rom/ram_1k_generate.akv7.kcpsm6_rom/CLKARDCLK
                            (rising edge-triggered cell RAMB18E1 clocked by sys_clk_pin  {rise@0.000ns fall@5.000ns period=10.000ns})
  Destination:            processor/lower_reg_banks/RAMD_D1/I
                            (rising edge-triggered cell RAMS32 clocked by sys_clk_pin  {rise@0.000ns fall@5.000ns period=10.000ns})
  Path Group:             sys_clk_pin
  Path Type:              Setup (Max at Slow Process Corner)
  Requirement:            10.000ns  (sys_clk_pin rise@10.000ns - sys_clk_pin rise@0.000ns)
  Data Path Delay:        8.114ns  (logic 3.627ns (44.699%)  route 4.487ns (55.301%))
  Logic Levels:           4  (LUT2=1 LUT5=1 LUT6=1 RAMD32=1)
  Clock Path Skew:        -0.084ns (DCD - SCD + CPR)
    Destination Clock Delay (DCD):    4.788ns = ( 14.788 - 10.000 ) 
    Source Clock Delay      (SCD):    5.133ns
    Clock Pessimism Removal (CPR):    0.260ns
  Clock Uncertainty:      0.035ns  ((TSJ^2 + TIJ^2)^1/2 + DJ) / 2 + PE
    Total System Jitter     (TSJ):    0.071ns
    Total Input Jitter      (TIJ):    0.000ns
    Discrete Jitter          (DJ):    0.000ns
    Phase Error              (PE):    0.000ns

    Location             Delay type                Incr(ns)  Path(ns)    Netlist Resource(s)
  -------------------------------------------------------------------    -------------------
                         (clock sys_clk_pin rise edge)
                                                      0.000     0.000 r  
    W5                                                0.000     0.000 r  clk (IN)
                         net (fo=0)                   0.000     0.000    clk
    W5                   IBUF (Prop_ibuf_I_O)         1.458     1.458 r  clk_IBUF_inst/O
                         net (fo=1, routed)           1.967     3.425    clk_IBUF
    BUFGCTRL_X0Y0        BUFG (Prop_bufg_I_O)         0.096     3.521 r  clk_IBUF_BUFG_inst/O
                         net (fo=367, routed)         1.612     5.133    program_rom/clk_IBUF_BUFG
    RAMB18_X1Y2          RAMB18E1                                     r  program_rom/ram_1k_generate.akv7.kcpsm6_rom/CLKARDCLK
  -------------------------------------------------------------------    -------------------
    RAMB18_X1Y2          RAMB18E1 (Prop_ramb18e1_CLKARDCLK_DOADO[4])
                                                      2.454     7.587 r  program_rom/ram_1k_generate.akv7.kcpsm6_rom/DOADO[4]
                         net (fo=14, routed)          1.471     9.058    processor/lower_reg_banks/ADDRA0
    SLICE_X42Y5          RAMD32 (Prop_ramd32_RADR0_O)
                                                      0.150     9.208 r  processor/lower_reg_banks/RAMA/O
                         net (fo=3, routed)           1.015    10.223    processor/data_path_loop[0].output_data.sy_kk_mux_lut/I0
    SLICE_X43Y4          LUT5 (Prop_lut5_I0_O)        0.356    10.579 r  processor/data_path_loop[0].output_data.sy_kk_mux_lut/LUT5/O
                         net (fo=35, routed)          0.855    11.433    processor/data_path_loop[0].output_data.sy_kk_mux_lut_n_0
    SLICE_X42Y9          LUT2 (Prop_lut2_I0_O)        0.319    11.752 r  processor/data_path_loop[3].alu_mux_lut_i_1/O
                         net (fo=1, routed)           0.498    12.251    processor/in_port[3]
    SLICE_X39Y6          LUT6 (Prop_lut6_I2_O)        0.348    12.599 r  processor/data_path_loop[3].alu_mux_lut/O
                         net (fo=3, routed)           0.648    13.247    processor/lower_reg_banks/DID1
    SLICE_X42Y5          RAMS32                                       r  processor/lower_reg_banks/RAMD_D1/I
  -------------------------------------------------------------------    -------------------

                         (clock sys_clk_pin rise edge)
                                                     10.000    10.000 r  
    W5                                                0.000    10.000 r  clk (IN)
                         net (fo=0)                   0.000    10.000    clk
    W5                   IBUF (Prop_ibuf_I_O)         1.388    11.388 r  clk_IBUF_inst/O
                         net (fo=1, routed)           1.862    13.250    clk_IBUF
    BUFGCTRL_X0Y0        BUFG (Prop_bufg_I_O)         0.091    13.341 r  clk_IBUF_BUFG_inst/O
                         net (fo=367, routed)         1.447    14.788    processor/lower_reg_banks/WCLK
    SLICE_X42Y5          RAMS32                                       r  processor/lower_reg_banks/RAMD_D1/CLK
                         clock pessimism              0.260    15.048    
                         clock uncertainty           -0.035    15.013    
    SLICE_X42Y5          RAMS32 (Setup_rams32_CLK_I)
                                                     -0.208    14.805    processor/lower_reg_banks/RAMD_D1
  -------------------------------------------------------------------
                         required time                         14.805    
                         arrival time                         -13.247    
  -------------------------------------------------------------------
                         slack                                  1.558    

Slack (MET) :             1.559ns  (required time - arrival time)
  Source:                 program_rom/ram_1k_generate.akv7.kcpsm6_rom/CLKARDCLK
                            (rising edge-triggered cell RAMB18E1 clocked by sys_clk_pin  {rise@0.000ns fall@5.000ns period=10.000ns})
  Destination:            led_lsb_reg_reg[2]/CE
                            (rising edge-triggered cell FDRE clocked by sys_clk_pin  {rise@0.000ns fall@5.000ns period=10.000ns})
  Path Group:             sys_clk_pin
  Path Type:              Setup (Max at Slow Process Corner)
  Requirement:            10.000ns  (sys_clk_pin rise@10.000ns - sys_clk_pin rise@0.000ns)
  Data Path Delay:        7.903ns  (logic 3.435ns (43.466%)  route 4.468ns (56.534%))
  Logic Levels:           4  (LUT4=1 LUT5=1 LUT6=1 RAMD32=1)
  Clock Path Skew:        -0.094ns (DCD - SCD + CPR)
    Destination Clock Delay (DCD):    4.778ns = ( 14.778 - 10.000 ) 
    Source Clock Delay      (SCD):    5.133ns
    Clock Pessimism Removal (CPR):    0.260ns
  Clock Uncertainty:      0.035ns  ((TSJ^2 + TIJ^2)^1/2 + DJ) / 2 + PE
    Total System Jitter     (TSJ):    0.071ns
    Total Input Jitter      (TIJ):    0.000ns
    Discrete Jitter          (DJ):    0.000ns
    Phase Error              (PE):    0.000ns

    Location             Delay type                Incr(ns)  Path(ns)    Netlist Resource(s)
  -------------------------------------------------------------------    -------------------
                         (clock sys_clk_pin rise edge)
                                                      0.000     0.000 r  
    W5                                                0.000     0.000 r  clk (IN)
                         net (fo=0)                   0.000     0.000    clk
    W5                   IBUF (Prop_ibuf_I_O)         1.458     1.458 r  clk_IBUF_inst/O
                         net (fo=1, routed)           1.967     3.425    clk_IBUF
    BUFGCTRL_X0Y0        BUFG (Prop_bufg_I_O)         0.096     3.521 r  clk_IBUF_BUFG_inst/O
                         net (fo=367, routed)         1.612     5.133    program_rom/clk_IBUF_BUFG
    RAMB18_X1Y2          RAMB18E1                                     r  program_rom/ram_1k_generate.akv7.kcpsm6_rom/CLKARDCLK
  -------------------------------------------------------------------    -------------------
    RAMB18_X1Y2          RAMB18E1 (Prop_ramb18e1_CLKARDCLK_DOADO[5])
                                                      2.454     7.587 r  program_rom/ram_1k_generate.akv7.kcpsm6_rom/DOADO[5]
                         net (fo=14, routed)          1.589     9.176    processor/upper_reg_banks/ADDRA1
    SLICE_X42Y6          RAMD32 (Prop_ramd32_RADR1_O)
                                                      0.146     9.322 f  processor/upper_reg_banks/RAMA/O
                         net (fo=3, routed)           0.873    10.195    processor/data_path_loop[4].output_data.sy_kk_mux_lut/I0
    SLICE_X43Y6          LUT5 (Prop_lut5_I0_O)        0.356    10.551 f  processor/data_path_loop[4].output_data.sy_kk_mux_lut/LUT5/O
                         net (fo=19, routed)          0.481    11.031    processor/data_path_loop[4].output_data.sy_kk_mux_lut_n_0
    SLICE_X43Y6          LUT6 (Prop_lut6_I0_O)        0.326    11.357 r  processor/lcd_wr_addr[3]_i_2/O
                         net (fo=8, routed)           0.613    11.970    processor/lcd_wr_addr[3]_i_2_n_0
    SLICE_X43Y8          LUT4 (Prop_lut4_I0_O)        0.153    12.123 r  processor/led_lsb_reg[7]_i_1/O
                         net (fo=8, routed)           0.912    13.036    processor_n_0
    SLICE_X43Y18         FDRE                                         r  led_lsb_reg_reg[2]/CE
  -------------------------------------------------------------------    -------------------

                         (clock sys_clk_pin rise edge)
                                                     10.000    10.000 r  
    W5                                                0.000    10.000 r  clk (IN)
                         net (fo=0)                   0.000    10.000    clk
    W5                   IBUF (Prop_ibuf_I_O)         1.388    11.388 r  clk_IBUF_inst/O
                         net (fo=1, routed)           1.862    13.250    clk_IBUF
    BUFGCTRL_X0Y0        BUFG (Prop_bufg_I_O)         0.091    13.341 r  clk_IBUF_BUFG_inst/O
                         net (fo=367, routed)         1.437    14.778    clk_IBUF_BUFG
    SLICE_X43Y18         FDRE                                         r  led_lsb_reg_reg[2]/C
                         clock pessimism              0.260    15.038    
                         clock uncertainty           -0.035    15.003    
    SLICE_X43Y18         FDRE (Setup_fdre_C_CE)      -0.408    14.595    led_lsb_reg_reg[2]
  -------------------------------------------------------------------
                         required time                         14.595    
                         arrival time                         -13.036    
  -------------------------------------------------------------------
                         slack                                  1.559    

Slack (MET) :             1.566ns  (required time - arrival time)
  Source:                 program_rom/ram_1k_generate.akv7.kcpsm6_rom/CLKARDCLK
                            (rising edge-triggered cell RAMB18E1 clocked by sys_clk_pin  {rise@0.000ns fall@5.000ns period=10.000ns})
  Destination:            lcd_buf_reg_0_15_0_5/RAMA/WE
                            (rising edge-triggered cell RAMD32 clocked by sys_clk_pin  {rise@0.000ns fall@5.000ns period=10.000ns})
  Path Group:             sys_clk_pin
  Path Type:              Setup (Max at Slow Process Corner)
  Requirement:            10.000ns  (sys_clk_pin rise@10.000ns - sys_clk_pin rise@0.000ns)
  Data Path Delay:        7.779ns  (logic 3.406ns (43.786%)  route 4.373ns (56.214%))
  Logic Levels:           4  (LUT4=1 LUT5=1 LUT6=1 RAMD32=1)
  Clock Path Skew:        -0.091ns (DCD - SCD + CPR)
    Destination Clock Delay (DCD):    4.781ns = ( 14.781 - 10.000 ) 
    Source Clock Delay      (SCD):    5.133ns
    Clock Pessimism Removal (CPR):    0.260ns
  Clock Uncertainty:      0.035ns  ((TSJ^2 + TIJ^2)^1/2 + DJ) / 2 + PE
    Total System Jitter     (TSJ):    0.071ns
    Total Input Jitter      (TIJ):    0.000ns
    Discrete Jitter          (DJ):    0.000ns
    Phase Error              (PE):    0.000ns

    Location             Delay type                Incr(ns)  Path(ns)    Netlist Resource(s)
  -------------------------------------------------------------------    -------------------
                         (clock sys_clk_pin rise edge)
                                                      0.000     0.000 r  
    W5                                                0.000     0.000 r  clk (IN)
                         net (fo=0)                   0.000     0.000    clk
    W5                   IBUF (Prop_ibuf_I_O)         1.458     1.458 r  clk_IBUF_inst/O
                         net (fo=1, routed)           1.967     3.425    clk_IBUF
    BUFGCTRL_X0Y0        BUFG (Prop_bufg_I_O)         0.096     3.521 r  clk_IBUF_BUFG_inst/O
                         net (fo=367, routed)         1.612     5.133    program_rom/clk_IBUF_BUFG
    RAMB18_X1Y2          RAMB18E1                                     r  program_rom/ram_1k_generate.akv7.kcpsm6_rom/CLKARDCLK
  -------------------------------------------------------------------    -------------------
    RAMB18_X1Y2          RAMB18E1 (Prop_ramb18e1_CLKARDCLK_DOADO[5])
                                                      2.454     7.587 r  program_rom/ram_1k_generate.akv7.kcpsm6_rom/DOADO[5]
                         net (fo=14, routed)          1.589     9.176    processor/upper_reg_banks/ADDRA1
    SLICE_X42Y6          RAMD32 (Prop_ramd32_RADR1_O)
                                                      0.146     9.322 f  processor/upper_reg_banks/RAMA/O
                         net (fo=3, routed)           0.873    10.195    processor/data_path_loop[4].output_data.sy_kk_mux_lut/I0
    SLICE_X43Y6          LUT5 (Prop_lut5_I0_O)        0.356    10.551 f  processor/data_path_loop[4].output_data.sy_kk_mux_lut/LUT5/O
                         net (fo=19, routed)          0.481    11.031    processor/data_path_loop[4].output_data.sy_kk_mux_lut_n_0
    SLICE_X43Y6          LUT6 (Prop_lut6_I0_O)        0.326    11.357 r  processor/lcd_wr_addr[3]_i_2/O
                         net (fo=8, routed)           0.669    12.027    processor/lcd_wr_addr[3]_i_2_n_0
    SLICE_X44Y12         LUT4 (Prop_lut4_I0_O)        0.124    12.151 r  processor/lcd_buf_reg_0_15_0_5_i_1/O
                         net (fo=16, routed)          0.760    12.911    lcd_buf_reg_0_15_0_5/WE
    SLICE_X46Y17         RAMD32                                       r  lcd_buf_reg_0_15_0_5/RAMA/WE
  -------------------------------------------------------------------    -------------------

                         (clock sys_clk_pin rise edge)
                                                     10.000    10.000 r  
    W5                                                0.000    10.000 r  clk (IN)
                         net (fo=0)                   0.000    10.000    clk
    W5                   IBUF (Prop_ibuf_I_O)         1.388    11.388 r  clk_IBUF_inst/O
                         net (fo=1, routed)           1.862    13.250    clk_IBUF
    BUFGCTRL_X0Y0        BUFG (Prop_bufg_I_O)         0.091    13.341 r  clk_IBUF_BUFG_inst/O
                         net (fo=367, routed)         1.440    14.781    lcd_buf_reg_0_15_0_5/WCLK
    SLICE_X46Y17         RAMD32                                       r  lcd_buf_reg_0_15_0_5/RAMA/CLK
                         clock pessimism              0.260    15.041    
                         clock uncertainty           -0.035    15.006    
    SLICE_X46Y17         RAMD32 (Setup_ramd32_CLK_WE)
                                                     -0.528    14.478    lcd_buf_reg_0_15_0_5/RAMA
  -------------------------------------------------------------------
                         required time                         14.478    
                         arrival time                         -12.911    
  -------------------------------------------------------------------
                         slack                                  1.566    

Slack (MET) :             1.566ns  (required time - arrival time)
  Source:                 program_rom/ram_1k_generate.akv7.kcpsm6_rom/CLKARDCLK
                            (rising edge-triggered cell RAMB18E1 clocked by sys_clk_pin  {rise@0.000ns fall@5.000ns period=10.000ns})
  Destination:            lcd_buf_reg_0_15_0_5/RAMA_D1/WE
                            (rising edge-triggered cell RAMD32 clocked by sys_clk_pin  {rise@0.000ns fall@5.000ns period=10.000ns})
  Path Group:             sys_clk_pin
  Path Type:              Setup (Max at Slow Process Corner)
  Requirement:            10.000ns  (sys_clk_pin rise@10.000ns - sys_clk_pin rise@0.000ns)
  Data Path Delay:        7.779ns  (logic 3.406ns (43.786%)  route 4.373ns (56.214%))
  Logic Levels:           4  (LUT4=1 LUT5=1 LUT6=1 RAMD32=1)
  Clock Path Skew:        -0.091ns (DCD - SCD + CPR)
    Destination Clock Delay (DCD):    4.781ns = ( 14.781 - 10.000 ) 
    Source Clock Delay      (SCD):    5.133ns
    Clock Pessimism Removal (CPR):    0.260ns
  Clock Uncertainty:      0.035ns  ((TSJ^2 + TIJ^2)^1/2 + DJ) / 2 + PE
    Total System Jitter     (TSJ):    0.071ns
    Total Input Jitter      (TIJ):    0.000ns
    Discrete Jitter          (DJ):    0.000ns
    Phase Error              (PE):    0.000ns

    Location             Delay type                Incr(ns)  Path(ns)    Netlist Resource(s)
  -------------------------------------------------------------------    -------------------
                         (clock sys_clk_pin rise edge)
                                                      0.000     0.000 r  
    W5                                                0.000     0.000 r  clk (IN)
                         net (fo=0)                   0.000     0.000    clk
    W5                   IBUF (Prop_ibuf_I_O)         1.458     1.458 r  clk_IBUF_inst/O
                         net (fo=1, routed)           1.967     3.425    clk_IBUF
    BUFGCTRL_X0Y0        BUFG (Prop_bufg_I_O)         0.096     3.521 r  clk_IBUF_BUFG_inst/O
                         net (fo=367, routed)         1.612     5.133    program_rom/clk_IBUF_BUFG
    RAMB18_X1Y2          RAMB18E1                                     r  program_rom/ram_1k_generate.akv7.kcpsm6_rom/CLKARDCLK
  -------------------------------------------------------------------    -------------------
    RAMB18_X1Y2          RAMB18E1 (Prop_ramb18e1_CLKARDCLK_DOADO[5])
                                                      2.454     7.587 r  program_rom/ram_1k_generate.akv7.kcpsm6_rom/DOADO[5]
                         net (fo=14, routed)          1.589     9.176    processor/upper_reg_banks/ADDRA1
    SLICE_X42Y6          RAMD32 (Prop_ramd32_RADR1_O)
                                                      0.146     9.322 f  processor/upper_reg_banks/RAMA/O
                         net (fo=3, routed)           0.873    10.195    processor/data_path_loop[4].output_data.sy_kk_mux_lut/I0
    SLICE_X43Y6          LUT5 (Prop_lut5_I0_O)        0.356    10.551 f  processor/data_path_loop[4].output_data.sy_kk_mux_lut/LUT5/O
                         net (fo=19, routed)          0.481    11.031    processor/data_path_loop[4].output_data.sy_kk_mux_lut_n_0
    SLICE_X43Y6          LUT6 (Prop_lut6_I0_O)        0.326    11.357 r  processor/lcd_wr_addr[3]_i_2/O
                         net (fo=8, routed)           0.669    12.027    processor/lcd_wr_addr[3]_i_2_n_0
    SLICE_X44Y12         LUT4 (Prop_lut4_I0_O)        0.124    12.151 r  processor/lcd_buf_reg_0_15_0_5_i_1/O
                         net (fo=16, routed)          0.760    12.911    lcd_buf_reg_0_15_0_5/WE
    SLICE_X46Y17         RAMD32                                       r  lcd_buf_reg_0_15_0_5/RAMA_D1/WE
  -------------------------------------------------------------------    -------------------

                         (clock sys_clk_pin rise edge)
                                                     10.000    10.000 r  
    W5                                                0.000    10.000 r  clk (IN)
                         net (fo=0)                   0.000    10.000    clk
    W5                   IBUF (Prop_ibuf_I_O)         1.388    11.388 r  clk_IBUF_inst/O
                         net (fo=1, routed)           1.862    13.250    clk_IBUF
    BUFGCTRL_X0Y0        BUFG (Prop_bufg_I_O)         0.091    13.341 r  clk_IBUF_BUFG_inst/O
                         net (fo=367, routed)         1.440    14.781    lcd_buf_reg_0_15_0_5/WCLK
    SLICE_X46Y17         RAMD32                                       r  lcd_buf_reg_0_15_0_5/RAMA_D1/CLK
                         clock pessimism              0.260    15.041    
                         clock uncertainty           -0.035    15.006    
    SLICE_X46Y17         RAMD32 (Setup_ramd32_CLK_WE)
                                                     -0.528    14.478    lcd_buf_reg_0_15_0_5/RAMA_D1
  -------------------------------------------------------------------
                         required time                         14.478    
                         arrival time                         -12.911    
  -------------------------------------------------------------------
                         slack                                  1.566    

Slack (MET) :             1.566ns  (required time - arrival time)
  Source:                 program_rom/ram_1k_generate.akv7.kcpsm6_rom/CLKARDCLK
                            (rising edge-triggered cell RAMB18E1 clocked by sys_clk_pin  {rise@0.000ns fall@5.000ns period=10.000ns})
  Destination:            lcd_buf_reg_0_15_0_5/RAMB/WE
                            (rising edge-triggered cell RAMD32 clocked by sys_clk_pin  {rise@0.000ns fall@5.000ns period=10.000ns})
  Path Group:             sys_clk_pin
  Path Type:              Setup (Max at Slow Process Corner)
  Requirement:            10.000ns  (sys_clk_pin rise@10.000ns - sys_clk_pin rise@0.000ns)
  Data Path Delay:        7.779ns  (logic 3.406ns (43.786%)  route 4.373ns (56.214%))
  Logic Levels:           4  (LUT4=1 LUT5=1 LUT6=1 RAMD32=1)
  Clock Path Skew:        -0.091ns (DCD - SCD + CPR)
    Destination Clock Delay (DCD):    4.781ns = ( 14.781 - 10.000 ) 
    Source Clock Delay      (SCD):    5.133ns
    Clock Pessimism Removal (CPR):    0.260ns
  Clock Uncertainty:      0.035ns  ((TSJ^2 + TIJ^2)^1/2 + DJ) / 2 + PE
    Total System Jitter     (TSJ):    0.071ns
    Total Input Jitter      (TIJ):    0.000ns
    Discrete Jitter          (DJ):    0.000ns
    Phase Error              (PE):    0.000ns

    Location             Delay type                Incr(ns)  Path(ns)    Netlist Resource(s)
  -------------------------------------------------------------------    -------------------
                         (clock sys_clk_pin rise edge)
                                                      0.000     0.000 r  
    W5                                                0.000     0.000 r  clk (IN)
                         net (fo=0)                   0.000     0.000    clk
    W5                   IBUF (Prop_ibuf_I_O)         1.458     1.458 r  clk_IBUF_inst/O
                         net (fo=1, routed)           1.967     3.425    clk_IBUF
    BUFGCTRL_X0Y0        BUFG (Prop_bufg_I_O)         0.096     3.521 r  clk_IBUF_BUFG_inst/O
                         net (fo=367, routed)         1.612     5.133    program_rom/clk_IBUF_BUFG
    RAMB18_X1Y2          RAMB18E1                                     r  program_rom/ram_1k_generate.akv7.kcpsm6_rom/CLKARDCLK
  -------------------------------------------------------------------    -------------------
    RAMB18_X1Y2          RAMB18E1 (Prop_ramb18e1_CLKARDCLK_DOADO[5])
                                                      2.454     7.587 r  program_rom/ram_1k_generate.akv7.kcpsm6_rom/DOADO[5]
                         net (fo=14, routed)          1.589     9.176    processor/upper_reg_banks/ADDRA1
    SLICE_X42Y6          RAMD32 (Prop_ramd32_RADR1_O)
                                                      0.146     9.322 f  processor/upper_reg_banks/RAMA/O
                         net (fo=3, routed)           0.873    10.195    processor/data_path_loop[4].output_data.sy_kk_mux_lut/I0
    SLICE_X43Y6          LUT5 (Prop_lut5_I0_O)        0.356    10.551 f  processor/data_path_loop[4].output_data.sy_kk_mux_lut/LUT5/O
                         net (fo=19, routed)          0.481    11.031    processor/data_path_loop[4].output_data.sy_kk_mux_lut_n_0
    SLICE_X43Y6          LUT6 (Prop_lut6_I0_O)        0.326    11.357 r  processor/lcd_wr_addr[3]_i_2/O
                         net (fo=8, routed)           0.669    12.027    processor/lcd_wr_addr[3]_i_2_n_0
    SLICE_X44Y12         LUT4 (Prop_lut4_I0_O)        0.124    12.151 r  processor/lcd_buf_reg_0_15_0_5_i_1/O
                         net (fo=16, routed)          0.760    12.911    lcd_buf_reg_0_15_0_5/WE
    SLICE_X46Y17         RAMD32                                       r  lcd_buf_reg_0_15_0_5/RAMB/WE
  -------------------------------------------------------------------    -------------------

                         (clock sys_clk_pin rise edge)
                                                     10.000    10.000 r  
    W5                                                0.000    10.000 r  clk (IN)
                         net (fo=0)                   0.000    10.000    clk
    W5                   IBUF (Prop_ibuf_I_O)         1.388    11.388 r  clk_IBUF_inst/O
                         net (fo=1, routed)           1.862    13.250    clk_IBUF
    BUFGCTRL_X0Y0        BUFG (Prop_bufg_I_O)         0.091    13.341 r  clk_IBUF_BUFG_inst/O
                         net (fo=367, routed)         1.440    14.781    lcd_buf_reg_0_15_0_5/WCLK
    SLICE_X46Y17         RAMD32                                       r  lcd_buf_reg_0_15_0_5/RAMB/CLK
                         clock pessimism              0.260    15.041    
                         clock uncertainty           -0.035    15.006    
    SLICE_X46Y17         RAMD32 (Setup_ramd32_CLK_WE)
                                                     -0.528    14.478    lcd_buf_reg_0_15_0_5/RAMB
  -------------------------------------------------------------------
                         required time                         14.478    
                         arrival time                         -12.911    
  -------------------------------------------------------------------
                         slack                                  1.566    





Min Delay Paths
--------------------------------------------------------------------------------------
Slack (MET) :             0.060ns  (arrival time - required time)
  Source:                 lcd_wr_addr_reg[0]/C
                            (rising edge-triggered cell FDRE clocked by sys_clk_pin  {rise@0.000ns fall@5.000ns period=10.000ns})
  Destination:            lcd_buf_reg_0_15_6_7/RAMA/WADR0
                            (rising edge-triggered cell RAMD32 clocked by sys_clk_pin  {rise@0.000ns fall@5.000ns period=10.000ns})
  Path Group:             sys_clk_pin
  Path Type:              Hold (Min at Fast Process Corner)
  Requirement:            0.000ns  (sys_clk_pin rise@0.000ns - sys_clk_pin rise@0.000ns)
  Data Path Delay:        0.405ns  (logic 0.141ns (34.773%)  route 0.264ns (65.227%))
  Logic Levels:           0  
  Clock Path Skew:        0.035ns (DCD - SCD - CPR)
    Destination Clock Delay (DCD):    1.954ns
    Source Clock Delay      (SCD):    1.441ns
    Clock Pessimism Removal (CPR):    0.478ns

    Location             Delay type                Incr(ns)  Path(ns)    Netlist Resource(s)
  -------------------------------------------------------------------    -------------------
                         (clock sys_clk_pin rise edge)
                                                      0.000     0.000 r  
    W5                                                0.000     0.000 r  clk (IN)
                         net (fo=0)                   0.000     0.000    clk
    W5                   IBUF (Prop_ibuf_I_O)         0.226     0.226 r  clk_IBUF_inst/O
                         net (fo=1, routed)           0.631     0.858    clk_IBUF
    BUFGCTRL_X0Y0        BUFG (Prop_bufg_I_O)         0.026     0.884 r  clk_IBUF_BUFG_inst/O
                         net (fo=367, routed)         0.558     1.441    clk_IBUF_BUFG
    SLICE_X43Y16         FDRE                                         r  lcd_wr_addr_reg[0]/C
  -------------------------------------------------------------------    -------------------
    SLICE_X43Y16         FDRE (Prop_fdre_C_Q)         0.141     1.582 r  lcd_wr_addr_reg[0]/Q
                         net (fo=16, routed)          0.264     1.847    lcd_buf_reg_0_15_6_7/ADDRD0
    SLICE_X46Y16         RAMD32                                       r  lcd_buf_reg_0_15_6_7/RAMA/WADR0
  -------------------------------------------------------------------    -------------------

                         (clock sys_clk_pin rise edge)
                                                      0.000     0.000 r  
    W5                                                0.000     0.000 r  clk (IN)
                         net (fo=0)                   0.000     0.000    clk
    W5                   IBUF (Prop_ibuf_I_O)         0.414     0.414 r  clk_IBUF_inst/O
                         net (fo=1, routed)           0.685     1.099    clk_IBUF
    BUFGCTRL_X0Y0        BUFG (Prop_bufg_I_O)         0.029     1.128 r  clk_IBUF_BUFG_inst/O
                         net (fo=367, routed)         0.827     1.954    lcd_buf_reg_0_15_6_7/WCLK
    SLICE_X46Y16         RAMD32                                       r  lcd_buf_reg_0_15_6_7/RAMA/CLK
                         clock pessimism             -0.478     1.476    
    SLICE_X46Y16         RAMD32 (Hold_ramd32_CLK_WADR0)
                                                      0.310     1.786    lcd_buf_reg_0_15_6_7/RAMA
  -------------------------------------------------------------------
                         required time                         -1.786    
                         arrival time                           1.847    
  -------------------------------------------------------------------
                         slack                                  0.060    

Slack (MET) :             0.060ns  (arrival time - required time)
  Source:                 lcd_wr_addr_reg[0]/C
                            (rising edge-triggered cell FDRE clocked by sys_clk_pin  {rise@0.000ns fall@5.000ns period=10.000ns})
  Destination:            lcd_buf_reg_0_15_6_7/RAMA_D1/WADR0
                            (rising edge-triggered cell RAMD32 clocked by sys_clk_pin  {rise@0.000ns fall@5.000ns period=10.000ns})
  Path Group:             sys_clk_pin
  Path Type:              Hold (Min at Fast Process Corner)
  Requirement:            0.000ns  (sys_clk_pin rise@0.000ns - sys_clk_pin rise@0.000ns)
  Data Path Delay:        0.405ns  (logic 0.141ns (34.773%)  route 0.264ns (65.227%))
  Logic Levels:           0  
  Clock Path Skew:        0.035ns (DCD - SCD - CPR)
    Destination Clock Delay (DCD):    1.954ns
    Source Clock Delay      (SCD):    1.441ns
    Clock Pessimism Removal (CPR):    0.478ns

    Location             Delay type                Incr(ns)  Path(ns)    Netlist Resource(s)
  -------------------------------------------------------------------    -------------------
                         (clock sys_clk_pin rise edge)
                                                      0.000     0.000 r  
    W5                                                0.000     0.000 r  clk (IN)
                         net (fo=0)                   0.000     0.000    clk
    W5                   IBUF (Prop_ibuf_I_O)         0.226     0.226 r  clk_IBUF_inst/O
                         net (fo=1, routed)           0.631     0.858    clk_IBUF
    BUFGCTRL_X0Y0        BUFG (Prop_bufg_I_O)         0.026     0.884 r  clk_IBUF_BUFG_inst/O
                         net (fo=367, routed)         0.558     1.441    clk_IBUF_BUFG
    SLICE_X43Y16         FDRE                                         r  lcd_wr_addr_reg[0]/C
  -------------------------------------------------------------------    -------------------
    SLICE_X43Y16         FDRE (Prop_fdre_C_Q)         0.141     1.582 r  lcd_wr_addr_reg[0]/Q
                         net (fo=16, routed)          0.264     1.847    lcd_buf_reg_0_15_6_7/ADDRD0
    SLICE_X46Y16         RAMD32                                       r  lcd_buf_reg_0_15_6_7/RAMA_D1/WADR0
  -------------------------------------------------------------------    -------------------

                         (clock sys_clk_pin rise edge)
                                                      0.000     0.000 r  
    W5                                                0.000     0.000 r  clk (IN)
                         net (fo=0)                   0.000     0.000    clk
    W5                   IBUF (Prop_ibuf_I_O)         0.414     0.414 r  clk_IBUF_inst/O
                         net (fo=1, routed)           0.685     1.099    clk_IBUF
    BUFGCTRL_X0Y0        BUFG (Prop_bufg_I_O)         0.029     1.128 r  clk_IBUF_BUFG_inst/O
                         net (fo=367, routed)         0.827     1.954    lcd_buf_reg_0_15_6_7/WCLK
    SLICE_X46Y16         RAMD32                                       r  lcd_buf_reg_0_15_6_7/RAMA_D1/CLK
                         clock pessimism             -0.478     1.476    
    SLICE_X46Y16         RAMD32 (Hold_ramd32_CLK_WADR0)
                                                      0.310     1.786    lcd_buf_reg_0_15_6_7/RAMA_D1
  -------------------------------------------------------------------
                         required time                         -1.786    
                         arrival time                           1.847    
  -------------------------------------------------------------------
                         slack                                  0.060    

Slack (MET) :             0.060ns  (arrival time - required time)
  Source:                 lcd_wr_addr_reg[0]/C
                            (rising edge-triggered cell FDRE clocked by sys_clk_pin  {rise@0.000ns fall@5.000ns period=10.000ns})
  Destination:            lcd_buf_reg_0_15_6_7/RAMB/WADR0
                            (rising edge-triggered cell RAMD32 clocked by sys_clk_pin  {rise@0.000ns fall@5.000ns period=10.000ns})
  Path Group:             sys_clk_pin
  Path Type:              Hold (Min at Fast Process Corner)
  Requirement:            0.000ns  (sys_clk_pin rise@0.000ns - sys_clk_pin rise@0.000ns)
  Data Path Delay:        0.405ns  (logic 0.141ns (34.773%)  route 0.264ns (65.227%))
  Logic Levels:           0  
  Clock Path Skew:        0.035ns (DCD - SCD - CPR)
    Destination Clock Delay (DCD):    1.954ns
    Source Clock Delay      (SCD):    1.441ns
    Clock Pessimism Removal (CPR):    0.478ns

    Location             Delay type                Incr(ns)  Path(ns)    Netlist Resource(s)
  -------------------------------------------------------------------    -------------------
                         (clock sys_clk_pin rise edge)
                                                      0.000     0.000 r  
    W5                                                0.000     0.000 r  clk (IN)
                         net (fo=0)                   0.000     0.000    clk
    W5                   IBUF (Prop_ibuf_I_O)         0.226     0.226 r  clk_IBUF_inst/O
                         net (fo=1, routed)           0.631     0.858    clk_IBUF
    BUFGCTRL_X0Y0        BUFG (Prop_bufg_I_O)         0.026     0.884 r  clk_IBUF_BUFG_inst/O
                         net (fo=367, routed)         0.558     1.441    clk_IBUF_BUFG
    SLICE_X43Y16         FDRE                                         r  lcd_wr_addr_reg[0]/C
  -------------------------------------------------------------------    -------------------
    SLICE_X43Y16         FDRE (Prop_fdre_C_Q)         0.141     1.582 r  lcd_wr_addr_reg[0]/Q
                         net (fo=16, routed)          0.264     1.847    lcd_buf_reg_0_15_6_7/ADDRD0
    SLICE_X46Y16         RAMD32                                       r  lcd_buf_reg_0_15_6_7/RAMB/WADR0
  -------------------------------------------------------------------    -------------------

                         (clock sys_clk_pin rise edge)
                                                      0.000     0.000 r  
    W5                                                0.000     0.000 r  clk (IN)
                         net (fo=0)                   0.000     0.000    clk
    W5                   IBUF (Prop_ibuf_I_O)         0.414     0.414 r  clk_IBUF_inst/O
                         net (fo=1, routed)           0.685     1.099    clk_IBUF
    BUFGCTRL_X0Y0        BUFG (Prop_bufg_I_O)         0.029     1.128 r  clk_IBUF_BUFG_inst/O
                         net (fo=367, routed)         0.827     1.954    lcd_buf_reg_0_15_6_7/WCLK
    SLICE_X46Y16         RAMD32                                       r  lcd_buf_reg_0_15_6_7/RAMB/CLK
                         clock pessimism             -0.478     1.476    
    SLICE_X46Y16         RAMD32 (Hold_ramd32_CLK_WADR0)
                                                      0.310     1.786    lcd_buf_reg_0_15_6_7/RAMB
  -------------------------------------------------------------------
                         required time                         -1.786    
                         arrival time                           1.847    
  -------------------------------------------------------------------
                         slack                                  0.060    

Slack (MET) :             0.060ns  (arrival time - required time)
  Source:                 lcd_wr_addr_reg[0]/C
                            (rising edge-triggered cell FDRE clocked by sys_clk_pin  {rise@0.000ns fall@5.000ns period=10.000ns})
  Destination:            lcd_buf_reg_0_15_6_7/RAMB_D1/WADR0
                            (rising edge-triggered cell RAMD32 clocked by sys_clk_pin  {rise@0.000ns fall@5.000ns period=10.000ns})
  Path Group:             sys_clk_pin
  Path Type:              Hold (Min at Fast Process Corner)
  Requirement:            0.000ns  (sys_clk_pin rise@0.000ns - sys_clk_pin rise@0.000ns)
  Data Path Delay:        0.405ns  (logic 0.141ns (34.773%)  route 0.264ns (65.227%))
  Logic Levels:           0  
  Clock Path Skew:        0.035ns (DCD - SCD - CPR)
    Destination Clock Delay (DCD):    1.954ns
    Source Clock Delay      (SCD):    1.441ns
    Clock Pessimism Removal (CPR):    0.478ns

    Location             Delay type                Incr(ns)  Path(ns)    Netlist Resource(s)
  -------------------------------------------------------------------    -------------------
                         (clock sys_clk_pin rise edge)
                                                      0.000     0.000 r  
    W5                                                0.000     0.000 r  clk (IN)
                         net (fo=0)                   0.000     0.000    clk
    W5                   IBUF (Prop_ibuf_I_O)         0.226     0.226 r  clk_IBUF_inst/O
                         net (fo=1, routed)           0.631     0.858    clk_IBUF
    BUFGCTRL_X0Y0        BUFG (Prop_bufg_I_O)         0.026     0.884 r  clk_IBUF_BUFG_inst/O
                         net (fo=367, routed)         0.558     1.441    clk_IBUF_BUFG
    SLICE_X43Y16         FDRE                                         r  lcd_wr_addr_reg[0]/C
  -------------------------------------------------------------------    -------------------
    SLICE_X43Y16         FDRE (Prop_fdre_C_Q)         0.141     1.582 r  lcd_wr_addr_reg[0]/Q
                         net (fo=16, routed)          0.264     1.847    lcd_buf_reg_0_15_6_7/ADDRD0
    SLICE_X46Y16         RAMD32                                       r  lcd_buf_reg_0_15_6_7/RAMB_D1/WADR0
  -------------------------------------------------------------------    -------------------

                         (clock sys_clk_pin rise edge)
                                                      0.000     0.000 r  
    W5                                                0.000     0.000 r  clk (IN)
                         net (fo=0)                   0.000     0.000    clk
    W5                   IBUF (Prop_ibuf_I_O)         0.414     0.414 r  clk_IBUF_inst/O
                         net (fo=1, routed)           0.685     1.099    clk_IBUF
    BUFGCTRL_X0Y0        BUFG (Prop_bufg_I_O)         0.029     1.128 r  clk_IBUF_BUFG_inst/O
                         net (fo=367, routed)         0.827     1.954    lcd_buf_reg_0_15_6_7/WCLK
    SLICE_X46Y16         RAMD32                                       r  lcd_buf_reg_0_15_6_7/RAMB_D1/CLK
                         clock pessimism             -0.478     1.476    
    SLICE_X46Y16         RAMD32 (Hold_ramd32_CLK_WADR0)
                                                      0.310     1.786    lcd_buf_reg_0_15_6_7/RAMB_D1
  -------------------------------------------------------------------
                         required time                         -1.786    
                         arrival time                           1.847    
  -------------------------------------------------------------------
                         slack                                  0.060    

Slack (MET) :             0.060ns  (arrival time - required time)
  Source:                 lcd_wr_addr_reg[0]/C
                            (rising edge-triggered cell FDRE clocked by sys_clk_pin  {rise@0.000ns fall@5.000ns period=10.000ns})
  Destination:            lcd_buf_reg_0_15_6_7/RAMC/WADR0
                            (rising edge-triggered cell RAMD32 clocked by sys_clk_pin  {rise@0.000ns fall@5.000ns period=10.000ns})
  Path Group:             sys_clk_pin
  Path Type:              Hold (Min at Fast Process Corner)
  Requirement:            0.000ns  (sys_clk_pin rise@0.000ns - sys_clk_pin rise@0.000ns)
  Data Path Delay:        0.405ns  (logic 0.141ns (34.773%)  route 0.264ns (65.227%))
  Logic Levels:           0  
  Clock Path Skew:        0.035ns (DCD - SCD - CPR)
    Destination Clock Delay (DCD):    1.954ns
    Source Clock Delay      (SCD):    1.441ns
    Clock Pessimism Removal (CPR):    0.478ns

    Location             Delay type                Incr(ns)  Path(ns)    Netlist Resource(s)
  -------------------------------------------------------------------    -------------------
                         (clock sys_clk_pin rise edge)
                                                      0.000     0.000 r  
    W5                                                0.000     0.000 r  clk (IN)
                         net (fo=0)                   0.000     0.000    clk
    W5                   IBUF (Prop_ibuf_I_O)         0.226     0.226 r  clk_IBUF_inst/O
                         net (fo=1, routed)           0.631     0.858    clk_IBUF
    BUFGCTRL_X0Y0        BUFG (Prop_bufg_I_O)         0.026     0.884 r  clk_IBUF_BUFG_inst/O
                         net (fo=367, routed)         0.558     1.441    clk_IBUF_BUFG
    SLICE_X43Y16         FDRE                                         r  lcd_wr_addr_reg[0]/C
  -------------------------------------------------------------------    -------------------
    SLICE_X43Y16         FDRE (Prop_fdre_C_Q)         0.141     1.582 r  lcd_wr_addr_reg[0]/Q
                         net (fo=16, routed)          0.264     1.847    lcd_buf_reg_0_15_6_7/ADDRD0
    SLICE_X46Y16         RAMD32                                       r  lcd_buf_reg_0_15_6_7/RAMC/WADR0
  -------------------------------------------------------------------    -------------------

                         (clock sys_clk_pin rise edge)
                                                      0.000     0.000 r  
    W5                                                0.000     0.000 r  clk (IN)
                         net (fo=0)                   0.000     0.000    clk
    W5                   IBUF (Prop_ibuf_I_O)         0.414     0.414 r  clk_IBUF_inst/O
                         net (fo=1, routed)           0.685     1.099    clk_IBUF
    BUFGCTRL_X0Y0        BUFG (Prop_bufg_I_O)         0.029     1.128 r  clk_IBUF_BUFG_inst/O
                         net (fo=367, routed)         0.827     1.954    lcd_buf_reg_0_15_6_7/WCLK
    SLICE_X46Y16         RAMD32                                       r  lcd_buf_reg_0_15_6_7/RAMC/CLK
                         clock pessimism             -0.478     1.476    
    SLICE_X46Y16         RAMD32 (Hold_ramd32_CLK_WADR0)
                                                      0.310     1.786    lcd_buf_reg_0_15_6_7/RAMC
  -------------------------------------------------------------------
                         required time                         -1.786    
                         arrival time                           1.847    
  -------------------------------------------------------------------
                         slack                                  0.060    

Slack (MET) :             0.060ns  (arrival time - required time)
  Source:                 lcd_wr_addr_reg[0]/C
                            (rising edge-triggered cell FDRE clocked by sys_clk_pin  {rise@0.000ns fall@5.000ns period=10.000ns})
  Destination:            lcd_buf_reg_0_15_6_7/RAMC_D1/WADR0
                            (rising edge-triggered cell RAMD32 clocked by sys_clk_pin  {rise@0.000ns fall@5.000ns period=10.000ns})
  Path Group:             sys_clk_pin
  Path Type:              Hold (Min at Fast Process Corner)
  Requirement:            0.000ns  (sys_clk_pin rise@0.000ns - sys_clk_pin rise@0.000ns)
  Data Path Delay:        0.405ns  (logic 0.141ns (34.773%)  route 0.264ns (65.227%))
  Logic Levels:           0  
  Clock Path Skew:        0.035ns (DCD - SCD - CPR)
    Destination Clock Delay (DCD):    1.954ns
    Source Clock Delay      (SCD):    1.441ns
    Clock Pessimism Removal (CPR):    0.478ns

    Location             Delay type                Incr(ns)  Path(ns)    Netlist Resource(s)
  -------------------------------------------------------------------    -------------------
                         (clock sys_clk_pin rise edge)
                                                      0.000     0.000 r  
    W5                                                0.000     0.000 r  clk (IN)
                         net (fo=0)                   0.000     0.000    clk
    W5                   IBUF (Prop_ibuf_I_O)         0.226     0.226 r  clk_IBUF_inst/O
                         net (fo=1, routed)           0.631     0.858    clk_IBUF
    BUFGCTRL_X0Y0        BUFG (Prop_bufg_I_O)         0.026     0.884 r  clk_IBUF_BUFG_inst/O
                         net (fo=367, routed)         0.558     1.441    clk_IBUF_BUFG
    SLICE_X43Y16         FDRE                                         r  lcd_wr_addr_reg[0]/C
  -------------------------------------------------------------------    -------------------
    SLICE_X43Y16         FDRE (Prop_fdre_C_Q)         0.141     1.582 r  lcd_wr_addr_reg[0]/Q
                         net (fo=16, routed)          0.264     1.847    lcd_buf_reg_0_15_6_7/ADDRD0
    SLICE_X46Y16         RAMD32                                       r  lcd_buf_reg_0_15_6_7/RAMC_D1/WADR0
  -------------------------------------------------------------------    -------------------

                         (clock sys_clk_pin rise edge)
                                                      0.000     0.000 r  
    W5                                                0.000     0.000 r  clk (IN)
                         net (fo=0)                   0.000     0.000    clk
    W5                   IBUF (Prop_ibuf_I_O)         0.414     0.414 r  clk_IBUF_inst/O
                         net (fo=1, routed)           0.685     1.099    clk_IBUF
    BUFGCTRL_X0Y0        BUFG (Prop_bufg_I_O)         0.029     1.128 r  clk_IBUF_BUFG_inst/O
                         net (fo=367, routed)         0.827     1.954    lcd_buf_reg_0_15_6_7/WCLK
    SLICE_X46Y16         RAMD32                                       r  lcd_buf_reg_0_15_6_7/RAMC_D1/CLK
                         clock pessimism             -0.478     1.476    
    SLICE_X46Y16         RAMD32 (Hold_ramd32_CLK_WADR0)
                                                      0.310     1.786    lcd_buf_reg_0_15_6_7/RAMC_D1
  -------------------------------------------------------------------
                         required time                         -1.786    
                         arrival time                           1.847    
  -------------------------------------------------------------------
                         slack                                  0.060    

Slack (MET) :             0.060ns  (arrival time - required time)
  Source:                 lcd_wr_addr_reg[0]/C
                            (rising edge-triggered cell FDRE clocked by sys_clk_pin  {rise@0.000ns fall@5.000ns period=10.000ns})
  Destination:            lcd_buf_reg_0_15_6_7/RAMD/ADR0
                            (rising edge-triggered cell RAMS32 clocked by sys_clk_pin  {rise@0.000ns fall@5.000ns period=10.000ns})
  Path Group:             sys_clk_pin
  Path Type:              Hold (Min at Fast Process Corner)
  Requirement:            0.000ns  (sys_clk_pin rise@0.000ns - sys_clk_pin rise@0.000ns)
  Data Path Delay:        0.405ns  (logic 0.141ns (34.773%)  route 0.264ns (65.227%))
  Logic Levels:           0  
  Clock Path Skew:        0.035ns (DCD - SCD - CPR)
    Destination Clock Delay (DCD):    1.954ns
    Source Clock Delay      (SCD):    1.441ns
    Clock Pessimism Removal (CPR):    0.478ns

    Location             Delay type                Incr(ns)  Path(ns)    Netlist Resource(s)
  -------------------------------------------------------------------    -------------------
                         (clock sys_clk_pin rise edge)
                                                      0.000     0.000 r  
    W5                                                0.000     0.000 r  clk (IN)
                         net (fo=0)                   0.000     0.000    clk
    W5                   IBUF (Prop_ibuf_I_O)         0.226     0.226 r  clk_IBUF_inst/O
                         net (fo=1, routed)           0.631     0.858    clk_IBUF
    BUFGCTRL_X0Y0        BUFG (Prop_bufg_I_O)         0.026     0.884 r  clk_IBUF_BUFG_inst/O
                         net (fo=367, routed)         0.558     1.441    clk_IBUF_BUFG
    SLICE_X43Y16         FDRE                                         r  lcd_wr_addr_reg[0]/C
  -------------------------------------------------------------------    -------------------
    SLICE_X43Y16         FDRE (Prop_fdre_C_Q)         0.141     1.582 r  lcd_wr_addr_reg[0]/Q
                         net (fo=16, routed)          0.264     1.847    lcd_buf_reg_0_15_6_7/ADDRD0
    SLICE_X46Y16         RAMS32                                       r  lcd_buf_reg_0_15_6_7/RAMD/ADR0
  -------------------------------------------------------------------    -------------------

                         (clock sys_clk_pin rise edge)
                                                      0.000     0.000 r  
    W5                                                0.000     0.000 r  clk (IN)
                         net (fo=0)                   0.000     0.000    clk
    W5                   IBUF (Prop_ibuf_I_O)         0.414     0.414 r  clk_IBUF_inst/O
                         net (fo=1, routed)           0.685     1.099    clk_IBUF
    BUFGCTRL_X0Y0        BUFG (Prop_bufg_I_O)         0.029     1.128 r  clk_IBUF_BUFG_inst/O
                         net (fo=367, routed)         0.827     1.954    lcd_buf_reg_0_15_6_7/WCLK
    SLICE_X46Y16         RAMS32                                       r  lcd_buf_reg_0_15_6_7/RAMD/CLK
                         clock pessimism             -0.478     1.476    
    SLICE_X46Y16         RAMS32 (Hold_rams32_CLK_ADR0)
                                                      0.310     1.786    lcd_buf_reg_0_15_6_7/RAMD
  -------------------------------------------------------------------
                         required time                         -1.786    
                         arrival time                           1.847    
  -------------------------------------------------------------------
                         slack                                  0.060    

Slack (MET) :             0.060ns  (arrival time - required time)
  Source:                 lcd_wr_addr_reg[0]/C
                            (rising edge-triggered cell FDRE clocked by sys_clk_pin  {rise@0.000ns fall@5.000ns period=10.000ns})
  Destination:            lcd_buf_reg_0_15_6_7/RAMD_D1/ADR0
                            (rising edge-triggered cell RAMS32 clocked by sys_clk_pin  {rise@0.000ns fall@5.000ns period=10.000ns})
  Path Group:             sys_clk_pin
  Path Type:              Hold (Min at Fast Process Corner)
  Requirement:            0.000ns  (sys_clk_pin rise@0.000ns - sys_clk_pin rise@0.000ns)
  Data Path Delay:        0.405ns  (logic 0.141ns (34.773%)  route 0.264ns (65.227%))
  Logic Levels:           0  
  Clock Path Skew:        0.035ns (DCD - SCD - CPR)
    Destination Clock Delay (DCD):    1.954ns
    Source Clock Delay      (SCD):    1.441ns
    Clock Pessimism Removal (CPR):    0.478ns

    Location             Delay type                Incr(ns)  Path(ns)    Netlist Resource(s)
  -------------------------------------------------------------------    -------------------
                         (clock sys_clk_pin rise edge)
                                                      0.000     0.000 r  
    W5                                                0.000     0.000 r  clk (IN)
                         net (fo=0)                   0.000     0.000    clk
    W5                   IBUF (Prop_ibuf_I_O)         0.226     0.226 r  clk_IBUF_inst/O
                         net (fo=1, routed)           0.631     0.858    clk_IBUF
    BUFGCTRL_X0Y0        BUFG (Prop_bufg_I_O)         0.026     0.884 r  clk_IBUF_BUFG_inst/O
                         net (fo=367, routed)         0.558     1.441    clk_IBUF_BUFG
    SLICE_X43Y16         FDRE                                         r  lcd_wr_addr_reg[0]/C
  -------------------------------------------------------------------    -------------------
    SLICE_X43Y16         FDRE (Prop_fdre_C_Q)         0.141     1.582 r  lcd_wr_addr_reg[0]/Q
                         net (fo=16, routed)          0.264     1.847    lcd_buf_reg_0_15_6_7/ADDRD0
    SLICE_X46Y16         RAMS32                                       r  lcd_buf_reg_0_15_6_7/RAMD_D1/ADR0
  -------------------------------------------------------------------    -------------------

                         (clock sys_clk_pin rise edge)
                                                      0.000     0.000 r  
    W5                                                0.000     0.000 r  clk (IN)
                         net (fo=0)                   0.000     0.000    clk
    W5                   IBUF (Prop_ibuf_I_O)         0.414     0.414 r  clk_IBUF_inst/O
                         net (fo=1, routed)           0.685     1.099    clk_IBUF
    BUFGCTRL_X0Y0        BUFG (Prop_bufg_I_O)         0.029     1.128 r  clk_IBUF_BUFG_inst/O
                         net (fo=367, routed)         0.827     1.954    lcd_buf_reg_0_15_6_7/WCLK
    SLICE_X46Y16         RAMS32                                       r  lcd_buf_reg_0_15_6_7/RAMD_D1/CLK
                         clock pessimism             -0.478     1.476    
    SLICE_X46Y16         RAMS32 (Hold_rams32_CLK_ADR0)
                                                      0.310     1.786    lcd_buf_reg_0_15_6_7/RAMD_D1
  -------------------------------------------------------------------
                         required time                         -1.786    
                         arrival time                           1.847    
  -------------------------------------------------------------------
                         slack                                  0.060    

Slack (MET) :             0.088ns  (arrival time - required time)
  Source:                 processor/stack_loop[2].upper_stack.pointer_flop/C
                            (rising edge-triggered cell FDRE clocked by sys_clk_pin  {rise@0.000ns fall@5.000ns period=10.000ns})
  Destination:            processor/stack_ram_high/RAMA/WADR2
                            (rising edge-triggered cell RAMD32 clocked by sys_clk_pin  {rise@0.000ns fall@5.000ns period=10.000ns})
  Path Group:             sys_clk_pin
  Path Type:              Hold (Min at Fast Process Corner)
  Requirement:            0.000ns  (sys_clk_pin rise@0.000ns - sys_clk_pin rise@0.000ns)
  Data Path Delay:        0.358ns  (logic 0.141ns (39.352%)  route 0.217ns (60.648%))
  Logic Levels:           0  
  Clock Path Skew:        0.016ns (DCD - SCD - CPR)
    Destination Clock Delay (DCD):    1.961ns
    Source Clock Delay      (SCD):    1.447ns
    Clock Pessimism Removal (CPR):    0.498ns

    Location             Delay type                Incr(ns)  Path(ns)    Netlist Resource(s)
  -------------------------------------------------------------------    -------------------
                         (clock sys_clk_pin rise edge)
                                                      0.000     0.000 r  
    W5                                                0.000     0.000 r  clk (IN)
                         net (fo=0)                   0.000     0.000    clk
    W5                   IBUF (Prop_ibuf_I_O)         0.226     0.226 r  clk_IBUF_inst/O
                         net (fo=1, routed)           0.631     0.858    clk_IBUF
    BUFGCTRL_X0Y0        BUFG (Prop_bufg_I_O)         0.026     0.884 r  clk_IBUF_BUFG_inst/O
                         net (fo=367, routed)         0.564     1.447    processor/clk_IBUF_BUFG
    SLICE_X45Y6          FDRE                                         r  processor/stack_loop[2].upper_stack.pointer_flop/C
  -------------------------------------------------------------------    -------------------
    SLICE_X45Y6          FDRE (Prop_fdre_C_Q)         0.141     1.588 r  processor/stack_loop[2].upper_stack.pointer_flop/Q
                         net (fo=30, routed)          0.217     1.805    processor/stack_ram_high/ADDRD2
    SLICE_X46Y6          RAMD32                                       r  processor/stack_ram_high/RAMA/WADR2
  -------------------------------------------------------------------    -------------------

                         (clock sys_clk_pin rise edge)
                                                      0.000     0.000 r  
    W5                                                0.000     0.000 r  clk (IN)
                         net (fo=0)                   0.000     0.000    clk
    W5                   IBUF (Prop_ibuf_I_O)         0.414     0.414 r  clk_IBUF_inst/O
                         net (fo=1, routed)           0.685     1.099    clk_IBUF
    BUFGCTRL_X0Y0        BUFG (Prop_bufg_I_O)         0.029     1.128 r  clk_IBUF_BUFG_inst/O
                         net (fo=367, routed)         0.834     1.961    processor/stack_ram_high/WCLK
    SLICE_X46Y6          RAMD32                                       r  processor/stack_ram_high/RAMA/CLK
                         clock pessimism             -0.498     1.463    
    SLICE_X46Y6          RAMD32 (Hold_ramd32_CLK_WADR2)
                                                      0.254     1.717    processor/stack_ram_high/RAMA
  -------------------------------------------------------------------
                         required time                         -1.717    
                         arrival time                           1.805    
  -------------------------------------------------------------------
                         slack                                  0.088    

Slack (MET) :             0.088ns  (arrival time - required time)
  Source:                 processor/stack_loop[2].upper_stack.pointer_flop/C
                            (rising edge-triggered cell FDRE clocked by sys_clk_pin  {rise@0.000ns fall@5.000ns period=10.000ns})
  Destination:            processor/stack_ram_high/RAMA_D1/WADR2
                            (rising edge-triggered cell RAMD32 clocked by sys_clk_pin  {rise@0.000ns fall@5.000ns period=10.000ns})
  Path Group:             sys_clk_pin
  Path Type:              Hold (Min at Fast Process Corner)
  Requirement:            0.000ns  (sys_clk_pin rise@0.000ns - sys_clk_pin rise@0.000ns)
  Data Path Delay:        0.358ns  (logic 0.141ns (39.352%)  route 0.217ns (60.648%))
  Logic Levels:           0  
  Clock Path Skew:        0.016ns (DCD - SCD - CPR)
    Destination Clock Delay (DCD):    1.961ns
    Source Clock Delay      (SCD):    1.447ns
    Clock Pessimism Removal (CPR):    0.498ns

    Location             Delay type                Incr(ns)  Path(ns)    Netlist Resource(s)
  -------------------------------------------------------------------    -------------------
                         (clock sys_clk_pin rise edge)
                                                      0.000     0.000 r  
    W5                                                0.000     0.000 r  clk (IN)
                         net (fo=0)                   0.000     0.000    clk
    W5                   IBUF (Prop_ibuf_I_O)         0.226     0.226 r  clk_IBUF_inst/O
                         net (fo=1, routed)           0.631     0.858    clk_IBUF
    BUFGCTRL_X0Y0        BUFG (Prop_bufg_I_O)         0.026     0.884 r  clk_IBUF_BUFG_inst/O
                         net (fo=367, routed)         0.564     1.447    processor/clk_IBUF_BUFG
    SLICE_X45Y6          FDRE                                         r  processor/stack_loop[2].upper_stack.pointer_flop/C
  -------------------------------------------------------------------    -------------------
    SLICE_X45Y6          FDRE (Prop_fdre_C_Q)         0.141     1.588 r  processor/stack_loop[2].upper_stack.pointer_flop/Q
                         net (fo=30, routed)          0.217     1.805    processor/stack_ram_high/ADDRD2
    SLICE_X46Y6          RAMD32                                       r  processor/stack_ram_high/RAMA_D1/WADR2
  -------------------------------------------------------------------    -------------------

                         (clock sys_clk_pin rise edge)
                                                      0.000     0.000 r  
    W5                                                0.000     0.000 r  clk (IN)
                         net (fo=0)                   0.000     0.000    clk
    W5                   IBUF (Prop_ibuf_I_O)         0.414     0.414 r  clk_IBUF_inst/O
                         net (fo=1, routed)           0.685     1.099    clk_IBUF
    BUFGCTRL_X0Y0        BUFG (Prop_bufg_I_O)         0.029     1.128 r  clk_IBUF_BUFG_inst/O
                         net (fo=367, routed)         0.834     1.961    processor/stack_ram_high/WCLK
    SLICE_X46Y6          RAMD32                                       r  processor/stack_ram_high/RAMA_D1/CLK
                         clock pessimism             -0.498     1.463    
    SLICE_X46Y6          RAMD32 (Hold_ramd32_CLK_WADR2)
                                                      0.254     1.717    processor/stack_ram_high/RAMA_D1
  -------------------------------------------------------------------
                         required time                         -1.717    
                         arrival time                           1.805    
  -------------------------------------------------------------------
                         slack                                  0.088    





Pulse Width Checks
--------------------------------------------------------------------------------------
Clock Name:         sys_clk_pin
Waveform(ns):       { 0.000 5.000 }
Period(ns):         10.000
Sources:            { clk }

Check Type        Corner  Lib Pin             Reference Pin  Required(ns)  Actual(ns)  Slack(ns)  Location       Pin
Min Period        n/a     RAMB18E1/CLKARDCLK  n/a            2.576         10.000      7.424      RAMB18_X1Y2    program_rom/ram_1k_generate.akv7.kcpsm6_rom/CLKARDCLK
Min Period        n/a     BUFG/I              n/a            2.155         10.000      7.845      BUFGCTRL_X0Y0  clk_IBUF_BUFG_inst/I
Min Period        n/a     FDRE/C              n/a            1.000         10.000      9.000      SLICE_X42Y8    btnc_flag_reg_reg/C
Min Period        n/a     FDRE/C              n/a            1.000         10.000      9.000      SLICE_X35Y8    btns_flag_reg_reg/C
Min Period        n/a     FDRE/C              n/a            1.000         10.000      9.000      SLICE_X45Y13   ds0_reg_reg[0]/C
Min Period        n/a     FDRE/C              n/a            1.000         10.000      9.000      SLICE_X46Y14   ds0_reg_reg[1]/C
Min Period        n/a     FDRE/C              n/a            1.000         10.000      9.000      SLICE_X46Y14   ds0_reg_reg[2]/C
Min Period        n/a     FDRE/C              n/a            1.000         10.000      9.000      SLICE_X46Y12   ds0_reg_reg[3]/C
Min Period        n/a     FDRE/C              n/a            1.000         10.000      9.000      SLICE_X46Y14   ds0_reg_reg[4]/C
Min Period        n/a     FDRE/C              n/a            1.000         10.000      9.000      SLICE_X46Y12   ds0_reg_reg[5]/C
Low Pulse Width   Slow    RAMD64E/CLK         n/a            1.250         5.000       3.750      SLICE_X38Y6    processor/data_path_loop[0].small_spm.small_spm_ram.spm_ram/RAMA/CLK
Low Pulse Width   Slow    RAMD64E/CLK         n/a            1.250         5.000       3.750      SLICE_X38Y6    processor/data_path_loop[0].small_spm.small_spm_ram.spm_ram/RAMB/CLK
Low Pulse Width   Slow    RAMD64E/CLK         n/a            1.250         5.000       3.750      SLICE_X38Y6    processor/data_path_loop[0].small_spm.small_spm_ram.spm_ram/RAMC/CLK
Low Pulse Width   Slow    RAMD64E/CLK         n/a            1.250         5.000       3.750      SLICE_X38Y6    processor/data_path_loop[0].small_spm.small_spm_ram.spm_ram/RAMD/CLK
Low Pulse Width   Slow    RAMD32/CLK          n/a            1.250         5.000       3.750      SLICE_X42Y6    processor/upper_reg_banks/RAMA/CLK
Low Pulse Width   Slow    RAMD32/CLK          n/a            1.250         5.000       3.750      SLICE_X42Y6    processor/upper_reg_banks/RAMA_D1/CLK
Low Pulse Width   Slow    RAMD32/CLK          n/a            1.250         5.000       3.750      SLICE_X42Y6    processor/upper_reg_banks/RAMB/CLK
Low Pulse Width   Slow    RAMD32/CLK          n/a            1.250         5.000       3.750      SLICE_X42Y6    processor/upper_reg_banks/RAMB_D1/CLK
Low Pulse Width   Slow    RAMD32/CLK          n/a            1.250         5.000       3.750      SLICE_X42Y6    processor/upper_reg_banks/RAMC/CLK
Low Pulse Width   Slow    RAMD32/CLK          n/a            1.250         5.000       3.750      SLICE_X42Y6    processor/upper_reg_banks/RAMC_D1/CLK
High Pulse Width  Slow    RAMS32/CLK          n/a            1.250         5.000       3.750      SLICE_X46Y16   lcd_buf_reg_0_15_6_7/RAMD_D1/CLK
High Pulse Width  Slow    RAMD32/CLK          n/a            1.250         5.000       3.750      SLICE_X46Y17   lcd_buf_reg_0_15_0_5/RAMA/CLK
High Pulse Width  Slow    RAMD32/CLK          n/a            1.250         5.000       3.750      SLICE_X46Y17   lcd_buf_reg_0_15_0_5/RAMA_D1/CLK
High Pulse Width  Slow    RAMD32/CLK          n/a            1.250         5.000       3.750      SLICE_X46Y17   lcd_buf_reg_0_15_0_5/RAMB/CLK
High Pulse Width  Slow    RAMD32/CLK          n/a            1.250         5.000       3.750      SLICE_X46Y17   lcd_buf_reg_0_15_0_5/RAMB_D1/CLK
High Pulse Width  Slow    RAMD32/CLK          n/a            1.250         5.000       3.750      SLICE_X46Y17   lcd_buf_reg_0_15_0_5/RAMC/CLK
High Pulse Width  Slow    RAMD32/CLK          n/a            1.250         5.000       3.750      SLICE_X46Y17   lcd_buf_reg_0_15_0_5/RAMC_D1/CLK
High Pulse Width  Slow    RAMS32/CLK          n/a            1.250         5.000       3.750      SLICE_X46Y17   lcd_buf_reg_0_15_0_5/RAMD/CLK
High Pulse Width  Slow    RAMS32/CLK          n/a            1.250         5.000       3.750      SLICE_X46Y17   lcd_buf_reg_0_15_0_5/RAMD_D1/CLK
High Pulse Width  Slow    RAMD32/CLK          n/a            1.250         5.000       3.750      SLICE_X46Y16   lcd_buf_reg_0_15_6_7/RAMA/CLK



