#-----------------------------------------------------------
# Vivado v2018.3 (64-bit)
# SW Build 2405991 on Thu Dec  6 23:38:27 MST 2018
# IP Build 2404404 on Fri Dec  7 01:43:56 MST 2018
# Start of session at: Thu Mar 26 20:01:36 2026
# Process ID: 27536
# Current directory: C:/Users/lebray/Vivado-Workflow-Scripts/Lab8/T1
# Command line: vivado.exe -mode batch -source C:\Users\lebray\Vivado-Workflow-Scripts\Lab8\T1\run_hardware.tcl
# Log file: C:/Users/lebray/Vivado-Workflow-Scripts/Lab8/T1/vivado.log
# Journal file: C:/Users/lebray/Vivado-Workflow-Scripts/Lab8/T1\vivado.jou
#-----------------------------------------------------------
source {C:\Users\lebray\Vivado-Workflow-Scripts\Lab8\T1\run_hardware.tcl}
# create_project T1 {C:\Users\lebray\Vivado-Workflow-Scripts\Lab8\T1\vivado_project} -part xc7a35tcpg236-1 -force
# if {[catch {set_property board_part digilentinc.com:basys3:part0:1.2 [current_project]}]} {
#     puts "Note: Board part not available, using part only"
# }
Note: Board part not available, using part only
# set_property target_language Verilog [current_project]
# add_files -norecurse {C:\Users\lebray\Vivado-Workflow-Scripts\Lab8\T1\btn_rom.v}
# add_files -norecurse {C:\Users\lebray\Vivado-Workflow-Scripts\Lab8\T1\debounce.v}
# add_files -norecurse {C:\Users\lebray\Vivado-Workflow-Scripts\Lab8\T1\disp_mux.v}
# add_files -norecurse {C:\Users\lebray\Vivado-Workflow-Scripts\Lab8\T1\kcpsm6.v}
# add_files -norecurse {C:\Users\lebray\Vivado-Workflow-Scripts\Lab8\T1\pico_btn_top.v}
# add_files -norecurse {C:\Users\lebray\Vivado-Workflow-Scripts\Lab8\T1\ROM_form.v}
# add_files -fileset constrs_1 -norecurse {C:\Users\lebray\Vivado-Workflow-Scripts\Basys3_Master.xdc}
# set_property top pico_btn_top [current_fileset]
# update_compile_order -fileset sources_1
# reset_run synth_1
# launch_runs synth_1
[Thu Mar 26 20:01:46 2026] Launched synth_1...
Run output will be captured here: C:/Users/lebray/Vivado-Workflow-Scripts/Lab8/T1/vivado_project/T1.runs/synth_1/runme.log
# wait_on_run synth_1
[Thu Mar 26 20:01:47 2026] Waiting for synth_1 to finish...

*** Running vivado
    with args -log pico_btn_top.vds -m64 -product Vivado -mode batch -messageDb vivado.pb -notrace -source pico_btn_top.tcl


****** Vivado v2018.3 (64-bit)
  **** SW Build 2405991 on Thu Dec  6 23:38:27 MST 2018
  **** IP Build 2404404 on Fri Dec  7 01:43:56 MST 2018
    ** Copyright 1986-2018 Xilinx, Inc. All Rights Reserved.

source pico_btn_top.tcl -notrace
Command: synth_design -top pico_btn_top -part xc7a35tcpg236-1
Starting synth_design
Attempting to get a license for feature 'Synthesis' and/or device 'xc7a35t'
INFO: [Common 17-349] Got license for feature 'Synthesis' and/or device 'xc7a35t'
INFO: Launching helper process for spawning children vivado processes
INFO: Helper process launched with PID 23908 
---------------------------------------------------------------------------------
Starting RTL Elaboration : Time (s): cpu = 00:00:01 ; elapsed = 00:00:01 . Memory (MB): peak = 355.949 ; gain = 99.129
---------------------------------------------------------------------------------
INFO: [Synth 8-6157] synthesizing module 'pico_btn_top' [C:/Users/lebray/Vivado-Workflow-Scripts/Lab8/T1/pico_btn_top.v:13]
INFO: [Synth 8-6157] synthesizing module 'disp_mux' [C:/Users/lebray/Vivado-Workflow-Scripts/Lab8/T1/disp_mux.v:2]
	Parameter N bound to: 18 - type: integer 
INFO: [Synth 8-6155] done synthesizing module 'disp_mux' (1#1) [C:/Users/lebray/Vivado-Workflow-Scripts/Lab8/T1/disp_mux.v:2]
INFO: [Synth 8-6157] synthesizing module 'debounce' [C:/Users/lebray/Vivado-Workflow-Scripts/Lab8/T1/debounce.v:2]
	Parameter zero bound to: 2'b00 
	Parameter wait0 bound to: 2'b01 
	Parameter one bound to: 2'b10 
	Parameter wait1 bound to: 2'b11 
	Parameter N bound to: 21 - type: integer 
INFO: [Synth 8-226] default block is never used [C:/Users/lebray/Vivado-Workflow-Scripts/Lab8/T1/debounce.v:43]
INFO: [Synth 8-6155] done synthesizing module 'debounce' (2#1) [C:/Users/lebray/Vivado-Workflow-Scripts/Lab8/T1/debounce.v:2]
INFO: [Synth 8-6157] synthesizing module 'kcpsm6' [C:/Users/lebray/Vivado-Workflow-Scripts/Lab8/T1/kcpsm6.v:77]
	Parameter hwbuild bound to: 8'b00000000 
	Parameter interrupt_vector bound to: 12'b001111111111 
	Parameter scratch_pad_memory_size bound to: 64 - type: integer 
INFO: [Synth 8-6157] synthesizing module 'LUT6_2' [C:/Xilinx/Vivado/2018.3/scripts/rt/data/unisim_comp.v:26647]
	Parameter INIT bound to: 64'b1111111100000000111100001111000011001100110011001010101010101010 
INFO: [Synth 8-6155] done synthesizing module 'LUT6_2' (3#1) [C:/Xilinx/Vivado/2018.3/scripts/rt/data/unisim_comp.v:26647]
INFO: [Synth 8-6157] synthesizing module 'LUT6' [C:/Xilinx/Vivado/2018.3/scripts/rt/data/unisim_comp.v:26626]
	Parameter INIT bound to: 64'b0000000010101010000000001111111100110011110011000000111100000000 
INFO: [Synth 8-6155] done synthesizing module 'LUT6' (4#1) [C:/Xilinx/Vivado/2018.3/scripts/rt/data/unisim_comp.v:26626]
INFO: [Synth 8-6157] synthesizing module 'XORCY' [C:/Xilinx/Vivado/2018.3/scripts/rt/data/unisim_comp.v:53711]
INFO: [Synth 8-6155] done synthesizing module 'XORCY' (5#1) [C:/Xilinx/Vivado/2018.3/scripts/rt/data/unisim_comp.v:53711]
INFO: [Synth 8-6157] synthesizing module 'MUXCY' [C:/Xilinx/Vivado/2018.3/scripts/rt/data/unisim_comp.v:27571]
INFO: [Synth 8-6155] done synthesizing module 'MUXCY' (6#1) [C:/Xilinx/Vivado/2018.3/scripts/rt/data/unisim_comp.v:27571]
INFO: [Synth 8-6157] synthesizing module 'FD' [C:/Xilinx/Vivado/2018.3/scripts/rt/data/unisim_comp.v:3730]
	Parameter INIT bound to: 1'b0 
INFO: [Synth 8-6155] done synthesizing module 'FD' (7#1) [C:/Xilinx/Vivado/2018.3/scripts/rt/data/unisim_comp.v:3730]
INFO: [Synth 8-6157] synthesizing module 'FDRE' [C:/Xilinx/Vivado/2018.3/scripts/rt/data/unisim_comp.v:3971]
	Parameter INIT bound to: 1'b0 
	Parameter IS_C_INVERTED bound to: 1'b0 
	Parameter IS_D_INVERTED bound to: 1'b0 
	Parameter IS_R_INVERTED bound to: 1'b0 
INFO: [Synth 8-6155] done synthesizing module 'FDRE' (8#1) [C:/Xilinx/Vivado/2018.3/scripts/rt/data/unisim_comp.v:3971]
INFO: [Synth 8-6157] synthesizing module 'LUT6__parameterized0' [C:/Xilinx/Vivado/2018.3/scripts/rt/data/unisim_comp.v:26626]
	Parameter INIT bound to: 64'b0000000010101010000000001111111111001100110011001111000000000000 
INFO: [Synth 8-6155] done synthesizing module 'LUT6__parameterized0' (8#1) [C:/Xilinx/Vivado/2018.3/scripts/rt/data/unisim_comp.v:26626]
INFO: [Synth 8-6157] synthesizing module 'LUT6__parameterized1' [C:/Xilinx/Vivado/2018.3/scripts/rt/data/unisim_comp.v:26626]
	Parameter INIT bound to: 64'b0000000010101010000000000000000011001100110011001111000000000000 
INFO: [Synth 8-6155] done synthesizing module 'LUT6__parameterized1' (8#1) [C:/Xilinx/Vivado/2018.3/scripts/rt/data/unisim_comp.v:26626]
INFO: [Synth 8-6157] synthesizing module 'FDR' [C:/Xilinx/Vivado/2018.3/scripts/rt/data/unisim_comp.v:3958]
	Parameter INIT bound to: 1'b0 
INFO: [Synth 8-6155] done synthesizing module 'FDR' (9#1) [C:/Xilinx/Vivado/2018.3/scripts/rt/data/unisim_comp.v:3958]
INFO: [Synth 8-6157] synthesizing module 'LUT6_2__parameterized0' [C:/Xilinx/Vivado/2018.3/scripts/rt/data/unisim_comp.v:26647]
	Parameter INIT bound to: 64'b0000000000010101001010011010101010101010101010101010101010101010 
INFO: [Synth 8-6155] done synthesizing module 'LUT6_2__parameterized0' (9#1) [C:/Xilinx/Vivado/2018.3/scripts/rt/data/unisim_comp.v:26647]
INFO: [Synth 8-6157] synthesizing module 'LUT6_2__parameterized1' [C:/Xilinx/Vivado/2018.3/scripts/rt/data/unisim_comp.v:26647]
	Parameter INIT bound to: 64'b0000000000101010001001010010101010101010101010101010101010101010 
INFO: [Synth 8-6155] done synthesizing module 'LUT6_2__parameterized1' (9#1) [C:/Xilinx/Vivado/2018.3/scripts/rt/data/unisim_comp.v:26647]
INFO: [Synth 8-6157] synthesizing module 'LUT6__parameterized2' [C:/Xilinx/Vivado/2018.3/scripts/rt/data/unisim_comp.v:26626]
	Parameter INIT bound to: 64'b1011111110111100100011111000110010110011101100001000001110000000 
INFO: [Synth 8-6155] done synthesizing module 'LUT6__parameterized2' (9#1) [C:/Xilinx/Vivado/2018.3/scripts/rt/data/unisim_comp.v:26626]
INFO: [Synth 8-6157] synthesizing module 'RAM64M' [C:/Xilinx/Vivado/2018.3/scripts/rt/data/unisim_comp.v:45429]
	Parameter INIT_A bound to: 64'b0000000000000000000000000000000000000000000000000000000000000000 
	Parameter INIT_B bound to: 64'b0000000000000000000000000000000000000000000000000000000000000000 
	Parameter INIT_C bound to: 64'b0000000000000000000000000000000000000000000000000000000000000000 
	Parameter INIT_D bound to: 64'b0000000000000000000000000000000000000000000000000000000000000000 
	Parameter IS_WCLK_INVERTED bound to: 1'b0 
INFO: [Synth 8-6155] done synthesizing module 'RAM64M' (10#1) [C:/Xilinx/Vivado/2018.3/scripts/rt/data/unisim_comp.v:45429]
INFO: [Synth 8-6157] synthesizing module 'LUT6_2__parameterized2' [C:/Xilinx/Vivado/2018.3/scripts/rt/data/unisim_comp.v:26647]
	Parameter INIT bound to: 64'b0110100101101001011011101000101011001100110011000000000000000000 
INFO: [Synth 8-6155] done synthesizing module 'LUT6_2__parameterized2' (10#1) [C:/Xilinx/Vivado/2018.3/scripts/rt/data/unisim_comp.v:26647]
INFO: [Synth 8-6157] synthesizing module 'LUT6__parameterized3' [C:/Xilinx/Vivado/2018.3/scripts/rt/data/unisim_comp.v:26626]
	Parameter INIT bound to: 64'b1111111100000000111100001111000011001100110011001010101010101010 
INFO: [Synth 8-6155] done synthesizing module 'LUT6__parameterized3' (10#1) [C:/Xilinx/Vivado/2018.3/scripts/rt/data/unisim_comp.v:26626]
INFO: [Synth 8-6157] synthesizing module 'LUT6_2__parameterized3' [C:/Xilinx/Vivado/2018.3/scripts/rt/data/unisim_comp.v:26647]
	Parameter INIT bound to: 64'b1111111111111111111101010101010100000000000000000000111011101110 
INFO: [Synth 8-6155] done synthesizing module 'LUT6_2__parameterized3' (10#1) [C:/Xilinx/Vivado/2018.3/scripts/rt/data/unisim_comp.v:26647]
INFO: [Synth 8-6157] synthesizing module 'LUT6_2__parameterized4' [C:/Xilinx/Vivado/2018.3/scripts/rt/data/unisim_comp.v:26647]
	Parameter INIT bound to: 64'b0000000010000011000000000000101100000000110001000000000001001100 
INFO: [Synth 8-6155] done synthesizing module 'LUT6_2__parameterized4' (10#1) [C:/Xilinx/Vivado/2018.3/scripts/rt/data/unisim_comp.v:26647]
INFO: [Synth 8-6157] synthesizing module 'LUT6_2__parameterized5' [C:/Xilinx/Vivado/2018.3/scripts/rt/data/unisim_comp.v:26647]
	Parameter INIT bound to: 64'b0000000000010000000000000000000000000000000000000000100000000000 
INFO: [Synth 8-6155] done synthesizing module 'LUT6_2__parameterized5' (10#1) [C:/Xilinx/Vivado/2018.3/scripts/rt/data/unisim_comp.v:26647]
INFO: [Synth 8-6157] synthesizing module 'LUT6__parameterized4' [C:/Xilinx/Vivado/2018.3/scripts/rt/data/unisim_comp.v:26626]
	Parameter INIT bound to: 64'b0000000000000000000000000000000000000000000000001100101010101010 
INFO: [Synth 8-6155] done synthesizing module 'LUT6__parameterized4' (10#1) [C:/Xilinx/Vivado/2018.3/scripts/rt/data/unisim_comp.v:26626]
INFO: [Synth 8-6157] synthesizing module 'LUT6_2__parameterized6' [C:/Xilinx/Vivado/2018.3/scripts/rt/data/unisim_comp.v:26647]
	Parameter INIT bound to: 64'b1100110000110011111111110000000010000000100000001000000010000000 
INFO: [Synth 8-6155] done synthesizing module 'LUT6_2__parameterized6' (10#1) [C:/Xilinx/Vivado/2018.3/scripts/rt/data/unisim_comp.v:26647]
INFO: [Synth 8-6157] synthesizing module 'LUT6__parameterized5' [C:/Xilinx/Vivado/2018.3/scripts/rt/data/unisim_comp.v:26626]
	Parameter INIT bound to: 64'b0101101000111100111111111111111100000000000000000000000000000000 
INFO: [Synth 8-6155] done synthesizing module 'LUT6__parameterized5' (10#1) [C:/Xilinx/Vivado/2018.3/scripts/rt/data/unisim_comp.v:26626]
INFO: [Synth 8-6157] synthesizing module 'LUT6_2__parameterized7' [C:/Xilinx/Vivado/2018.3/scripts/rt/data/unisim_comp.v:26647]
	Parameter INIT bound to: 64'b0111011101110111000000100111011100000000000000000000001000000000 
INFO: [Synth 8-6155] done synthesizing module 'LUT6_2__parameterized7' (10#1) [C:/Xilinx/Vivado/2018.3/scripts/rt/data/unisim_comp.v:26647]
INFO: [Synth 8-6157] synthesizing module 'LUT6_2__parameterized8' [C:/Xilinx/Vivado/2018.3/scripts/rt/data/unisim_comp.v:26647]
	Parameter INIT bound to: 64'b0000000000000000111100000000000000000000000000000010001111111111 
INFO: [Synth 8-6155] done synthesizing module 'LUT6_2__parameterized8' (10#1) [C:/Xilinx/Vivado/2018.3/scripts/rt/data/unisim_comp.v:26647]
INFO: [Synth 8-6157] synthesizing module 'LUT6__parameterized6' [C:/Xilinx/Vivado/2018.3/scripts/rt/data/unisim_comp.v:26626]
	Parameter INIT bound to: 64'b1111111111111111111111111111111100000000000001000000000000000000 
INFO: [Synth 8-6155] done synthesizing module 'LUT6__parameterized6' (10#1) [C:/Xilinx/Vivado/2018.3/scripts/rt/data/unisim_comp.v:26626]
INFO: [Synth 8-6157] synthesizing module 'LUT6_2__parameterized9' [C:/Xilinx/Vivado/2018.3/scripts/rt/data/unisim_comp.v:26647]
	Parameter INIT bound to: 64'b1111111111111111000100000000000000000000000000000010000000000000 
INFO: [Synth 8-6155] done synthesizing module 'LUT6_2__parameterized9' (10#1) [C:/Xilinx/Vivado/2018.3/scripts/rt/data/unisim_comp.v:26647]
INFO: [Synth 8-6157] synthesizing module 'LUT6_2__parameterized10' [C:/Xilinx/Vivado/2018.3/scripts/rt/data/unisim_comp.v:26647]
	Parameter INIT bound to: 64'b0000001111001010000000000000000000000100001000000000000000000000 
INFO: [Synth 8-6155] done synthesizing module 'LUT6_2__parameterized10' (10#1) [C:/Xilinx/Vivado/2018.3/scripts/rt/data/unisim_comp.v:26647]
INFO: [Synth 8-6157] synthesizing module 'LUT6_2__parameterized11' [C:/Xilinx/Vivado/2018.3/scripts/rt/data/unisim_comp.v:26647]
	Parameter INIT bound to: 64'b0111011100001000000000000000000000000000000000000000111100000000 
INFO: [Synth 8-6155] done synthesizing module 'LUT6_2__parameterized11' (10#1) [C:/Xilinx/Vivado/2018.3/scripts/rt/data/unisim_comp.v:26647]
INFO: [Synth 8-6157] synthesizing module 'LUT6_2__parameterized12' [C:/Xilinx/Vivado/2018.3/scripts/rt/data/unisim_comp.v:26647]
	Parameter INIT bound to: 64'b1101000000000000000000000000000000000010000000000000000000000000 
INFO: [Synth 8-6155] done synthesizing module 'LUT6_2__parameterized12' (10#1) [C:/Xilinx/Vivado/2018.3/scripts/rt/data/unisim_comp.v:26647]
INFO: [Synth 8-6157] synthesizing module 'LUT6_2__parameterized13' [C:/Xilinx/Vivado/2018.3/scripts/rt/data/unisim_comp.v:26647]
	Parameter INIT bound to: 64'b0000000000000001001111110011111100000000000100001111011111001110 
INFO: [Synth 8-6155] done synthesizing module 'LUT6_2__parameterized13' (10#1) [C:/Xilinx/Vivado/2018.3/scripts/rt/data/unisim_comp.v:26647]
INFO: [Synth 8-6157] synthesizing module 'LUT6_2__parameterized14' [C:/Xilinx/Vivado/2018.3/scripts/rt/data/unisim_comp.v:26647]
	Parameter INIT bound to: 64'b1100000011001100000000000000000010100000101010100000000000000000 
INFO: [Synth 8-6155] done synthesizing module 'LUT6_2__parameterized14' (10#1) [C:/Xilinx/Vivado/2018.3/scripts/rt/data/unisim_comp.v:26647]
INFO: [Synth 8-6157] synthesizing module 'LUT6_2__parameterized15' [C:/Xilinx/Vivado/2018.3/scripts/rt/data/unisim_comp.v:26647]
	Parameter INIT bound to: 64'b1000000000000000000000000000000000100000000000000000000000000000 
INFO: [Synth 8-6155] done synthesizing module 'LUT6_2__parameterized15' (10#1) [C:/Xilinx/Vivado/2018.3/scripts/rt/data/unisim_comp.v:26647]
INFO: [Synth 8-6157] synthesizing module 'LUT6_2__parameterized16' [C:/Xilinx/Vivado/2018.3/scripts/rt/data/unisim_comp.v:26647]
	Parameter INIT bound to: 64'b0100000000000000000000000000000000000001000000000000000000000000 
INFO: [Synth 8-6155] done synthesizing module 'LUT6_2__parameterized16' (10#1) [C:/Xilinx/Vivado/2018.3/scripts/rt/data/unisim_comp.v:26647]
INFO: [Synth 8-6157] synthesizing module 'LUT6__parameterized7' [C:/Xilinx/Vivado/2018.3/scripts/rt/data/unisim_comp.v:26626]
	Parameter INIT bound to: 64'b0000000010000000000000100000000000000000000000000000000000000000 
INFO: [Synth 8-6155] done synthesizing module 'LUT6__parameterized7' (10#1) [C:/Xilinx/Vivado/2018.3/scripts/rt/data/unisim_comp.v:26626]
INFO: [Synth 8-6157] synthesizing module 'LUT6__parameterized8' [C:/Xilinx/Vivado/2018.3/scripts/rt/data/unisim_comp.v:26626]
	Parameter INIT bound to: 64'b1010110010101100111111110000000011111111000000001111111100000000 
INFO: [Synth 8-6155] done synthesizing module 'LUT6__parameterized8' (10#1) [C:/Xilinx/Vivado/2018.3/scripts/rt/data/unisim_comp.v:26626]
INFO: [Synth 8-6157] synthesizing module 'LUT6_2__parameterized17' [C:/Xilinx/Vivado/2018.3/scripts/rt/data/unisim_comp.v:26647]
	Parameter INIT bound to: 64'b0000000000000000000000000000000010000111011110000000000000000000 
INFO: [Synth 8-6155] done synthesizing module 'LUT6_2__parameterized17' (10#1) [C:/Xilinx/Vivado/2018.3/scripts/rt/data/unisim_comp.v:26647]
INFO: [Synth 8-6157] synthesizing module 'LUT6__parameterized9' [C:/Xilinx/Vivado/2018.3/scripts/rt/data/unisim_comp.v:26626]
	Parameter INIT bound to: 64'b0110100110010110100101100110100110010110011010010110100110010110 
INFO: [Synth 8-6155] done synthesizing module 'LUT6__parameterized9' (10#1) [C:/Xilinx/Vivado/2018.3/scripts/rt/data/unisim_comp.v:26626]
INFO: [Synth 8-6157] synthesizing module 'LUT6__parameterized10' [C:/Xilinx/Vivado/2018.3/scripts/rt/data/unisim_comp.v:26626]
	Parameter INIT bound to: 64'b1111111111111111101010101100110011110000111100001111000011110000 
INFO: [Synth 8-6155] done synthesizing module 'LUT6__parameterized10' (10#1) [C:/Xilinx/Vivado/2018.3/scripts/rt/data/unisim_comp.v:26626]
INFO: [Synth 8-6157] synthesizing module 'LUT6_2__parameterized18' [C:/Xilinx/Vivado/2018.3/scripts/rt/data/unisim_comp.v:26647]
	Parameter INIT bound to: 64'b0011001100110011101010101100110011110000101010100000000000000000 
INFO: [Synth 8-6155] done synthesizing module 'LUT6_2__parameterized18' (10#1) [C:/Xilinx/Vivado/2018.3/scripts/rt/data/unisim_comp.v:26647]
INFO: [Synth 8-6157] synthesizing module 'LUT6_2__parameterized19' [C:/Xilinx/Vivado/2018.3/scripts/rt/data/unisim_comp.v:26647]
	Parameter INIT bound to: 64'b1010001010000000000000000000000000000000111100000000000011110000 
INFO: [Synth 8-6155] done synthesizing module 'LUT6_2__parameterized19' (10#1) [C:/Xilinx/Vivado/2018.3/scripts/rt/data/unisim_comp.v:26647]
INFO: [Synth 8-6157] synthesizing module 'LUT6_2__parameterized20' [C:/Xilinx/Vivado/2018.3/scripts/rt/data/unisim_comp.v:26647]
	Parameter INIT bound to: 64'b0000000000000000000000000000000000000000000000000000000000000001 
INFO: [Synth 8-6155] done synthesizing module 'LUT6_2__parameterized20' (10#1) [C:/Xilinx/Vivado/2018.3/scripts/rt/data/unisim_comp.v:26647]
INFO: [Synth 8-6157] synthesizing module 'LUT6_2__parameterized21' [C:/Xilinx/Vivado/2018.3/scripts/rt/data/unisim_comp.v:26647]
	Parameter INIT bound to: 64'b0000000000000000000000000000110100000000000000000000000000000000 
INFO: [Synth 8-6155] done synthesizing module 'LUT6_2__parameterized21' (10#1) [C:/Xilinx/Vivado/2018.3/scripts/rt/data/unisim_comp.v:26647]
INFO: [Synth 8-6157] synthesizing module 'LUT6__parameterized11' [C:/Xilinx/Vivado/2018.3/scripts/rt/data/unisim_comp.v:26626]
	Parameter INIT bound to: 64'b1111101111111111000000000000000000000000000000000000000000000000 
INFO: [Synth 8-6155] done synthesizing module 'LUT6__parameterized11' (10#1) [C:/Xilinx/Vivado/2018.3/scripts/rt/data/unisim_comp.v:26626]
INFO: [Synth 8-6157] synthesizing module 'RAM32M' [C:/Xilinx/Vivado/2018.3/scripts/rt/data/unisim_comp.v:45120]
	Parameter INIT_A bound to: 64'b0000000000000000000000000000000000000000000000000000000000000000 
	Parameter INIT_B bound to: 64'b0000000000000000000000000000000000000000000000000000000000000000 
	Parameter INIT_C bound to: 64'b0000000000000000000000000000000000000000000000000000000000000000 
	Parameter INIT_D bound to: 64'b0000000000000000000000000000000000000000000000000000000000000000 
	Parameter IS_WCLK_INVERTED bound to: 1'b0 
INFO: [Synth 8-6155] done synthesizing module 'RAM32M' (11#1) [C:/Xilinx/Vivado/2018.3/scripts/rt/data/unisim_comp.v:45120]
INFO: [Synth 8-6155] done synthesizing module 'kcpsm6' (12#1) [C:/Users/lebray/Vivado-Workflow-Scripts/Lab8/T1/kcpsm6.v:77]
INFO: [Synth 8-6157] synthesizing module 'btn_rom' [C:/Users/lebray/Vivado-Workflow-Scripts/Lab8/T1/btn_rom.v:104]
	Parameter C_JTAG_LOADER_ENABLE bound to: 1 - type: integer 
	Parameter C_FAMILY bound to: 7S - type: string 
	Parameter C_RAM_SIZE_KWORDS bound to: 1 - type: integer 
	Parameter BRAM_ADDRESS_WIDTH bound to: 10 - type: integer 
INFO: [Synth 8-6157] synthesizing module 'RAMB18E1' [C:/Xilinx/Vivado/2018.3/scripts/rt/data/unisim_comp.v:49848]
	Parameter DOA_REG bound to: 0 - type: integer 
	Parameter DOB_REG bound to: 0 - type: integer 
	Parameter INITP_00 bound to: 256'b0010001101100011011000110110001101100011011000110110001101100011011000110110001101100011011000110110001101100011011000110110100010001000100010100011000001110110100010101000011010100010101000010000110101001000100100001100101011000010001101100000101010101010 
	Parameter INITP_01 bound to: 256'b0000000000000000000000000000000000000000000000000000000000000000000000000000000000000000000000000000000000000000000000000000000000000000000000000000000000000000000000000000000000001011010101011101000010100100100100100100101010000010101000001001010101100010 
	Parameter INITP_02 bound to: 256'b0000000000000000000000000000000000000000000000000000000000000000000000000000000000000000000000000000000000000000000000000000000000000000000000000000000000000000000000000000000000000000000000000000000000000000000000000000000000000000000000000000000000000000 
	Parameter INITP_03 bound to: 256'b0000000000000000000000000000000000000000000000000000000000000000000000000000000000000000000000000000000000000000000000000000000000000000000000000000000000000000000000000000000000000000000000000000000000000000000000000000000000000000000000000000000000000000 
	Parameter INITP_04 bound to: 256'b0000000000000000000000000000000000000000000000000000000000000000000000000000000000000000000000000000000000000000000000000000000000000000000000000000000000000000000000000000000000000000000000000000000000000000000000000000000000000000000000000000000000000000 
	Parameter INITP_05 bound to: 256'b0000000000000000000000000000000000000000000000000000000000000000000000000000000000000000000000000000000000000000000000000000000000000000000000000000000000000000000000000000000000000000000000000000000000000000000000000000000000000000000000000000000000000000 
	Parameter INITP_06 bound to: 256'b0000000000000000000000000000000000000000000000000000000000000000000000000000000000000000000000000000000000000000000000000000000000000000000000000000000000000000000000000000000000000000000000000000000000000000000000000000000000000000000000000000000000000000 
	Parameter INITP_07 bound to: 256'b0000000000000000000000000000000000000000000000000000000000000000000000000000000000000000000000000000000000000000000000000000000000000000000000000000000000000000000000000000000000000000000000000000000000000000000000000000000000000000000000000000000000000000 
	Parameter INIT_00 bound to: 256'b0010000000010010110100110000000110010011000000000101000000000000000111110000000001100000000010001001001000000001111000000010000000010000000000000001001001000000001000000000000100000000001110100000000000011010000000001000100000000000000011010000000000000110 
	Parameter INIT_01 bound to: 256'b0001000100000000000101100000100010100000000111111101011000001000010001100000011010010110000000010101000000000000011111110000001011100000000100000000000111110000000100010000000010010000000000010010000000011001110100110000001000100000000110010000000000000110 
	Parameter INIT_02 bound to: 256'b0000000010000011101000000001000011110000000100100000000001000011000000001000000110100000000100000001000100000001111100000001000100000000010000110000000010000011101000000001000011110000000100000000000001000011000000001000000110100000011000000000000101100000 
	Parameter INIT_03 bound to: 256'b1101000000000010101100000001001011010000000000011011000000010001110100000000000010110000000100000101000000000000111100000001001100110000011111110010000000111000110101100000000110100110000100000001000100000001011000000011100011010110000010000000000001000011 
	Parameter INIT_04 bound to: 256'b1101000000000011001000001000000000010000101001000110000001001111110100000000001000100000100000000001000011111001011000000100101111010000000000010010000010000000000100001100000001100000010001111101000000000000010100000000000011010000000000111011000000010011 
	Parameter INIT_05 bound to: 256'b1101000000000111001000001000000000010000100000100110000001011111110100000000011000100000100000000001000010010010011000000101101111010000000001010010000010000000000100001001100101100000010101111101000000000100001000001000000000010000101100000110000001010011 
	Parameter INIT_06 bound to: 256'b1101000000001011001000001000000000010000100010000110000001101111110100000000101000100000100000000001000010010000011000000110101111010000000010010010000010000000000100001000000001100000011001111101000000001000001000001000000000010000111110000110000001100011 
	Parameter INIT_07 bound to: 256'b0001000010001110001000001000000000010000100001100110000001111111110100000000111000100000100000000001000010100001011000000111101111010000000011010010000010000000000100001100011001100000011101111101000000001100001000001000000000010000100000110110000001110011 
	Parameter INIT_08 bound to: 256'b0000000010011100101101000000001010110011000000101111010100000101111101100000010000000000100111001011010000000000101100110000000001010000000000000100000000001110010000000000111001000000000011100100000000001110010100000000000000110000000011110101000000000000 
	Parameter INIT_09 bound to: 256'b1110000010100001010001000000111000010010000010000001010100000000010100000000000011110000000010100011000000000000000100000000000011110000000010010010000001010000101100000000010111110000000010000000000001100000101100000000010011110101000001111111011000000110 
	Parameter INIT_0A bound to: 256'b0000000000000000000000000000000000000000000000000000000000000000000000000000000000000000000000000000000000000000000000000000000000000000000000000000000000000000010100000000000001100000100111101001001000000001010001100000100001000101000010000000010100110000 
	Parameter INIT_0B bound to: 256'b0000000000000000000000000000000000000000000000000000000000000000000000000000000000000000000000000000000000000000000000000000000000000000000000000000000000000000000000000000000000000000000000000000000000000000000000000000000000000000000000000000000000000000 
	Parameter INIT_0C bound to: 256'b0000000000000000000000000000000000000000000000000000000000000000000000000000000000000000000000000000000000000000000000000000000000000000000000000000000000000000000000000000000000000000000000000000000000000000000000000000000000000000000000000000000000000000 
	Parameter INIT_0D bound to: 256'b0000000000000000000000000000000000000000000000000000000000000000000000000000000000000000000000000000000000000000000000000000000000000000000000000000000000000000000000000000000000000000000000000000000000000000000000000000000000000000000000000000000000000000 
	Parameter INIT_0E bound to: 256'b0000000000000000000000000000000000000000000000000000000000000000000000000000000000000000000000000000000000000000000000000000000000000000000000000000000000000000000000000000000000000000000000000000000000000000000000000000000000000000000000000000000000000000 
	Parameter INIT_0F bound to: 256'b0000000000000000000000000000000000000000000000000000000000000000000000000000000000000000000000000000000000000000000000000000000000000000000000000000000000000000000000000000000000000000000000000000000000000000000000000000000000000000000000000000000000000000 
	Parameter INIT_10 bound to: 256'b0000000000000000000000000000000000000000000000000000000000000000000000000000000000000000000000000000000000000000000000000000000000000000000000000000000000000000000000000000000000000000000000000000000000000000000000000000000000000000000000000000000000000000 
	Parameter INIT_11 bound to: 256'b0000000000000000000000000000000000000000000000000000000000000000000000000000000000000000000000000000000000000000000000000000000000000000000000000000000000000000000000000000000000000000000000000000000000000000000000000000000000000000000000000000000000000000 
	Parameter INIT_12 bound to: 256'b0000000000000000000000000000000000000000000000000000000000000000000000000000000000000000000000000000000000000000000000000000000000000000000000000000000000000000000000000000000000000000000000000000000000000000000000000000000000000000000000000000000000000000 
	Parameter INIT_13 bound to: 256'b0000000000000000000000000000000000000000000000000000000000000000000000000000000000000000000000000000000000000000000000000000000000000000000000000000000000000000000000000000000000000000000000000000000000000000000000000000000000000000000000000000000000000000 
	Parameter INIT_14 bound to: 256'b0000000000000000000000000000000000000000000000000000000000000000000000000000000000000000000000000000000000000000000000000000000000000000000000000000000000000000000000000000000000000000000000000000000000000000000000000000000000000000000000000000000000000000 
	Parameter INIT_15 bound to: 256'b0000000000000000000000000000000000000000000000000000000000000000000000000000000000000000000000000000000000000000000000000000000000000000000000000000000000000000000000000000000000000000000000000000000000000000000000000000000000000000000000000000000000000000 
	Parameter INIT_16 bound to: 256'b0000000000000000000000000000000000000000000000000000000000000000000000000000000000000000000000000000000000000000000000000000000000000000000000000000000000000000000000000000000000000000000000000000000000000000000000000000000000000000000000000000000000000000 
	Parameter INIT_17 bound to: 256'b0000000000000000000000000000000000000000000000000000000000000000000000000000000000000000000000000000000000000000000000000000000000000000000000000000000000000000000000000000000000000000000000000000000000000000000000000000000000000000000000000000000000000000 
	Parameter INIT_18 bound to: 256'b0000000000000000000000000000000000000000000000000000000000000000000000000000000000000000000000000000000000000000000000000000000000000000000000000000000000000000000000000000000000000000000000000000000000000000000000000000000000000000000000000000000000000000 
	Parameter INIT_19 bound to: 256'b0000000000000000000000000000000000000000000000000000000000000000000000000000000000000000000000000000000000000000000000000000000000000000000000000000000000000000000000000000000000000000000000000000000000000000000000000000000000000000000000000000000000000000 
	Parameter INIT_1A bound to: 256'b0000000000000000000000000000000000000000000000000000000000000000000000000000000000000000000000000000000000000000000000000000000000000000000000000000000000000000000000000000000000000000000000000000000000000000000000000000000000000000000000000000000000000000 
	Parameter INIT_1B bound to: 256'b0000000000000000000000000000000000000000000000000000000000000000000000000000000000000000000000000000000000000000000000000000000000000000000000000000000000000000000000000000000000000000000000000000000000000000000000000000000000000000000000000000000000000000 
	Parameter INIT_1C bound to: 256'b0000000000000000000000000000000000000000000000000000000000000000000000000000000000000000000000000000000000000000000000000000000000000000000000000000000000000000000000000000000000000000000000000000000000000000000000000000000000000000000000000000000000000000 
	Parameter INIT_1D bound to: 256'b0000000000000000000000000000000000000000000000000000000000000000000000000000000000000000000000000000000000000000000000000000000000000000000000000000000000000000000000000000000000000000000000000000000000000000000000000000000000000000000000000000000000000000 
	Parameter INIT_1E bound to: 256'b0000000000000000000000000000000000000000000000000000000000000000000000000000000000000000000000000000000000000000000000000000000000000000000000000000000000000000000000000000000000000000000000000000000000000000000000000000000000000000000000000000000000000000 
	Parameter INIT_1F bound to: 256'b0000000000000000000000000000000000000000000000000000000000000000000000000000000000000000000000000000000000000000000000000000000000000000000000000000000000000000000000000000000000000000000000000000000000000000000000000000000000000000000000000000000000000000 
	Parameter INIT_20 bound to: 256'b0000000000000000000000000000000000000000000000000000000000000000000000000000000000000000000000000000000000000000000000000000000000000000000000000000000000000000000000000000000000000000000000000000000000000000000000000000000000000000000000000000000000000000 
	Parameter INIT_21 bound to: 256'b0000000000000000000000000000000000000000000000000000000000000000000000000000000000000000000000000000000000000000000000000000000000000000000000000000000000000000000000000000000000000000000000000000000000000000000000000000000000000000000000000000000000000000 
	Parameter INIT_22 bound to: 256'b0000000000000000000000000000000000000000000000000000000000000000000000000000000000000000000000000000000000000000000000000000000000000000000000000000000000000000000000000000000000000000000000000000000000000000000000000000000000000000000000000000000000000000 
	Parameter INIT_23 bound to: 256'b0000000000000000000000000000000000000000000000000000000000000000000000000000000000000000000000000000000000000000000000000000000000000000000000000000000000000000000000000000000000000000000000000000000000000000000000000000000000000000000000000000000000000000 
	Parameter INIT_24 bound to: 256'b0000000000000000000000000000000000000000000000000000000000000000000000000000000000000000000000000000000000000000000000000000000000000000000000000000000000000000000000000000000000000000000000000000000000000000000000000000000000000000000000000000000000000000 
	Parameter INIT_25 bound to: 256'b0000000000000000000000000000000000000000000000000000000000000000000000000000000000000000000000000000000000000000000000000000000000000000000000000000000000000000000000000000000000000000000000000000000000000000000000000000000000000000000000000000000000000000 
	Parameter INIT_26 bound to: 256'b0000000000000000000000000000000000000000000000000000000000000000000000000000000000000000000000000000000000000000000000000000000000000000000000000000000000000000000000000000000000000000000000000000000000000000000000000000000000000000000000000000000000000000 
	Parameter INIT_27 bound to: 256'b0000000000000000000000000000000000000000000000000000000000000000000000000000000000000000000000000000000000000000000000000000000000000000000000000000000000000000000000000000000000000000000000000000000000000000000000000000000000000000000000000000000000000000 
	Parameter INIT_28 bound to: 256'b0000000000000000000000000000000000000000000000000000000000000000000000000000000000000000000000000000000000000000000000000000000000000000000000000000000000000000000000000000000000000000000000000000000000000000000000000000000000000000000000000000000000000000 
	Parameter INIT_29 bound to: 256'b0000000000000000000000000000000000000000000000000000000000000000000000000000000000000000000000000000000000000000000000000000000000000000000000000000000000000000000000000000000000000000000000000000000000000000000000000000000000000000000000000000000000000000 
	Parameter INIT_2A bound to: 256'b0000000000000000000000000000000000000000000000000000000000000000000000000000000000000000000000000000000000000000000000000000000000000000000000000000000000000000000000000000000000000000000000000000000000000000000000000000000000000000000000000000000000000000 
	Parameter INIT_2B bound to: 256'b0000000000000000000000000000000000000000000000000000000000000000000000000000000000000000000000000000000000000000000000000000000000000000000000000000000000000000000000000000000000000000000000000000000000000000000000000000000000000000000000000000000000000000 
	Parameter INIT_2C bound to: 256'b0000000000000000000000000000000000000000000000000000000000000000000000000000000000000000000000000000000000000000000000000000000000000000000000000000000000000000000000000000000000000000000000000000000000000000000000000000000000000000000000000000000000000000 
	Parameter INIT_2D bound to: 256'b0000000000000000000000000000000000000000000000000000000000000000000000000000000000000000000000000000000000000000000000000000000000000000000000000000000000000000000000000000000000000000000000000000000000000000000000000000000000000000000000000000000000000000 
	Parameter INIT_2E bound to: 256'b0000000000000000000000000000000000000000000000000000000000000000000000000000000000000000000000000000000000000000000000000000000000000000000000000000000000000000000000000000000000000000000000000000000000000000000000000000000000000000000000000000000000000000 
	Parameter INIT_2F bound to: 256'b0000000000000000000000000000000000000000000000000000000000000000000000000000000000000000000000000000000000000000000000000000000000000000000000000000000000000000000000000000000000000000000000000000000000000000000000000000000000000000000000000000000000000000 
	Parameter INIT_30 bound to: 256'b0000000000000000000000000000000000000000000000000000000000000000000000000000000000000000000000000000000000000000000000000000000000000000000000000000000000000000000000000000000000000000000000000000000000000000000000000000000000000000000000000000000000000000 
	Parameter INIT_31 bound to: 256'b0000000000000000000000000000000000000000000000000000000000000000000000000000000000000000000000000000000000000000000000000000000000000000000000000000000000000000000000000000000000000000000000000000000000000000000000000000000000000000000000000000000000000000 
	Parameter INIT_32 bound to: 256'b0000000000000000000000000000000000000000000000000000000000000000000000000000000000000000000000000000000000000000000000000000000000000000000000000000000000000000000000000000000000000000000000000000000000000000000000000000000000000000000000000000000000000000 
	Parameter INIT_33 bound to: 256'b0000000000000000000000000000000000000000000000000000000000000000000000000000000000000000000000000000000000000000000000000000000000000000000000000000000000000000000000000000000000000000000000000000000000000000000000000000000000000000000000000000000000000000 
	Parameter INIT_34 bound to: 256'b0000000000000000000000000000000000000000000000000000000000000000000000000000000000000000000000000000000000000000000000000000000000000000000000000000000000000000000000000000000000000000000000000000000000000000000000000000000000000000000000000000000000000000 
	Parameter INIT_35 bound to: 256'b0000000000000000000000000000000000000000000000000000000000000000000000000000000000000000000000000000000000000000000000000000000000000000000000000000000000000000000000000000000000000000000000000000000000000000000000000000000000000000000000000000000000000000 
	Parameter INIT_36 bound to: 256'b0000000000000000000000000000000000000000000000000000000000000000000000000000000000000000000000000000000000000000000000000000000000000000000000000000000000000000000000000000000000000000000000000000000000000000000000000000000000000000000000000000000000000000 
	Parameter INIT_37 bound to: 256'b0000000000000000000000000000000000000000000000000000000000000000000000000000000000000000000000000000000000000000000000000000000000000000000000000000000000000000000000000000000000000000000000000000000000000000000000000000000000000000000000000000000000000000 
	Parameter INIT_38 bound to: 256'b0000000000000000000000000000000000000000000000000000000000000000000000000000000000000000000000000000000000000000000000000000000000000000000000000000000000000000000000000000000000000000000000000000000000000000000000000000000000000000000000000000000000000000 
	Parameter INIT_39 bound to: 256'b0000000000000000000000000000000000000000000000000000000000000000000000000000000000000000000000000000000000000000000000000000000000000000000000000000000000000000000000000000000000000000000000000000000000000000000000000000000000000000000000000000000000000000 
	Parameter INIT_3A bound to: 256'b0000000000000000000000000000000000000000000000000000000000000000000000000000000000000000000000000000000000000000000000000000000000000000000000000000000000000000000000000000000000000000000000000000000000000000000000000000000000000000000000000000000000000000 
	Parameter INIT_3B bound to: 256'b0000000000000000000000000000000000000000000000000000000000000000000000000000000000000000000000000000000000000000000000000000000000000000000000000000000000000000000000000000000000000000000000000000000000000000000000000000000000000000000000000000000000000000 
	Parameter INIT_3C bound to: 256'b0000000000000000000000000000000000000000000000000000000000000000000000000000000000000000000000000000000000000000000000000000000000000000000000000000000000000000000000000000000000000000000000000000000000000000000000000000000000000000000000000000000000000000 
	Parameter INIT_3D bound to: 256'b0000000000000000000000000000000000000000000000000000000000000000000000000000000000000000000000000000000000000000000000000000000000000000000000000000000000000000000000000000000000000000000000000000000000000000000000000000000000000000000000000000000000000000 
	Parameter INIT_3E bound to: 256'b0000000000000000000000000000000000000000000000000000000000000000000000000000000000000000000000000000000000000000000000000000000000000000000000000000000000000000000000000000000000000000000000000000000000000000000000000000000000000000000000000000000000000000 
	Parameter INIT_3F bound to: 256'b0000000000000000000000000000000000000000000000000000000000000000000000000000000000000000000000000000000000000000000000000000000000000000000000000000000000000000000000000000000000000000000000000000000000000000000000000000000000000000000000000000000000000000 
	Parameter INIT_A bound to: 18'b000000000000000000 
	Parameter INIT_B bound to: 18'b000000000000000000 
	Parameter INIT_FILE bound to: NONE - type: string 
	Parameter IS_CLKARDCLK_INVERTED bound to: 1'b0 
	Parameter IS_CLKBWRCLK_INVERTED bound to: 1'b0 
	Parameter IS_ENARDEN_INVERTED bound to: 1'b0 
	Parameter IS_ENBWREN_INVERTED bound to: 1'b0 
	Parameter IS_RSTRAMARSTRAM_INVERTED bound to: 1'b0 
	Parameter IS_RSTRAMB_INVERTED bound to: 1'b0 
	Parameter IS_RSTREGARSTREG_INVERTED bound to: 1'b0 
	Parameter IS_RSTREGB_INVERTED bound to: 1'b0 
	Parameter RAM_MODE bound to: TDP - type: string 
	Parameter RDADDR_COLLISION_HWCONFIG bound to: DELAYED_WRITE - type: string 
	Parameter READ_WIDTH_A bound to: 18 - type: integer 
	Parameter READ_WIDTH_B bound to: 18 - type: integer 
	Parameter RSTREG_PRIORITY_A bound to: REGCE - type: string 
	Parameter RSTREG_PRIORITY_B bound to: REGCE - type: string 
	Parameter SIM_COLLISION_CHECK bound to: ALL - type: string 
	Parameter SIM_DEVICE bound to: 7SERIES - type: string 
	Parameter SRVAL_A bound to: 18'b000000000000000000 
	Parameter SRVAL_B bound to: 18'b000000000000000000 
	Parameter WRITE_MODE_A bound to: WRITE_FIRST - type: string 
	Parameter WRITE_MODE_B bound to: WRITE_FIRST - type: string 
	Parameter WRITE_WIDTH_A bound to: 18 - type: integer 
	Parameter WRITE_WIDTH_B bound to: 18 - type: integer 
INFO: [Synth 8-6155] done synthesizing module 'RAMB18E1' (13#1) [C:/Xilinx/Vivado/2018.3/scripts/rt/data/unisim_comp.v:49848]
INFO: [Synth 8-6157] synthesizing module 'jtag_loader_6' [C:/Users/lebray/Vivado-Workflow-Scripts/Lab8/T1/btn_rom.v:2897]
	Parameter C_JTAG_LOADER_ENABLE bound to: 1 - type: integer 
	Parameter C_FAMILY bound to: 7S - type: string 
	Parameter C_NUM_PICOBLAZE bound to: 1 - type: integer 
	Parameter C_BRAM_MAX_ADDR_WIDTH bound to: 10 - type: integer 
	Parameter C_PICOBLAZE_INSTRUCTION_DATA_WIDTH bound to: 18 - type: integer 
	Parameter C_JTAG_CHAIN bound to: 2 - type: integer 
	Parameter C_ADDR_WIDTH_0 bound to: 10 - type: integer 
	Parameter C_ADDR_WIDTH_1 bound to: 5'b01010 
	Parameter C_ADDR_WIDTH_2 bound to: 5'b01010 
	Parameter C_ADDR_WIDTH_3 bound to: 5'b01010 
	Parameter C_ADDR_WIDTH_4 bound to: 5'b01010 
	Parameter C_ADDR_WIDTH_5 bound to: 5'b01010 
	Parameter C_ADDR_WIDTH_6 bound to: 5'b01010 
	Parameter C_ADDR_WIDTH_7 bound to: 5'b01010 
INFO: [Synth 8-6157] synthesizing module 'BSCANE2' [C:/Xilinx/Vivado/2018.3/scripts/rt/data/unisim_comp.v:424]
	Parameter DISABLE_JTAG bound to: FALSE - type: string 
	Parameter JTAG_CHAIN bound to: 2 - type: integer 
INFO: [Synth 8-6155] done synthesizing module 'BSCANE2' (14#1) [C:/Xilinx/Vivado/2018.3/scripts/rt/data/unisim_comp.v:424]
INFO: [Synth 8-6157] synthesizing module 'BUFG' [C:/Xilinx/Vivado/2018.3/scripts/rt/data/unisim_comp.v:609]
INFO: [Synth 8-6155] done synthesizing module 'BUFG' (15#1) [C:/Xilinx/Vivado/2018.3/scripts/rt/data/unisim_comp.v:609]
INFO: [Synth 8-6155] done synthesizing module 'jtag_loader_6' (16#1) [C:/Users/lebray/Vivado-Workflow-Scripts/Lab8/T1/btn_rom.v:2897]
INFO: [Synth 8-6155] done synthesizing module 'btn_rom' (17#1) [C:/Users/lebray/Vivado-Workflow-Scripts/Lab8/T1/btn_rom.v:104]
INFO: [Synth 8-6155] done synthesizing module 'pico_btn_top' (18#1) [C:/Users/lebray/Vivado-Workflow-Scripts/Lab8/T1/pico_btn_top.v:13]
WARNING: [Synth 8-3331] design jtag_loader_6 has unconnected port jtag_dout_1[17]
WARNING: [Synth 8-3331] design jtag_loader_6 has unconnected port jtag_dout_1[16]
WARNING: [Synth 8-3331] design jtag_loader_6 has unconnected port jtag_dout_1[15]
WARNING: [Synth 8-3331] design jtag_loader_6 has unconnected port jtag_dout_1[14]
WARNING: [Synth 8-3331] design jtag_loader_6 has unconnected port jtag_dout_1[13]
WARNING: [Synth 8-3331] design jtag_loader_6 has unconnected port jtag_dout_1[12]
WARNING: [Synth 8-3331] design jtag_loader_6 has unconnected port jtag_dout_1[11]
WARNING: [Synth 8-3331] design jtag_loader_6 has unconnected port jtag_dout_1[10]
WARNING: [Synth 8-3331] design jtag_loader_6 has unconnected port jtag_dout_1[9]
WARNING: [Synth 8-3331] design jtag_loader_6 has unconnected port jtag_dout_1[8]
WARNING: [Synth 8-3331] design jtag_loader_6 has unconnected port jtag_dout_1[7]
WARNING: [Synth 8-3331] design jtag_loader_6 has unconnected port jtag_dout_1[6]
WARNING: [Synth 8-3331] design jtag_loader_6 has unconnected port jtag_dout_1[5]
WARNING: [Synth 8-3331] design jtag_loader_6 has unconnected port jtag_dout_1[4]
WARNING: [Synth 8-3331] design jtag_loader_6 has unconnected port jtag_dout_1[3]
WARNING: [Synth 8-3331] design jtag_loader_6 has unconnected port jtag_dout_1[2]
WARNING: [Synth 8-3331] design jtag_loader_6 has unconnected port jtag_dout_1[1]
WARNING: [Synth 8-3331] design jtag_loader_6 has unconnected port jtag_dout_1[0]
WARNING: [Synth 8-3331] design jtag_loader_6 has unconnected port jtag_dout_2[17]
WARNING: [Synth 8-3331] design jtag_loader_6 has unconnected port jtag_dout_2[16]
WARNING: [Synth 8-3331] design jtag_loader_6 has unconnected port jtag_dout_2[15]
WARNING: [Synth 8-3331] design jtag_loader_6 has unconnected port jtag_dout_2[14]
WARNING: [Synth 8-3331] design jtag_loader_6 has unconnected port jtag_dout_2[13]
WARNING: [Synth 8-3331] design jtag_loader_6 has unconnected port jtag_dout_2[12]
WARNING: [Synth 8-3331] design jtag_loader_6 has unconnected port jtag_dout_2[11]
WARNING: [Synth 8-3331] design jtag_loader_6 has unconnected port jtag_dout_2[10]
WARNING: [Synth 8-3331] design jtag_loader_6 has unconnected port jtag_dout_2[9]
WARNING: [Synth 8-3331] design jtag_loader_6 has unconnected port jtag_dout_2[8]
WARNING: [Synth 8-3331] design jtag_loader_6 has unconnected port jtag_dout_2[7]
WARNING: [Synth 8-3331] design jtag_loader_6 has unconnected port jtag_dout_2[6]
WARNING: [Synth 8-3331] design jtag_loader_6 has unconnected port jtag_dout_2[5]
WARNING: [Synth 8-3331] design jtag_loader_6 has unconnected port jtag_dout_2[4]
WARNING: [Synth 8-3331] design jtag_loader_6 has unconnected port jtag_dout_2[3]
WARNING: [Synth 8-3331] design jtag_loader_6 has unconnected port jtag_dout_2[2]
WARNING: [Synth 8-3331] design jtag_loader_6 has unconnected port jtag_dout_2[1]
WARNING: [Synth 8-3331] design jtag_loader_6 has unconnected port jtag_dout_2[0]
WARNING: [Synth 8-3331] design jtag_loader_6 has unconnected port jtag_dout_3[17]
WARNING: [Synth 8-3331] design jtag_loader_6 has unconnected port jtag_dout_3[16]
WARNING: [Synth 8-3331] design jtag_loader_6 has unconnected port jtag_dout_3[15]
WARNING: [Synth 8-3331] design jtag_loader_6 has unconnected port jtag_dout_3[14]
WARNING: [Synth 8-3331] design jtag_loader_6 has unconnected port jtag_dout_3[13]
WARNING: [Synth 8-3331] design jtag_loader_6 has unconnected port jtag_dout_3[12]
WARNING: [Synth 8-3331] design jtag_loader_6 has unconnected port jtag_dout_3[11]
WARNING: [Synth 8-3331] design jtag_loader_6 has unconnected port jtag_dout_3[10]
WARNING: [Synth 8-3331] design jtag_loader_6 has unconnected port jtag_dout_3[9]
WARNING: [Synth 8-3331] design jtag_loader_6 has unconnected port jtag_dout_3[8]
WARNING: [Synth 8-3331] design jtag_loader_6 has unconnected port jtag_dout_3[7]
WARNING: [Synth 8-3331] design jtag_loader_6 has unconnected port jtag_dout_3[6]
WARNING: [Synth 8-3331] design jtag_loader_6 has unconnected port jtag_dout_3[5]
WARNING: [Synth 8-3331] design jtag_loader_6 has unconnected port jtag_dout_3[4]
WARNING: [Synth 8-3331] design jtag_loader_6 has unconnected port jtag_dout_3[3]
WARNING: [Synth 8-3331] design jtag_loader_6 has unconnected port jtag_dout_3[2]
WARNING: [Synth 8-3331] design jtag_loader_6 has unconnected port jtag_dout_3[1]
WARNING: [Synth 8-3331] design jtag_loader_6 has unconnected port jtag_dout_3[0]
WARNING: [Synth 8-3331] design jtag_loader_6 has unconnected port jtag_dout_4[17]
WARNING: [Synth 8-3331] design jtag_loader_6 has unconnected port jtag_dout_4[16]
WARNING: [Synth 8-3331] design jtag_loader_6 has unconnected port jtag_dout_4[15]
WARNING: [Synth 8-3331] design jtag_loader_6 has unconnected port jtag_dout_4[14]
WARNING: [Synth 8-3331] design jtag_loader_6 has unconnected port jtag_dout_4[13]
WARNING: [Synth 8-3331] design jtag_loader_6 has unconnected port jtag_dout_4[12]
WARNING: [Synth 8-3331] design jtag_loader_6 has unconnected port jtag_dout_4[11]
WARNING: [Synth 8-3331] design jtag_loader_6 has unconnected port jtag_dout_4[10]
WARNING: [Synth 8-3331] design jtag_loader_6 has unconnected port jtag_dout_4[9]
WARNING: [Synth 8-3331] design jtag_loader_6 has unconnected port jtag_dout_4[8]
WARNING: [Synth 8-3331] design jtag_loader_6 has unconnected port jtag_dout_4[7]
WARNING: [Synth 8-3331] design jtag_loader_6 has unconnected port jtag_dout_4[6]
WARNING: [Synth 8-3331] design jtag_loader_6 has unconnected port jtag_dout_4[5]
WARNING: [Synth 8-3331] design jtag_loader_6 has unconnected port jtag_dout_4[4]
WARNING: [Synth 8-3331] design jtag_loader_6 has unconnected port jtag_dout_4[3]
WARNING: [Synth 8-3331] design jtag_loader_6 has unconnected port jtag_dout_4[2]
WARNING: [Synth 8-3331] design jtag_loader_6 has unconnected port jtag_dout_4[1]
WARNING: [Synth 8-3331] design jtag_loader_6 has unconnected port jtag_dout_4[0]
WARNING: [Synth 8-3331] design jtag_loader_6 has unconnected port jtag_dout_5[17]
WARNING: [Synth 8-3331] design jtag_loader_6 has unconnected port jtag_dout_5[16]
WARNING: [Synth 8-3331] design jtag_loader_6 has unconnected port jtag_dout_5[15]
WARNING: [Synth 8-3331] design jtag_loader_6 has unconnected port jtag_dout_5[14]
WARNING: [Synth 8-3331] design jtag_loader_6 has unconnected port jtag_dout_5[13]
WARNING: [Synth 8-3331] design jtag_loader_6 has unconnected port jtag_dout_5[12]
WARNING: [Synth 8-3331] design jtag_loader_6 has unconnected port jtag_dout_5[11]
WARNING: [Synth 8-3331] design jtag_loader_6 has unconnected port jtag_dout_5[10]
WARNING: [Synth 8-3331] design jtag_loader_6 has unconnected port jtag_dout_5[9]
WARNING: [Synth 8-3331] design jtag_loader_6 has unconnected port jtag_dout_5[8]
WARNING: [Synth 8-3331] design jtag_loader_6 has unconnected port jtag_dout_5[7]
WARNING: [Synth 8-3331] design jtag_loader_6 has unconnected port jtag_dout_5[6]
WARNING: [Synth 8-3331] design jtag_loader_6 has unconnected port jtag_dout_5[5]
WARNING: [Synth 8-3331] design jtag_loader_6 has unconnected port jtag_dout_5[4]
WARNING: [Synth 8-3331] design jtag_loader_6 has unconnected port jtag_dout_5[3]
WARNING: [Synth 8-3331] design jtag_loader_6 has unconnected port jtag_dout_5[2]
WARNING: [Synth 8-3331] design jtag_loader_6 has unconnected port jtag_dout_5[1]
WARNING: [Synth 8-3331] design jtag_loader_6 has unconnected port jtag_dout_5[0]
WARNING: [Synth 8-3331] design jtag_loader_6 has unconnected port jtag_dout_6[17]
WARNING: [Synth 8-3331] design jtag_loader_6 has unconnected port jtag_dout_6[16]
WARNING: [Synth 8-3331] design jtag_loader_6 has unconnected port jtag_dout_6[15]
WARNING: [Synth 8-3331] design jtag_loader_6 has unconnected port jtag_dout_6[14]
WARNING: [Synth 8-3331] design jtag_loader_6 has unconnected port jtag_dout_6[13]
WARNING: [Synth 8-3331] design jtag_loader_6 has unconnected port jtag_dout_6[12]
WARNING: [Synth 8-3331] design jtag_loader_6 has unconnected port jtag_dout_6[11]
WARNING: [Synth 8-3331] design jtag_loader_6 has unconnected port jtag_dout_6[10]
WARNING: [Synth 8-3331] design jtag_loader_6 has unconnected port jtag_dout_6[9]
WARNING: [Synth 8-3331] design jtag_loader_6 has unconnected port jtag_dout_6[8]
INFO: [Common 17-14] Message 'Synth 8-3331' appears 100 times and further instances of the messages will be disabled. Use the Tcl command set_msg_config to change the current settings.
---------------------------------------------------------------------------------
Finished RTL Elaboration : Time (s): cpu = 00:00:01 ; elapsed = 00:00:02 . Memory (MB): peak = 413.105 ; gain = 156.285
---------------------------------------------------------------------------------

Report Check Netlist: 
+------+------------------+-------+---------+-------+------------------+
|      |Item              |Errors |Warnings |Status |Description       |
+------+------------------+-------+---------+-------+------------------+
|1     |multi_driven_nets |      0|        0|Passed |Multi driven nets |
+------+------------------+-------+---------+-------+------------------+
---------------------------------------------------------------------------------
Start Handling Custom Attributes
---------------------------------------------------------------------------------
---------------------------------------------------------------------------------
Finished Handling Custom Attributes : Time (s): cpu = 00:00:02 ; elapsed = 00:00:02 . Memory (MB): peak = 413.105 ; gain = 156.285
---------------------------------------------------------------------------------
---------------------------------------------------------------------------------
Finished RTL Optimization Phase 1 : Time (s): cpu = 00:00:02 ; elapsed = 00:00:02 . Memory (MB): peak = 413.105 ; gain = 156.285
---------------------------------------------------------------------------------
INFO: [Netlist 29-17] Analyzing 181 Unisim elements for replacement
INFO: [Netlist 29-28] Unisim Transformation completed in 0 CPU seconds
INFO: [Device 21-403] Loading part xc7a35tcpg236-1
INFO: [Project 1-570] Preparing netlist for logic optimization

Processing XDC Constraints
Initializing timing engine
Parsing XDC File [C:/Users/lebray/Vivado-Workflow-Scripts/Basys3_Master.xdc]
WARNING: [Vivado 12-584] No ports matched 'sw[8]'. [C:/Users/lebray/Vivado-Workflow-Scripts/Basys3_Master.xdc:28]
CRITICAL WARNING: [Common 17-55] 'set_property' expects at least one object. [C:/Users/lebray/Vivado-Workflow-Scripts/Basys3_Master.xdc:28]
Resolution: If [get_<value>] was used to populate the object, check to make sure this command returns at least one valid object.
WARNING: [Vivado 12-584] No ports matched 'sw[8]'. [C:/Users/lebray/Vivado-Workflow-Scripts/Basys3_Master.xdc:29]
CRITICAL WARNING: [Common 17-55] 'set_property' expects at least one object. [C:/Users/lebray/Vivado-Workflow-Scripts/Basys3_Master.xdc:29]
Resolution: If [get_<value>] was used to populate the object, check to make sure this command returns at least one valid object.
WARNING: [Vivado 12-584] No ports matched 'sw[9]'. [C:/Users/lebray/Vivado-Workflow-Scripts/Basys3_Master.xdc:30]
CRITICAL WARNING: [Common 17-55] 'set_property' expects at least one object. [C:/Users/lebray/Vivado-Workflow-Scripts/Basys3_Master.xdc:30]
Resolution: If [get_<value>] was used to populate the object, check to make sure this command returns at least one valid object.
WARNING: [Vivado 12-584] No ports matched 'sw[9]'. [C:/Users/lebray/Vivado-Workflow-Scripts/Basys3_Master.xdc:31]
CRITICAL WARNING: [Common 17-55] 'set_property' expects at least one object. [C:/Users/lebray/Vivado-Workflow-Scripts/Basys3_Master.xdc:31]
Resolution: If [get_<value>] was used to populate the object, check to make sure this command returns at least one valid object.
WARNING: [Vivado 12-584] No ports matched 'sw[10]'. [C:/Users/lebray/Vivado-Workflow-Scripts/Basys3_Master.xdc:32]
CRITICAL WARNING: [Common 17-55] 'set_property' expects at least one object. [C:/Users/lebray/Vivado-Workflow-Scripts/Basys3_Master.xdc:32]
Resolution: If [get_<value>] was used to populate the object, check to make sure this command returns at least one valid object.
WARNING: [Vivado 12-584] No ports matched 'sw[10]'. [C:/Users/lebray/Vivado-Workflow-Scripts/Basys3_Master.xdc:33]
CRITICAL WARNING: [Common 17-55] 'set_property' expects at least one object. [C:/Users/lebray/Vivado-Workflow-Scripts/Basys3_Master.xdc:33]
Resolution: If [get_<value>] was used to populate the object, check to make sure this command returns at least one valid object.
WARNING: [Vivado 12-584] No ports matched 'sw[11]'. [C:/Users/lebray/Vivado-Workflow-Scripts/Basys3_Master.xdc:34]
CRITICAL WARNING: [Common 17-55] 'set_property' expects at least one object. [C:/Users/lebray/Vivado-Workflow-Scripts/Basys3_Master.xdc:34]
Resolution: If [get_<value>] was used to populate the object, check to make sure this command returns at least one valid object.
WARNING: [Vivado 12-584] No ports matched 'sw[11]'. [C:/Users/lebray/Vivado-Workflow-Scripts/Basys3_Master.xdc:35]
CRITICAL WARNING: [Common 17-55] 'set_property' expects at least one object. [C:/Users/lebray/Vivado-Workflow-Scripts/Basys3_Master.xdc:35]
Resolution: If [get_<value>] was used to populate the object, check to make sure this command returns at least one valid object.
WARNING: [Vivado 12-584] No ports matched 'sw[12]'. [C:/Users/lebray/Vivado-Workflow-Scripts/Basys3_Master.xdc:36]
CRITICAL WARNING: [Common 17-55] 'set_property' expects at least one object. [C:/Users/lebray/Vivado-Workflow-Scripts/Basys3_Master.xdc:36]
Resolution: If [get_<value>] was used to populate the object, check to make sure this command returns at least one valid object.
WARNING: [Vivado 12-584] No ports matched 'sw[12]'. [C:/Users/lebray/Vivado-Workflow-Scripts/Basys3_Master.xdc:37]
CRITICAL WARNING: [Common 17-55] 'set_property' expects at least one object. [C:/Users/lebray/Vivado-Workflow-Scripts/Basys3_Master.xdc:37]
Resolution: If [get_<value>] was used to populate the object, check to make sure this command returns at least one valid object.
WARNING: [Vivado 12-584] No ports matched 'sw[13]'. [C:/Users/lebray/Vivado-Workflow-Scripts/Basys3_Master.xdc:38]
CRITICAL WARNING: [Common 17-55] 'set_property' expects at least one object. [C:/Users/lebray/Vivado-Workflow-Scripts/Basys3_Master.xdc:38]
Resolution: If [get_<value>] was used to populate the object, check to make sure this command returns at least one valid object.
WARNING: [Vivado 12-584] No ports matched 'sw[13]'. [C:/Users/lebray/Vivado-Workflow-Scripts/Basys3_Master.xdc:39]
CRITICAL WARNING: [Common 17-55] 'set_property' expects at least one object. [C:/Users/lebray/Vivado-Workflow-Scripts/Basys3_Master.xdc:39]
Resolution: If [get_<value>] was used to populate the object, check to make sure this command returns at least one valid object.
WARNING: [Vivado 12-584] No ports matched 'sw[14]'. [C:/Users/lebray/Vivado-Workflow-Scripts/Basys3_Master.xdc:40]
CRITICAL WARNING: [Common 17-55] 'set_property' expects at least one object. [C:/Users/lebray/Vivado-Workflow-Scripts/Basys3_Master.xdc:40]
Resolution: If [get_<value>] was used to populate the object, check to make sure this command returns at least one valid object.
WARNING: [Vivado 12-584] No ports matched 'sw[14]'. [C:/Users/lebray/Vivado-Workflow-Scripts/Basys3_Master.xdc:41]
CRITICAL WARNING: [Common 17-55] 'set_property' expects at least one object. [C:/Users/lebray/Vivado-Workflow-Scripts/Basys3_Master.xdc:41]
Resolution: If [get_<value>] was used to populate the object, check to make sure this command returns at least one valid object.
WARNING: [Vivado 12-584] No ports matched 'sw[15]'. [C:/Users/lebray/Vivado-Workflow-Scripts/Basys3_Master.xdc:42]
CRITICAL WARNING: [Common 17-55] 'set_property' expects at least one object. [C:/Users/lebray/Vivado-Workflow-Scripts/Basys3_Master.xdc:42]
Resolution: If [get_<value>] was used to populate the object, check to make sure this command returns at least one valid object.
WARNING: [Vivado 12-584] No ports matched 'sw[15]'. [C:/Users/lebray/Vivado-Workflow-Scripts/Basys3_Master.xdc:43]
CRITICAL WARNING: [Common 17-55] 'set_property' expects at least one object. [C:/Users/lebray/Vivado-Workflow-Scripts/Basys3_Master.xdc:43]
Resolution: If [get_<value>] was used to populate the object, check to make sure this command returns at least one valid object.
WARNING: [Vivado 12-584] No ports matched 'led[0]'. [C:/Users/lebray/Vivado-Workflow-Scripts/Basys3_Master.xdc:47]
CRITICAL WARNING: [Common 17-55] 'set_property' expects at least one object. [C:/Users/lebray/Vivado-Workflow-Scripts/Basys3_Master.xdc:47]
Resolution: If [get_<value>] was used to populate the object, check to make sure this command returns at least one valid object.
WARNING: [Vivado 12-584] No ports matched 'led[0]'. [C:/Users/lebray/Vivado-Workflow-Scripts/Basys3_Master.xdc:48]
CRITICAL WARNING: [Common 17-55] 'set_property' expects at least one object. [C:/Users/lebray/Vivado-Workflow-Scripts/Basys3_Master.xdc:48]
Resolution: If [get_<value>] was used to populate the object, check to make sure this command returns at least one valid object.
WARNING: [Vivado 12-584] No ports matched 'led[1]'. [C:/Users/lebray/Vivado-Workflow-Scripts/Basys3_Master.xdc:49]
CRITICAL WARNING: [Common 17-55] 'set_property' expects at least one object. [C:/Users/lebray/Vivado-Workflow-Scripts/Basys3_Master.xdc:49]
Resolution: If [get_<value>] was used to populate the object, check to make sure this command returns at least one valid object.
WARNING: [Vivado 12-584] No ports matched 'led[1]'. [C:/Users/lebray/Vivado-Workflow-Scripts/Basys3_Master.xdc:50]
CRITICAL WARNING: [Common 17-55] 'set_property' expects at least one object. [C:/Users/lebray/Vivado-Workflow-Scripts/Basys3_Master.xdc:50]
Resolution: If [get_<value>] was used to populate the object, check to make sure this command returns at least one valid object.
WARNING: [Vivado 12-584] No ports matched 'led[2]'. [C:/Users/lebray/Vivado-Workflow-Scripts/Basys3_Master.xdc:51]
CRITICAL WARNING: [Common 17-55] 'set_property' expects at least one object. [C:/Users/lebray/Vivado-Workflow-Scripts/Basys3_Master.xdc:51]
Resolution: If [get_<value>] was used to populate the object, check to make sure this command returns at least one valid object.
WARNING: [Vivado 12-584] No ports matched 'led[2]'. [C:/Users/lebray/Vivado-Workflow-Scripts/Basys3_Master.xdc:52]
CRITICAL WARNING: [Common 17-55] 'set_property' expects at least one object. [C:/Users/lebray/Vivado-Workflow-Scripts/Basys3_Master.xdc:52]
Resolution: If [get_<value>] was used to populate the object, check to make sure this command returns at least one valid object.
WARNING: [Vivado 12-584] No ports matched 'led[3]'. [C:/Users/lebray/Vivado-Workflow-Scripts/Basys3_Master.xdc:53]
CRITICAL WARNING: [Common 17-55] 'set_property' expects at least one object. [C:/Users/lebray/Vivado-Workflow-Scripts/Basys3_Master.xdc:53]
Resolution: If [get_<value>] was used to populate the object, check to make sure this command returns at least one valid object.
WARNING: [Vivado 12-584] No ports matched 'led[3]'. [C:/Users/lebray/Vivado-Workflow-Scripts/Basys3_Master.xdc:54]
CRITICAL WARNING: [Common 17-55] 'set_property' expects at least one object. [C:/Users/lebray/Vivado-Workflow-Scripts/Basys3_Master.xdc:54]
Resolution: If [get_<value>] was used to populate the object, check to make sure this command returns at least one valid object.
WARNING: [Vivado 12-584] No ports matched 'led[4]'. [C:/Users/lebray/Vivado-Workflow-Scripts/Basys3_Master.xdc:55]
CRITICAL WARNING: [Common 17-55] 'set_property' expects at least one object. [C:/Users/lebray/Vivado-Workflow-Scripts/Basys3_Master.xdc:55]
Resolution: If [get_<value>] was used to populate the object, check to make sure this command returns at least one valid object.
WARNING: [Vivado 12-584] No ports matched 'led[4]'. [C:/Users/lebray/Vivado-Workflow-Scripts/Basys3_Master.xdc:56]
CRITICAL WARNING: [Common 17-55] 'set_property' expects at least one object. [C:/Users/lebray/Vivado-Workflow-Scripts/Basys3_Master.xdc:56]
Resolution: If [get_<value>] was used to populate the object, check to make sure this command returns at least one valid object.
WARNING: [Vivado 12-584] No ports matched 'led[5]'. [C:/Users/lebray/Vivado-Workflow-Scripts/Basys3_Master.xdc:57]
CRITICAL WARNING: [Common 17-55] 'set_property' expects at least one object. [C:/Users/lebray/Vivado-Workflow-Scripts/Basys3_Master.xdc:57]
Resolution: If [get_<value>] was used to populate the object, check to make sure this command returns at least one valid object.
WARNING: [Vivado 12-584] No ports matched 'led[5]'. [C:/Users/lebray/Vivado-Workflow-Scripts/Basys3_Master.xdc:58]
CRITICAL WARNING: [Common 17-55] 'set_property' expects at least one object. [C:/Users/lebray/Vivado-Workflow-Scripts/Basys3_Master.xdc:58]
Resolution: If [get_<value>] was used to populate the object, check to make sure this command returns at least one valid object.
WARNING: [Vivado 12-584] No ports matched 'led[6]'. [C:/Users/lebray/Vivado-Workflow-Scripts/Basys3_Master.xdc:59]
CRITICAL WARNING: [Common 17-55] 'set_property' expects at least one object. [C:/Users/lebray/Vivado-Workflow-Scripts/Basys3_Master.xdc:59]
Resolution: If [get_<value>] was used to populate the object, check to make sure this command returns at least one valid object.
WARNING: [Vivado 12-584] No ports matched 'led[6]'. [C:/Users/lebray/Vivado-Workflow-Scripts/Basys3_Master.xdc:60]
CRITICAL WARNING: [Common 17-55] 'set_property' expects at least one object. [C:/Users/lebray/Vivado-Workflow-Scripts/Basys3_Master.xdc:60]
Resolution: If [get_<value>] was used to populate the object, check to make sure this command returns at least one valid object.
WARNING: [Vivado 12-584] No ports matched 'led[7]'. [C:/Users/lebray/Vivado-Workflow-Scripts/Basys3_Master.xdc:61]
CRITICAL WARNING: [Common 17-55] 'set_property' expects at least one object. [C:/Users/lebray/Vivado-Workflow-Scripts/Basys3_Master.xdc:61]
Resolution: If [get_<value>] was used to populate the object, check to make sure this command returns at least one valid object.
WARNING: [Vivado 12-584] No ports matched 'led[7]'. [C:/Users/lebray/Vivado-Workflow-Scripts/Basys3_Master.xdc:62]
CRITICAL WARNING: [Common 17-55] 'set_property' expects at least one object. [C:/Users/lebray/Vivado-Workflow-Scripts/Basys3_Master.xdc:62]
Resolution: If [get_<value>] was used to populate the object, check to make sure this command returns at least one valid object.
WARNING: [Vivado 12-584] No ports matched 'led[8]'. [C:/Users/lebray/Vivado-Workflow-Scripts/Basys3_Master.xdc:63]
CRITICAL WARNING: [Common 17-55] 'set_property' expects at least one object. [C:/Users/lebray/Vivado-Workflow-Scripts/Basys3_Master.xdc:63]
Resolution: If [get_<value>] was used to populate the object, check to make sure this command returns at least one valid object.
WARNING: [Vivado 12-584] No ports matched 'led[8]'. [C:/Users/lebray/Vivado-Workflow-Scripts/Basys3_Master.xdc:64]
CRITICAL WARNING: [Common 17-55] 'set_property' expects at least one object. [C:/Users/lebray/Vivado-Workflow-Scripts/Basys3_Master.xdc:64]
Resolution: If [get_<value>] was used to populate the object, check to make sure this command returns at least one valid object.
WARNING: [Vivado 12-584] No ports matched 'led[9]'. [C:/Users/lebray/Vivado-Workflow-Scripts/Basys3_Master.xdc:65]
CRITICAL WARNING: [Common 17-55] 'set_property' expects at least one object. [C:/Users/lebray/Vivado-Workflow-Scripts/Basys3_Master.xdc:65]
Resolution: If [get_<value>] was used to populate the object, check to make sure this command returns at least one valid object.
WARNING: [Vivado 12-584] No ports matched 'led[9]'. [C:/Users/lebray/Vivado-Workflow-Scripts/Basys3_Master.xdc:66]
CRITICAL WARNING: [Common 17-55] 'set_property' expects at least one object. [C:/Users/lebray/Vivado-Workflow-Scripts/Basys3_Master.xdc:66]
Resolution: If [get_<value>] was used to populate the object, check to make sure this command returns at least one valid object.
WARNING: [Vivado 12-584] No ports matched 'led[10]'. [C:/Users/lebray/Vivado-Workflow-Scripts/Basys3_Master.xdc:67]
CRITICAL WARNING: [Common 17-55] 'set_property' expects at least one object. [C:/Users/lebray/Vivado-Workflow-Scripts/Basys3_Master.xdc:67]
Resolution: If [get_<value>] was used to populate the object, check to make sure this command returns at least one valid object.
WARNING: [Vivado 12-584] No ports matched 'led[10]'. [C:/Users/lebray/Vivado-Workflow-Scripts/Basys3_Master.xdc:68]
CRITICAL WARNING: [Common 17-55] 'set_property' expects at least one object. [C:/Users/lebray/Vivado-Workflow-Scripts/Basys3_Master.xdc:68]
Resolution: If [get_<value>] was used to populate the object, check to make sure this command returns at least one valid object.
WARNING: [Vivado 12-584] No ports matched 'led[11]'. [C:/Users/lebray/Vivado-Workflow-Scripts/Basys3_Master.xdc:69]
CRITICAL WARNING: [Common 17-55] 'set_property' expects at least one object. [C:/Users/lebray/Vivado-Workflow-Scripts/Basys3_Master.xdc:69]
Resolution: If [get_<value>] was used to populate the object, check to make sure this command returns at least one valid object.
WARNING: [Vivado 12-584] No ports matched 'led[11]'. [C:/Users/lebray/Vivado-Workflow-Scripts/Basys3_Master.xdc:70]
CRITICAL WARNING: [Common 17-55] 'set_property' expects at least one object. [C:/Users/lebray/Vivado-Workflow-Scripts/Basys3_Master.xdc:70]
Resolution: If [get_<value>] was used to populate the object, check to make sure this command returns at least one valid object.
WARNING: [Vivado 12-584] No ports matched 'led[12]'. [C:/Users/lebray/Vivado-Workflow-Scripts/Basys3_Master.xdc:71]
CRITICAL WARNING: [Common 17-55] 'set_property' expects at least one object. [C:/Users/lebray/Vivado-Workflow-Scripts/Basys3_Master.xdc:71]
Resolution: If [get_<value>] was used to populate the object, check to make sure this command returns at least one valid object.
WARNING: [Vivado 12-584] No ports matched 'led[12]'. [C:/Users/lebray/Vivado-Workflow-Scripts/Basys3_Master.xdc:72]
CRITICAL WARNING: [Common 17-55] 'set_property' expects at least one object. [C:/Users/lebray/Vivado-Workflow-Scripts/Basys3_Master.xdc:72]
Resolution: If [get_<value>] was used to populate the object, check to make sure this command returns at least one valid object.
WARNING: [Vivado 12-584] No ports matched 'led[13]'. [C:/Users/lebray/Vivado-Workflow-Scripts/Basys3_Master.xdc:73]
CRITICAL WARNING: [Common 17-55] 'set_property' expects at least one object. [C:/Users/lebray/Vivado-Workflow-Scripts/Basys3_Master.xdc:73]
Resolution: If [get_<value>] was used to populate the object, check to make sure this command returns at least one valid object.
WARNING: [Vivado 12-584] No ports matched 'led[13]'. [C:/Users/lebray/Vivado-Workflow-Scripts/Basys3_Master.xdc:74]
CRITICAL WARNING: [Common 17-55] 'set_property' expects at least one object. [C:/Users/lebray/Vivado-Workflow-Scripts/Basys3_Master.xdc:74]
Resolution: If [get_<value>] was used to populate the object, check to make sure this command returns at least one valid object.
WARNING: [Vivado 12-584] No ports matched 'led[14]'. [C:/Users/lebray/Vivado-Workflow-Scripts/Basys3_Master.xdc:75]
CRITICAL WARNING: [Common 17-55] 'set_property' expects at least one object. [C:/Users/lebray/Vivado-Workflow-Scripts/Basys3_Master.xdc:75]
Resolution: If [get_<value>] was used to populate the object, check to make sure this command returns at least one valid object.
WARNING: [Vivado 12-584] No ports matched 'led[14]'. [C:/Users/lebray/Vivado-Workflow-Scripts/Basys3_Master.xdc:76]
CRITICAL WARNING: [Common 17-55] 'set_property' expects at least one object. [C:/Users/lebray/Vivado-Workflow-Scripts/Basys3_Master.xdc:76]
Resolution: If [get_<value>] was used to populate the object, check to make sure this command returns at least one valid object.
WARNING: [Vivado 12-584] No ports matched 'led[15]'. [C:/Users/lebray/Vivado-Workflow-Scripts/Basys3_Master.xdc:77]
CRITICAL WARNING: [Common 17-55] 'set_property' expects at least one object. [C:/Users/lebray/Vivado-Workflow-Scripts/Basys3_Master.xdc:77]
Resolution: If [get_<value>] was used to populate the object, check to make sure this command returns at least one valid object.
WARNING: [Vivado 12-584] No ports matched 'led[15]'. [C:/Users/lebray/Vivado-Workflow-Scripts/Basys3_Master.xdc:78]
CRITICAL WARNING: [Common 17-55] 'set_property' expects at least one object. [C:/Users/lebray/Vivado-Workflow-Scripts/Basys3_Master.xdc:78]
Resolution: If [get_<value>] was used to populate the object, check to make sure this command returns at least one valid object.
WARNING: [Vivado 12-584] No ports matched 'btnU'. [C:/Users/lebray/Vivado-Workflow-Scripts/Basys3_Master.xdc:113]
CRITICAL WARNING: [Common 17-55] 'set_property' expects at least one object. [C:/Users/lebray/Vivado-Workflow-Scripts/Basys3_Master.xdc:113]
Resolution: If [get_<value>] was used to populate the object, check to make sure this command returns at least one valid object.
WARNING: [Vivado 12-584] No ports matched 'btnU'. [C:/Users/lebray/Vivado-Workflow-Scripts/Basys3_Master.xdc:114]
CRITICAL WARNING: [Common 17-55] 'set_property' expects at least one object. [C:/Users/lebray/Vivado-Workflow-Scripts/Basys3_Master.xdc:114]
Resolution: If [get_<value>] was used to populate the object, check to make sure this command returns at least one valid object.
WARNING: [Vivado 12-584] No ports matched 'btnD'. [C:/Users/lebray/Vivado-Workflow-Scripts/Basys3_Master.xdc:119]
CRITICAL WARNING: [Common 17-55] 'set_property' expects at least one object. [C:/Users/lebray/Vivado-Workflow-Scripts/Basys3_Master.xdc:119]
Resolution: If [get_<value>] was used to populate the object, check to make sure this command returns at least one valid object.
WARNING: [Vivado 12-584] No ports matched 'btnD'. [C:/Users/lebray/Vivado-Workflow-Scripts/Basys3_Master.xdc:120]
CRITICAL WARNING: [Common 17-55] 'set_property' expects at least one object. [C:/Users/lebray/Vivado-Workflow-Scripts/Basys3_Master.xdc:120]
Resolution: If [get_<value>] was used to populate the object, check to make sure this command returns at least one valid object.
WARNING: [Vivado 12-584] No ports matched 'JA[0]'. [C:/Users/lebray/Vivado-Workflow-Scripts/Basys3_Master.xdc:126]
CRITICAL WARNING: [Common 17-55] 'set_property' expects at least one object. [C:/Users/lebray/Vivado-Workflow-Scripts/Basys3_Master.xdc:126]
Resolution: If [get_<value>] was used to populate the object, check to make sure this command returns at least one valid object.
WARNING: [Vivado 12-584] No ports matched 'JA[0]'. [C:/Users/lebray/Vivado-Workflow-Scripts/Basys3_Master.xdc:127]
CRITICAL WARNING: [Common 17-55] 'set_property' expects at least one object. [C:/Users/lebray/Vivado-Workflow-Scripts/Basys3_Master.xdc:127]
Resolution: If [get_<value>] was used to populate the object, check to make sure this command returns at least one valid object.
WARNING: [Vivado 12-584] No ports matched 'JA[1]'. [C:/Users/lebray/Vivado-Workflow-Scripts/Basys3_Master.xdc:129]
CRITICAL WARNING: [Common 17-55] 'set_property' expects at least one object. [C:/Users/lebray/Vivado-Workflow-Scripts/Basys3_Master.xdc:129]
Resolution: If [get_<value>] was used to populate the object, check to make sure this command returns at least one valid object.
WARNING: [Vivado 12-584] No ports matched 'JA[1]'. [C:/Users/lebray/Vivado-Workflow-Scripts/Basys3_Master.xdc:130]
CRITICAL WARNING: [Common 17-55] 'set_property' expects at least one object. [C:/Users/lebray/Vivado-Workflow-Scripts/Basys3_Master.xdc:130]
Resolution: If [get_<value>] was used to populate the object, check to make sure this command returns at least one valid object.
WARNING: [Vivado 12-584] No ports matched 'JA[2]'. [C:/Users/lebray/Vivado-Workflow-Scripts/Basys3_Master.xdc:132]
CRITICAL WARNING: [Common 17-55] 'set_property' expects at least one object. [C:/Users/lebray/Vivado-Workflow-Scripts/Basys3_Master.xdc:132]
Resolution: If [get_<value>] was used to populate the object, check to make sure this command returns at least one valid object.
WARNING: [Vivado 12-584] No ports matched 'JA[2]'. [C:/Users/lebray/Vivado-Workflow-Scripts/Basys3_Master.xdc:133]
CRITICAL WARNING: [Common 17-55] 'set_property' expects at least one object. [C:/Users/lebray/Vivado-Workflow-Scripts/Basys3_Master.xdc:133]
Resolution: If [get_<value>] was used to populate the object, check to make sure this command returns at least one valid object.
WARNING: [Vivado 12-584] No ports matched 'JA[3]'. [C:/Users/lebray/Vivado-Workflow-Scripts/Basys3_Master.xdc:135]
CRITICAL WARNING: [Common 17-55] 'set_property' expects at least one object. [C:/Users/lebray/Vivado-Workflow-Scripts/Basys3_Master.xdc:135]
Resolution: If [get_<value>] was used to populate the object, check to make sure this command returns at least one valid object.
WARNING: [Vivado 12-584] No ports matched 'JA[3]'. [C:/Users/lebray/Vivado-Workflow-Scripts/Basys3_Master.xdc:136]
CRITICAL WARNING: [Common 17-55] 'set_property' expects at least one object. [C:/Users/lebray/Vivado-Workflow-Scripts/Basys3_Master.xdc:136]
Resolution: If [get_<value>] was used to populate the object, check to make sure this command returns at least one valid object.
WARNING: [Vivado 12-584] No ports matched 'JA[4]'. [C:/Users/lebray/Vivado-Workflow-Scripts/Basys3_Master.xdc:138]
CRITICAL WARNING: [Common 17-55] 'set_property' expects at least one object. [C:/Users/lebray/Vivado-Workflow-Scripts/Basys3_Master.xdc:138]
Resolution: If [get_<value>] was used to populate the object, check to make sure this command returns at least one valid object.
WARNING: [Vivado 12-584] No ports matched 'JA[4]'. [C:/Users/lebray/Vivado-Workflow-Scripts/Basys3_Master.xdc:139]
CRITICAL WARNING: [Common 17-55] 'set_property' expects at least one object. [C:/Users/lebray/Vivado-Workflow-Scripts/Basys3_Master.xdc:139]
Resolution: If [get_<value>] was used to populate the object, check to make sure this command returns at least one valid object.
WARNING: [Vivado 12-584] No ports matched 'JA[5]'. [C:/Users/lebray/Vivado-Workflow-Scripts/Basys3_Master.xdc:141]
CRITICAL WARNING: [Common 17-55] 'set_property' expects at least one object. [C:/Users/lebray/Vivado-Workflow-Scripts/Basys3_Master.xdc:141]
Resolution: If [get_<value>] was used to populate the object, check to make sure this command returns at least one valid object.
WARNING: [Vivado 12-584] No ports matched 'JA[5]'. [C:/Users/lebray/Vivado-Workflow-Scripts/Basys3_Master.xdc:142]
CRITICAL WARNING: [Common 17-55] 'set_property' expects at least one object. [C:/Users/lebray/Vivado-Workflow-Scripts/Basys3_Master.xdc:142]
Resolution: If [get_<value>] was used to populate the object, check to make sure this command returns at least one valid object.
WARNING: [Vivado 12-584] No ports matched 'JA[6]'. [C:/Users/lebray/Vivado-Workflow-Scripts/Basys3_Master.xdc:144]
CRITICAL WARNING: [Common 17-55] 'set_property' expects at least one object. [C:/Users/lebray/Vivado-Workflow-Scripts/Basys3_Master.xdc:144]
Resolution: If [get_<value>] was used to populate the object, check to make sure this command returns at least one valid object.
WARNING: [Vivado 12-584] No ports matched 'JA[6]'. [C:/Users/lebray/Vivado-Workflow-Scripts/Basys3_Master.xdc:145]
CRITICAL WARNING: [Common 17-55] 'set_property' expects at least one object. [C:/Users/lebray/Vivado-Workflow-Scripts/Basys3_Master.xdc:145]
Resolution: If [get_<value>] was used to populate the object, check to make sure this command returns at least one valid object.
WARNING: [Vivado 12-584] No ports matched 'JA[7]'. [C:/Users/lebray/Vivado-Workflow-Scripts/Basys3_Master.xdc:147]
CRITICAL WARNING: [Common 17-55] 'set_property' expects at least one object. [C:/Users/lebray/Vivado-Workflow-Scripts/Basys3_Master.xdc:147]
Resolution: If [get_<value>] was used to populate the object, check to make sure this command returns at least one valid object.
WARNING: [Vivado 12-584] No ports matched 'JA[7]'. [C:/Users/lebray/Vivado-Workflow-Scripts/Basys3_Master.xdc:148]
CRITICAL WARNING: [Common 17-55] 'set_property' expects at least one object. [C:/Users/lebray/Vivado-Workflow-Scripts/Basys3_Master.xdc:148]
Resolution: If [get_<value>] was used to populate the object, check to make sure this command returns at least one valid object.
WARNING: [Vivado 12-584] No ports matched 'JB[0]'. [C:/Users/lebray/Vivado-Workflow-Scripts/Basys3_Master.xdc:154]
CRITICAL WARNING: [Common 17-55] 'set_property' expects at least one object. [C:/Users/lebray/Vivado-Workflow-Scripts/Basys3_Master.xdc:154]
Resolution: If [get_<value>] was used to populate the object, check to make sure this command returns at least one valid object.
WARNING: [Vivado 12-584] No ports matched 'JB[0]'. [C:/Users/lebray/Vivado-Workflow-Scripts/Basys3_Master.xdc:155]
CRITICAL WARNING: [Common 17-55] 'set_property' expects at least one object. [C:/Users/lebray/Vivado-Workflow-Scripts/Basys3_Master.xdc:155]
Resolution: If [get_<value>] was used to populate the object, check to make sure this command returns at least one valid object.
WARNING: [Vivado 12-584] No ports matched 'JB[1]'. [C:/Users/lebray/Vivado-Workflow-Scripts/Basys3_Master.xdc:157]
CRITICAL WARNING: [Common 17-55] 'set_property' expects at least one object. [C:/Users/lebray/Vivado-Workflow-Scripts/Basys3_Master.xdc:157]
Resolution: If [get_<value>] was used to populate the object, check to make sure this command returns at least one valid object.
WARNING: [Vivado 12-584] No ports matched 'JB[1]'. [C:/Users/lebray/Vivado-Workflow-Scripts/Basys3_Master.xdc:158]
CRITICAL WARNING: [Common 17-55] 'set_property' expects at least one object. [C:/Users/lebray/Vivado-Workflow-Scripts/Basys3_Master.xdc:158]
Resolution: If [get_<value>] was used to populate the object, check to make sure this command returns at least one valid object.
WARNING: [Vivado 12-584] No ports matched 'JB[2]'. [C:/Users/lebray/Vivado-Workflow-Scripts/Basys3_Master.xdc:160]
CRITICAL WARNING: [Common 17-55] 'set_property' expects at least one object. [C:/Users/lebray/Vivado-Workflow-Scripts/Basys3_Master.xdc:160]
Resolution: If [get_<value>] was used to populate the object, check to make sure this command returns at least one valid object.
WARNING: [Vivado 12-584] No ports matched 'JB[2]'. [C:/Users/lebray/Vivado-Workflow-Scripts/Basys3_Master.xdc:161]
CRITICAL WARNING: [Common 17-55] 'set_property' expects at least one object. [C:/Users/lebray/Vivado-Workflow-Scripts/Basys3_Master.xdc:161]
Resolution: If [get_<value>] was used to populate the object, check to make sure this command returns at least one valid object.
WARNING: [Vivado 12-584] No ports matched 'JB[3]'. [C:/Users/lebray/Vivado-Workflow-Scripts/Basys3_Master.xdc:163]
CRITICAL WARNING: [Common 17-55] 'set_property' expects at least one object. [C:/Users/lebray/Vivado-Workflow-Scripts/Basys3_Master.xdc:163]
Resolution: If [get_<value>] was used to populate the object, check to make sure this command returns at least one valid object.
WARNING: [Vivado 12-584] No ports matched 'JB[3]'. [C:/Users/lebray/Vivado-Workflow-Scripts/Basys3_Master.xdc:164]
CRITICAL WARNING: [Common 17-55] 'set_property' expects at least one object. [C:/Users/lebray/Vivado-Workflow-Scripts/Basys3_Master.xdc:164]
Resolution: If [get_<value>] was used to populate the object, check to make sure this command returns at least one valid object.
WARNING: [Vivado 12-584] No ports matched 'JB[4]'. [C:/Users/lebray/Vivado-Workflow-Scripts/Basys3_Master.xdc:166]
CRITICAL WARNING: [Common 17-55] 'set_property' expects at least one object. [C:/Users/lebray/Vivado-Workflow-Scripts/Basys3_Master.xdc:166]
Resolution: If [get_<value>] was used to populate the object, check to make sure this command returns at least one valid object.
WARNING: [Vivado 12-584] No ports matched 'JB[4]'. [C:/Users/lebray/Vivado-Workflow-Scripts/Basys3_Master.xdc:167]
CRITICAL WARNING: [Common 17-55] 'set_property' expects at least one object. [C:/Users/lebray/Vivado-Workflow-Scripts/Basys3_Master.xdc:167]
Resolution: If [get_<value>] was used to populate the object, check to make sure this command returns at least one valid object.
WARNING: [Vivado 12-584] No ports matched 'JB[5]'. [C:/Users/lebray/Vivado-Workflow-Scripts/Basys3_Master.xdc:169]
CRITICAL WARNING: [Common 17-55] 'set_property' expects at least one object. [C:/Users/lebray/Vivado-Workflow-Scripts/Basys3_Master.xdc:169]
Resolution: If [get_<value>] was used to populate the object, check to make sure this command returns at least one valid object.
WARNING: [Vivado 12-584] No ports matched 'JB[5]'. [C:/Users/lebray/Vivado-Workflow-Scripts/Basys3_Master.xdc:170]
CRITICAL WARNING: [Common 17-55] 'set_property' expects at least one object. [C:/Users/lebray/Vivado-Workflow-Scripts/Basys3_Master.xdc:170]
Resolution: If [get_<value>] was used to populate the object, check to make sure this command returns at least one valid object.
WARNING: [Vivado 12-584] No ports matched 'JB[6]'. [C:/Users/lebray/Vivado-Workflow-Scripts/Basys3_Master.xdc:172]
CRITICAL WARNING: [Common 17-55] 'set_property' expects at least one object. [C:/Users/lebray/Vivado-Workflow-Scripts/Basys3_Master.xdc:172]
Resolution: If [get_<value>] was used to populate the object, check to make sure this command returns at least one valid object.
WARNING: [Vivado 12-584] No ports matched 'JB[6]'. [C:/Users/lebray/Vivado-Workflow-Scripts/Basys3_Master.xdc:173]
CRITICAL WARNING: [Common 17-55] 'set_property' expects at least one object. [C:/Users/lebray/Vivado-Workflow-Scripts/Basys3_Master.xdc:173]
Resolution: If [get_<value>] was used to populate the object, check to make sure this command returns at least one valid object.
WARNING: [Vivado 12-584] No ports matched 'JB[7]'. [C:/Users/lebray/Vivado-Workflow-Scripts/Basys3_Master.xdc:175]
CRITICAL WARNING: [Common 17-55] 'set_property' expects at least one object. [C:/Users/lebray/Vivado-Workflow-Scripts/Basys3_Master.xdc:175]
Resolution: If [get_<value>] was used to populate the object, check to make sure this command returns at least one valid object.
WARNING: [Vivado 12-584] No ports matched 'JB[7]'. [C:/Users/lebray/Vivado-Workflow-Scripts/Basys3_Master.xdc:176]
CRITICAL WARNING: [Common 17-55] 'set_property' expects at least one object. [C:/Users/lebray/Vivado-Workflow-Scripts/Basys3_Master.xdc:176]
Resolution: If [get_<value>] was used to populate the object, check to make sure this command returns at least one valid object.
WARNING: [Vivado 12-584] No ports matched 'RsRx'. [C:/Users/lebray/Vivado-Workflow-Scripts/Basys3_Master.xdc:267]
CRITICAL WARNING: [Common 17-55] 'set_property' expects at least one object. [C:/Users/lebray/Vivado-Workflow-Scripts/Basys3_Master.xdc:267]
Resolution: If [get_<value>] was used to populate the object, check to make sure this command returns at least one valid object.
WARNING: [Vivado 12-584] No ports matched 'RsRx'. [C:/Users/lebray/Vivado-Workflow-Scripts/Basys3_Master.xdc:268]
CRITICAL WARNING: [Common 17-55] 'set_property' expects at least one object. [C:/Users/lebray/Vivado-Workflow-Scripts/Basys3_Master.xdc:268]
Resolution: If [get_<value>] was used to populate the object, check to make sure this command returns at least one valid object.
WARNING: [Vivado 12-584] No ports matched 'RsTx'. [C:/Users/lebray/Vivado-Workflow-Scripts/Basys3_Master.xdc:269]
CRITICAL WARNING: [Common 17-55] 'set_property' expects at least one object. [C:/Users/lebray/Vivado-Workflow-Scripts/Basys3_Master.xdc:269]
Resolution: If [get_<value>] was used to populate the object, check to make sure this command returns at least one valid object.
WARNING: [Vivado 12-584] No ports matched 'RsTx'. [C:/Users/lebray/Vivado-Workflow-Scripts/Basys3_Master.xdc:270]
CRITICAL WARNING: [Common 17-55] 'set_property' expects at least one object. [C:/Users/lebray/Vivado-Workflow-Scripts/Basys3_Master.xdc:270]
Resolution: If [get_<value>] was used to populate the object, check to make sure this command returns at least one valid object.
WARNING: [Vivado 12-584] No ports matched 'PS2Clk'. [C:/Users/lebray/Vivado-Workflow-Scripts/Basys3_Master.xdc:274]
CRITICAL WARNING: [Common 17-55] 'set_property' expects at least one object. [C:/Users/lebray/Vivado-Workflow-Scripts/Basys3_Master.xdc:274]
Resolution: If [get_<value>] was used to populate the object, check to make sure this command returns at least one valid object.
WARNING: [Vivado 12-584] No ports matched 'PS2Clk'. [C:/Users/lebray/Vivado-Workflow-Scripts/Basys3_Master.xdc:275]
CRITICAL WARNING: [Common 17-55] 'set_property' expects at least one object. [C:/Users/lebray/Vivado-Workflow-Scripts/Basys3_Master.xdc:275]
Resolution: If [get_<value>] was used to populate the object, check to make sure this command returns at least one valid object.
WARNING: [Vivado 12-584] No ports matched 'PS2Clk'. [C:/Users/lebray/Vivado-Workflow-Scripts/Basys3_Master.xdc:276]
CRITICAL WARNING: [Common 17-55] 'set_property' expects at least one object. [C:/Users/lebray/Vivado-Workflow-Scripts/Basys3_Master.xdc:276]
Resolution: If [get_<value>] was used to populate the object, check to make sure this command returns at least one valid object.
WARNING: [Vivado 12-584] No ports matched 'PS2Data'. [C:/Users/lebray/Vivado-Workflow-Scripts/Basys3_Master.xdc:277]
CRITICAL WARNING: [Common 17-55] 'set_property' expects at least one object. [C:/Users/lebray/Vivado-Workflow-Scripts/Basys3_Master.xdc:277]
Resolution: If [get_<value>] was used to populate the object, check to make sure this command returns at least one valid object.
WARNING: [Vivado 12-584] No ports matched 'PS2Data'. [C:/Users/lebray/Vivado-Workflow-Scripts/Basys3_Master.xdc:278]
CRITICAL WARNING: [Common 17-55] 'set_property' expects at least one object. [C:/Users/lebray/Vivado-Workflow-Scripts/Basys3_Master.xdc:278]
Resolution: If [get_<value>] was used to populate the object, check to make sure this command returns at least one valid object.
WARNING: [Vivado 12-584] No ports matched 'PS2Data'. [C:/Users/lebray/Vivado-Workflow-Scripts/Basys3_Master.xdc:279]
CRITICAL WARNING: [Common 17-55] 'set_property' expects at least one object. [C:/Users/lebray/Vivado-Workflow-Scripts/Basys3_Master.xdc:279]
Resolution: If [get_<value>] was used to populate the object, check to make sure this command returns at least one valid object.
Finished Parsing XDC File [C:/Users/lebray/Vivado-Workflow-Scripts/Basys3_Master.xdc]
INFO: [Project 1-236] Implementation specific constraints were found while reading constraint file [C:/Users/lebray/Vivado-Workflow-Scripts/Basys3_Master.xdc]. These constraints will be ignored for synthesis but will be used in implementation. Impacted constraints are listed in the file [.Xil/pico_btn_top_propImpl.xdc].
Resolution: To avoid this warning, move constraints listed in [.Xil/pico_btn_top_propImpl.xdc] to another XDC file and exclude this new file from synthesis with the used_in_synthesis property (File Properties dialog in GUI) and re-run elaboration/synthesis.
Netlist sorting complete. Time (s): cpu = 00:00:00 ; elapsed = 00:00:00 . Memory (MB): peak = 738.617 ; gain = 0.000
Completed Processing XDC Constraints

Netlist sorting complete. Time (s): cpu = 00:00:00 ; elapsed = 00:00:00 . Memory (MB): peak = 738.625 ; gain = 0.000
INFO: [Project 1-111] Unisim Transformation Summary:
  A total of 124 instances were transformed.
  FD => FDRE: 48 instances
  FDR => FDRE: 20 instances
  LUT6_2 => LUT6_2 (LUT5, LUT6): 50 instances
  RAM32M => RAM32M (RAMD32, RAMD32, RAMD32, RAMD32, RAMD32, RAMD32, RAMS32, RAMS32): 4 instances
  RAM64M => RAM64M (RAMD64E, RAMD64E, RAMD64E, RAMD64E): 2 instances

Netlist sorting complete. Time (s): cpu = 00:00:00 ; elapsed = 00:00:00 . Memory (MB): peak = 738.625 ; gain = 0.000
Constraint Validation Runtime : Time (s): cpu = 00:00:00 ; elapsed = 00:00:00.004 . Memory (MB): peak = 738.625 ; gain = 0.000
---------------------------------------------------------------------------------
Finished Constraint Validation : Time (s): cpu = 00:00:05 ; elapsed = 00:00:07 . Memory (MB): peak = 738.625 ; gain = 481.805
---------------------------------------------------------------------------------
---------------------------------------------------------------------------------
Start Loading Part and Timing Information
---------------------------------------------------------------------------------
Loading part: xc7a35tcpg236-1
---------------------------------------------------------------------------------
Finished Loading Part and Timing Information : Time (s): cpu = 00:00:05 ; elapsed = 00:00:07 . Memory (MB): peak = 738.625 ; gain = 481.805
---------------------------------------------------------------------------------
---------------------------------------------------------------------------------
Start Applying 'set_property' XDC Constraints
---------------------------------------------------------------------------------
---------------------------------------------------------------------------------
Finished applying 'set_property' XDC Constraints : Time (s): cpu = 00:00:05 ; elapsed = 00:00:07 . Memory (MB): peak = 738.625 ; gain = 481.805
---------------------------------------------------------------------------------
INFO: [Synth 8-802] inferred FSM for state register 'state_reg_reg' in module 'debounce'
INFO: [Synth 8-5546] ROM "db_tick" won't be mapped to RAM because it is too sparse
INFO: [Synth 8-5544] ROM "db_level" won't be mapped to Block RAM because address size (2) smaller than threshold (5)
INFO: [Synth 8-5544] ROM "state_next" won't be mapped to Block RAM because address size (1) smaller than threshold (5)
INFO: [Synth 8-5544] ROM "state_next" won't be mapped to Block RAM because address size (1) smaller than threshold (5)
---------------------------------------------------------------------------------------------------
                   State |                     New Encoding |                Previous Encoding 
---------------------------------------------------------------------------------------------------
                    zero |                               00 |                               00
                   wait1 |                               01 |                               11
                     one |                               10 |                               10
                   wait0 |                               11 |                               01
---------------------------------------------------------------------------------------------------
INFO: [Synth 8-3354] encoded FSM with state register 'state_reg_reg' using encoding 'sequential' in module 'debounce'
---------------------------------------------------------------------------------
Finished RTL Optimization Phase 2 : Time (s): cpu = 00:00:05 ; elapsed = 00:00:07 . Memory (MB): peak = 738.625 ; gain = 481.805
---------------------------------------------------------------------------------

Report RTL Partitions: 
+-+--------------+------------+----------+
| |RTL Partition |Replication |Instances |
+-+--------------+------------+----------+
+-+--------------+------------+----------+
---------------------------------------------------------------------------------
Start RTL Component Statistics 
---------------------------------------------------------------------------------
Detailed RTL Component Info : 
+---Adders : 
	   2 Input     21 Bit       Adders := 2     
+---Registers : 
	               21 Bit    Registers := 2     
	                8 Bit    Registers := 5     
	                1 Bit    Registers := 34    
+---Muxes : 
	   4 Input     21 Bit        Muxes := 2     
	   2 Input     18 Bit        Muxes := 1     
	   4 Input      8 Bit        Muxes := 1     
	  11 Input      8 Bit        Muxes := 1     
	   2 Input      8 Bit        Muxes := 1     
	   4 Input      4 Bit        Muxes := 2     
	   4 Input      2 Bit        Muxes := 2     
	   2 Input      2 Bit        Muxes := 6     
	   2 Input      1 Bit        Muxes := 27    
	   4 Input      1 Bit        Muxes := 6     
---------------------------------------------------------------------------------
Finished RTL Component Statistics 
---------------------------------------------------------------------------------
---------------------------------------------------------------------------------
Start RTL Hierarchical Component Statistics 
---------------------------------------------------------------------------------
Hierarchical RTL Component report 
Module pico_btn_top 
Detailed RTL Component Info : 
+---Registers : 
	                8 Bit    Registers := 4     
	                1 Bit    Registers := 2     
+---Muxes : 
	   2 Input      8 Bit        Muxes := 1     
	   4 Input      4 Bit        Muxes := 1     
Module disp_mux 
Detailed RTL Component Info : 
+---Muxes : 
	   4 Input      8 Bit        Muxes := 1     
	   4 Input      4 Bit        Muxes := 1     
Module debounce 
Detailed RTL Component Info : 
+---Adders : 
	   2 Input     21 Bit       Adders := 1     
+---Registers : 
	               21 Bit    Registers := 1     
+---Muxes : 
	   4 Input     21 Bit        Muxes := 1     
	   4 Input      2 Bit        Muxes := 1     
	   2 Input      2 Bit        Muxes := 3     
	   2 Input      1 Bit        Muxes := 3     
	   4 Input      1 Bit        Muxes := 3     
Module jtag_loader_6 
Detailed RTL Component Info : 
+---Registers : 
	                8 Bit    Registers := 1     
	                1 Bit    Registers := 32    
+---Muxes : 
	   2 Input     18 Bit        Muxes := 1     
	  11 Input      8 Bit        Muxes := 1     
	   2 Input      1 Bit        Muxes := 21    
---------------------------------------------------------------------------------
Finished RTL Hierarchical Component Statistics
---------------------------------------------------------------------------------
---------------------------------------------------------------------------------
Start Part Resource Summary
---------------------------------------------------------------------------------
Part Resources:
DSPs: 90 (col length:60)
BRAMs: 100 (col length: RAMB18 60 RAMB36 30)
---------------------------------------------------------------------------------
Finished Part Resource Summary
---------------------------------------------------------------------------------
---------------------------------------------------------------------------------
Start Cross Boundary and Area Optimization
---------------------------------------------------------------------------------
Warning: Parallel synthesis criteria is not met 
INFO: [Synth 8-5546] ROM "btnc_unit/db_tick" won't be mapped to RAM because it is too sparse
INFO: [Synth 8-5546] ROM "btns_unit/db_tick" won't be mapped to RAM because it is too sparse
INFO: [Synth 8-3333] propagating constant 0 across sequential element (\processor/sync_sleep_flop )
INFO: [Synth 8-3333] propagating constant 0 across sequential element (\processor/sync_interrupt_flop )
INFO: [Synth 8-3886] merging instance 'program_rom/instantiate_loader.jtag_loader_6_inst/jtag_loader_gen.control_dout_int_reg[6]' (FDR) to 'program_rom/instantiate_loader.jtag_loader_6_inst/jtag_loader_gen.control_dout_int_reg[5]'
INFO: [Synth 8-3886] merging instance 'program_rom/instantiate_loader.jtag_loader_6_inst/jtag_loader_gen.control_dout_int_reg[1]' (FDR) to 'program_rom/instantiate_loader.jtag_loader_6_inst/jtag_loader_gen.control_dout_int_reg[5]'
INFO: [Synth 8-3886] merging instance 'program_rom/instantiate_loader.jtag_loader_6_inst/jtag_loader_gen.control_dout_int_reg[2]' (FDR) to 'program_rom/instantiate_loader.jtag_loader_6_inst/jtag_loader_gen.control_dout_int_reg[5]'
INFO: [Synth 8-3333] propagating constant 0 across sequential element (\program_rom/instantiate_loader.jtag_loader_6_inst/jtag_loader_gen.control_dout_int_reg[5] )
WARNING: [Synth 8-3332] Sequential element (processor/sync_sleep_flop) is unused and will be removed from module pico_btn_top.
WARNING: [Synth 8-3332] Sequential element (processor/sync_interrupt_flop) is unused and will be removed from module pico_btn_top.
WARNING: [Synth 8-3332] Sequential element (processor/interrupt_ack_flop) is unused and will be removed from module pico_btn_top.
WARNING: [Synth 8-3332] Sequential element (processor/k_write_strobe_flop) is unused and will be removed from module pico_btn_top.
---------------------------------------------------------------------------------
Finished Cross Boundary and Area Optimization : Time (s): cpu = 00:00:05 ; elapsed = 00:00:08 . Memory (MB): peak = 738.625 ; gain = 481.805
---------------------------------------------------------------------------------

Report RTL Partitions: 
+-+--------------+------------+----------+
| |RTL Partition |Replication |Instances |
+-+--------------+------------+----------+
+-+--------------+------------+----------+
---------------------------------------------------------------------------------
Start Applying XDC Timing Constraints
---------------------------------------------------------------------------------
---------------------------------------------------------------------------------
Finished Applying XDC Timing Constraints : Time (s): cpu = 00:00:09 ; elapsed = 00:00:11 . Memory (MB): peak = 738.625 ; gain = 481.805
---------------------------------------------------------------------------------
---------------------------------------------------------------------------------
Start Timing Optimization
---------------------------------------------------------------------------------
---------------------------------------------------------------------------------
Finished Timing Optimization : Time (s): cpu = 00:00:09 ; elapsed = 00:00:11 . Memory (MB): peak = 738.625 ; gain = 481.805
---------------------------------------------------------------------------------

Report RTL Partitions: 
+-+--------------+------------+----------+
| |RTL Partition |Replication |Instances |
+-+--------------+------------+----------+
+-+--------------+------------+----------+
---------------------------------------------------------------------------------
Start Technology Mapping
---------------------------------------------------------------------------------
---------------------------------------------------------------------------------
Finished Technology Mapping : Time (s): cpu = 00:00:09 ; elapsed = 00:00:11 . Memory (MB): peak = 757.547 ; gain = 500.727
---------------------------------------------------------------------------------

Report RTL Partitions: 
+-+--------------+------------+----------+
| |RTL Partition |Replication |Instances |
+-+--------------+------------+----------+
+-+--------------+------------+----------+
---------------------------------------------------------------------------------
Start IO Insertion
---------------------------------------------------------------------------------
---------------------------------------------------------------------------------
Start Flattening Before IO Insertion
---------------------------------------------------------------------------------
---------------------------------------------------------------------------------
Finished Flattening Before IO Insertion
---------------------------------------------------------------------------------
---------------------------------------------------------------------------------
Start Final Netlist Cleanup
---------------------------------------------------------------------------------
---------------------------------------------------------------------------------
Finished Final Netlist Cleanup
---------------------------------------------------------------------------------
---------------------------------------------------------------------------------
Finished IO Insertion : Time (s): cpu = 00:00:09 ; elapsed = 00:00:12 . Memory (MB): peak = 757.547 ; gain = 500.727
---------------------------------------------------------------------------------

Report Check Netlist: 
+------+------------------+-------+---------+-------+------------------+
|      |Item              |Errors |Warnings |Status |Description       |
+------+------------------+-------+---------+-------+------------------+
|1     |multi_driven_nets |      0|        0|Passed |Multi driven nets |
+------+------------------+-------+---------+-------+------------------+
---------------------------------------------------------------------------------
Start Renaming Generated Instances
---------------------------------------------------------------------------------
---------------------------------------------------------------------------------
Finished Renaming Generated Instances : Time (s): cpu = 00:00:09 ; elapsed = 00:00:12 . Memory (MB): peak = 757.547 ; gain = 500.727
---------------------------------------------------------------------------------

Report RTL Partitions: 
+-+--------------+------------+----------+
| |RTL Partition |Replication |Instances |
+-+--------------+------------+----------+
+-+--------------+------------+----------+
---------------------------------------------------------------------------------
Start Rebuilding User Hierarchy
---------------------------------------------------------------------------------
---------------------------------------------------------------------------------
Finished Rebuilding User Hierarchy : Time (s): cpu = 00:00:09 ; elapsed = 00:00:12 . Memory (MB): peak = 757.547 ; gain = 500.727
---------------------------------------------------------------------------------
---------------------------------------------------------------------------------
Start Renaming Generated Ports
---------------------------------------------------------------------------------
---------------------------------------------------------------------------------
Finished Renaming Generated Ports : Time (s): cpu = 00:00:09 ; elapsed = 00:00:12 . Memory (MB): peak = 757.547 ; gain = 500.727
---------------------------------------------------------------------------------
---------------------------------------------------------------------------------
Start Handling Custom Attributes
---------------------------------------------------------------------------------
---------------------------------------------------------------------------------
Finished Handling Custom Attributes : Time (s): cpu = 00:00:09 ; elapsed = 00:00:12 . Memory (MB): peak = 757.547 ; gain = 500.727
---------------------------------------------------------------------------------
---------------------------------------------------------------------------------
Start Renaming Generated Nets
---------------------------------------------------------------------------------
---------------------------------------------------------------------------------
Finished Renaming Generated Nets : Time (s): cpu = 00:00:09 ; elapsed = 00:00:12 . Memory (MB): peak = 757.547 ; gain = 500.727
---------------------------------------------------------------------------------
---------------------------------------------------------------------------------
Start Writing Synthesis Report
---------------------------------------------------------------------------------

Report BlackBoxes: 
+-+--------------+----------+
| |BlackBox name |Instances |
+-+--------------+----------+
+-+--------------+----------+

Report Cell Usage: 
+------+---------+------+
|      |Cell     |Count |
+------+---------+------+
|1     |BSCANE2  |     1|
|2     |BUFG     |     2|
|3     |CARRY4   |    15|
|4     |LUT1     |    41|
|5     |LUT2     |    14|
|6     |LUT3     |    10|
|7     |LUT4     |    50|
|8     |LUT5     |    19|
|9     |LUT6     |    58|
|10    |LUT6_2   |    50|
|11    |MUXCY    |    29|
|12    |RAM32M   |     4|
|13    |RAM64M   |     2|
|14    |RAMB18E1 |     1|
|15    |XORCY    |    27|
|16    |FD       |    45|
|17    |FDCE     |    64|
|18    |FDR      |    19|
|19    |FDRE     |    84|
|20    |IBUF     |    12|
|21    |OBUF     |    12|
+------+---------+------+

Report Instance Areas: 
+------+--------------------------------------------+--------------+------+
|      |Instance                                    |Module        |Cells |
+------+--------------------------------------------+--------------+------+
|1     |top                                         |              |   559|
|2     |  btnc_unit                                 |debounce      |    83|
|3     |  btns_unit                                 |debounce_0    |    83|
|4     |  disp_unit                                 |disp_mux      |    36|
|5     |  processor                                 |kcpsm6        |   232|
|6     |  program_rom                               |btn_rom       |    66|
|7     |    \instantiate_loader.jtag_loader_6_inst  |jtag_loader_6 |    65|
+------+--------------------------------------------+--------------+------+
---------------------------------------------------------------------------------
Finished Writing Synthesis Report : Time (s): cpu = 00:00:09 ; elapsed = 00:00:12 . Memory (MB): peak = 757.547 ; gain = 500.727
---------------------------------------------------------------------------------
Synthesis finished with 0 errors, 0 critical warnings and 4 warnings.
Synthesis Optimization Runtime : Time (s): cpu = 00:00:05 ; elapsed = 00:00:08 . Memory (MB): peak = 757.547 ; gain = 175.207
Synthesis Optimization Complete : Time (s): cpu = 00:00:09 ; elapsed = 00:00:12 . Memory (MB): peak = 757.547 ; gain = 500.727
INFO: [Project 1-571] Translating synthesized netlist
INFO: [Netlist 29-17] Analyzing 192 Unisim elements for replacement
INFO: [Netlist 29-28] Unisim Transformation completed in 0 CPU seconds
INFO: [Project 1-570] Preparing netlist for logic optimization
INFO: [Opt 31-138] Pushed 0 inverter(s) to 0 load pin(s).
Netlist sorting complete. Time (s): cpu = 00:00:00 ; elapsed = 00:00:00 . Memory (MB): peak = 758.289 ; gain = 0.000
INFO: [Project 1-111] Unisim Transformation Summary:
  A total of 130 instances were transformed.
  (MUXCY,XORCY) => CARRY4: 10 instances
  FD => FDRE: 45 instances
  FDR => FDRE: 19 instances
  LUT6_2 => LUT6_2 (LUT5, LUT6): 50 instances
  RAM32M => RAM32M (RAMD32, RAMD32, RAMD32, RAMD32, RAMD32, RAMD32, RAMS32, RAMS32): 4 instances
  RAM64M => RAM64M (RAMD64E, RAMD64E, RAMD64E, RAMD64E): 2 instances

INFO: [Common 17-83] Releasing license: Synthesis
134 Infos, 198 Warnings, 94 Critical Warnings and 0 Errors encountered.
synth_design completed successfully
synth_design: Time (s): cpu = 00:00:11 ; elapsed = 00:00:13 . Memory (MB): peak = 758.289 ; gain = 501.469
Netlist sorting complete. Time (s): cpu = 00:00:00 ; elapsed = 00:00:00 . Memory (MB): peak = 758.289 ; gain = 0.000
WARNING: [Constraints 18-5210] No constraints selected for write.
Resolution: This message can indicate that there are no constraints for the design, or it can indicate that the used_in flags are set such that the constraints are ignored. This later case is used when running synth_design to not write synthesis constraints to the resulting checkpoint. Instead, project constraints are read when the synthesized design is opened.
INFO: [Common 17-1381] The checkpoint 'C:/Users/lebray/Vivado-Workflow-Scripts/Lab8/T1/vivado_project/T1.runs/synth_1/pico_btn_top.dcp' has been generated.
INFO: [runtcl-4] Executing : report_utilization -file pico_btn_top_utilization_synth.rpt -pb pico_btn_top_utilization_synth.pb
INFO: [Common 17-206] Exiting Vivado at Thu Mar 26 20:02:04 2026...
[Thu Mar 26 20:02:07 2026] synth_1 finished
wait_on_run: Time (s): cpu = 00:00:00 ; elapsed = 00:00:20 . Memory (MB): peak = 263.551 ; gain = 0.000
# set synth_status [get_property STATUS [get_runs synth_1]]
# if {$synth_status != "synth_design Complete!"} {
#     puts "ERROR: Synthesis failed: $synth_status"
#     exit 1
# }
# reset_run impl_1
# launch_runs impl_1
[Thu Mar 26 20:02:07 2026] Launched impl_1...
Run output will be captured here: C:/Users/lebray/Vivado-Workflow-Scripts/Lab8/T1/vivado_project/T1.runs/impl_1/runme.log
# wait_on_run impl_1
[Thu Mar 26 20:02:07 2026] Waiting for impl_1 to finish...

*** Running vivado
    with args -log pico_btn_top.vdi -applog -m64 -product Vivado -messageDb vivado.pb -mode batch -source pico_btn_top.tcl -notrace


****** Vivado v2018.3 (64-bit)
  **** SW Build 2405991 on Thu Dec  6 23:38:27 MST 2018
  **** IP Build 2404404 on Fri Dec  7 01:43:56 MST 2018
    ** Copyright 1986-2018 Xilinx, Inc. All Rights Reserved.

source pico_btn_top.tcl -notrace
Command: link_design -top pico_btn_top -part xc7a35tcpg236-1
Design is defaulting to srcset: sources_1
Design is defaulting to constrset: constrs_1
INFO: [Netlist 29-17] Analyzing 82 Unisim elements for replacement
INFO: [Netlist 29-28] Unisim Transformation completed in 0 CPU seconds
INFO: [Project 1-479] Netlist was created with Vivado 2018.3
INFO: [Device 21-403] Loading part xc7a35tcpg236-1
INFO: [Project 1-570] Preparing netlist for logic optimization
Parsing XDC File [C:/Users/lebray/Vivado-Workflow-Scripts/Basys3_Master.xdc]
WARNING: [Vivado 12-584] No ports matched 'sw[8]'. [C:/Users/lebray/Vivado-Workflow-Scripts/Basys3_Master.xdc:28]
CRITICAL WARNING: [Common 17-55] 'set_property' expects at least one object. [C:/Users/lebray/Vivado-Workflow-Scripts/Basys3_Master.xdc:28]
Resolution: If [get_<value>] was used to populate the object, check to make sure this command returns at least one valid object.
WARNING: [Vivado 12-584] No ports matched 'sw[8]'. [C:/Users/lebray/Vivado-Workflow-Scripts/Basys3_Master.xdc:29]
CRITICAL WARNING: [Common 17-55] 'set_property' expects at least one object. [C:/Users/lebray/Vivado-Workflow-Scripts/Basys3_Master.xdc:29]
Resolution: If [get_<value>] was used to populate the object, check to make sure this command returns at least one valid object.
WARNING: [Vivado 12-584] No ports matched 'sw[9]'. [C:/Users/lebray/Vivado-Workflow-Scripts/Basys3_Master.xdc:30]
CRITICAL WARNING: [Common 17-55] 'set_property' expects at least one object. [C:/Users/lebray/Vivado-Workflow-Scripts/Basys3_Master.xdc:30]
Resolution: If [get_<value>] was used to populate the object, check to make sure this command returns at least one valid object.
WARNING: [Vivado 12-584] No ports matched 'sw[9]'. [C:/Users/lebray/Vivado-Workflow-Scripts/Basys3_Master.xdc:31]
CRITICAL WARNING: [Common 17-55] 'set_property' expects at least one object. [C:/Users/lebray/Vivado-Workflow-Scripts/Basys3_Master.xdc:31]
Resolution: If [get_<value>] was used to populate the object, check to make sure this command returns at least one valid object.
WARNING: [Vivado 12-584] No ports matched 'sw[10]'. [C:/Users/lebray/Vivado-Workflow-Scripts/Basys3_Master.xdc:32]
CRITICAL WARNING: [Common 17-55] 'set_property' expects at least one object. [C:/Users/lebray/Vivado-Workflow-Scripts/Basys3_Master.xdc:32]
Resolution: If [get_<value>] was used to populate the object, check to make sure this command returns at least one valid object.
WARNING: [Vivado 12-584] No ports matched 'sw[10]'. [C:/Users/lebray/Vivado-Workflow-Scripts/Basys3_Master.xdc:33]
CRITICAL WARNING: [Common 17-55] 'set_property' expects at least one object. [C:/Users/lebray/Vivado-Workflow-Scripts/Basys3_Master.xdc:33]
Resolution: If [get_<value>] was used to populate the object, check to make sure this command returns at least one valid object.
WARNING: [Vivado 12-584] No ports matched 'sw[11]'. [C:/Users/lebray/Vivado-Workflow-Scripts/Basys3_Master.xdc:34]
CRITICAL WARNING: [Common 17-55] 'set_property' expects at least one object. [C:/Users/lebray/Vivado-Workflow-Scripts/Basys3_Master.xdc:34]
Resolution: If [get_<value>] was used to populate the object, check to make sure this command returns at least one valid object.
WARNING: [Vivado 12-584] No ports matched 'sw[11]'. [C:/Users/lebray/Vivado-Workflow-Scripts/Basys3_Master.xdc:35]
CRITICAL WARNING: [Common 17-55] 'set_property' expects at least one object. [C:/Users/lebray/Vivado-Workflow-Scripts/Basys3_Master.xdc:35]
Resolution: If [get_<value>] was used to populate the object, check to make sure this command returns at least one valid object.
WARNING: [Vivado 12-584] No ports matched 'sw[12]'. [C:/Users/lebray/Vivado-Workflow-Scripts/Basys3_Master.xdc:36]
CRITICAL WARNING: [Common 17-55] 'set_property' expects at least one object. [C:/Users/lebray/Vivado-Workflow-Scripts/Basys3_Master.xdc:36]
Resolution: If [get_<value>] was used to populate the object, check to make sure this command returns at least one valid object.
WARNING: [Vivado 12-584] No ports matched 'sw[12]'. [C:/Users/lebray/Vivado-Workflow-Scripts/Basys3_Master.xdc:37]
CRITICAL WARNING: [Common 17-55] 'set_property' expects at least one object. [C:/Users/lebray/Vivado-Workflow-Scripts/Basys3_Master.xdc:37]
Resolution: If [get_<value>] was used to populate the object, check to make sure this command returns at least one valid object.
WARNING: [Vivado 12-584] No ports matched 'sw[13]'. [C:/Users/lebray/Vivado-Workflow-Scripts/Basys3_Master.xdc:38]
CRITICAL WARNING: [Common 17-55] 'set_property' expects at least one object. [C:/Users/lebray/Vivado-Workflow-Scripts/Basys3_Master.xdc:38]
Resolution: If [get_<value>] was used to populate the object, check to make sure this command returns at least one valid object.
WARNING: [Vivado 12-584] No ports matched 'sw[13]'. [C:/Users/lebray/Vivado-Workflow-Scripts/Basys3_Master.xdc:39]
CRITICAL WARNING: [Common 17-55] 'set_property' expects at least one object. [C:/Users/lebray/Vivado-Workflow-Scripts/Basys3_Master.xdc:39]
Resolution: If [get_<value>] was used to populate the object, check to make sure this command returns at least one valid object.
WARNING: [Vivado 12-584] No ports matched 'sw[14]'. [C:/Users/lebray/Vivado-Workflow-Scripts/Basys3_Master.xdc:40]
CRITICAL WARNING: [Common 17-55] 'set_property' expects at least one object. [C:/Users/lebray/Vivado-Workflow-Scripts/Basys3_Master.xdc:40]
Resolution: If [get_<value>] was used to populate the object, check to make sure this command returns at least one valid object.
WARNING: [Vivado 12-584] No ports matched 'sw[14]'. [C:/Users/lebray/Vivado-Workflow-Scripts/Basys3_Master.xdc:41]
CRITICAL WARNING: [Common 17-55] 'set_property' expects at least one object. [C:/Users/lebray/Vivado-Workflow-Scripts/Basys3_Master.xdc:41]
Resolution: If [get_<value>] was used to populate the object, check to make sure this command returns at least one valid object.
WARNING: [Vivado 12-584] No ports matched 'sw[15]'. [C:/Users/lebray/Vivado-Workflow-Scripts/Basys3_Master.xdc:42]
CRITICAL WARNING: [Common 17-55] 'set_property' expects at least one object. [C:/Users/lebray/Vivado-Workflow-Scripts/Basys3_Master.xdc:42]
Resolution: If [get_<value>] was used to populate the object, check to make sure this command returns at least one valid object.
WARNING: [Vivado 12-584] No ports matched 'sw[15]'. [C:/Users/lebray/Vivado-Workflow-Scripts/Basys3_Master.xdc:43]
CRITICAL WARNING: [Common 17-55] 'set_property' expects at least one object. [C:/Users/lebray/Vivado-Workflow-Scripts/Basys3_Master.xdc:43]
Resolution: If [get_<value>] was used to populate the object, check to make sure this command returns at least one valid object.
WARNING: [Vivado 12-584] No ports matched 'led[0]'. [C:/Users/lebray/Vivado-Workflow-Scripts/Basys3_Master.xdc:47]
CRITICAL WARNING: [Common 17-55] 'set_property' expects at least one object. [C:/Users/lebray/Vivado-Workflow-Scripts/Basys3_Master.xdc:47]
Resolution: If [get_<value>] was used to populate the object, check to make sure this command returns at least one valid object.
WARNING: [Vivado 12-584] No ports matched 'led[0]'. [C:/Users/lebray/Vivado-Workflow-Scripts/Basys3_Master.xdc:48]
CRITICAL WARNING: [Common 17-55] 'set_property' expects at least one object. [C:/Users/lebray/Vivado-Workflow-Scripts/Basys3_Master.xdc:48]
Resolution: If [get_<value>] was used to populate the object, check to make sure this command returns at least one valid object.
WARNING: [Vivado 12-584] No ports matched 'led[1]'. [C:/Users/lebray/Vivado-Workflow-Scripts/Basys3_Master.xdc:49]
CRITICAL WARNING: [Common 17-55] 'set_property' expects at least one object. [C:/Users/lebray/Vivado-Workflow-Scripts/Basys3_Master.xdc:49]
Resolution: If [get_<value>] was used to populate the object, check to make sure this command returns at least one valid object.
WARNING: [Vivado 12-584] No ports matched 'led[1]'. [C:/Users/lebray/Vivado-Workflow-Scripts/Basys3_Master.xdc:50]
CRITICAL WARNING: [Common 17-55] 'set_property' expects at least one object. [C:/Users/lebray/Vivado-Workflow-Scripts/Basys3_Master.xdc:50]
Resolution: If [get_<value>] was used to populate the object, check to make sure this command returns at least one valid object.
WARNING: [Vivado 12-584] No ports matched 'led[2]'. [C:/Users/lebray/Vivado-Workflow-Scripts/Basys3_Master.xdc:51]
CRITICAL WARNING: [Common 17-55] 'set_property' expects at least one object. [C:/Users/lebray/Vivado-Workflow-Scripts/Basys3_Master.xdc:51]
Resolution: If [get_<value>] was used to populate the object, check to make sure this command returns at least one valid object.
WARNING: [Vivado 12-584] No ports matched 'led[2]'. [C:/Users/lebray/Vivado-Workflow-Scripts/Basys3_Master.xdc:52]
CRITICAL WARNING: [Common 17-55] 'set_property' expects at least one object. [C:/Users/lebray/Vivado-Workflow-Scripts/Basys3_Master.xdc:52]
Resolution: If [get_<value>] was used to populate the object, check to make sure this command returns at least one valid object.
WARNING: [Vivado 12-584] No ports matched 'led[3]'. [C:/Users/lebray/Vivado-Workflow-Scripts/Basys3_Master.xdc:53]
CRITICAL WARNING: [Common 17-55] 'set_property' expects at least one object. [C:/Users/lebray/Vivado-Workflow-Scripts/Basys3_Master.xdc:53]
Resolution: If [get_<value>] was used to populate the object, check to make sure this command returns at least one valid object.
WARNING: [Vivado 12-584] No ports matched 'led[3]'. [C:/Users/lebray/Vivado-Workflow-Scripts/Basys3_Master.xdc:54]
CRITICAL WARNING: [Common 17-55] 'set_property' expects at least one object. [C:/Users/lebray/Vivado-Workflow-Scripts/Basys3_Master.xdc:54]
Resolution: If [get_<value>] was used to populate the object, check to make sure this command returns at least one valid object.
WARNING: [Vivado 12-584] No ports matched 'led[4]'. [C:/Users/lebray/Vivado-Workflow-Scripts/Basys3_Master.xdc:55]
CRITICAL WARNING: [Common 17-55] 'set_property' expects at least one object. [C:/Users/lebray/Vivado-Workflow-Scripts/Basys3_Master.xdc:55]
Resolution: If [get_<value>] was used to populate the object, check to make sure this command returns at least one valid object.
WARNING: [Vivado 12-584] No ports matched 'led[4]'. [C:/Users/lebray/Vivado-Workflow-Scripts/Basys3_Master.xdc:56]
CRITICAL WARNING: [Common 17-55] 'set_property' expects at least one object. [C:/Users/lebray/Vivado-Workflow-Scripts/Basys3_Master.xdc:56]
Resolution: If [get_<value>] was used to populate the object, check to make sure this command returns at least one valid object.
WARNING: [Vivado 12-584] No ports matched 'led[5]'. [C:/Users/lebray/Vivado-Workflow-Scripts/Basys3_Master.xdc:57]
CRITICAL WARNING: [Common 17-55] 'set_property' expects at least one object. [C:/Users/lebray/Vivado-Workflow-Scripts/Basys3_Master.xdc:57]
Resolution: If [get_<value>] was used to populate the object, check to make sure this command returns at least one valid object.
WARNING: [Vivado 12-584] No ports matched 'led[5]'. [C:/Users/lebray/Vivado-Workflow-Scripts/Basys3_Master.xdc:58]
CRITICAL WARNING: [Common 17-55] 'set_property' expects at least one object. [C:/Users/lebray/Vivado-Workflow-Scripts/Basys3_Master.xdc:58]
Resolution: If [get_<value>] was used to populate the object, check to make sure this command returns at least one valid object.
WARNING: [Vivado 12-584] No ports matched 'led[6]'. [C:/Users/lebray/Vivado-Workflow-Scripts/Basys3_Master.xdc:59]
CRITICAL WARNING: [Common 17-55] 'set_property' expects at least one object. [C:/Users/lebray/Vivado-Workflow-Scripts/Basys3_Master.xdc:59]
Resolution: If [get_<value>] was used to populate the object, check to make sure this command returns at least one valid object.
WARNING: [Vivado 12-584] No ports matched 'led[6]'. [C:/Users/lebray/Vivado-Workflow-Scripts/Basys3_Master.xdc:60]
CRITICAL WARNING: [Common 17-55] 'set_property' expects at least one object. [C:/Users/lebray/Vivado-Workflow-Scripts/Basys3_Master.xdc:60]
Resolution: If [get_<value>] was used to populate the object, check to make sure this command returns at least one valid object.
WARNING: [Vivado 12-584] No ports matched 'led[7]'. [C:/Users/lebray/Vivado-Workflow-Scripts/Basys3_Master.xdc:61]
CRITICAL WARNING: [Common 17-55] 'set_property' expects at least one object. [C:/Users/lebray/Vivado-Workflow-Scripts/Basys3_Master.xdc:61]
Resolution: If [get_<value>] was used to populate the object, check to make sure this command returns at least one valid object.
WARNING: [Vivado 12-584] No ports matched 'led[7]'. [C:/Users/lebray/Vivado-Workflow-Scripts/Basys3_Master.xdc:62]
CRITICAL WARNING: [Common 17-55] 'set_property' expects at least one object. [C:/Users/lebray/Vivado-Workflow-Scripts/Basys3_Master.xdc:62]
Resolution: If [get_<value>] was used to populate the object, check to make sure this command returns at least one valid object.
WARNING: [Vivado 12-584] No ports matched 'led[8]'. [C:/Users/lebray/Vivado-Workflow-Scripts/Basys3_Master.xdc:63]
CRITICAL WARNING: [Common 17-55] 'set_property' expects at least one object. [C:/Users/lebray/Vivado-Workflow-Scripts/Basys3_Master.xdc:63]
Resolution: If [get_<value>] was used to populate the object, check to make sure this command returns at least one valid object.
WARNING: [Vivado 12-584] No ports matched 'led[8]'. [C:/Users/lebray/Vivado-Workflow-Scripts/Basys3_Master.xdc:64]
CRITICAL WARNING: [Common 17-55] 'set_property' expects at least one object. [C:/Users/lebray/Vivado-Workflow-Scripts/Basys3_Master.xdc:64]
Resolution: If [get_<value>] was used to populate the object, check to make sure this command returns at least one valid object.
WARNING: [Vivado 12-584] No ports matched 'led[9]'. [C:/Users/lebray/Vivado-Workflow-Scripts/Basys3_Master.xdc:65]
CRITICAL WARNING: [Common 17-55] 'set_property' expects at least one object. [C:/Users/lebray/Vivado-Workflow-Scripts/Basys3_Master.xdc:65]
Resolution: If [get_<value>] was used to populate the object, check to make sure this command returns at least one valid object.
WARNING: [Vivado 12-584] No ports matched 'led[9]'. [C:/Users/lebray/Vivado-Workflow-Scripts/Basys3_Master.xdc:66]
CRITICAL WARNING: [Common 17-55] 'set_property' expects at least one object. [C:/Users/lebray/Vivado-Workflow-Scripts/Basys3_Master.xdc:66]
Resolution: If [get_<value>] was used to populate the object, check to make sure this command returns at least one valid object.
WARNING: [Vivado 12-584] No ports matched 'led[10]'. [C:/Users/lebray/Vivado-Workflow-Scripts/Basys3_Master.xdc:67]
CRITICAL WARNING: [Common 17-55] 'set_property' expects at least one object. [C:/Users/lebray/Vivado-Workflow-Scripts/Basys3_Master.xdc:67]
Resolution: If [get_<value>] was used to populate the object, check to make sure this command returns at least one valid object.
WARNING: [Vivado 12-584] No ports matched 'led[10]'. [C:/Users/lebray/Vivado-Workflow-Scripts/Basys3_Master.xdc:68]
CRITICAL WARNING: [Common 17-55] 'set_property' expects at least one object. [C:/Users/lebray/Vivado-Workflow-Scripts/Basys3_Master.xdc:68]
Resolution: If [get_<value>] was used to populate the object, check to make sure this command returns at least one valid object.
WARNING: [Vivado 12-584] No ports matched 'led[11]'. [C:/Users/lebray/Vivado-Workflow-Scripts/Basys3_Master.xdc:69]
CRITICAL WARNING: [Common 17-55] 'set_property' expects at least one object. [C:/Users/lebray/Vivado-Workflow-Scripts/Basys3_Master.xdc:69]
Resolution: If [get_<value>] was used to populate the object, check to make sure this command returns at least one valid object.
WARNING: [Vivado 12-584] No ports matched 'led[11]'. [C:/Users/lebray/Vivado-Workflow-Scripts/Basys3_Master.xdc:70]
CRITICAL WARNING: [Common 17-55] 'set_property' expects at least one object. [C:/Users/lebray/Vivado-Workflow-Scripts/Basys3_Master.xdc:70]
Resolution: If [get_<value>] was used to populate the object, check to make sure this command returns at least one valid object.
WARNING: [Vivado 12-584] No ports matched 'led[12]'. [C:/Users/lebray/Vivado-Workflow-Scripts/Basys3_Master.xdc:71]
CRITICAL WARNING: [Common 17-55] 'set_property' expects at least one object. [C:/Users/lebray/Vivado-Workflow-Scripts/Basys3_Master.xdc:71]
Resolution: If [get_<value>] was used to populate the object, check to make sure this command returns at least one valid object.
WARNING: [Vivado 12-584] No ports matched 'led[12]'. [C:/Users/lebray/Vivado-Workflow-Scripts/Basys3_Master.xdc:72]
CRITICAL WARNING: [Common 17-55] 'set_property' expects at least one object. [C:/Users/lebray/Vivado-Workflow-Scripts/Basys3_Master.xdc:72]
Resolution: If [get_<value>] was used to populate the object, check to make sure this command returns at least one valid object.
WARNING: [Vivado 12-584] No ports matched 'led[13]'. [C:/Users/lebray/Vivado-Workflow-Scripts/Basys3_Master.xdc:73]
CRITICAL WARNING: [Common 17-55] 'set_property' expects at least one object. [C:/Users/lebray/Vivado-Workflow-Scripts/Basys3_Master.xdc:73]
Resolution: If [get_<value>] was used to populate the object, check to make sure this command returns at least one valid object.
WARNING: [Vivado 12-584] No ports matched 'led[13]'. [C:/Users/lebray/Vivado-Workflow-Scripts/Basys3_Master.xdc:74]
CRITICAL WARNING: [Common 17-55] 'set_property' expects at least one object. [C:/Users/lebray/Vivado-Workflow-Scripts/Basys3_Master.xdc:74]
Resolution: If [get_<value>] was used to populate the object, check to make sure this command returns at least one valid object.
WARNING: [Vivado 12-584] No ports matched 'led[14]'. [C:/Users/lebray/Vivado-Workflow-Scripts/Basys3_Master.xdc:75]
CRITICAL WARNING: [Common 17-55] 'set_property' expects at least one object. [C:/Users/lebray/Vivado-Workflow-Scripts/Basys3_Master.xdc:75]
Resolution: If [get_<value>] was used to populate the object, check to make sure this command returns at least one valid object.
WARNING: [Vivado 12-584] No ports matched 'led[14]'. [C:/Users/lebray/Vivado-Workflow-Scripts/Basys3_Master.xdc:76]
CRITICAL WARNING: [Common 17-55] 'set_property' expects at least one object. [C:/Users/lebray/Vivado-Workflow-Scripts/Basys3_Master.xdc:76]
Resolution: If [get_<value>] was used to populate the object, check to make sure this command returns at least one valid object.
WARNING: [Vivado 12-584] No ports matched 'led[15]'. [C:/Users/lebray/Vivado-Workflow-Scripts/Basys3_Master.xdc:77]
CRITICAL WARNING: [Common 17-55] 'set_property' expects at least one object. [C:/Users/lebray/Vivado-Workflow-Scripts/Basys3_Master.xdc:77]
Resolution: If [get_<value>] was used to populate the object, check to make sure this command returns at least one valid object.
WARNING: [Vivado 12-584] No ports matched 'led[15]'. [C:/Users/lebray/Vivado-Workflow-Scripts/Basys3_Master.xdc:78]
CRITICAL WARNING: [Common 17-55] 'set_property' expects at least one object. [C:/Users/lebray/Vivado-Workflow-Scripts/Basys3_Master.xdc:78]
Resolution: If [get_<value>] was used to populate the object, check to make sure this command returns at least one valid object.
WARNING: [Vivado 12-584] No ports matched 'btnU'. [C:/Users/lebray/Vivado-Workflow-Scripts/Basys3_Master.xdc:113]
CRITICAL WARNING: [Common 17-55] 'set_property' expects at least one object. [C:/Users/lebray/Vivado-Workflow-Scripts/Basys3_Master.xdc:113]
Resolution: If [get_<value>] was used to populate the object, check to make sure this command returns at least one valid object.
WARNING: [Vivado 12-584] No ports matched 'btnU'. [C:/Users/lebray/Vivado-Workflow-Scripts/Basys3_Master.xdc:114]
CRITICAL WARNING: [Common 17-55] 'set_property' expects at least one object. [C:/Users/lebray/Vivado-Workflow-Scripts/Basys3_Master.xdc:114]
Resolution: If [get_<value>] was used to populate the object, check to make sure this command returns at least one valid object.
WARNING: [Vivado 12-584] No ports matched 'btnD'. [C:/Users/lebray/Vivado-Workflow-Scripts/Basys3_Master.xdc:119]
CRITICAL WARNING: [Common 17-55] 'set_property' expects at least one object. [C:/Users/lebray/Vivado-Workflow-Scripts/Basys3_Master.xdc:119]
Resolution: If [get_<value>] was used to populate the object, check to make sure this command returns at least one valid object.
WARNING: [Vivado 12-584] No ports matched 'btnD'. [C:/Users/lebray/Vivado-Workflow-Scripts/Basys3_Master.xdc:120]
CRITICAL WARNING: [Common 17-55] 'set_property' expects at least one object. [C:/Users/lebray/Vivado-Workflow-Scripts/Basys3_Master.xdc:120]
Resolution: If [get_<value>] was used to populate the object, check to make sure this command returns at least one valid object.
WARNING: [Vivado 12-584] No ports matched 'JA[0]'. [C:/Users/lebray/Vivado-Workflow-Scripts/Basys3_Master.xdc:126]
CRITICAL WARNING: [Common 17-55] 'set_property' expects at least one object. [C:/Users/lebray/Vivado-Workflow-Scripts/Basys3_Master.xdc:126]
Resolution: If [get_<value>] was used to populate the object, check to make sure this command returns at least one valid object.
WARNING: [Vivado 12-584] No ports matched 'JA[0]'. [C:/Users/lebray/Vivado-Workflow-Scripts/Basys3_Master.xdc:127]
CRITICAL WARNING: [Common 17-55] 'set_property' expects at least one object. [C:/Users/lebray/Vivado-Workflow-Scripts/Basys3_Master.xdc:127]
Resolution: If [get_<value>] was used to populate the object, check to make sure this command returns at least one valid object.
WARNING: [Vivado 12-584] No ports matched 'JA[1]'. [C:/Users/lebray/Vivado-Workflow-Scripts/Basys3_Master.xdc:129]
CRITICAL WARNING: [Common 17-55] 'set_property' expects at least one object. [C:/Users/lebray/Vivado-Workflow-Scripts/Basys3_Master.xdc:129]
Resolution: If [get_<value>] was used to populate the object, check to make sure this command returns at least one valid object.
WARNING: [Vivado 12-584] No ports matched 'JA[1]'. [C:/Users/lebray/Vivado-Workflow-Scripts/Basys3_Master.xdc:130]
CRITICAL WARNING: [Common 17-55] 'set_property' expects at least one object. [C:/Users/lebray/Vivado-Workflow-Scripts/Basys3_Master.xdc:130]
Resolution: If [get_<value>] was used to populate the object, check to make sure this command returns at least one valid object.
WARNING: [Vivado 12-584] No ports matched 'JA[2]'. [C:/Users/lebray/Vivado-Workflow-Scripts/Basys3_Master.xdc:132]
CRITICAL WARNING: [Common 17-55] 'set_property' expects at least one object. [C:/Users/lebray/Vivado-Workflow-Scripts/Basys3_Master.xdc:132]
Resolution: If [get_<value>] was used to populate the object, check to make sure this command returns at least one valid object.
WARNING: [Vivado 12-584] No ports matched 'JA[2]'. [C:/Users/lebray/Vivado-Workflow-Scripts/Basys3_Master.xdc:133]
CRITICAL WARNING: [Common 17-55] 'set_property' expects at least one object. [C:/Users/lebray/Vivado-Workflow-Scripts/Basys3_Master.xdc:133]
Resolution: If [get_<value>] was used to populate the object, check to make sure this command returns at least one valid object.
WARNING: [Vivado 12-584] No ports matched 'JA[3]'. [C:/Users/lebray/Vivado-Workflow-Scripts/Basys3_Master.xdc:135]
CRITICAL WARNING: [Common 17-55] 'set_property' expects at least one object. [C:/Users/lebray/Vivado-Workflow-Scripts/Basys3_Master.xdc:135]
Resolution: If [get_<value>] was used to populate the object, check to make sure this command returns at least one valid object.
WARNING: [Vivado 12-584] No ports matched 'JA[3]'. [C:/Users/lebray/Vivado-Workflow-Scripts/Basys3_Master.xdc:136]
CRITICAL WARNING: [Common 17-55] 'set_property' expects at least one object. [C:/Users/lebray/Vivado-Workflow-Scripts/Basys3_Master.xdc:136]
Resolution: If [get_<value>] was used to populate the object, check to make sure this command returns at least one valid object.
WARNING: [Vivado 12-584] No ports matched 'JA[4]'. [C:/Users/lebray/Vivado-Workflow-Scripts/Basys3_Master.xdc:138]
CRITICAL WARNING: [Common 17-55] 'set_property' expects at least one object. [C:/Users/lebray/Vivado-Workflow-Scripts/Basys3_Master.xdc:138]
Resolution: If [get_<value>] was used to populate the object, check to make sure this command returns at least one valid object.
WARNING: [Vivado 12-584] No ports matched 'JA[4]'. [C:/Users/lebray/Vivado-Workflow-Scripts/Basys3_Master.xdc:139]
CRITICAL WARNING: [Common 17-55] 'set_property' expects at least one object. [C:/Users/lebray/Vivado-Workflow-Scripts/Basys3_Master.xdc:139]
Resolution: If [get_<value>] was used to populate the object, check to make sure this command returns at least one valid object.
WARNING: [Vivado 12-584] No ports matched 'JA[5]'. [C:/Users/lebray/Vivado-Workflow-Scripts/Basys3_Master.xdc:141]
CRITICAL WARNING: [Common 17-55] 'set_property' expects at least one object. [C:/Users/lebray/Vivado-Workflow-Scripts/Basys3_Master.xdc:141]
Resolution: If [get_<value>] was used to populate the object, check to make sure this command returns at least one valid object.
WARNING: [Vivado 12-584] No ports matched 'JA[5]'. [C:/Users/lebray/Vivado-Workflow-Scripts/Basys3_Master.xdc:142]
CRITICAL WARNING: [Common 17-55] 'set_property' expects at least one object. [C:/Users/lebray/Vivado-Workflow-Scripts/Basys3_Master.xdc:142]
Resolution: If [get_<value>] was used to populate the object, check to make sure this command returns at least one valid object.
WARNING: [Vivado 12-584] No ports matched 'JA[6]'. [C:/Users/lebray/Vivado-Workflow-Scripts/Basys3_Master.xdc:144]
CRITICAL WARNING: [Common 17-55] 'set_property' expects at least one object. [C:/Users/lebray/Vivado-Workflow-Scripts/Basys3_Master.xdc:144]
Resolution: If [get_<value>] was used to populate the object, check to make sure this command returns at least one valid object.
WARNING: [Vivado 12-584] No ports matched 'JA[6]'. [C:/Users/lebray/Vivado-Workflow-Scripts/Basys3_Master.xdc:145]
CRITICAL WARNING: [Common 17-55] 'set_property' expects at least one object. [C:/Users/lebray/Vivado-Workflow-Scripts/Basys3_Master.xdc:145]
Resolution: If [get_<value>] was used to populate the object, check to make sure this command returns at least one valid object.
WARNING: [Vivado 12-584] No ports matched 'JA[7]'. [C:/Users/lebray/Vivado-Workflow-Scripts/Basys3_Master.xdc:147]
CRITICAL WARNING: [Common 17-55] 'set_property' expects at least one object. [C:/Users/lebray/Vivado-Workflow-Scripts/Basys3_Master.xdc:147]
Resolution: If [get_<value>] was used to populate the object, check to make sure this command returns at least one valid object.
WARNING: [Vivado 12-584] No ports matched 'JA[7]'. [C:/Users/lebray/Vivado-Workflow-Scripts/Basys3_Master.xdc:148]
CRITICAL WARNING: [Common 17-55] 'set_property' expects at least one object. [C:/Users/lebray/Vivado-Workflow-Scripts/Basys3_Master.xdc:148]
Resolution: If [get_<value>] was used to populate the object, check to make sure this command returns at least one valid object.
WARNING: [Vivado 12-584] No ports matched 'JB[0]'. [C:/Users/lebray/Vivado-Workflow-Scripts/Basys3_Master.xdc:154]
CRITICAL WARNING: [Common 17-55] 'set_property' expects at least one object. [C:/Users/lebray/Vivado-Workflow-Scripts/Basys3_Master.xdc:154]
Resolution: If [get_<value>] was used to populate the object, check to make sure this command returns at least one valid object.
WARNING: [Vivado 12-584] No ports matched 'JB[0]'. [C:/Users/lebray/Vivado-Workflow-Scripts/Basys3_Master.xdc:155]
CRITICAL WARNING: [Common 17-55] 'set_property' expects at least one object. [C:/Users/lebray/Vivado-Workflow-Scripts/Basys3_Master.xdc:155]
Resolution: If [get_<value>] was used to populate the object, check to make sure this command returns at least one valid object.
WARNING: [Vivado 12-584] No ports matched 'JB[1]'. [C:/Users/lebray/Vivado-Workflow-Scripts/Basys3_Master.xdc:157]
CRITICAL WARNING: [Common 17-55] 'set_property' expects at least one object. [C:/Users/lebray/Vivado-Workflow-Scripts/Basys3_Master.xdc:157]
Resolution: If [get_<value>] was used to populate the object, check to make sure this command returns at least one valid object.
WARNING: [Vivado 12-584] No ports matched 'JB[1]'. [C:/Users/lebray/Vivado-Workflow-Scripts/Basys3_Master.xdc:158]
CRITICAL WARNING: [Common 17-55] 'set_property' expects at least one object. [C:/Users/lebray/Vivado-Workflow-Scripts/Basys3_Master.xdc:158]
Resolution: If [get_<value>] was used to populate the object, check to make sure this command returns at least one valid object.
WARNING: [Vivado 12-584] No ports matched 'JB[2]'. [C:/Users/lebray/Vivado-Workflow-Scripts/Basys3_Master.xdc:160]
CRITICAL WARNING: [Common 17-55] 'set_property' expects at least one object. [C:/Users/lebray/Vivado-Workflow-Scripts/Basys3_Master.xdc:160]
Resolution: If [get_<value>] was used to populate the object, check to make sure this command returns at least one valid object.
WARNING: [Vivado 12-584] No ports matched 'JB[2]'. [C:/Users/lebray/Vivado-Workflow-Scripts/Basys3_Master.xdc:161]
CRITICAL WARNING: [Common 17-55] 'set_property' expects at least one object. [C:/Users/lebray/Vivado-Workflow-Scripts/Basys3_Master.xdc:161]
Resolution: If [get_<value>] was used to populate the object, check to make sure this command returns at least one valid object.
WARNING: [Vivado 12-584] No ports matched 'JB[3]'. [C:/Users/lebray/Vivado-Workflow-Scripts/Basys3_Master.xdc:163]
CRITICAL WARNING: [Common 17-55] 'set_property' expects at least one object. [C:/Users/lebray/Vivado-Workflow-Scripts/Basys3_Master.xdc:163]
Resolution: If [get_<value>] was used to populate the object, check to make sure this command returns at least one valid object.
WARNING: [Vivado 12-584] No ports matched 'JB[3]'. [C:/Users/lebray/Vivado-Workflow-Scripts/Basys3_Master.xdc:164]
CRITICAL WARNING: [Common 17-55] 'set_property' expects at least one object. [C:/Users/lebray/Vivado-Workflow-Scripts/Basys3_Master.xdc:164]
Resolution: If [get_<value>] was used to populate the object, check to make sure this command returns at least one valid object.
WARNING: [Vivado 12-584] No ports matched 'JB[4]'. [C:/Users/lebray/Vivado-Workflow-Scripts/Basys3_Master.xdc:166]
CRITICAL WARNING: [Common 17-55] 'set_property' expects at least one object. [C:/Users/lebray/Vivado-Workflow-Scripts/Basys3_Master.xdc:166]
Resolution: If [get_<value>] was used to populate the object, check to make sure this command returns at least one valid object.
WARNING: [Vivado 12-584] No ports matched 'JB[4]'. [C:/Users/lebray/Vivado-Workflow-Scripts/Basys3_Master.xdc:167]
CRITICAL WARNING: [Common 17-55] 'set_property' expects at least one object. [C:/Users/lebray/Vivado-Workflow-Scripts/Basys3_Master.xdc:167]
Resolution: If [get_<value>] was used to populate the object, check to make sure this command returns at least one valid object.
WARNING: [Vivado 12-584] No ports matched 'JB[5]'. [C:/Users/lebray/Vivado-Workflow-Scripts/Basys3_Master.xdc:169]
CRITICAL WARNING: [Common 17-55] 'set_property' expects at least one object. [C:/Users/lebray/Vivado-Workflow-Scripts/Basys3_Master.xdc:169]
Resolution: If [get_<value>] was used to populate the object, check to make sure this command returns at least one valid object.
WARNING: [Vivado 12-584] No ports matched 'JB[5]'. [C:/Users/lebray/Vivado-Workflow-Scripts/Basys3_Master.xdc:170]
CRITICAL WARNING: [Common 17-55] 'set_property' expects at least one object. [C:/Users/lebray/Vivado-Workflow-Scripts/Basys3_Master.xdc:170]
Resolution: If [get_<value>] was used to populate the object, check to make sure this command returns at least one valid object.
WARNING: [Vivado 12-584] No ports matched 'JB[6]'. [C:/Users/lebray/Vivado-Workflow-Scripts/Basys3_Master.xdc:172]
CRITICAL WARNING: [Common 17-55] 'set_property' expects at least one object. [C:/Users/lebray/Vivado-Workflow-Scripts/Basys3_Master.xdc:172]
Resolution: If [get_<value>] was used to populate the object, check to make sure this command returns at least one valid object.
WARNING: [Vivado 12-584] No ports matched 'JB[6]'. [C:/Users/lebray/Vivado-Workflow-Scripts/Basys3_Master.xdc:173]
CRITICAL WARNING: [Common 17-55] 'set_property' expects at least one object. [C:/Users/lebray/Vivado-Workflow-Scripts/Basys3_Master.xdc:173]
Resolution: If [get_<value>] was used to populate the object, check to make sure this command returns at least one valid object.
WARNING: [Vivado 12-584] No ports matched 'JB[7]'. [C:/Users/lebray/Vivado-Workflow-Scripts/Basys3_Master.xdc:175]
CRITICAL WARNING: [Common 17-55] 'set_property' expects at least one object. [C:/Users/lebray/Vivado-Workflow-Scripts/Basys3_Master.xdc:175]
Resolution: If [get_<value>] was used to populate the object, check to make sure this command returns at least one valid object.
WARNING: [Vivado 12-584] No ports matched 'JB[7]'. [C:/Users/lebray/Vivado-Workflow-Scripts/Basys3_Master.xdc:176]
CRITICAL WARNING: [Common 17-55] 'set_property' expects at least one object. [C:/Users/lebray/Vivado-Workflow-Scripts/Basys3_Master.xdc:176]
Resolution: If [get_<value>] was used to populate the object, check to make sure this command returns at least one valid object.
WARNING: [Vivado 12-584] No ports matched 'RsRx'. [C:/Users/lebray/Vivado-Workflow-Scripts/Basys3_Master.xdc:267]
CRITICAL WARNING: [Common 17-55] 'set_property' expects at least one object. [C:/Users/lebray/Vivado-Workflow-Scripts/Basys3_Master.xdc:267]
Resolution: If [get_<value>] was used to populate the object, check to make sure this command returns at least one valid object.
WARNING: [Vivado 12-584] No ports matched 'RsRx'. [C:/Users/lebray/Vivado-Workflow-Scripts/Basys3_Master.xdc:268]
CRITICAL WARNING: [Common 17-55] 'set_property' expects at least one object. [C:/Users/lebray/Vivado-Workflow-Scripts/Basys3_Master.xdc:268]
Resolution: If [get_<value>] was used to populate the object, check to make sure this command returns at least one valid object.
WARNING: [Vivado 12-584] No ports matched 'RsTx'. [C:/Users/lebray/Vivado-Workflow-Scripts/Basys3_Master.xdc:269]
CRITICAL WARNING: [Common 17-55] 'set_property' expects at least one object. [C:/Users/lebray/Vivado-Workflow-Scripts/Basys3_Master.xdc:269]
Resolution: If [get_<value>] was used to populate the object, check to make sure this command returns at least one valid object.
WARNING: [Vivado 12-584] No ports matched 'RsTx'. [C:/Users/lebray/Vivado-Workflow-Scripts/Basys3_Master.xdc:270]
CRITICAL WARNING: [Common 17-55] 'set_property' expects at least one object. [C:/Users/lebray/Vivado-Workflow-Scripts/Basys3_Master.xdc:270]
Resolution: If [get_<value>] was used to populate the object, check to make sure this command returns at least one valid object.
WARNING: [Vivado 12-584] No ports matched 'PS2Clk'. [C:/Users/lebray/Vivado-Workflow-Scripts/Basys3_Master.xdc:274]
CRITICAL WARNING: [Common 17-55] 'set_property' expects at least one object. [C:/Users/lebray/Vivado-Workflow-Scripts/Basys3_Master.xdc:274]
Resolution: If [get_<value>] was used to populate the object, check to make sure this command returns at least one valid object.
WARNING: [Vivado 12-584] No ports matched 'PS2Clk'. [C:/Users/lebray/Vivado-Workflow-Scripts/Basys3_Master.xdc:275]
CRITICAL WARNING: [Common 17-55] 'set_property' expects at least one object. [C:/Users/lebray/Vivado-Workflow-Scripts/Basys3_Master.xdc:275]
Resolution: If [get_<value>] was used to populate the object, check to make sure this command returns at least one valid object.
WARNING: [Vivado 12-584] No ports matched 'PS2Clk'. [C:/Users/lebray/Vivado-Workflow-Scripts/Basys3_Master.xdc:276]
CRITICAL WARNING: [Common 17-55] 'set_property' expects at least one object. [C:/Users/lebray/Vivado-Workflow-Scripts/Basys3_Master.xdc:276]
Resolution: If [get_<value>] was used to populate the object, check to make sure this command returns at least one valid object.
WARNING: [Vivado 12-584] No ports matched 'PS2Data'. [C:/Users/lebray/Vivado-Workflow-Scripts/Basys3_Master.xdc:277]
CRITICAL WARNING: [Common 17-55] 'set_property' expects at least one object. [C:/Users/lebray/Vivado-Workflow-Scripts/Basys3_Master.xdc:277]
Resolution: If [get_<value>] was used to populate the object, check to make sure this command returns at least one valid object.
WARNING: [Vivado 12-584] No ports matched 'PS2Data'. [C:/Users/lebray/Vivado-Workflow-Scripts/Basys3_Master.xdc:278]
CRITICAL WARNING: [Common 17-55] 'set_property' expects at least one object. [C:/Users/lebray/Vivado-Workflow-Scripts/Basys3_Master.xdc:278]
Resolution: If [get_<value>] was used to populate the object, check to make sure this command returns at least one valid object.
WARNING: [Vivado 12-584] No ports matched 'PS2Data'. [C:/Users/lebray/Vivado-Workflow-Scripts/Basys3_Master.xdc:279]
CRITICAL WARNING: [Common 17-55] 'set_property' expects at least one object. [C:/Users/lebray/Vivado-Workflow-Scripts/Basys3_Master.xdc:279]
Resolution: If [get_<value>] was used to populate the object, check to make sure this command returns at least one valid object.
Finished Parsing XDC File [C:/Users/lebray/Vivado-Workflow-Scripts/Basys3_Master.xdc]
INFO: [Opt 31-138] Pushed 0 inverter(s) to 0 load pin(s).
Netlist sorting complete. Time (s): cpu = 00:00:00 ; elapsed = 00:00:00 . Memory (MB): peak = 565.871 ; gain = 0.000
INFO: [Project 1-111] Unisim Transformation Summary:
  A total of 56 instances were transformed.
  LUT6_2 => LUT6_2 (LUT5, LUT6): 50 instances
  RAM32M => RAM32M (RAMD32, RAMD32, RAMD32, RAMD32, RAMD32, RAMD32, RAMS32, RAMS32): 4 instances
  RAM64M => RAM64M (RAMD64E, RAMD64E, RAMD64E, RAMD64E): 2 instances

7 Infos, 94 Warnings, 94 Critical Warnings and 0 Errors encountered.
link_design completed successfully
Command: opt_design
Attempting to get a license for feature 'Implementation' and/or device 'xc7a35t'
INFO: [Common 17-349] Got license for feature 'Implementation' and/or device 'xc7a35t'
Running DRC as a precondition to command opt_design

Starting DRC Task
INFO: [DRC 23-27] Running DRC with 2 threads
INFO: [Project 1-461] DRC finished with 0 Errors
INFO: [Project 1-462] Please refer to the DRC report (report_drc) for more information.

Time (s): cpu = 00:00:00 ; elapsed = 00:00:00.314 . Memory (MB): peak = 579.957 ; gain = 14.086

Starting Cache Timing Information Task
INFO: [Timing 38-35] Done setting XDC timing constraints.
Ending Cache Timing Information Task | Checksum: 2a699cbbb

Time (s): cpu = 00:00:04 ; elapsed = 00:00:04 . Memory (MB): peak = 1132.129 ; gain = 552.172

Starting Logic Optimization Task

Phase 1 Retarget
INFO: [Opt 31-138] Pushed 0 inverter(s) to 0 load pin(s).
INFO: [Opt 31-49] Retargeted 0 cell(s).
Phase 1 Retarget | Checksum: 296014f2d

Time (s): cpu = 00:00:00 ; elapsed = 00:00:00.030 . Memory (MB): peak = 1228.082 ; gain = 0.000
INFO: [Opt 31-389] Phase Retarget created 1 cells and removed 1 cells

Phase 2 Constant propagation
INFO: [Opt 31-138] Pushed 0 inverter(s) to 0 load pin(s).
Phase 2 Constant propagation | Checksum: 229e0e8c9

Time (s): cpu = 00:00:00 ; elapsed = 00:00:00.041 . Memory (MB): peak = 1228.082 ; gain = 0.000
INFO: [Opt 31-389] Phase Constant propagation created 11 cells and removed 12 cells

Phase 3 Sweep
Phase 3 Sweep | Checksum: 28e5fd1c4

Time (s): cpu = 00:00:00 ; elapsed = 00:00:00.050 . Memory (MB): peak = 1228.082 ; gain = 0.000
INFO: [Opt 31-389] Phase Sweep created 2 cells and removed 4 cells

Phase 4 BUFG optimization
Phase 4 BUFG optimization | Checksum: 28e5fd1c4

Time (s): cpu = 00:00:00 ; elapsed = 00:00:00.061 . Memory (MB): peak = 1228.082 ; gain = 0.000
INFO: [Opt 31-662] Phase BUFG optimization created 0 cells of which 0 are BUFGs and removed 0 cells.

Phase 5 Shift Register Optimization
Phase 5 Shift Register Optimization | Checksum: 231d6dd29

Time (s): cpu = 00:00:00 ; elapsed = 00:00:00.085 . Memory (MB): peak = 1228.082 ; gain = 0.000
INFO: [Opt 31-389] Phase Shift Register Optimization created 0 cells and removed 0 cells

Phase 6 Post Processing Netlist
Phase 6 Post Processing Netlist | Checksum: 231d6dd29

Time (s): cpu = 00:00:00 ; elapsed = 00:00:00.088 . Memory (MB): peak = 1228.082 ; gain = 0.000
INFO: [Opt 31-389] Phase Post Processing Netlist created 0 cells and removed 0 cells
Opt_design Change Summary
=========================


-------------------------------------------------------------------------------------------------------------------------
|  Phase                        |  #Cells created  |  #Cells Removed  |  #Constrained objects preventing optimizations  |
-------------------------------------------------------------------------------------------------------------------------
|  Retarget                     |               1  |               1  |                                              0  |
|  Constant propagation         |              11  |              12  |                                              0  |
|  Sweep                        |               2  |               4  |                                              0  |
|  BUFG optimization            |               0  |               0  |                                              0  |
|  Shift Register Optimization  |               0  |               0  |                                              0  |
|  Post Processing Netlist      |               0  |               0  |                                              0  |
-------------------------------------------------------------------------------------------------------------------------



Starting Connectivity Check Task

Time (s): cpu = 00:00:00 ; elapsed = 00:00:00.001 . Memory (MB): peak = 1228.082 ; gain = 0.000
Ending Logic Optimization Task | Checksum: 231d6dd29

Time (s): cpu = 00:00:00 ; elapsed = 00:00:00.091 . Memory (MB): peak = 1228.082 ; gain = 0.000

Starting Power Optimization Task
INFO: [Pwropt 34-132] Skipping clock gating for clocks with a period < 2.00 ns.
INFO: [Timing 38-35] Done setting XDC timing constraints.
INFO: [Pwropt 34-9] Applying IDT optimizations ...
INFO: [Pwropt 34-10] Applying ODC optimizations ...
INFO: [Physopt 32-619] Estimated Timing Summary | WNS=1.906 | TNS=0.000 |
Running Vector-less Activity Propagation...

Finished Running Vector-less Activity Propagation


Starting PowerOpt Patch Enables Task
INFO: [Pwropt 34-162] WRITE_MODE attribute of 0 BRAM(s) out of a total of 1 has been updated to save power. Run report_power_opt to get a complete listing of the BRAMs updated.
INFO: [Pwropt 34-201] Structural ODC has moved 0 WE to EN ports
Number of BRAM Ports augmented: 0 newly gated: 0 Total Ports: 2
Ending PowerOpt Patch Enables Task | Checksum: 231d6dd29

Time (s): cpu = 00:00:00 ; elapsed = 00:00:00.007 . Memory (MB): peak = 1386.785 ; gain = 0.000
Ending Power Optimization Task | Checksum: 231d6dd29

Time (s): cpu = 00:00:00 ; elapsed = 00:00:00.393 . Memory (MB): peak = 1386.785 ; gain = 158.703

Starting Final Cleanup Task
Ending Final Cleanup Task | Checksum: 231d6dd29

Time (s): cpu = 00:00:00 ; elapsed = 00:00:00 . Memory (MB): peak = 1386.785 ; gain = 0.000

Starting Netlist Obfuscation Task
Netlist sorting complete. Time (s): cpu = 00:00:00 ; elapsed = 00:00:00 . Memory (MB): peak = 1386.785 ; gain = 0.000
Ending Netlist Obfuscation Task | Checksum: 231d6dd29

Time (s): cpu = 00:00:00 ; elapsed = 00:00:00 . Memory (MB): peak = 1386.785 ; gain = 0.000
INFO: [Common 17-83] Releasing license: Implementation
29 Infos, 94 Warnings, 94 Critical Warnings and 0 Errors encountered.
opt_design completed successfully
opt_design: Time (s): cpu = 00:00:05 ; elapsed = 00:00:06 . Memory (MB): peak = 1386.785 ; gain = 820.914
Netlist sorting complete. Time (s): cpu = 00:00:00 ; elapsed = 00:00:00 . Memory (MB): peak = 1386.785 ; gain = 0.000
INFO: [Timing 38-480] Writing timing data to binary archive.
Writing placer database...
Writing XDEF routing.
Writing XDEF routing logical nets.
Writing XDEF routing special nets.
Write XDEF Complete: Time (s): cpu = 00:00:00 ; elapsed = 00:00:00.016 . Memory (MB): peak = 1386.785 ; gain = 0.000
Netlist sorting complete. Time (s): cpu = 00:00:00 ; elapsed = 00:00:00 . Memory (MB): peak = 1386.785 ; gain = 0.000
INFO: [Common 17-1381] The checkpoint 'C:/Users/lebray/Vivado-Workflow-Scripts/Lab8/T1/vivado_project/T1.runs/impl_1/pico_btn_top_opt.dcp' has been generated.
INFO: [runtcl-4] Executing : report_drc -file pico_btn_top_drc_opted.rpt -pb pico_btn_top_drc_opted.pb -rpx pico_btn_top_drc_opted.rpx
Command: report_drc -file pico_btn_top_drc_opted.rpt -pb pico_btn_top_drc_opted.pb -rpx pico_btn_top_drc_opted.rpx
INFO: [IP_Flow 19-234] Refreshing IP repositories
INFO: [IP_Flow 19-1704] No user IP repositories specified
INFO: [IP_Flow 19-2313] Loaded Vivado IP repository 'C:/Xilinx/Vivado/2018.3/data/ip'.
INFO: [DRC 23-27] Running DRC with 2 threads
INFO: [Coretcl 2-168] The results of DRC are in file C:/Users/lebray/Vivado-Workflow-Scripts/Lab8/T1/vivado_project/T1.runs/impl_1/pico_btn_top_drc_opted.rpt.
report_drc completed successfully
Command: place_design
Attempting to get a license for feature 'Implementation' and/or device 'xc7a35t'
INFO: [Common 17-349] Got license for feature 'Implementation' and/or device 'xc7a35t'
INFO: [DRC 23-27] Running DRC with 2 threads
INFO: [Vivado_Tcl 4-198] DRC finished with 0 Errors
INFO: [Vivado_Tcl 4-199] Please refer to the DRC report (report_drc) for more information.
Running DRC as a precondition to command place_design
INFO: [DRC 23-27] Running DRC with 2 threads
INFO: [Vivado_Tcl 4-198] DRC finished with 0 Errors
INFO: [Vivado_Tcl 4-199] Please refer to the DRC report (report_drc) for more information.

Starting Placer Task
INFO: [Place 30-611] Multithreading enabled for place_design using a maximum of 2 CPUs

Phase 1 Placer Initialization

Phase 1.1 Placer Initialization Netlist Sorting
Netlist sorting complete. Time (s): cpu = 00:00:00 ; elapsed = 00:00:00 . Memory (MB): peak = 1386.785 ; gain = 0.000
Phase 1.1 Placer Initialization Netlist Sorting | Checksum: 170c9a3d0

Time (s): cpu = 00:00:00 ; elapsed = 00:00:00.015 . Memory (MB): peak = 1386.785 ; gain = 0.000
Netlist sorting complete. Time (s): cpu = 00:00:00 ; elapsed = 00:00:00 . Memory (MB): peak = 1386.785 ; gain = 0.000

Phase 1.2 IO Placement/ Clock Placement/ Build Placer Device
INFO: [Timing 38-35] Done setting XDC timing constraints.
Phase 1.2 IO Placement/ Clock Placement/ Build Placer Device | Checksum: ed5878e4

Time (s): cpu = 00:00:01 ; elapsed = 00:00:00.302 . Memory (MB): peak = 1386.785 ; gain = 0.000

Phase 1.3 Build Placer Netlist Model
Phase 1.3 Build Placer Netlist Model | Checksum: 19cf628e8

Time (s): cpu = 00:00:01 ; elapsed = 00:00:00.395 . Memory (MB): peak = 1386.785 ; gain = 0.000

Phase 1.4 Constrain Clocks/Macros
Phase 1.4 Constrain Clocks/Macros | Checksum: 19cf628e8

Time (s): cpu = 00:00:01 ; elapsed = 00:00:00.397 . Memory (MB): peak = 1386.785 ; gain = 0.000
Phase 1 Placer Initialization | Checksum: 19cf628e8

Time (s): cpu = 00:00:01 ; elapsed = 00:00:00.399 . Memory (MB): peak = 1386.785 ; gain = 0.000

Phase 2 Global Placement

Phase 2.1 Floorplanning
Phase 2.1 Floorplanning | Checksum: 1deeb25ae

Time (s): cpu = 00:00:01 ; elapsed = 00:00:00.431 . Memory (MB): peak = 1386.785 ; gain = 0.000

Phase 2.2 Physical Synthesis In Placer
INFO: [Physopt 32-65] No nets found for high-fanout optimization.
INFO: [Physopt 32-232] Optimized 0 net. Created 0 new instance.
INFO: [Physopt 32-775] End 1 Pass. Optimized 0 net or cell. Created 0 new cell, deleted 0 existing cell and moved 0 existing cell
INFO: [Physopt 32-670] No setup violation found.  DSP Register Optimization was not performed.
INFO: [Physopt 32-670] No setup violation found.  Shift Register Optimization was not performed.
INFO: [Physopt 32-670] No setup violation found.  BRAM Register Optimization was not performed.
INFO: [Physopt 32-949] No candidate nets found for HD net replication
INFO: [Physopt 32-775] End 1 Pass. Optimized 0 net or cell. Created 0 new cell, deleted 0 existing cell and moved 0 existing cell
Netlist sorting complete. Time (s): cpu = 00:00:00 ; elapsed = 00:00:00 . Memory (MB): peak = 1386.785 ; gain = 0.000

Summary of Physical Synthesis Optimizations
============================================


----------------------------------------------------------------------------------------------------------------------------------------
|  Optimization                  |  Added Cells  |  Removed Cells  |  Optimized Cells/Nets  |  Dont Touch  |  Iterations  |  Elapsed   |
----------------------------------------------------------------------------------------------------------------------------------------
|  Very High Fanout              |            0  |              0  |                     0  |           0  |           1  |  00:00:00  |
|  DSP Register                  |            0  |              0  |                     0  |           0  |           0  |  00:00:00  |
|  Shift Register                |            0  |              0  |                     0  |           0  |           0  |  00:00:00  |
|  BRAM Register                 |            0  |              0  |                     0  |           0  |           0  |  00:00:00  |
|  HD Interface Net Replication  |            0  |              0  |                     0  |           0  |           1  |  00:00:00  |
|  Total                         |            0  |              0  |                     0  |           0  |           2  |  00:00:00  |
----------------------------------------------------------------------------------------------------------------------------------------


Phase 2.2 Physical Synthesis In Placer | Checksum: 1eb470be7

Time (s): cpu = 00:00:01 ; elapsed = 00:00:00.985 . Memory (MB): peak = 1386.785 ; gain = 0.000
Phase 2 Global Placement | Checksum: 20de97291

Time (s): cpu = 00:00:01 ; elapsed = 00:00:01 . Memory (MB): peak = 1386.785 ; gain = 0.000

Phase 3 Detail Placement

Phase 3.1 Commit Multi Column Macros
Phase 3.1 Commit Multi Column Macros | Checksum: 20de97291

Time (s): cpu = 00:00:01 ; elapsed = 00:00:01 . Memory (MB): peak = 1386.785 ; gain = 0.000

Phase 3.2 Commit Most Macros & LUTRAMs
Phase 3.2 Commit Most Macros & LUTRAMs | Checksum: 139557847

Time (s): cpu = 00:00:01 ; elapsed = 00:00:01 . Memory (MB): peak = 1386.785 ; gain = 0.000

Phase 3.3 Area Swap Optimization
Phase 3.3 Area Swap Optimization | Checksum: 1d4345add

Time (s): cpu = 00:00:01 ; elapsed = 00:00:01 . Memory (MB): peak = 1386.785 ; gain = 0.000

Phase 3.4 Pipeline Register Optimization
Phase 3.4 Pipeline Register Optimization | Checksum: 161cd5e7a

Time (s): cpu = 00:00:01 ; elapsed = 00:00:01 . Memory (MB): peak = 1386.785 ; gain = 0.000

Phase 3.5 Small Shape Detail Placement
Phase 3.5 Small Shape Detail Placement | Checksum: 1dc453d0f

Time (s): cpu = 00:00:02 ; elapsed = 00:00:01 . Memory (MB): peak = 1386.785 ; gain = 0.000

Phase 3.6 Re-assign LUT pins
Phase 3.6 Re-assign LUT pins | Checksum: 13b13f36d

Time (s): cpu = 00:00:02 ; elapsed = 00:00:01 . Memory (MB): peak = 1386.785 ; gain = 0.000

Phase 3.7 Pipeline Register Optimization
Phase 3.7 Pipeline Register Optimization | Checksum: a596f5c8

Time (s): cpu = 00:00:02 ; elapsed = 00:00:01 . Memory (MB): peak = 1386.785 ; gain = 0.000
Phase 3 Detail Placement | Checksum: a596f5c8

Time (s): cpu = 00:00:02 ; elapsed = 00:00:01 . Memory (MB): peak = 1386.785 ; gain = 0.000

Phase 4 Post Placement Optimization and Clean-Up

Phase 4.1 Post Commit Optimization
INFO: [Timing 38-35] Done setting XDC timing constraints.

Phase 4.1.1 Post Placement Optimization
Post Placement Optimization Initialization | Checksum: 98cdf7f2

Phase 4.1.1.1 BUFG Insertion
INFO: [Place 46-46] BUFG insertion identified 0 candidate nets, 0 success, 0 bufg driver replicated, 0 skipped for placement/routing, 0 skipped for timing, 0 skipped for netlist change reason
Phase 4.1.1.1 BUFG Insertion | Checksum: 98cdf7f2

Time (s): cpu = 00:00:02 ; elapsed = 00:00:01 . Memory (MB): peak = 1386.785 ; gain = 0.000
INFO: [Place 30-746] Post Placement Timing Summary WNS=0.626. For the most accurate timing information please run report_timing.
Phase 4.1.1 Post Placement Optimization | Checksum: 14f78870e

Time (s): cpu = 00:00:02 ; elapsed = 00:00:01 . Memory (MB): peak = 1386.785 ; gain = 0.000
Phase 4.1 Post Commit Optimization | Checksum: 14f78870e

Time (s): cpu = 00:00:02 ; elapsed = 00:00:01 . Memory (MB): peak = 1386.785 ; gain = 0.000

Phase 4.2 Post Placement Cleanup
Phase 4.2 Post Placement Cleanup | Checksum: 14f78870e

Time (s): cpu = 00:00:02 ; elapsed = 00:00:01 . Memory (MB): peak = 1386.785 ; gain = 0.000

Phase 4.3 Placer Reporting
Phase 4.3 Placer Reporting | Checksum: 14f78870e

Time (s): cpu = 00:00:02 ; elapsed = 00:00:01 . Memory (MB): peak = 1386.785 ; gain = 0.000

Phase 4.4 Final Placement Cleanup
Netlist sorting complete. Time (s): cpu = 00:00:00 ; elapsed = 00:00:00 . Memory (MB): peak = 1386.785 ; gain = 0.000
Phase 4.4 Final Placement Cleanup | Checksum: 147bccff6

Time (s): cpu = 00:00:02 ; elapsed = 00:00:01 . Memory (MB): peak = 1386.785 ; gain = 0.000
Phase 4 Post Placement Optimization and Clean-Up | Checksum: 147bccff6

Time (s): cpu = 00:00:02 ; elapsed = 00:00:01 . Memory (MB): peak = 1386.785 ; gain = 0.000
Ending Placer Task | Checksum: 7e55006e

Time (s): cpu = 00:00:02 ; elapsed = 00:00:01 . Memory (MB): peak = 1386.785 ; gain = 0.000
INFO: [Common 17-83] Releasing license: Implementation
58 Infos, 94 Warnings, 94 Critical Warnings and 0 Errors encountered.
place_design completed successfully
Netlist sorting complete. Time (s): cpu = 00:00:00 ; elapsed = 00:00:00.001 . Memory (MB): peak = 1386.785 ; gain = 0.000
INFO: [Timing 38-480] Writing timing data to binary archive.
Writing placer database...
Writing XDEF routing.
Writing XDEF routing logical nets.
Writing XDEF routing special nets.
Write XDEF Complete: Time (s): cpu = 00:00:00 ; elapsed = 00:00:00.028 . Memory (MB): peak = 1386.785 ; gain = 0.000
Netlist sorting complete. Time (s): cpu = 00:00:00 ; elapsed = 00:00:00 . Memory (MB): peak = 1386.785 ; gain = 0.000
INFO: [Common 17-1381] The checkpoint 'C:/Users/lebray/Vivado-Workflow-Scripts/Lab8/T1/vivado_project/T1.runs/impl_1/pico_btn_top_placed.dcp' has been generated.
INFO: [runtcl-4] Executing : report_io -file pico_btn_top_io_placed.rpt
report_io: Time (s): cpu = 00:00:00 ; elapsed = 00:00:00.017 . Memory (MB): peak = 1386.785 ; gain = 0.000
INFO: [runtcl-4] Executing : report_utilization -file pico_btn_top_utilization_placed.rpt -pb pico_btn_top_utilization_placed.pb
INFO: [runtcl-4] Executing : report_control_sets -verbose -file pico_btn_top_control_sets_placed.rpt
report_control_sets: Time (s): cpu = 00:00:00 ; elapsed = 00:00:00.003 . Memory (MB): peak = 1386.785 ; gain = 0.000
Command: route_design
Attempting to get a license for feature 'Implementation' and/or device 'xc7a35t'
INFO: [Common 17-349] Got license for feature 'Implementation' and/or device 'xc7a35t'
Running DRC as a precondition to command route_design
INFO: [DRC 23-27] Running DRC with 2 threads
INFO: [Vivado_Tcl 4-198] DRC finished with 0 Errors
INFO: [Vivado_Tcl 4-199] Please refer to the DRC report (report_drc) for more information.


Starting Routing Task
INFO: [Route 35-254] Multithreading enabled for route_design using a maximum of 2 CPUs
Checksum: PlaceDB: 75c63cac ConstDB: 0 ShapeSum: 88ec3c2 RouteDB: 0

Phase 1 Build RT Design
Phase 1 Build RT Design | Checksum: 1add2ef0a

Time (s): cpu = 00:00:08 ; elapsed = 00:00:08 . Memory (MB): peak = 1386.785 ; gain = 0.000
Post Restoration Checksum: NetGraph: d91a9732 NumContArr: d4b857d8 Constraints: 0 Timing: 0

Phase 2 Router Initialization

Phase 2.1 Create Timer
Phase 2.1 Create Timer | Checksum: 1add2ef0a

Time (s): cpu = 00:00:08 ; elapsed = 00:00:08 . Memory (MB): peak = 1401.832 ; gain = 15.047

Phase 2.2 Fix Topology Constraints
Phase 2.2 Fix Topology Constraints | Checksum: 1add2ef0a

Time (s): cpu = 00:00:08 ; elapsed = 00:00:08 . Memory (MB): peak = 1407.828 ; gain = 21.043

Phase 2.3 Pre Route Cleanup
Phase 2.3 Pre Route Cleanup | Checksum: 1add2ef0a

Time (s): cpu = 00:00:08 ; elapsed = 00:00:08 . Memory (MB): peak = 1407.828 ; gain = 21.043
 Number of Nodes with overlaps = 0

Phase 2.4 Update Timing
Phase 2.4 Update Timing | Checksum: e756785b

Time (s): cpu = 00:00:08 ; elapsed = 00:00:08 . Memory (MB): peak = 1412.605 ; gain = 25.820
INFO: [Route 35-416] Intermediate Timing Summary | WNS=0.703  | TNS=0.000  | WHS=-0.170 | THS=-7.777 |

Phase 2 Router Initialization | Checksum: 1cd6352c7

Time (s): cpu = 00:00:08 ; elapsed = 00:00:08 . Memory (MB): peak = 1412.605 ; gain = 25.820

Phase 3 Initial Routing
Phase 3 Initial Routing | Checksum: 25ac526dc

Time (s): cpu = 00:00:08 ; elapsed = 00:00:08 . Memory (MB): peak = 1412.605 ; gain = 25.820

Phase 4 Rip-up And Reroute

Phase 4.1 Global Iteration 0
 Number of Nodes with overlaps = 27
 Number of Nodes with overlaps = 3
 Number of Nodes with overlaps = 2
 Number of Nodes with overlaps = 0
INFO: [Route 35-416] Intermediate Timing Summary | WNS=0.721  | TNS=0.000  | WHS=N/A    | THS=N/A    |

Phase 4.1 Global Iteration 0 | Checksum: 1ffaf1bec

Time (s): cpu = 00:00:08 ; elapsed = 00:00:08 . Memory (MB): peak = 1412.605 ; gain = 25.820
Phase 4 Rip-up And Reroute | Checksum: 1ffaf1bec

Time (s): cpu = 00:00:08 ; elapsed = 00:00:08 . Memory (MB): peak = 1412.605 ; gain = 25.820

Phase 5 Delay and Skew Optimization

Phase 5.1 Delay CleanUp
Phase 5.1 Delay CleanUp | Checksum: 1ffaf1bec

Time (s): cpu = 00:00:08 ; elapsed = 00:00:08 . Memory (MB): peak = 1412.605 ; gain = 25.820

Phase 5.2 Clock Skew Optimization
Phase 5.2 Clock Skew Optimization | Checksum: 1ffaf1bec

Time (s): cpu = 00:00:08 ; elapsed = 00:00:08 . Memory (MB): peak = 1412.605 ; gain = 25.820
Phase 5 Delay and Skew Optimization | Checksum: 1ffaf1bec

Time (s): cpu = 00:00:08 ; elapsed = 00:00:08 . Memory (MB): peak = 1412.605 ; gain = 25.820

Phase 6 Post Hold Fix

Phase 6.1 Hold Fix Iter

Phase 6.1.1 Update Timing
Phase 6.1.1 Update Timing | Checksum: 125f30c64

Time (s): cpu = 00:00:08 ; elapsed = 00:00:08 . Memory (MB): peak = 1412.605 ; gain = 25.820
INFO: [Route 35-416] Intermediate Timing Summary | WNS=0.800  | TNS=0.000  | WHS=0.083  | THS=0.000  |

Phase 6.1 Hold Fix Iter | Checksum: 125f30c64

Time (s): cpu = 00:00:08 ; elapsed = 00:00:08 . Memory (MB): peak = 1412.605 ; gain = 25.820
Phase 6 Post Hold Fix | Checksum: 125f30c64

Time (s): cpu = 00:00:08 ; elapsed = 00:00:08 . Memory (MB): peak = 1412.605 ; gain = 25.820

Phase 7 Route finalize

Router Utilization Summary
  Global Vertical Routing Utilization    = 0.114566 %
  Global Horizontal Routing Utilization  = 0.181546 %
  Routable Net Status*
  *Does not include unroutable nets such as driverless and loadless.
  Run report_route_status for detailed report.
  Number of Failed Nets               = 0
  Number of Unrouted Nets             = 0
  Number of Partially Routed Nets     = 0
  Number of Node Overlaps             = 0

Phase 7 Route finalize | Checksum: 1d80ab94b

Time (s): cpu = 00:00:08 ; elapsed = 00:00:08 . Memory (MB): peak = 1412.605 ; gain = 25.820

Phase 8 Verifying routed nets

 Verification completed successfully
Phase 8 Verifying routed nets | Checksum: 1d80ab94b

Time (s): cpu = 00:00:08 ; elapsed = 00:00:08 . Memory (MB): peak = 1414.367 ; gain = 27.582

Phase 9 Depositing Routes
Phase 9 Depositing Routes | Checksum: 232f2ccf4

Time (s): cpu = 00:00:08 ; elapsed = 00:00:08 . Memory (MB): peak = 1414.367 ; gain = 27.582

Phase 10 Post Router Timing
INFO: [Route 35-57] Estimated Timing Summary | WNS=0.800  | TNS=0.000  | WHS=0.083  | THS=0.000  |

INFO: [Route 35-327] The final timing numbers are based on the router estimated timing analysis. For a complete and accurate timing signoff, please run report_timing_summary.
Phase 10 Post Router Timing | Checksum: 232f2ccf4

Time (s): cpu = 00:00:08 ; elapsed = 00:00:08 . Memory (MB): peak = 1414.367 ; gain = 27.582
INFO: [Route 35-16] Router Completed Successfully

Time (s): cpu = 00:00:08 ; elapsed = 00:00:08 . Memory (MB): peak = 1414.367 ; gain = 27.582

Routing Is Done.
INFO: [Common 17-83] Releasing license: Implementation
75 Infos, 94 Warnings, 94 Critical Warnings and 0 Errors encountered.
route_design completed successfully
route_design: Time (s): cpu = 00:00:09 ; elapsed = 00:00:09 . Memory (MB): peak = 1414.367 ; gain = 27.582
Netlist sorting complete. Time (s): cpu = 00:00:00 ; elapsed = 00:00:00 . Memory (MB): peak = 1414.367 ; gain = 0.000
INFO: [Timing 38-480] Writing timing data to binary archive.
Writing placer database...
Writing XDEF routing.
Writing XDEF routing logical nets.
Writing XDEF routing special nets.
Write XDEF Complete: Time (s): cpu = 00:00:01 ; elapsed = 00:00:00.034 . Memory (MB): peak = 1414.367 ; gain = 0.000
Netlist sorting complete. Time (s): cpu = 00:00:00 ; elapsed = 00:00:00 . Memory (MB): peak = 1414.367 ; gain = 0.000
INFO: [Common 17-1381] The checkpoint 'C:/Users/lebray/Vivado-Workflow-Scripts/Lab8/T1/vivado_project/T1.runs/impl_1/pico_btn_top_routed.dcp' has been generated.
INFO: [runtcl-4] Executing : report_drc -file pico_btn_top_drc_routed.rpt -pb pico_btn_top_drc_routed.pb -rpx pico_btn_top_drc_routed.rpx
Command: report_drc -file pico_btn_top_drc_routed.rpt -pb pico_btn_top_drc_routed.pb -rpx pico_btn_top_drc_routed.rpx
INFO: [IP_Flow 19-1839] IP Catalog is up to date.
INFO: [DRC 23-27] Running DRC with 2 threads
INFO: [Coretcl 2-168] The results of DRC are in file C:/Users/lebray/Vivado-Workflow-Scripts/Lab8/T1/vivado_project/T1.runs/impl_1/pico_btn_top_drc_routed.rpt.
report_drc completed successfully
INFO: [runtcl-4] Executing : report_methodology -file pico_btn_top_methodology_drc_routed.rpt -pb pico_btn_top_methodology_drc_routed.pb -rpx pico_btn_top_methodology_drc_routed.rpx
Command: report_methodology -file pico_btn_top_methodology_drc_routed.rpt -pb pico_btn_top_methodology_drc_routed.pb -rpx pico_btn_top_methodology_drc_routed.rpx
INFO: [Timing 38-35] Done setting XDC timing constraints.
INFO: [DRC 23-133] Running Methodology with 2 threads
INFO: [Coretcl 2-1520] The results of Report Methodology are in file C:/Users/lebray/Vivado-Workflow-Scripts/Lab8/T1/vivado_project/T1.runs/impl_1/pico_btn_top_methodology_drc_routed.rpt.
report_methodology completed successfully
INFO: [runtcl-4] Executing : report_power -file pico_btn_top_power_routed.rpt -pb pico_btn_top_power_summary_routed.pb -rpx pico_btn_top_power_routed.rpx
Command: report_power -file pico_btn_top_power_routed.rpt -pb pico_btn_top_power_summary_routed.pb -rpx pico_btn_top_power_routed.rpx
INFO: [Timing 38-35] Done setting XDC timing constraints.
Running Vector-less Activity Propagation...

Finished Running Vector-less Activity Propagation
87 Infos, 94 Warnings, 94 Critical Warnings and 0 Errors encountered.
report_power completed successfully
INFO: [runtcl-4] Executing : report_route_status -file pico_btn_top_route_status.rpt -pb pico_btn_top_route_status.pb
INFO: [runtcl-4] Executing : report_timing_summary -max_paths 10 -file pico_btn_top_timing_summary_routed.rpt -pb pico_btn_top_timing_summary_routed.pb -rpx pico_btn_top_timing_summary_routed.rpx -warn_on_violation 
INFO: [Timing 38-91] UpdateTimingParams: Speed grade: -1, Delay Type: min_max.
INFO: [Timing 38-191] Multithreading enabled for timing update using a maximum of 2 CPUs
INFO: [runtcl-4] Executing : report_incremental_reuse -file pico_btn_top_incremental_reuse_routed.rpt
INFO: [Vivado_Tcl 4-1062] Incremental flow is disabled. No incremental reuse Info to report.
INFO: [runtcl-4] Executing : report_clock_utilization -file pico_btn_top_clock_utilization_routed.rpt
INFO: [runtcl-4] Executing : report_bus_skew -warn_on_violation -file pico_btn_top_bus_skew_routed.rpt -pb pico_btn_top_bus_skew_routed.pb -rpx pico_btn_top_bus_skew_routed.rpx
INFO: [Timing 38-91] UpdateTimingParams: Speed grade: -1, Delay Type: min_max.
INFO: [Timing 38-191] Multithreading enabled for timing update using a maximum of 2 CPUs
INFO: [Common 17-206] Exiting Vivado at Thu Mar 26 20:02:40 2026...
INFO: [Common 17-41] Interrupt caught. Command should exit soon.
[Thu Mar 26 20:08:08 2026] Interrupt received
wait_on_run: Time (s): cpu = 00:00:00 ; elapsed = 00:06:01 . Memory (MB): peak = 263.551 ; gain = 0.000
INFO: [Common 17-344] 'wait_on_run' was cancelled
INFO: [Common 17-344] 'source' was cancelled
INFO: [Common 17-206] Exiting Vivado at Thu Mar 26 20:08:08 2026...
