Copyright 1986-2018 Xilinx, Inc. All Rights Reserved.
-----------------------------------------------------------------------------------------------------------------------------------------------------------------------------------------------------
| Tool Version : Vivado v.2018.3 (win64) Build 2405991 Thu Dec  6 23:38:27 MST 2018
| Date         : Mon Feb 23 12:06:38 2026
| Host         : BH610-DRZVK84 running 64-bit major release  (build 9200)
| Command      : report_timing_summary -max_paths 10 -file LCD_driver_timing_summary_routed.rpt -pb LCD_driver_timing_summary_routed.pb -rpx LCD_driver_timing_summary_routed.rpx -warn_on_violation
| Design       : LCD_driver
| Device       : 7a35t-cpg236
| Speed File   : -1  PRODUCTION 1.23 2018-06-13
-----------------------------------------------------------------------------------------------------------------------------------------------------------------------------------------------------

Timing Summary Report

------------------------------------------------------------------------------------------------
| Timer Settings
| --------------
------------------------------------------------------------------------------------------------

  Enable Multi Corner Analysis               :  Yes
  Enable Pessimism Removal                   :  Yes
  Pessimism Removal Resolution               :  Nearest Common Node
  Enable Input Delay Default Clock           :  No
  Enable Preset / Clear Arcs                 :  No
  Disable Flight Delays                      :  No
  Ignore I/O Paths                           :  No
  Timing Early Launch at Borrowing Latches   :  false

  Corner  Analyze    Analyze    
  Name    Max Paths  Min Paths  
  ------  ---------  ---------  
  Slow    Yes        Yes        
  Fast    Yes        Yes        



check_timing report

Table of Contents
-----------------
1. checking no_clock
2. checking constant_clock
3. checking pulse_width_clock
4. checking unconstrained_internal_endpoints
5. checking no_input_delay
6. checking no_output_delay
7. checking multiple_clock
8. checking generated_clocks
9. checking loops
10. checking partial_input_delay
11. checking partial_output_delay
12. checking latch_loops

1. checking no_clock
--------------------
 There are 0 register/latch pins with no clock.


2. checking constant_clock
--------------------------
 There are 0 register/latch pins with constant_clock.


3. checking pulse_width_clock
-----------------------------
 There are 0 register/latch pins which need pulse_width check


4. checking unconstrained_internal_endpoints
--------------------------------------------
 There are 0 pins that are not constrained for maximum delay.

 There are 0 pins that are not constrained for maximum delay due to constant clock.


5. checking no_input_delay
--------------------------
 There are 9 input ports with no input delay specified. (HIGH)

 There are 0 input ports with no input delay but user has a false path constraint.


6. checking no_output_delay
---------------------------
 There are 10 ports with no output delay specified. (HIGH)

 There are 0 ports with no output delay but user has a false path constraint

 There are 0 ports with no output delay but with a timing clock defined on it or propagating through it


7. checking multiple_clock
--------------------------
 There are 0 register/latch pins with multiple clocks.


8. checking generated_clocks
----------------------------
 There are 0 generated clocks that are not connected to a clock source.


9. checking loops
-----------------
 There are 0 combinational loops in the design.


10. checking partial_input_delay
--------------------------------
 There are 0 input ports with partial input delay specified.


11. checking partial_output_delay
---------------------------------
 There are 0 ports with partial output delay specified.


12. checking latch_loops
------------------------
 There are 0 combinational latch loops in the design through latch input



------------------------------------------------------------------------------------------------
| Design Timing Summary
| ---------------------
------------------------------------------------------------------------------------------------

    WNS(ns)      TNS(ns)  TNS Failing Endpoints  TNS Total Endpoints      WHS(ns)      THS(ns)  THS Failing Endpoints  THS Total Endpoints     WPWS(ns)     TPWS(ns)  TPWS Failing Endpoints  TPWS Total Endpoints  
    -------      -------  ---------------------  -------------------      -------      -------  ---------------------  -------------------     --------     --------  ----------------------  --------------------  
      4.304        0.000                      0                   86        0.248        0.000                      0                   86        4.500        0.000                       0                    47  


All user specified timing constraints are met.


------------------------------------------------------------------------------------------------
| Clock Summary
| -------------
------------------------------------------------------------------------------------------------

Clock        Waveform(ns)       Period(ns)      Frequency(MHz)
-----        ------------       ----------      --------------
sys_clk_pin  {0.000 5.000}      10.000          100.000         


------------------------------------------------------------------------------------------------
| Intra Clock Table
| -----------------
------------------------------------------------------------------------------------------------

Clock             WNS(ns)      TNS(ns)  TNS Failing Endpoints  TNS Total Endpoints      WHS(ns)      THS(ns)  THS Failing Endpoints  THS Total Endpoints     WPWS(ns)     TPWS(ns)  TPWS Failing Endpoints  TPWS Total Endpoints  
-----             -------      -------  ---------------------  -------------------      -------      -------  ---------------------  -------------------     --------     --------  ----------------------  --------------------  
sys_clk_pin         4.304        0.000                      0                   86        0.248        0.000                      0                   86        4.500        0.000                       0                    47  


------------------------------------------------------------------------------------------------
| Inter Clock Table
| -----------------
------------------------------------------------------------------------------------------------

From Clock    To Clock          WNS(ns)      TNS(ns)  TNS Failing Endpoints  TNS Total Endpoints      WHS(ns)      THS(ns)  THS Failing Endpoints  THS Total Endpoints  
----------    --------          -------      -------  ---------------------  -------------------      -------      -------  ---------------------  -------------------  


------------------------------------------------------------------------------------------------
| Other Path Groups Table
| -----------------------
------------------------------------------------------------------------------------------------

Path Group    From Clock    To Clock          WNS(ns)      TNS(ns)  TNS Failing Endpoints  TNS Total Endpoints      WHS(ns)      THS(ns)  THS Failing Endpoints  THS Total Endpoints  
----------    ----------    --------          -------      -------  ---------------------  -------------------      -------      -------  ---------------------  -------------------  


------------------------------------------------------------------------------------------------
| Timing Details
| --------------
------------------------------------------------------------------------------------------------


---------------------------------------------------------------------------------------------------
From Clock:  sys_clk_pin
  To Clock:  sys_clk_pin

Setup :            0  Failing Endpoints,  Worst Slack        4.304ns,  Total Violation        0.000ns
Hold  :            0  Failing Endpoints,  Worst Slack        0.248ns,  Total Violation        0.000ns
PW    :            0  Failing Endpoints,  Worst Slack        4.500ns,  Total Violation        0.000ns
---------------------------------------------------------------------------------------------------


Max Delay Paths
--------------------------------------------------------------------------------------
Slack (MET) :             4.304ns  (required time - arrival time)
  Source:                 cnt_setup_reg[5]/C
                            (falling edge-triggered cell FDRE clocked by sys_clk_pin  {rise@0.000ns fall@5.000ns period=10.000ns})
  Destination:            cnt_setup_reg[29]/D
                            (falling edge-triggered cell FDRE clocked by sys_clk_pin  {rise@0.000ns fall@5.000ns period=10.000ns})
  Path Group:             sys_clk_pin
  Path Type:              Setup (Max at Slow Process Corner)
  Requirement:            10.000ns  (sys_clk_pin fall@15.000ns - sys_clk_pin fall@5.000ns)
  Data Path Delay:        5.755ns  (logic 3.050ns (52.996%)  route 2.705ns (47.004%))
  Logic Levels:           14  (CARRY4=12 LUT2=2)
  Clock Path Skew:        -0.019ns (DCD - SCD + CPR)
    Destination Clock Delay (DCD):    4.847ns = ( 19.847 - 15.000 ) 
    Source Clock Delay      (SCD):    5.138ns = ( 10.138 - 5.000 ) 
    Clock Pessimism Removal (CPR):    0.272ns
  Clock Uncertainty:      0.035ns  ((TSJ^2 + TIJ^2)^1/2 + DJ) / 2 + PE
    Total System Jitter     (TSJ):    0.071ns
    Total Input Jitter      (TIJ):    0.000ns
    Discrete Jitter          (DJ):    0.000ns
    Phase Error              (PE):    0.000ns

    Location             Delay type                Incr(ns)  Path(ns)    Netlist Resource(s)
  -------------------------------------------------------------------    -------------------
                         (clock sys_clk_pin fall edge)
                                                      5.000     5.000 f  
    W5                                                0.000     5.000 f  clk (IN)
                         net (fo=0)                   0.000     5.000    clk
    W5                   IBUF (Prop_ibuf_I_O)         1.458     6.458 f  clk_IBUF_inst/O
                         net (fo=1, routed)           1.967     8.425    clk_IBUF
    BUFGCTRL_X0Y0        BUFG (Prop_bufg_I_O)         0.096     8.521 f  clk_IBUF_BUFG_inst/O
                         net (fo=46, routed)          1.617    10.138    clk_IBUF_BUFG
    SLICE_X64Y82         FDRE                                         r  cnt_setup_reg[5]/C  (IS_INVERTED)
  -------------------------------------------------------------------    -------------------
    SLICE_X64Y82         FDRE (Prop_fdre_C_Q)         0.524    10.662 r  cnt_setup_reg[5]/Q
                         net (fo=3, routed)           1.114    11.776    cnt_setup_reg[5]
    SLICE_X65Y83         LUT2 (Prop_lut2_I0_O)        0.124    11.900 r  FSM_sequential_state[1]_i_33/O
                         net (fo=1, routed)           0.000    11.900    FSM_sequential_state[1]_i_33_n_0
    SLICE_X65Y83         CARRY4 (Prop_carry4_S[2]_CO[3])
                                                      0.398    12.298 r  FSM_sequential_state_reg[1]_i_20/CO[3]
                         net (fo=1, routed)           0.000    12.298    FSM_sequential_state_reg[1]_i_20_n_0
    SLICE_X65Y84         CARRY4 (Prop_carry4_CI_CO[3])
                                                      0.114    12.412 r  FSM_sequential_state_reg[1]_i_12/CO[3]
                         net (fo=1, routed)           0.000    12.412    FSM_sequential_state_reg[1]_i_12_n_0
    SLICE_X65Y85         CARRY4 (Prop_carry4_CI_CO[3])
                                                      0.114    12.526 r  FSM_sequential_state_reg[1]_i_3/CO[3]
                         net (fo=1, routed)           0.000    12.526    FSM_sequential_state_reg[1]_i_3_n_0
    SLICE_X65Y86         CARRY4 (Prop_carry4_CI_CO[3])
                                                      0.114    12.640 f  FSM_sequential_state_reg[1]_i_2/CO[3]
                         net (fo=38, routed)          1.591    14.231    FSM_sequential_state_reg[1]_i_2_n_0
    SLICE_X64Y81         LUT2 (Prop_lut2_I1_O)        0.124    14.355 r  cnt_setup[0]_i_6/O
                         net (fo=1, routed)           0.000    14.355    cnt_setup[0]_i_6_n_0
    SLICE_X64Y81         CARRY4 (Prop_carry4_S[0]_CO[3])
                                                      0.513    14.868 r  cnt_setup_reg[0]_i_1/CO[3]
                         net (fo=1, routed)           0.000    14.868    cnt_setup_reg[0]_i_1_n_0
    SLICE_X64Y82         CARRY4 (Prop_carry4_CI_CO[3])
                                                      0.117    14.985 r  cnt_setup_reg[4]_i_1/CO[3]
                         net (fo=1, routed)           0.000    14.985    cnt_setup_reg[4]_i_1_n_0
    SLICE_X64Y83         CARRY4 (Prop_carry4_CI_CO[3])
                                                      0.117    15.102 r  cnt_setup_reg[8]_i_1/CO[3]
                         net (fo=1, routed)           0.000    15.102    cnt_setup_reg[8]_i_1_n_0
    SLICE_X64Y84         CARRY4 (Prop_carry4_CI_CO[3])
                                                      0.117    15.219 r  cnt_setup_reg[12]_i_1/CO[3]
                         net (fo=1, routed)           0.000    15.219    cnt_setup_reg[12]_i_1_n_0
    SLICE_X64Y85         CARRY4 (Prop_carry4_CI_CO[3])
                                                      0.117    15.336 r  cnt_setup_reg[16]_i_1/CO[3]
                         net (fo=1, routed)           0.000    15.336    cnt_setup_reg[16]_i_1_n_0
    SLICE_X64Y86         CARRY4 (Prop_carry4_CI_CO[3])
                                                      0.117    15.453 r  cnt_setup_reg[20]_i_1/CO[3]
                         net (fo=1, routed)           0.000    15.453    cnt_setup_reg[20]_i_1_n_0
    SLICE_X64Y87         CARRY4 (Prop_carry4_CI_CO[3])
                                                      0.117    15.570 r  cnt_setup_reg[24]_i_1/CO[3]
                         net (fo=1, routed)           0.000    15.570    cnt_setup_reg[24]_i_1_n_0
    SLICE_X64Y88         CARRY4 (Prop_carry4_CI_O[1])
                                                      0.323    15.893 r  cnt_setup_reg[28]_i_1/O[1]
                         net (fo=1, routed)           0.000    15.893    cnt_setup_reg[28]_i_1_n_6
    SLICE_X64Y88         FDRE                                         r  cnt_setup_reg[29]/D
  -------------------------------------------------------------------    -------------------

                         (clock sys_clk_pin fall edge)
                                                     15.000    15.000 f  
    W5                                                0.000    15.000 f  clk (IN)
                         net (fo=0)                   0.000    15.000    clk
    W5                   IBUF (Prop_ibuf_I_O)         1.388    16.388 f  clk_IBUF_inst/O
                         net (fo=1, routed)           1.862    18.250    clk_IBUF
    BUFGCTRL_X0Y0        BUFG (Prop_bufg_I_O)         0.091    18.341 f  clk_IBUF_BUFG_inst/O
                         net (fo=46, routed)          1.506    19.847    clk_IBUF_BUFG
    SLICE_X64Y88         FDRE                                         r  cnt_setup_reg[29]/C  (IS_INVERTED)
                         clock pessimism              0.272    20.119    
                         clock uncertainty           -0.035    20.084    
    SLICE_X64Y88         FDRE (Setup_fdre_C_D)        0.114    20.198    cnt_setup_reg[29]
  -------------------------------------------------------------------
                         required time                         20.198    
                         arrival time                         -15.893    
  -------------------------------------------------------------------
                         slack                                  4.304    

Slack (MET) :             4.312ns  (required time - arrival time)
  Source:                 cnt_setup_reg[5]/C
                            (falling edge-triggered cell FDRE clocked by sys_clk_pin  {rise@0.000ns fall@5.000ns period=10.000ns})
  Destination:            cnt_setup_reg[31]/D
                            (falling edge-triggered cell FDRE clocked by sys_clk_pin  {rise@0.000ns fall@5.000ns period=10.000ns})
  Path Group:             sys_clk_pin
  Path Type:              Setup (Max at Slow Process Corner)
  Requirement:            10.000ns  (sys_clk_pin fall@15.000ns - sys_clk_pin fall@5.000ns)
  Data Path Delay:        5.747ns  (logic 3.042ns (52.930%)  route 2.705ns (47.070%))
  Logic Levels:           14  (CARRY4=12 LUT2=2)
  Clock Path Skew:        -0.019ns (DCD - SCD + CPR)
    Destination Clock Delay (DCD):    4.847ns = ( 19.847 - 15.000 ) 
    Source Clock Delay      (SCD):    5.138ns = ( 10.138 - 5.000 ) 
    Clock Pessimism Removal (CPR):    0.272ns
  Clock Uncertainty:      0.035ns  ((TSJ^2 + TIJ^2)^1/2 + DJ) / 2 + PE
    Total System Jitter     (TSJ):    0.071ns
    Total Input Jitter      (TIJ):    0.000ns
    Discrete Jitter          (DJ):    0.000ns
    Phase Error              (PE):    0.000ns

    Location             Delay type                Incr(ns)  Path(ns)    Netlist Resource(s)
  -------------------------------------------------------------------    -------------------
                         (clock sys_clk_pin fall edge)
                                                      5.000     5.000 f  
    W5                                                0.000     5.000 f  clk (IN)
                         net (fo=0)                   0.000     5.000    clk
    W5                   IBUF (Prop_ibuf_I_O)         1.458     6.458 f  clk_IBUF_inst/O
                         net (fo=1, routed)           1.967     8.425    clk_IBUF
    BUFGCTRL_X0Y0        BUFG (Prop_bufg_I_O)         0.096     8.521 f  clk_IBUF_BUFG_inst/O
                         net (fo=46, routed)          1.617    10.138    clk_IBUF_BUFG
    SLICE_X64Y82         FDRE                                         r  cnt_setup_reg[5]/C  (IS_INVERTED)
  -------------------------------------------------------------------    -------------------
    SLICE_X64Y82         FDRE (Prop_fdre_C_Q)         0.524    10.662 r  cnt_setup_reg[5]/Q
                         net (fo=3, routed)           1.114    11.776    cnt_setup_reg[5]
    SLICE_X65Y83         LUT2 (Prop_lut2_I0_O)        0.124    11.900 r  FSM_sequential_state[1]_i_33/O
                         net (fo=1, routed)           0.000    11.900    FSM_sequential_state[1]_i_33_n_0
    SLICE_X65Y83         CARRY4 (Prop_carry4_S[2]_CO[3])
                                                      0.398    12.298 r  FSM_sequential_state_reg[1]_i_20/CO[3]
                         net (fo=1, routed)           0.000    12.298    FSM_sequential_state_reg[1]_i_20_n_0
    SLICE_X65Y84         CARRY4 (Prop_carry4_CI_CO[3])
                                                      0.114    12.412 r  FSM_sequential_state_reg[1]_i_12/CO[3]
                         net (fo=1, routed)           0.000    12.412    FSM_sequential_state_reg[1]_i_12_n_0
    SLICE_X65Y85         CARRY4 (Prop_carry4_CI_CO[3])
                                                      0.114    12.526 r  FSM_sequential_state_reg[1]_i_3/CO[3]
                         net (fo=1, routed)           0.000    12.526    FSM_sequential_state_reg[1]_i_3_n_0
    SLICE_X65Y86         CARRY4 (Prop_carry4_CI_CO[3])
                                                      0.114    12.640 f  FSM_sequential_state_reg[1]_i_2/CO[3]
                         net (fo=38, routed)          1.591    14.231    FSM_sequential_state_reg[1]_i_2_n_0
    SLICE_X64Y81         LUT2 (Prop_lut2_I1_O)        0.124    14.355 r  cnt_setup[0]_i_6/O
                         net (fo=1, routed)           0.000    14.355    cnt_setup[0]_i_6_n_0
    SLICE_X64Y81         CARRY4 (Prop_carry4_S[0]_CO[3])
                                                      0.513    14.868 r  cnt_setup_reg[0]_i_1/CO[3]
                         net (fo=1, routed)           0.000    14.868    cnt_setup_reg[0]_i_1_n_0
    SLICE_X64Y82         CARRY4 (Prop_carry4_CI_CO[3])
                                                      0.117    14.985 r  cnt_setup_reg[4]_i_1/CO[3]
                         net (fo=1, routed)           0.000    14.985    cnt_setup_reg[4]_i_1_n_0
    SLICE_X64Y83         CARRY4 (Prop_carry4_CI_CO[3])
                                                      0.117    15.102 r  cnt_setup_reg[8]_i_1/CO[3]
                         net (fo=1, routed)           0.000    15.102    cnt_setup_reg[8]_i_1_n_0
    SLICE_X64Y84         CARRY4 (Prop_carry4_CI_CO[3])
                                                      0.117    15.219 r  cnt_setup_reg[12]_i_1/CO[3]
                         net (fo=1, routed)           0.000    15.219    cnt_setup_reg[12]_i_1_n_0
    SLICE_X64Y85         CARRY4 (Prop_carry4_CI_CO[3])
                                                      0.117    15.336 r  cnt_setup_reg[16]_i_1/CO[3]
                         net (fo=1, routed)           0.000    15.336    cnt_setup_reg[16]_i_1_n_0
    SLICE_X64Y86         CARRY4 (Prop_carry4_CI_CO[3])
                                                      0.117    15.453 r  cnt_setup_reg[20]_i_1/CO[3]
                         net (fo=1, routed)           0.000    15.453    cnt_setup_reg[20]_i_1_n_0
    SLICE_X64Y87         CARRY4 (Prop_carry4_CI_CO[3])
                                                      0.117    15.570 r  cnt_setup_reg[24]_i_1/CO[3]
                         net (fo=1, routed)           0.000    15.570    cnt_setup_reg[24]_i_1_n_0
    SLICE_X64Y88         CARRY4 (Prop_carry4_CI_O[3])
                                                      0.315    15.885 r  cnt_setup_reg[28]_i_1/O[3]
                         net (fo=1, routed)           0.000    15.885    cnt_setup_reg[28]_i_1_n_4
    SLICE_X64Y88         FDRE                                         r  cnt_setup_reg[31]/D
  -------------------------------------------------------------------    -------------------

                         (clock sys_clk_pin fall edge)
                                                     15.000    15.000 f  
    W5                                                0.000    15.000 f  clk (IN)
                         net (fo=0)                   0.000    15.000    clk
    W5                   IBUF (Prop_ibuf_I_O)         1.388    16.388 f  clk_IBUF_inst/O
                         net (fo=1, routed)           1.862    18.250    clk_IBUF
    BUFGCTRL_X0Y0        BUFG (Prop_bufg_I_O)         0.091    18.341 f  clk_IBUF_BUFG_inst/O
                         net (fo=46, routed)          1.506    19.847    clk_IBUF_BUFG
    SLICE_X64Y88         FDRE                                         r  cnt_setup_reg[31]/C  (IS_INVERTED)
                         clock pessimism              0.272    20.119    
                         clock uncertainty           -0.035    20.084    
    SLICE_X64Y88         FDRE (Setup_fdre_C_D)        0.114    20.198    cnt_setup_reg[31]
  -------------------------------------------------------------------
                         required time                         20.198    
                         arrival time                         -15.885    
  -------------------------------------------------------------------
                         slack                                  4.312    

Slack (MET) :             4.388ns  (required time - arrival time)
  Source:                 cnt_setup_reg[5]/C
                            (falling edge-triggered cell FDRE clocked by sys_clk_pin  {rise@0.000ns fall@5.000ns period=10.000ns})
  Destination:            cnt_setup_reg[30]/D
                            (falling edge-triggered cell FDRE clocked by sys_clk_pin  {rise@0.000ns fall@5.000ns period=10.000ns})
  Path Group:             sys_clk_pin
  Path Type:              Setup (Max at Slow Process Corner)
  Requirement:            10.000ns  (sys_clk_pin fall@15.000ns - sys_clk_pin fall@5.000ns)
  Data Path Delay:        5.671ns  (logic 2.966ns (52.300%)  route 2.705ns (47.700%))
  Logic Levels:           14  (CARRY4=12 LUT2=2)
  Clock Path Skew:        -0.019ns (DCD - SCD + CPR)
    Destination Clock Delay (DCD):    4.847ns = ( 19.847 - 15.000 ) 
    Source Clock Delay      (SCD):    5.138ns = ( 10.138 - 5.000 ) 
    Clock Pessimism Removal (CPR):    0.272ns
  Clock Uncertainty:      0.035ns  ((TSJ^2 + TIJ^2)^1/2 + DJ) / 2 + PE
    Total System Jitter     (TSJ):    0.071ns
    Total Input Jitter      (TIJ):    0.000ns
    Discrete Jitter          (DJ):    0.000ns
    Phase Error              (PE):    0.000ns

    Location             Delay type                Incr(ns)  Path(ns)    Netlist Resource(s)
  -------------------------------------------------------------------    -------------------
                         (clock sys_clk_pin fall edge)
                                                      5.000     5.000 f  
    W5                                                0.000     5.000 f  clk (IN)
                         net (fo=0)                   0.000     5.000    clk
    W5                   IBUF (Prop_ibuf_I_O)         1.458     6.458 f  clk_IBUF_inst/O
                         net (fo=1, routed)           1.967     8.425    clk_IBUF
    BUFGCTRL_X0Y0        BUFG (Prop_bufg_I_O)         0.096     8.521 f  clk_IBUF_BUFG_inst/O
                         net (fo=46, routed)          1.617    10.138    clk_IBUF_BUFG
    SLICE_X64Y82         FDRE                                         r  cnt_setup_reg[5]/C  (IS_INVERTED)
  -------------------------------------------------------------------    -------------------
    SLICE_X64Y82         FDRE (Prop_fdre_C_Q)         0.524    10.662 r  cnt_setup_reg[5]/Q
                         net (fo=3, routed)           1.114    11.776    cnt_setup_reg[5]
    SLICE_X65Y83         LUT2 (Prop_lut2_I0_O)        0.124    11.900 r  FSM_sequential_state[1]_i_33/O
                         net (fo=1, routed)           0.000    11.900    FSM_sequential_state[1]_i_33_n_0
    SLICE_X65Y83         CARRY4 (Prop_carry4_S[2]_CO[3])
                                                      0.398    12.298 r  FSM_sequential_state_reg[1]_i_20/CO[3]
                         net (fo=1, routed)           0.000    12.298    FSM_sequential_state_reg[1]_i_20_n_0
    SLICE_X65Y84         CARRY4 (Prop_carry4_CI_CO[3])
                                                      0.114    12.412 r  FSM_sequential_state_reg[1]_i_12/CO[3]
                         net (fo=1, routed)           0.000    12.412    FSM_sequential_state_reg[1]_i_12_n_0
    SLICE_X65Y85         CARRY4 (Prop_carry4_CI_CO[3])
                                                      0.114    12.526 r  FSM_sequential_state_reg[1]_i_3/CO[3]
                         net (fo=1, routed)           0.000    12.526    FSM_sequential_state_reg[1]_i_3_n_0
    SLICE_X65Y86         CARRY4 (Prop_carry4_CI_CO[3])
                                                      0.114    12.640 f  FSM_sequential_state_reg[1]_i_2/CO[3]
                         net (fo=38, routed)          1.591    14.231    FSM_sequential_state_reg[1]_i_2_n_0
    SLICE_X64Y81         LUT2 (Prop_lut2_I1_O)        0.124    14.355 r  cnt_setup[0]_i_6/O
                         net (fo=1, routed)           0.000    14.355    cnt_setup[0]_i_6_n_0
    SLICE_X64Y81         CARRY4 (Prop_carry4_S[0]_CO[3])
                                                      0.513    14.868 r  cnt_setup_reg[0]_i_1/CO[3]
                         net (fo=1, routed)           0.000    14.868    cnt_setup_reg[0]_i_1_n_0
    SLICE_X64Y82         CARRY4 (Prop_carry4_CI_CO[3])
                                                      0.117    14.985 r  cnt_setup_reg[4]_i_1/CO[3]
                         net (fo=1, routed)           0.000    14.985    cnt_setup_reg[4]_i_1_n_0
    SLICE_X64Y83         CARRY4 (Prop_carry4_CI_CO[3])
                                                      0.117    15.102 r  cnt_setup_reg[8]_i_1/CO[3]
                         net (fo=1, routed)           0.000    15.102    cnt_setup_reg[8]_i_1_n_0
    SLICE_X64Y84         CARRY4 (Prop_carry4_CI_CO[3])
                                                      0.117    15.219 r  cnt_setup_reg[12]_i_1/CO[3]
                         net (fo=1, routed)           0.000    15.219    cnt_setup_reg[12]_i_1_n_0
    SLICE_X64Y85         CARRY4 (Prop_carry4_CI_CO[3])
                                                      0.117    15.336 r  cnt_setup_reg[16]_i_1/CO[3]
                         net (fo=1, routed)           0.000    15.336    cnt_setup_reg[16]_i_1_n_0
    SLICE_X64Y86         CARRY4 (Prop_carry4_CI_CO[3])
                                                      0.117    15.453 r  cnt_setup_reg[20]_i_1/CO[3]
                         net (fo=1, routed)           0.000    15.453    cnt_setup_reg[20]_i_1_n_0
    SLICE_X64Y87         CARRY4 (Prop_carry4_CI_CO[3])
                                                      0.117    15.570 r  cnt_setup_reg[24]_i_1/CO[3]
                         net (fo=1, routed)           0.000    15.570    cnt_setup_reg[24]_i_1_n_0
    SLICE_X64Y88         CARRY4 (Prop_carry4_CI_O[2])
                                                      0.239    15.809 r  cnt_setup_reg[28]_i_1/O[2]
                         net (fo=1, routed)           0.000    15.809    cnt_setup_reg[28]_i_1_n_5
    SLICE_X64Y88         FDRE                                         r  cnt_setup_reg[30]/D
  -------------------------------------------------------------------    -------------------

                         (clock sys_clk_pin fall edge)
                                                     15.000    15.000 f  
    W5                                                0.000    15.000 f  clk (IN)
                         net (fo=0)                   0.000    15.000    clk
    W5                   IBUF (Prop_ibuf_I_O)         1.388    16.388 f  clk_IBUF_inst/O
                         net (fo=1, routed)           1.862    18.250    clk_IBUF
    BUFGCTRL_X0Y0        BUFG (Prop_bufg_I_O)         0.091    18.341 f  clk_IBUF_BUFG_inst/O
                         net (fo=46, routed)          1.506    19.847    clk_IBUF_BUFG
    SLICE_X64Y88         FDRE                                         r  cnt_setup_reg[30]/C  (IS_INVERTED)
                         clock pessimism              0.272    20.119    
                         clock uncertainty           -0.035    20.084    
    SLICE_X64Y88         FDRE (Setup_fdre_C_D)        0.114    20.198    cnt_setup_reg[30]
  -------------------------------------------------------------------
                         required time                         20.198    
                         arrival time                         -15.809    
  -------------------------------------------------------------------
                         slack                                  4.388    

Slack (MET) :             4.408ns  (required time - arrival time)
  Source:                 cnt_setup_reg[5]/C
                            (falling edge-triggered cell FDRE clocked by sys_clk_pin  {rise@0.000ns fall@5.000ns period=10.000ns})
  Destination:            cnt_setup_reg[28]/D
                            (falling edge-triggered cell FDRE clocked by sys_clk_pin  {rise@0.000ns fall@5.000ns period=10.000ns})
  Path Group:             sys_clk_pin
  Path Type:              Setup (Max at Slow Process Corner)
  Requirement:            10.000ns  (sys_clk_pin fall@15.000ns - sys_clk_pin fall@5.000ns)
  Data Path Delay:        5.651ns  (logic 2.946ns (52.131%)  route 2.705ns (47.869%))
  Logic Levels:           14  (CARRY4=12 LUT2=2)
  Clock Path Skew:        -0.019ns (DCD - SCD + CPR)
    Destination Clock Delay (DCD):    4.847ns = ( 19.847 - 15.000 ) 
    Source Clock Delay      (SCD):    5.138ns = ( 10.138 - 5.000 ) 
    Clock Pessimism Removal (CPR):    0.272ns
  Clock Uncertainty:      0.035ns  ((TSJ^2 + TIJ^2)^1/2 + DJ) / 2 + PE
    Total System Jitter     (TSJ):    0.071ns
    Total Input Jitter      (TIJ):    0.000ns
    Discrete Jitter          (DJ):    0.000ns
    Phase Error              (PE):    0.000ns

    Location             Delay type                Incr(ns)  Path(ns)    Netlist Resource(s)
  -------------------------------------------------------------------    -------------------
                         (clock sys_clk_pin fall edge)
                                                      5.000     5.000 f  
    W5                                                0.000     5.000 f  clk (IN)
                         net (fo=0)                   0.000     5.000    clk
    W5                   IBUF (Prop_ibuf_I_O)         1.458     6.458 f  clk_IBUF_inst/O
                         net (fo=1, routed)           1.967     8.425    clk_IBUF
    BUFGCTRL_X0Y0        BUFG (Prop_bufg_I_O)         0.096     8.521 f  clk_IBUF_BUFG_inst/O
                         net (fo=46, routed)          1.617    10.138    clk_IBUF_BUFG
    SLICE_X64Y82         FDRE                                         r  cnt_setup_reg[5]/C  (IS_INVERTED)
  -------------------------------------------------------------------    -------------------
    SLICE_X64Y82         FDRE (Prop_fdre_C_Q)         0.524    10.662 r  cnt_setup_reg[5]/Q
                         net (fo=3, routed)           1.114    11.776    cnt_setup_reg[5]
    SLICE_X65Y83         LUT2 (Prop_lut2_I0_O)        0.124    11.900 r  FSM_sequential_state[1]_i_33/O
                         net (fo=1, routed)           0.000    11.900    FSM_sequential_state[1]_i_33_n_0
    SLICE_X65Y83         CARRY4 (Prop_carry4_S[2]_CO[3])
                                                      0.398    12.298 r  FSM_sequential_state_reg[1]_i_20/CO[3]
                         net (fo=1, routed)           0.000    12.298    FSM_sequential_state_reg[1]_i_20_n_0
    SLICE_X65Y84         CARRY4 (Prop_carry4_CI_CO[3])
                                                      0.114    12.412 r  FSM_sequential_state_reg[1]_i_12/CO[3]
                         net (fo=1, routed)           0.000    12.412    FSM_sequential_state_reg[1]_i_12_n_0
    SLICE_X65Y85         CARRY4 (Prop_carry4_CI_CO[3])
                                                      0.114    12.526 r  FSM_sequential_state_reg[1]_i_3/CO[3]
                         net (fo=1, routed)           0.000    12.526    FSM_sequential_state_reg[1]_i_3_n_0
    SLICE_X65Y86         CARRY4 (Prop_carry4_CI_CO[3])
                                                      0.114    12.640 f  FSM_sequential_state_reg[1]_i_2/CO[3]
                         net (fo=38, routed)          1.591    14.231    FSM_sequential_state_reg[1]_i_2_n_0
    SLICE_X64Y81         LUT2 (Prop_lut2_I1_O)        0.124    14.355 r  cnt_setup[0]_i_6/O
                         net (fo=1, routed)           0.000    14.355    cnt_setup[0]_i_6_n_0
    SLICE_X64Y81         CARRY4 (Prop_carry4_S[0]_CO[3])
                                                      0.513    14.868 r  cnt_setup_reg[0]_i_1/CO[3]
                         net (fo=1, routed)           0.000    14.868    cnt_setup_reg[0]_i_1_n_0
    SLICE_X64Y82         CARRY4 (Prop_carry4_CI_CO[3])
                                                      0.117    14.985 r  cnt_setup_reg[4]_i_1/CO[3]
                         net (fo=1, routed)           0.000    14.985    cnt_setup_reg[4]_i_1_n_0
    SLICE_X64Y83         CARRY4 (Prop_carry4_CI_CO[3])
                                                      0.117    15.102 r  cnt_setup_reg[8]_i_1/CO[3]
                         net (fo=1, routed)           0.000    15.102    cnt_setup_reg[8]_i_1_n_0
    SLICE_X64Y84         CARRY4 (Prop_carry4_CI_CO[3])
                                                      0.117    15.219 r  cnt_setup_reg[12]_i_1/CO[3]
                         net (fo=1, routed)           0.000    15.219    cnt_setup_reg[12]_i_1_n_0
    SLICE_X64Y85         CARRY4 (Prop_carry4_CI_CO[3])
                                                      0.117    15.336 r  cnt_setup_reg[16]_i_1/CO[3]
                         net (fo=1, routed)           0.000    15.336    cnt_setup_reg[16]_i_1_n_0
    SLICE_X64Y86         CARRY4 (Prop_carry4_CI_CO[3])
                                                      0.117    15.453 r  cnt_setup_reg[20]_i_1/CO[3]
                         net (fo=1, routed)           0.000    15.453    cnt_setup_reg[20]_i_1_n_0
    SLICE_X64Y87         CARRY4 (Prop_carry4_CI_CO[3])
                                                      0.117    15.570 r  cnt_setup_reg[24]_i_1/CO[3]
                         net (fo=1, routed)           0.000    15.570    cnt_setup_reg[24]_i_1_n_0
    SLICE_X64Y88         CARRY4 (Prop_carry4_CI_O[0])
                                                      0.219    15.789 r  cnt_setup_reg[28]_i_1/O[0]
                         net (fo=1, routed)           0.000    15.789    cnt_setup_reg[28]_i_1_n_7
    SLICE_X64Y88         FDRE                                         r  cnt_setup_reg[28]/D
  -------------------------------------------------------------------    -------------------

                         (clock sys_clk_pin fall edge)
                                                     15.000    15.000 f  
    W5                                                0.000    15.000 f  clk (IN)
                         net (fo=0)                   0.000    15.000    clk
    W5                   IBUF (Prop_ibuf_I_O)         1.388    16.388 f  clk_IBUF_inst/O
                         net (fo=1, routed)           1.862    18.250    clk_IBUF
    BUFGCTRL_X0Y0        BUFG (Prop_bufg_I_O)         0.091    18.341 f  clk_IBUF_BUFG_inst/O
                         net (fo=46, routed)          1.506    19.847    clk_IBUF_BUFG
    SLICE_X64Y88         FDRE                                         r  cnt_setup_reg[28]/C  (IS_INVERTED)
                         clock pessimism              0.272    20.119    
                         clock uncertainty           -0.035    20.084    
    SLICE_X64Y88         FDRE (Setup_fdre_C_D)        0.114    20.198    cnt_setup_reg[28]
  -------------------------------------------------------------------
                         required time                         20.198    
                         arrival time                         -15.789    
  -------------------------------------------------------------------
                         slack                                  4.408    

Slack (MET) :             4.420ns  (required time - arrival time)
  Source:                 cnt_setup_reg[5]/C
                            (falling edge-triggered cell FDRE clocked by sys_clk_pin  {rise@0.000ns fall@5.000ns period=10.000ns})
  Destination:            cnt_setup_reg[25]/D
                            (falling edge-triggered cell FDRE clocked by sys_clk_pin  {rise@0.000ns fall@5.000ns period=10.000ns})
  Path Group:             sys_clk_pin
  Path Type:              Setup (Max at Slow Process Corner)
  Requirement:            10.000ns  (sys_clk_pin fall@15.000ns - sys_clk_pin fall@5.000ns)
  Data Path Delay:        5.638ns  (logic 2.933ns (52.020%)  route 2.705ns (47.980%))
  Logic Levels:           13  (CARRY4=11 LUT2=2)
  Clock Path Skew:        -0.020ns (DCD - SCD + CPR)
    Destination Clock Delay (DCD):    4.846ns = ( 19.846 - 15.000 ) 
    Source Clock Delay      (SCD):    5.138ns = ( 10.138 - 5.000 ) 
    Clock Pessimism Removal (CPR):    0.272ns
  Clock Uncertainty:      0.035ns  ((TSJ^2 + TIJ^2)^1/2 + DJ) / 2 + PE
    Total System Jitter     (TSJ):    0.071ns
    Total Input Jitter      (TIJ):    0.000ns
    Discrete Jitter          (DJ):    0.000ns
    Phase Error              (PE):    0.000ns

    Location             Delay type                Incr(ns)  Path(ns)    Netlist Resource(s)
  -------------------------------------------------------------------    -------------------
                         (clock sys_clk_pin fall edge)
                                                      5.000     5.000 f  
    W5                                                0.000     5.000 f  clk (IN)
                         net (fo=0)                   0.000     5.000    clk
    W5                   IBUF (Prop_ibuf_I_O)         1.458     6.458 f  clk_IBUF_inst/O
                         net (fo=1, routed)           1.967     8.425    clk_IBUF
    BUFGCTRL_X0Y0        BUFG (Prop_bufg_I_O)         0.096     8.521 f  clk_IBUF_BUFG_inst/O
                         net (fo=46, routed)          1.617    10.138    clk_IBUF_BUFG
    SLICE_X64Y82         FDRE                                         r  cnt_setup_reg[5]/C  (IS_INVERTED)
  -------------------------------------------------------------------    -------------------
    SLICE_X64Y82         FDRE (Prop_fdre_C_Q)         0.524    10.662 r  cnt_setup_reg[5]/Q
                         net (fo=3, routed)           1.114    11.776    cnt_setup_reg[5]
    SLICE_X65Y83         LUT2 (Prop_lut2_I0_O)        0.124    11.900 r  FSM_sequential_state[1]_i_33/O
                         net (fo=1, routed)           0.000    11.900    FSM_sequential_state[1]_i_33_n_0
    SLICE_X65Y83         CARRY4 (Prop_carry4_S[2]_CO[3])
                                                      0.398    12.298 r  FSM_sequential_state_reg[1]_i_20/CO[3]
                         net (fo=1, routed)           0.000    12.298    FSM_sequential_state_reg[1]_i_20_n_0
    SLICE_X65Y84         CARRY4 (Prop_carry4_CI_CO[3])
                                                      0.114    12.412 r  FSM_sequential_state_reg[1]_i_12/CO[3]
                         net (fo=1, routed)           0.000    12.412    FSM_sequential_state_reg[1]_i_12_n_0
    SLICE_X65Y85         CARRY4 (Prop_carry4_CI_CO[3])
                                                      0.114    12.526 r  FSM_sequential_state_reg[1]_i_3/CO[3]
                         net (fo=1, routed)           0.000    12.526    FSM_sequential_state_reg[1]_i_3_n_0
    SLICE_X65Y86         CARRY4 (Prop_carry4_CI_CO[3])
                                                      0.114    12.640 f  FSM_sequential_state_reg[1]_i_2/CO[3]
                         net (fo=38, routed)          1.591    14.231    FSM_sequential_state_reg[1]_i_2_n_0
    SLICE_X64Y81         LUT2 (Prop_lut2_I1_O)        0.124    14.355 r  cnt_setup[0]_i_6/O
                         net (fo=1, routed)           0.000    14.355    cnt_setup[0]_i_6_n_0
    SLICE_X64Y81         CARRY4 (Prop_carry4_S[0]_CO[3])
                                                      0.513    14.868 r  cnt_setup_reg[0]_i_1/CO[3]
                         net (fo=1, routed)           0.000    14.868    cnt_setup_reg[0]_i_1_n_0
    SLICE_X64Y82         CARRY4 (Prop_carry4_CI_CO[3])
                                                      0.117    14.985 r  cnt_setup_reg[4]_i_1/CO[3]
                         net (fo=1, routed)           0.000    14.985    cnt_setup_reg[4]_i_1_n_0
    SLICE_X64Y83         CARRY4 (Prop_carry4_CI_CO[3])
                                                      0.117    15.102 r  cnt_setup_reg[8]_i_1/CO[3]
                         net (fo=1, routed)           0.000    15.102    cnt_setup_reg[8]_i_1_n_0
    SLICE_X64Y84         CARRY4 (Prop_carry4_CI_CO[3])
                                                      0.117    15.219 r  cnt_setup_reg[12]_i_1/CO[3]
                         net (fo=1, routed)           0.000    15.219    cnt_setup_reg[12]_i_1_n_0
    SLICE_X64Y85         CARRY4 (Prop_carry4_CI_CO[3])
                                                      0.117    15.336 r  cnt_setup_reg[16]_i_1/CO[3]
                         net (fo=1, routed)           0.000    15.336    cnt_setup_reg[16]_i_1_n_0
    SLICE_X64Y86         CARRY4 (Prop_carry4_CI_CO[3])
                                                      0.117    15.453 r  cnt_setup_reg[20]_i_1/CO[3]
                         net (fo=1, routed)           0.000    15.453    cnt_setup_reg[20]_i_1_n_0
    SLICE_X64Y87         CARRY4 (Prop_carry4_CI_O[1])
                                                      0.323    15.776 r  cnt_setup_reg[24]_i_1/O[1]
                         net (fo=1, routed)           0.000    15.776    cnt_setup_reg[24]_i_1_n_6
    SLICE_X64Y87         FDRE                                         r  cnt_setup_reg[25]/D
  -------------------------------------------------------------------    -------------------

                         (clock sys_clk_pin fall edge)
                                                     15.000    15.000 f  
    W5                                                0.000    15.000 f  clk (IN)
                         net (fo=0)                   0.000    15.000    clk
    W5                   IBUF (Prop_ibuf_I_O)         1.388    16.388 f  clk_IBUF_inst/O
                         net (fo=1, routed)           1.862    18.250    clk_IBUF
    BUFGCTRL_X0Y0        BUFG (Prop_bufg_I_O)         0.091    18.341 f  clk_IBUF_BUFG_inst/O
                         net (fo=46, routed)          1.505    19.846    clk_IBUF_BUFG
    SLICE_X64Y87         FDRE                                         r  cnt_setup_reg[25]/C  (IS_INVERTED)
                         clock pessimism              0.272    20.118    
                         clock uncertainty           -0.035    20.083    
    SLICE_X64Y87         FDRE (Setup_fdre_C_D)        0.114    20.197    cnt_setup_reg[25]
  -------------------------------------------------------------------
                         required time                         20.197    
                         arrival time                         -15.776    
  -------------------------------------------------------------------
                         slack                                  4.420    

Slack (MET) :             4.428ns  (required time - arrival time)
  Source:                 cnt_setup_reg[5]/C
                            (falling edge-triggered cell FDRE clocked by sys_clk_pin  {rise@0.000ns fall@5.000ns period=10.000ns})
  Destination:            cnt_setup_reg[27]/D
                            (falling edge-triggered cell FDRE clocked by sys_clk_pin  {rise@0.000ns fall@5.000ns period=10.000ns})
  Path Group:             sys_clk_pin
  Path Type:              Setup (Max at Slow Process Corner)
  Requirement:            10.000ns  (sys_clk_pin fall@15.000ns - sys_clk_pin fall@5.000ns)
  Data Path Delay:        5.630ns  (logic 2.925ns (51.952%)  route 2.705ns (48.048%))
  Logic Levels:           13  (CARRY4=11 LUT2=2)
  Clock Path Skew:        -0.020ns (DCD - SCD + CPR)
    Destination Clock Delay (DCD):    4.846ns = ( 19.846 - 15.000 ) 
    Source Clock Delay      (SCD):    5.138ns = ( 10.138 - 5.000 ) 
    Clock Pessimism Removal (CPR):    0.272ns
  Clock Uncertainty:      0.035ns  ((TSJ^2 + TIJ^2)^1/2 + DJ) / 2 + PE
    Total System Jitter     (TSJ):    0.071ns
    Total Input Jitter      (TIJ):    0.000ns
    Discrete Jitter          (DJ):    0.000ns
    Phase Error              (PE):    0.000ns

    Location             Delay type                Incr(ns)  Path(ns)    Netlist Resource(s)
  -------------------------------------------------------------------    -------------------
                         (clock sys_clk_pin fall edge)
                                                      5.000     5.000 f  
    W5                                                0.000     5.000 f  clk (IN)
                         net (fo=0)                   0.000     5.000    clk
    W5                   IBUF (Prop_ibuf_I_O)         1.458     6.458 f  clk_IBUF_inst/O
                         net (fo=1, routed)           1.967     8.425    clk_IBUF
    BUFGCTRL_X0Y0        BUFG (Prop_bufg_I_O)         0.096     8.521 f  clk_IBUF_BUFG_inst/O
                         net (fo=46, routed)          1.617    10.138    clk_IBUF_BUFG
    SLICE_X64Y82         FDRE                                         r  cnt_setup_reg[5]/C  (IS_INVERTED)
  -------------------------------------------------------------------    -------------------
    SLICE_X64Y82         FDRE (Prop_fdre_C_Q)         0.524    10.662 r  cnt_setup_reg[5]/Q
                         net (fo=3, routed)           1.114    11.776    cnt_setup_reg[5]
    SLICE_X65Y83         LUT2 (Prop_lut2_I0_O)        0.124    11.900 r  FSM_sequential_state[1]_i_33/O
                         net (fo=1, routed)           0.000    11.900    FSM_sequential_state[1]_i_33_n_0
    SLICE_X65Y83         CARRY4 (Prop_carry4_S[2]_CO[3])
                                                      0.398    12.298 r  FSM_sequential_state_reg[1]_i_20/CO[3]
                         net (fo=1, routed)           0.000    12.298    FSM_sequential_state_reg[1]_i_20_n_0
    SLICE_X65Y84         CARRY4 (Prop_carry4_CI_CO[3])
                                                      0.114    12.412 r  FSM_sequential_state_reg[1]_i_12/CO[3]
                         net (fo=1, routed)           0.000    12.412    FSM_sequential_state_reg[1]_i_12_n_0
    SLICE_X65Y85         CARRY4 (Prop_carry4_CI_CO[3])
                                                      0.114    12.526 r  FSM_sequential_state_reg[1]_i_3/CO[3]
                         net (fo=1, routed)           0.000    12.526    FSM_sequential_state_reg[1]_i_3_n_0
    SLICE_X65Y86         CARRY4 (Prop_carry4_CI_CO[3])
                                                      0.114    12.640 f  FSM_sequential_state_reg[1]_i_2/CO[3]
                         net (fo=38, routed)          1.591    14.231    FSM_sequential_state_reg[1]_i_2_n_0
    SLICE_X64Y81         LUT2 (Prop_lut2_I1_O)        0.124    14.355 r  cnt_setup[0]_i_6/O
                         net (fo=1, routed)           0.000    14.355    cnt_setup[0]_i_6_n_0
    SLICE_X64Y81         CARRY4 (Prop_carry4_S[0]_CO[3])
                                                      0.513    14.868 r  cnt_setup_reg[0]_i_1/CO[3]
                         net (fo=1, routed)           0.000    14.868    cnt_setup_reg[0]_i_1_n_0
    SLICE_X64Y82         CARRY4 (Prop_carry4_CI_CO[3])
                                                      0.117    14.985 r  cnt_setup_reg[4]_i_1/CO[3]
                         net (fo=1, routed)           0.000    14.985    cnt_setup_reg[4]_i_1_n_0
    SLICE_X64Y83         CARRY4 (Prop_carry4_CI_CO[3])
                                                      0.117    15.102 r  cnt_setup_reg[8]_i_1/CO[3]
                         net (fo=1, routed)           0.000    15.102    cnt_setup_reg[8]_i_1_n_0
    SLICE_X64Y84         CARRY4 (Prop_carry4_CI_CO[3])
                                                      0.117    15.219 r  cnt_setup_reg[12]_i_1/CO[3]
                         net (fo=1, routed)           0.000    15.219    cnt_setup_reg[12]_i_1_n_0
    SLICE_X64Y85         CARRY4 (Prop_carry4_CI_CO[3])
                                                      0.117    15.336 r  cnt_setup_reg[16]_i_1/CO[3]
                         net (fo=1, routed)           0.000    15.336    cnt_setup_reg[16]_i_1_n_0
    SLICE_X64Y86         CARRY4 (Prop_carry4_CI_CO[3])
                                                      0.117    15.453 r  cnt_setup_reg[20]_i_1/CO[3]
                         net (fo=1, routed)           0.000    15.453    cnt_setup_reg[20]_i_1_n_0
    SLICE_X64Y87         CARRY4 (Prop_carry4_CI_O[3])
                                                      0.315    15.768 r  cnt_setup_reg[24]_i_1/O[3]
                         net (fo=1, routed)           0.000    15.768    cnt_setup_reg[24]_i_1_n_4
    SLICE_X64Y87         FDRE                                         r  cnt_setup_reg[27]/D
  -------------------------------------------------------------------    -------------------

                         (clock sys_clk_pin fall edge)
                                                     15.000    15.000 f  
    W5                                                0.000    15.000 f  clk (IN)
                         net (fo=0)                   0.000    15.000    clk
    W5                   IBUF (Prop_ibuf_I_O)         1.388    16.388 f  clk_IBUF_inst/O
                         net (fo=1, routed)           1.862    18.250    clk_IBUF
    BUFGCTRL_X0Y0        BUFG (Prop_bufg_I_O)         0.091    18.341 f  clk_IBUF_BUFG_inst/O
                         net (fo=46, routed)          1.505    19.846    clk_IBUF_BUFG
    SLICE_X64Y87         FDRE                                         r  cnt_setup_reg[27]/C  (IS_INVERTED)
                         clock pessimism              0.272    20.118    
                         clock uncertainty           -0.035    20.083    
    SLICE_X64Y87         FDRE (Setup_fdre_C_D)        0.114    20.197    cnt_setup_reg[27]
  -------------------------------------------------------------------
                         required time                         20.197    
                         arrival time                         -15.768    
  -------------------------------------------------------------------
                         slack                                  4.428    

Slack (MET) :             4.504ns  (required time - arrival time)
  Source:                 cnt_setup_reg[5]/C
                            (falling edge-triggered cell FDRE clocked by sys_clk_pin  {rise@0.000ns fall@5.000ns period=10.000ns})
  Destination:            cnt_setup_reg[26]/D
                            (falling edge-triggered cell FDRE clocked by sys_clk_pin  {rise@0.000ns fall@5.000ns period=10.000ns})
  Path Group:             sys_clk_pin
  Path Type:              Setup (Max at Slow Process Corner)
  Requirement:            10.000ns  (sys_clk_pin fall@15.000ns - sys_clk_pin fall@5.000ns)
  Data Path Delay:        5.554ns  (logic 2.849ns (51.295%)  route 2.705ns (48.705%))
  Logic Levels:           13  (CARRY4=11 LUT2=2)
  Clock Path Skew:        -0.020ns (DCD - SCD + CPR)
    Destination Clock Delay (DCD):    4.846ns = ( 19.846 - 15.000 ) 
    Source Clock Delay      (SCD):    5.138ns = ( 10.138 - 5.000 ) 
    Clock Pessimism Removal (CPR):    0.272ns
  Clock Uncertainty:      0.035ns  ((TSJ^2 + TIJ^2)^1/2 + DJ) / 2 + PE
    Total System Jitter     (TSJ):    0.071ns
    Total Input Jitter      (TIJ):    0.000ns
    Discrete Jitter          (DJ):    0.000ns
    Phase Error              (PE):    0.000ns

    Location             Delay type                Incr(ns)  Path(ns)    Netlist Resource(s)
  -------------------------------------------------------------------    -------------------
                         (clock sys_clk_pin fall edge)
                                                      5.000     5.000 f  
    W5                                                0.000     5.000 f  clk (IN)
                         net (fo=0)                   0.000     5.000    clk
    W5                   IBUF (Prop_ibuf_I_O)         1.458     6.458 f  clk_IBUF_inst/O
                         net (fo=1, routed)           1.967     8.425    clk_IBUF
    BUFGCTRL_X0Y0        BUFG (Prop_bufg_I_O)         0.096     8.521 f  clk_IBUF_BUFG_inst/O
                         net (fo=46, routed)          1.617    10.138    clk_IBUF_BUFG
    SLICE_X64Y82         FDRE                                         r  cnt_setup_reg[5]/C  (IS_INVERTED)
  -------------------------------------------------------------------    -------------------
    SLICE_X64Y82         FDRE (Prop_fdre_C_Q)         0.524    10.662 r  cnt_setup_reg[5]/Q
                         net (fo=3, routed)           1.114    11.776    cnt_setup_reg[5]
    SLICE_X65Y83         LUT2 (Prop_lut2_I0_O)        0.124    11.900 r  FSM_sequential_state[1]_i_33/O
                         net (fo=1, routed)           0.000    11.900    FSM_sequential_state[1]_i_33_n_0
    SLICE_X65Y83         CARRY4 (Prop_carry4_S[2]_CO[3])
                                                      0.398    12.298 r  FSM_sequential_state_reg[1]_i_20/CO[3]
                         net (fo=1, routed)           0.000    12.298    FSM_sequential_state_reg[1]_i_20_n_0
    SLICE_X65Y84         CARRY4 (Prop_carry4_CI_CO[3])
                                                      0.114    12.412 r  FSM_sequential_state_reg[1]_i_12/CO[3]
                         net (fo=1, routed)           0.000    12.412    FSM_sequential_state_reg[1]_i_12_n_0
    SLICE_X65Y85         CARRY4 (Prop_carry4_CI_CO[3])
                                                      0.114    12.526 r  FSM_sequential_state_reg[1]_i_3/CO[3]
                         net (fo=1, routed)           0.000    12.526    FSM_sequential_state_reg[1]_i_3_n_0
    SLICE_X65Y86         CARRY4 (Prop_carry4_CI_CO[3])
                                                      0.114    12.640 f  FSM_sequential_state_reg[1]_i_2/CO[3]
                         net (fo=38, routed)          1.591    14.231    FSM_sequential_state_reg[1]_i_2_n_0
    SLICE_X64Y81         LUT2 (Prop_lut2_I1_O)        0.124    14.355 r  cnt_setup[0]_i_6/O
                         net (fo=1, routed)           0.000    14.355    cnt_setup[0]_i_6_n_0
    SLICE_X64Y81         CARRY4 (Prop_carry4_S[0]_CO[3])
                                                      0.513    14.868 r  cnt_setup_reg[0]_i_1/CO[3]
                         net (fo=1, routed)           0.000    14.868    cnt_setup_reg[0]_i_1_n_0
    SLICE_X64Y82         CARRY4 (Prop_carry4_CI_CO[3])
                                                      0.117    14.985 r  cnt_setup_reg[4]_i_1/CO[3]
                         net (fo=1, routed)           0.000    14.985    cnt_setup_reg[4]_i_1_n_0
    SLICE_X64Y83         CARRY4 (Prop_carry4_CI_CO[3])
                                                      0.117    15.102 r  cnt_setup_reg[8]_i_1/CO[3]
                         net (fo=1, routed)           0.000    15.102    cnt_setup_reg[8]_i_1_n_0
    SLICE_X64Y84         CARRY4 (Prop_carry4_CI_CO[3])
                                                      0.117    15.219 r  cnt_setup_reg[12]_i_1/CO[3]
                         net (fo=1, routed)           0.000    15.219    cnt_setup_reg[12]_i_1_n_0
    SLICE_X64Y85         CARRY4 (Prop_carry4_CI_CO[3])
                                                      0.117    15.336 r  cnt_setup_reg[16]_i_1/CO[3]
                         net (fo=1, routed)           0.000    15.336    cnt_setup_reg[16]_i_1_n_0
    SLICE_X64Y86         CARRY4 (Prop_carry4_CI_CO[3])
                                                      0.117    15.453 r  cnt_setup_reg[20]_i_1/CO[3]
                         net (fo=1, routed)           0.000    15.453    cnt_setup_reg[20]_i_1_n_0
    SLICE_X64Y87         CARRY4 (Prop_carry4_CI_O[2])
                                                      0.239    15.692 r  cnt_setup_reg[24]_i_1/O[2]
                         net (fo=1, routed)           0.000    15.692    cnt_setup_reg[24]_i_1_n_5
    SLICE_X64Y87         FDRE                                         r  cnt_setup_reg[26]/D
  -------------------------------------------------------------------    -------------------

                         (clock sys_clk_pin fall edge)
                                                     15.000    15.000 f  
    W5                                                0.000    15.000 f  clk (IN)
                         net (fo=0)                   0.000    15.000    clk
    W5                   IBUF (Prop_ibuf_I_O)         1.388    16.388 f  clk_IBUF_inst/O
                         net (fo=1, routed)           1.862    18.250    clk_IBUF
    BUFGCTRL_X0Y0        BUFG (Prop_bufg_I_O)         0.091    18.341 f  clk_IBUF_BUFG_inst/O
                         net (fo=46, routed)          1.505    19.846    clk_IBUF_BUFG
    SLICE_X64Y87         FDRE                                         r  cnt_setup_reg[26]/C  (IS_INVERTED)
                         clock pessimism              0.272    20.118    
                         clock uncertainty           -0.035    20.083    
    SLICE_X64Y87         FDRE (Setup_fdre_C_D)        0.114    20.197    cnt_setup_reg[26]
  -------------------------------------------------------------------
                         required time                         20.197    
                         arrival time                         -15.692    
  -------------------------------------------------------------------
                         slack                                  4.504    

Slack (MET) :             4.524ns  (required time - arrival time)
  Source:                 cnt_setup_reg[5]/C
                            (falling edge-triggered cell FDRE clocked by sys_clk_pin  {rise@0.000ns fall@5.000ns period=10.000ns})
  Destination:            cnt_setup_reg[24]/D
                            (falling edge-triggered cell FDRE clocked by sys_clk_pin  {rise@0.000ns fall@5.000ns period=10.000ns})
  Path Group:             sys_clk_pin
  Path Type:              Setup (Max at Slow Process Corner)
  Requirement:            10.000ns  (sys_clk_pin fall@15.000ns - sys_clk_pin fall@5.000ns)
  Data Path Delay:        5.534ns  (logic 2.829ns (51.119%)  route 2.705ns (48.881%))
  Logic Levels:           13  (CARRY4=11 LUT2=2)
  Clock Path Skew:        -0.020ns (DCD - SCD + CPR)
    Destination Clock Delay (DCD):    4.846ns = ( 19.846 - 15.000 ) 
    Source Clock Delay      (SCD):    5.138ns = ( 10.138 - 5.000 ) 
    Clock Pessimism Removal (CPR):    0.272ns
  Clock Uncertainty:      0.035ns  ((TSJ^2 + TIJ^2)^1/2 + DJ) / 2 + PE
    Total System Jitter     (TSJ):    0.071ns
    Total Input Jitter      (TIJ):    0.000ns
    Discrete Jitter          (DJ):    0.000ns
    Phase Error              (PE):    0.000ns

    Location             Delay type                Incr(ns)  Path(ns)    Netlist Resource(s)
  -------------------------------------------------------------------    -------------------
                         (clock sys_clk_pin fall edge)
                                                      5.000     5.000 f  
    W5                                                0.000     5.000 f  clk (IN)
                         net (fo=0)                   0.000     5.000    clk
    W5                   IBUF (Prop_ibuf_I_O)         1.458     6.458 f  clk_IBUF_inst/O
                         net (fo=1, routed)           1.967     8.425    clk_IBUF
    BUFGCTRL_X0Y0        BUFG (Prop_bufg_I_O)         0.096     8.521 f  clk_IBUF_BUFG_inst/O
                         net (fo=46, routed)          1.617    10.138    clk_IBUF_BUFG
    SLICE_X64Y82         FDRE                                         r  cnt_setup_reg[5]/C  (IS_INVERTED)
  -------------------------------------------------------------------    -------------------
    SLICE_X64Y82         FDRE (Prop_fdre_C_Q)         0.524    10.662 r  cnt_setup_reg[5]/Q
                         net (fo=3, routed)           1.114    11.776    cnt_setup_reg[5]
    SLICE_X65Y83         LUT2 (Prop_lut2_I0_O)        0.124    11.900 r  FSM_sequential_state[1]_i_33/O
                         net (fo=1, routed)           0.000    11.900    FSM_sequential_state[1]_i_33_n_0
    SLICE_X65Y83         CARRY4 (Prop_carry4_S[2]_CO[3])
                                                      0.398    12.298 r  FSM_sequential_state_reg[1]_i_20/CO[3]
                         net (fo=1, routed)           0.000    12.298    FSM_sequential_state_reg[1]_i_20_n_0
    SLICE_X65Y84         CARRY4 (Prop_carry4_CI_CO[3])
                                                      0.114    12.412 r  FSM_sequential_state_reg[1]_i_12/CO[3]
                         net (fo=1, routed)           0.000    12.412    FSM_sequential_state_reg[1]_i_12_n_0
    SLICE_X65Y85         CARRY4 (Prop_carry4_CI_CO[3])
                                                      0.114    12.526 r  FSM_sequential_state_reg[1]_i_3/CO[3]
                         net (fo=1, routed)           0.000    12.526    FSM_sequential_state_reg[1]_i_3_n_0
    SLICE_X65Y86         CARRY4 (Prop_carry4_CI_CO[3])
                                                      0.114    12.640 f  FSM_sequential_state_reg[1]_i_2/CO[3]
                         net (fo=38, routed)          1.591    14.231    FSM_sequential_state_reg[1]_i_2_n_0
    SLICE_X64Y81         LUT2 (Prop_lut2_I1_O)        0.124    14.355 r  cnt_setup[0]_i_6/O
                         net (fo=1, routed)           0.000    14.355    cnt_setup[0]_i_6_n_0
    SLICE_X64Y81         CARRY4 (Prop_carry4_S[0]_CO[3])
                                                      0.513    14.868 r  cnt_setup_reg[0]_i_1/CO[3]
                         net (fo=1, routed)           0.000    14.868    cnt_setup_reg[0]_i_1_n_0
    SLICE_X64Y82         CARRY4 (Prop_carry4_CI_CO[3])
                                                      0.117    14.985 r  cnt_setup_reg[4]_i_1/CO[3]
                         net (fo=1, routed)           0.000    14.985    cnt_setup_reg[4]_i_1_n_0
    SLICE_X64Y83         CARRY4 (Prop_carry4_CI_CO[3])
                                                      0.117    15.102 r  cnt_setup_reg[8]_i_1/CO[3]
                         net (fo=1, routed)           0.000    15.102    cnt_setup_reg[8]_i_1_n_0
    SLICE_X64Y84         CARRY4 (Prop_carry4_CI_CO[3])
                                                      0.117    15.219 r  cnt_setup_reg[12]_i_1/CO[3]
                         net (fo=1, routed)           0.000    15.219    cnt_setup_reg[12]_i_1_n_0
    SLICE_X64Y85         CARRY4 (Prop_carry4_CI_CO[3])
                                                      0.117    15.336 r  cnt_setup_reg[16]_i_1/CO[3]
                         net (fo=1, routed)           0.000    15.336    cnt_setup_reg[16]_i_1_n_0
    SLICE_X64Y86         CARRY4 (Prop_carry4_CI_CO[3])
                                                      0.117    15.453 r  cnt_setup_reg[20]_i_1/CO[3]
                         net (fo=1, routed)           0.000    15.453    cnt_setup_reg[20]_i_1_n_0
    SLICE_X64Y87         CARRY4 (Prop_carry4_CI_O[0])
                                                      0.219    15.672 r  cnt_setup_reg[24]_i_1/O[0]
                         net (fo=1, routed)           0.000    15.672    cnt_setup_reg[24]_i_1_n_7
    SLICE_X64Y87         FDRE                                         r  cnt_setup_reg[24]/D
  -------------------------------------------------------------------    -------------------

                         (clock sys_clk_pin fall edge)
                                                     15.000    15.000 f  
    W5                                                0.000    15.000 f  clk (IN)
                         net (fo=0)                   0.000    15.000    clk
    W5                   IBUF (Prop_ibuf_I_O)         1.388    16.388 f  clk_IBUF_inst/O
                         net (fo=1, routed)           1.862    18.250    clk_IBUF
    BUFGCTRL_X0Y0        BUFG (Prop_bufg_I_O)         0.091    18.341 f  clk_IBUF_BUFG_inst/O
                         net (fo=46, routed)          1.505    19.846    clk_IBUF_BUFG
    SLICE_X64Y87         FDRE                                         r  cnt_setup_reg[24]/C  (IS_INVERTED)
                         clock pessimism              0.272    20.118    
                         clock uncertainty           -0.035    20.083    
    SLICE_X64Y87         FDRE (Setup_fdre_C_D)        0.114    20.197    cnt_setup_reg[24]
  -------------------------------------------------------------------
                         required time                         20.197    
                         arrival time                         -15.672    
  -------------------------------------------------------------------
                         slack                                  4.524    

Slack (MET) :             4.536ns  (required time - arrival time)
  Source:                 cnt_setup_reg[5]/C
                            (falling edge-triggered cell FDRE clocked by sys_clk_pin  {rise@0.000ns fall@5.000ns period=10.000ns})
  Destination:            cnt_setup_reg[21]/D
                            (falling edge-triggered cell FDRE clocked by sys_clk_pin  {rise@0.000ns fall@5.000ns period=10.000ns})
  Path Group:             sys_clk_pin
  Path Type:              Setup (Max at Slow Process Corner)
  Requirement:            10.000ns  (sys_clk_pin fall@15.000ns - sys_clk_pin fall@5.000ns)
  Data Path Delay:        5.521ns  (logic 2.816ns (51.004%)  route 2.705ns (48.996%))
  Logic Levels:           12  (CARRY4=10 LUT2=2)
  Clock Path Skew:        -0.021ns (DCD - SCD + CPR)
    Destination Clock Delay (DCD):    4.845ns = ( 19.845 - 15.000 ) 
    Source Clock Delay      (SCD):    5.138ns = ( 10.138 - 5.000 ) 
    Clock Pessimism Removal (CPR):    0.272ns
  Clock Uncertainty:      0.035ns  ((TSJ^2 + TIJ^2)^1/2 + DJ) / 2 + PE
    Total System Jitter     (TSJ):    0.071ns
    Total Input Jitter      (TIJ):    0.000ns
    Discrete Jitter          (DJ):    0.000ns
    Phase Error              (PE):    0.000ns

    Location             Delay type                Incr(ns)  Path(ns)    Netlist Resource(s)
  -------------------------------------------------------------------    -------------------
                         (clock sys_clk_pin fall edge)
                                                      5.000     5.000 f  
    W5                                                0.000     5.000 f  clk (IN)
                         net (fo=0)                   0.000     5.000    clk
    W5                   IBUF (Prop_ibuf_I_O)         1.458     6.458 f  clk_IBUF_inst/O
                         net (fo=1, routed)           1.967     8.425    clk_IBUF
    BUFGCTRL_X0Y0        BUFG (Prop_bufg_I_O)         0.096     8.521 f  clk_IBUF_BUFG_inst/O
                         net (fo=46, routed)          1.617    10.138    clk_IBUF_BUFG
    SLICE_X64Y82         FDRE                                         r  cnt_setup_reg[5]/C  (IS_INVERTED)
  -------------------------------------------------------------------    -------------------
    SLICE_X64Y82         FDRE (Prop_fdre_C_Q)         0.524    10.662 r  cnt_setup_reg[5]/Q
                         net (fo=3, routed)           1.114    11.776    cnt_setup_reg[5]
    SLICE_X65Y83         LUT2 (Prop_lut2_I0_O)        0.124    11.900 r  FSM_sequential_state[1]_i_33/O
                         net (fo=1, routed)           0.000    11.900    FSM_sequential_state[1]_i_33_n_0
    SLICE_X65Y83         CARRY4 (Prop_carry4_S[2]_CO[3])
                                                      0.398    12.298 r  FSM_sequential_state_reg[1]_i_20/CO[3]
                         net (fo=1, routed)           0.000    12.298    FSM_sequential_state_reg[1]_i_20_n_0
    SLICE_X65Y84         CARRY4 (Prop_carry4_CI_CO[3])
                                                      0.114    12.412 r  FSM_sequential_state_reg[1]_i_12/CO[3]
                         net (fo=1, routed)           0.000    12.412    FSM_sequential_state_reg[1]_i_12_n_0
    SLICE_X65Y85         CARRY4 (Prop_carry4_CI_CO[3])
                                                      0.114    12.526 r  FSM_sequential_state_reg[1]_i_3/CO[3]
                         net (fo=1, routed)           0.000    12.526    FSM_sequential_state_reg[1]_i_3_n_0
    SLICE_X65Y86         CARRY4 (Prop_carry4_CI_CO[3])
                                                      0.114    12.640 f  FSM_sequential_state_reg[1]_i_2/CO[3]
                         net (fo=38, routed)          1.591    14.231    FSM_sequential_state_reg[1]_i_2_n_0
    SLICE_X64Y81         LUT2 (Prop_lut2_I1_O)        0.124    14.355 r  cnt_setup[0]_i_6/O
                         net (fo=1, routed)           0.000    14.355    cnt_setup[0]_i_6_n_0
    SLICE_X64Y81         CARRY4 (Prop_carry4_S[0]_CO[3])
                                                      0.513    14.868 r  cnt_setup_reg[0]_i_1/CO[3]
                         net (fo=1, routed)           0.000    14.868    cnt_setup_reg[0]_i_1_n_0
    SLICE_X64Y82         CARRY4 (Prop_carry4_CI_CO[3])
                                                      0.117    14.985 r  cnt_setup_reg[4]_i_1/CO[3]
                         net (fo=1, routed)           0.000    14.985    cnt_setup_reg[4]_i_1_n_0
    SLICE_X64Y83         CARRY4 (Prop_carry4_CI_CO[3])
                                                      0.117    15.102 r  cnt_setup_reg[8]_i_1/CO[3]
                         net (fo=1, routed)           0.000    15.102    cnt_setup_reg[8]_i_1_n_0
    SLICE_X64Y84         CARRY4 (Prop_carry4_CI_CO[3])
                                                      0.117    15.219 r  cnt_setup_reg[12]_i_1/CO[3]
                         net (fo=1, routed)           0.000    15.219    cnt_setup_reg[12]_i_1_n_0
    SLICE_X64Y85         CARRY4 (Prop_carry4_CI_CO[3])
                                                      0.117    15.336 r  cnt_setup_reg[16]_i_1/CO[3]
                         net (fo=1, routed)           0.000    15.336    cnt_setup_reg[16]_i_1_n_0
    SLICE_X64Y86         CARRY4 (Prop_carry4_CI_O[1])
                                                      0.323    15.659 r  cnt_setup_reg[20]_i_1/O[1]
                         net (fo=1, routed)           0.000    15.659    cnt_setup_reg[20]_i_1_n_6
    SLICE_X64Y86         FDRE                                         r  cnt_setup_reg[21]/D
  -------------------------------------------------------------------    -------------------

                         (clock sys_clk_pin fall edge)
                                                     15.000    15.000 f  
    W5                                                0.000    15.000 f  clk (IN)
                         net (fo=0)                   0.000    15.000    clk
    W5                   IBUF (Prop_ibuf_I_O)         1.388    16.388 f  clk_IBUF_inst/O
                         net (fo=1, routed)           1.862    18.250    clk_IBUF
    BUFGCTRL_X0Y0        BUFG (Prop_bufg_I_O)         0.091    18.341 f  clk_IBUF_BUFG_inst/O
                         net (fo=46, routed)          1.504    19.845    clk_IBUF_BUFG
    SLICE_X64Y86         FDRE                                         r  cnt_setup_reg[21]/C  (IS_INVERTED)
                         clock pessimism              0.272    20.117    
                         clock uncertainty           -0.035    20.082    
    SLICE_X64Y86         FDRE (Setup_fdre_C_D)        0.114    20.196    cnt_setup_reg[21]
  -------------------------------------------------------------------
                         required time                         20.196    
                         arrival time                         -15.659    
  -------------------------------------------------------------------
                         slack                                  4.536    

Slack (MET) :             4.544ns  (required time - arrival time)
  Source:                 cnt_setup_reg[5]/C
                            (falling edge-triggered cell FDRE clocked by sys_clk_pin  {rise@0.000ns fall@5.000ns period=10.000ns})
  Destination:            cnt_setup_reg[23]/D
                            (falling edge-triggered cell FDRE clocked by sys_clk_pin  {rise@0.000ns fall@5.000ns period=10.000ns})
  Path Group:             sys_clk_pin
  Path Type:              Setup (Max at Slow Process Corner)
  Requirement:            10.000ns  (sys_clk_pin fall@15.000ns - sys_clk_pin fall@5.000ns)
  Data Path Delay:        5.513ns  (logic 2.808ns (50.933%)  route 2.705ns (49.067%))
  Logic Levels:           12  (CARRY4=10 LUT2=2)
  Clock Path Skew:        -0.021ns (DCD - SCD + CPR)
    Destination Clock Delay (DCD):    4.845ns = ( 19.845 - 15.000 ) 
    Source Clock Delay      (SCD):    5.138ns = ( 10.138 - 5.000 ) 
    Clock Pessimism Removal (CPR):    0.272ns
  Clock Uncertainty:      0.035ns  ((TSJ^2 + TIJ^2)^1/2 + DJ) / 2 + PE
    Total System Jitter     (TSJ):    0.071ns
    Total Input Jitter      (TIJ):    0.000ns
    Discrete Jitter          (DJ):    0.000ns
    Phase Error              (PE):    0.000ns

    Location             Delay type                Incr(ns)  Path(ns)    Netlist Resource(s)
  -------------------------------------------------------------------    -------------------
                         (clock sys_clk_pin fall edge)
                                                      5.000     5.000 f  
    W5                                                0.000     5.000 f  clk (IN)
                         net (fo=0)                   0.000     5.000    clk
    W5                   IBUF (Prop_ibuf_I_O)         1.458     6.458 f  clk_IBUF_inst/O
                         net (fo=1, routed)           1.967     8.425    clk_IBUF
    BUFGCTRL_X0Y0        BUFG (Prop_bufg_I_O)         0.096     8.521 f  clk_IBUF_BUFG_inst/O
                         net (fo=46, routed)          1.617    10.138    clk_IBUF_BUFG
    SLICE_X64Y82         FDRE                                         r  cnt_setup_reg[5]/C  (IS_INVERTED)
  -------------------------------------------------------------------    -------------------
    SLICE_X64Y82         FDRE (Prop_fdre_C_Q)         0.524    10.662 r  cnt_setup_reg[5]/Q
                         net (fo=3, routed)           1.114    11.776    cnt_setup_reg[5]
    SLICE_X65Y83         LUT2 (Prop_lut2_I0_O)        0.124    11.900 r  FSM_sequential_state[1]_i_33/O
                         net (fo=1, routed)           0.000    11.900    FSM_sequential_state[1]_i_33_n_0
    SLICE_X65Y83         CARRY4 (Prop_carry4_S[2]_CO[3])
                                                      0.398    12.298 r  FSM_sequential_state_reg[1]_i_20/CO[3]
                         net (fo=1, routed)           0.000    12.298    FSM_sequential_state_reg[1]_i_20_n_0
    SLICE_X65Y84         CARRY4 (Prop_carry4_CI_CO[3])
                                                      0.114    12.412 r  FSM_sequential_state_reg[1]_i_12/CO[3]
                         net (fo=1, routed)           0.000    12.412    FSM_sequential_state_reg[1]_i_12_n_0
    SLICE_X65Y85         CARRY4 (Prop_carry4_CI_CO[3])
                                                      0.114    12.526 r  FSM_sequential_state_reg[1]_i_3/CO[3]
                         net (fo=1, routed)           0.000    12.526    FSM_sequential_state_reg[1]_i_3_n_0
    SLICE_X65Y86         CARRY4 (Prop_carry4_CI_CO[3])
                                                      0.114    12.640 f  FSM_sequential_state_reg[1]_i_2/CO[3]
                         net (fo=38, routed)          1.591    14.231    FSM_sequential_state_reg[1]_i_2_n_0
    SLICE_X64Y81         LUT2 (Prop_lut2_I1_O)        0.124    14.355 r  cnt_setup[0]_i_6/O
                         net (fo=1, routed)           0.000    14.355    cnt_setup[0]_i_6_n_0
    SLICE_X64Y81         CARRY4 (Prop_carry4_S[0]_CO[3])
                                                      0.513    14.868 r  cnt_setup_reg[0]_i_1/CO[3]
                         net (fo=1, routed)           0.000    14.868    cnt_setup_reg[0]_i_1_n_0
    SLICE_X64Y82         CARRY4 (Prop_carry4_CI_CO[3])
                                                      0.117    14.985 r  cnt_setup_reg[4]_i_1/CO[3]
                         net (fo=1, routed)           0.000    14.985    cnt_setup_reg[4]_i_1_n_0
    SLICE_X64Y83         CARRY4 (Prop_carry4_CI_CO[3])
                                                      0.117    15.102 r  cnt_setup_reg[8]_i_1/CO[3]
                         net (fo=1, routed)           0.000    15.102    cnt_setup_reg[8]_i_1_n_0
    SLICE_X64Y84         CARRY4 (Prop_carry4_CI_CO[3])
                                                      0.117    15.219 r  cnt_setup_reg[12]_i_1/CO[3]
                         net (fo=1, routed)           0.000    15.219    cnt_setup_reg[12]_i_1_n_0
    SLICE_X64Y85         CARRY4 (Prop_carry4_CI_CO[3])
                                                      0.117    15.336 r  cnt_setup_reg[16]_i_1/CO[3]
                         net (fo=1, routed)           0.000    15.336    cnt_setup_reg[16]_i_1_n_0
    SLICE_X64Y86         CARRY4 (Prop_carry4_CI_O[3])
                                                      0.315    15.651 r  cnt_setup_reg[20]_i_1/O[3]
                         net (fo=1, routed)           0.000    15.651    cnt_setup_reg[20]_i_1_n_4
    SLICE_X64Y86         FDRE                                         r  cnt_setup_reg[23]/D
  -------------------------------------------------------------------    -------------------

                         (clock sys_clk_pin fall edge)
                                                     15.000    15.000 f  
    W5                                                0.000    15.000 f  clk (IN)
                         net (fo=0)                   0.000    15.000    clk
    W5                   IBUF (Prop_ibuf_I_O)         1.388    16.388 f  clk_IBUF_inst/O
                         net (fo=1, routed)           1.862    18.250    clk_IBUF
    BUFGCTRL_X0Y0        BUFG (Prop_bufg_I_O)         0.091    18.341 f  clk_IBUF_BUFG_inst/O
                         net (fo=46, routed)          1.504    19.845    clk_IBUF_BUFG
    SLICE_X64Y86         FDRE                                         r  cnt_setup_reg[23]/C  (IS_INVERTED)
                         clock pessimism              0.272    20.117    
                         clock uncertainty           -0.035    20.082    
    SLICE_X64Y86         FDRE (Setup_fdre_C_D)        0.114    20.196    cnt_setup_reg[23]
  -------------------------------------------------------------------
                         required time                         20.196    
                         arrival time                         -15.651    
  -------------------------------------------------------------------
                         slack                                  4.544    





Min Delay Paths
--------------------------------------------------------------------------------------
Slack (MET) :             0.248ns  (arrival time - required time)
  Source:                 init_cnt_reg[1]/C
                            (falling edge-triggered cell FDRE clocked by sys_clk_pin  {rise@0.000ns fall@5.000ns period=10.000ns})
  Destination:            FSM_sequential_state_reg[0]/D
                            (falling edge-triggered cell FDRE clocked by sys_clk_pin  {rise@0.000ns fall@5.000ns period=10.000ns})
  Path Group:             sys_clk_pin
  Path Type:              Hold (Min at Fast Process Corner)
  Requirement:            0.000ns  (sys_clk_pin fall@5.000ns - sys_clk_pin fall@5.000ns)
  Data Path Delay:        0.347ns  (logic 0.231ns (66.583%)  route 0.116ns (33.417%))
  Logic Levels:           1  (LUT6=1)
  Clock Path Skew:        0.000ns (DCD - SCD - CPR)
    Destination Clock Delay (DCD):    1.986ns = ( 6.986 - 5.000 ) 
    Source Clock Delay      (SCD):    1.472ns = ( 6.472 - 5.000 ) 
    Clock Pessimism Removal (CPR):    0.514ns

    Location             Delay type                Incr(ns)  Path(ns)    Netlist Resource(s)
  -------------------------------------------------------------------    -------------------
                         (clock sys_clk_pin fall edge)
                                                      5.000     5.000 f  
    W5                                                0.000     5.000 f  clk (IN)
                         net (fo=0)                   0.000     5.000    clk
    W5                   IBUF (Prop_ibuf_I_O)         0.226     5.226 f  clk_IBUF_inst/O
                         net (fo=1, routed)           0.631     5.858    clk_IBUF
    BUFGCTRL_X0Y0        BUFG (Prop_bufg_I_O)         0.026     5.884 f  clk_IBUF_BUFG_inst/O
                         net (fo=46, routed)          0.589     6.472    clk_IBUF_BUFG
    SLICE_X63Y86         FDRE                                         r  init_cnt_reg[1]/C  (IS_INVERTED)
  -------------------------------------------------------------------    -------------------
    SLICE_X63Y86         FDRE (Prop_fdre_C_Q)         0.133     6.605 r  init_cnt_reg[1]/Q
                         net (fo=7, routed)           0.116     6.721    init_cnt[1]
    SLICE_X63Y86         LUT6 (Prop_lut6_I4_O)        0.098     6.819 r  FSM_sequential_state[0]_i_1/O
                         net (fo=1, routed)           0.000     6.819    FSM_sequential_state[0]_i_1_n_0
    SLICE_X63Y86         FDRE                                         r  FSM_sequential_state_reg[0]/D
  -------------------------------------------------------------------    -------------------

                         (clock sys_clk_pin fall edge)
                                                      5.000     5.000 f  
    W5                                                0.000     5.000 f  clk (IN)
                         net (fo=0)                   0.000     5.000    clk
    W5                   IBUF (Prop_ibuf_I_O)         0.414     5.414 f  clk_IBUF_inst/O
                         net (fo=1, routed)           0.685     6.099    clk_IBUF
    BUFGCTRL_X0Y0        BUFG (Prop_bufg_I_O)         0.029     6.128 f  clk_IBUF_BUFG_inst/O
                         net (fo=46, routed)          0.858     6.986    clk_IBUF_BUFG
    SLICE_X63Y86         FDRE                                         r  FSM_sequential_state_reg[0]/C  (IS_INVERTED)
                         clock pessimism             -0.514     6.472    
    SLICE_X63Y86         FDRE (Hold_fdre_C_D)         0.099     6.571    FSM_sequential_state_reg[0]
  -------------------------------------------------------------------
                         required time                         -6.571    
                         arrival time                           6.819    
  -------------------------------------------------------------------
                         slack                                  0.248    

Slack (MET) :             0.254ns  (arrival time - required time)
  Source:                 FSM_sequential_state_reg[1]/C
                            (falling edge-triggered cell FDRE clocked by sys_clk_pin  {rise@0.000ns fall@5.000ns period=10.000ns})
  Destination:            en_reg/D
                            (falling edge-triggered cell FDRE clocked by sys_clk_pin  {rise@0.000ns fall@5.000ns period=10.000ns})
  Path Group:             sys_clk_pin
  Path Type:              Hold (Min at Fast Process Corner)
  Requirement:            0.000ns  (sys_clk_pin fall@5.000ns - sys_clk_pin fall@5.000ns)
  Data Path Delay:        0.368ns  (logic 0.188ns (51.026%)  route 0.180ns (48.974%))
  Logic Levels:           1  (LUT3=1)
  Clock Path Skew:        0.000ns (DCD - SCD - CPR)
    Destination Clock Delay (DCD):    1.986ns = ( 6.986 - 5.000 ) 
    Source Clock Delay      (SCD):    1.472ns = ( 6.472 - 5.000 ) 
    Clock Pessimism Removal (CPR):    0.514ns

    Location             Delay type                Incr(ns)  Path(ns)    Netlist Resource(s)
  -------------------------------------------------------------------    -------------------
                         (clock sys_clk_pin fall edge)
                                                      5.000     5.000 f  
    W5                                                0.000     5.000 f  clk (IN)
                         net (fo=0)                   0.000     5.000    clk
    W5                   IBUF (Prop_ibuf_I_O)         0.226     5.226 f  clk_IBUF_inst/O
                         net (fo=1, routed)           0.631     5.858    clk_IBUF
    BUFGCTRL_X0Y0        BUFG (Prop_bufg_I_O)         0.026     5.884 f  clk_IBUF_BUFG_inst/O
                         net (fo=46, routed)          0.589     6.472    clk_IBUF_BUFG
    SLICE_X63Y86         FDRE                                         r  FSM_sequential_state_reg[1]/C  (IS_INVERTED)
  -------------------------------------------------------------------    -------------------
    SLICE_X63Y86         FDRE (Prop_fdre_C_Q)         0.146     6.618 f  FSM_sequential_state_reg[1]/Q
                         net (fo=14, routed)          0.180     6.799    state__0[1]
    SLICE_X63Y86         LUT3 (Prop_lut3_I0_O)        0.042     6.841 r  en_i_1/O
                         net (fo=1, routed)           0.000     6.841    en_i_1_n_0
    SLICE_X63Y86         FDRE                                         r  en_reg/D
  -------------------------------------------------------------------    -------------------

                         (clock sys_clk_pin fall edge)
                                                      5.000     5.000 f  
    W5                                                0.000     5.000 f  clk (IN)
                         net (fo=0)                   0.000     5.000    clk
    W5                   IBUF (Prop_ibuf_I_O)         0.414     5.414 f  clk_IBUF_inst/O
                         net (fo=1, routed)           0.685     6.099    clk_IBUF
    BUFGCTRL_X0Y0        BUFG (Prop_bufg_I_O)         0.029     6.128 f  clk_IBUF_BUFG_inst/O
                         net (fo=46, routed)          0.858     6.986    clk_IBUF_BUFG
    SLICE_X63Y86         FDRE                                         r  en_reg/C  (IS_INVERTED)
                         clock pessimism             -0.514     6.472    
    SLICE_X63Y86         FDRE (Hold_fdre_C_D)         0.114     6.586    en_reg
  -------------------------------------------------------------------
                         required time                         -6.586    
                         arrival time                           6.841    
  -------------------------------------------------------------------
                         slack                                  0.254    

Slack (MET) :             0.261ns  (arrival time - required time)
  Source:                 FSM_sequential_state_reg[1]/C
                            (falling edge-triggered cell FDRE clocked by sys_clk_pin  {rise@0.000ns fall@5.000ns period=10.000ns})
  Destination:            init_cnt_reg[1]/D
                            (falling edge-triggered cell FDRE clocked by sys_clk_pin  {rise@0.000ns fall@5.000ns period=10.000ns})
  Path Group:             sys_clk_pin
  Path Type:              Hold (Min at Fast Process Corner)
  Requirement:            0.000ns  (sys_clk_pin fall@5.000ns - sys_clk_pin fall@5.000ns)
  Data Path Delay:        0.375ns  (logic 0.197ns (52.596%)  route 0.178ns (47.403%))
  Logic Levels:           1  (LUT5=1)
  Clock Path Skew:        0.000ns (DCD - SCD - CPR)
    Destination Clock Delay (DCD):    1.986ns = ( 6.986 - 5.000 ) 
    Source Clock Delay      (SCD):    1.472ns = ( 6.472 - 5.000 ) 
    Clock Pessimism Removal (CPR):    0.514ns

    Location             Delay type                Incr(ns)  Path(ns)    Netlist Resource(s)
  -------------------------------------------------------------------    -------------------
                         (clock sys_clk_pin fall edge)
                                                      5.000     5.000 f  
    W5                                                0.000     5.000 f  clk (IN)
                         net (fo=0)                   0.000     5.000    clk
    W5                   IBUF (Prop_ibuf_I_O)         0.226     5.226 f  clk_IBUF_inst/O
                         net (fo=1, routed)           0.631     5.858    clk_IBUF
    BUFGCTRL_X0Y0        BUFG (Prop_bufg_I_O)         0.026     5.884 f  clk_IBUF_BUFG_inst/O
                         net (fo=46, routed)          0.589     6.472    clk_IBUF_BUFG
    SLICE_X63Y86         FDRE                                         r  FSM_sequential_state_reg[1]/C  (IS_INVERTED)
  -------------------------------------------------------------------    -------------------
    SLICE_X63Y86         FDRE (Prop_fdre_C_Q)         0.146     6.618 r  FSM_sequential_state_reg[1]/Q
                         net (fo=14, routed)          0.178     6.796    state__0[1]
    SLICE_X63Y86         LUT5 (Prop_lut5_I3_O)        0.051     6.847 r  init_cnt[1]_i_1/O
                         net (fo=1, routed)           0.000     6.847    init_cnt[1]_i_1_n_0
    SLICE_X63Y86         FDRE                                         r  init_cnt_reg[1]/D
  -------------------------------------------------------------------    -------------------

                         (clock sys_clk_pin fall edge)
                                                      5.000     5.000 f  
    W5                                                0.000     5.000 f  clk (IN)
                         net (fo=0)                   0.000     5.000    clk
    W5                   IBUF (Prop_ibuf_I_O)         0.414     5.414 f  clk_IBUF_inst/O
                         net (fo=1, routed)           0.685     6.099    clk_IBUF
    BUFGCTRL_X0Y0        BUFG (Prop_bufg_I_O)         0.029     6.128 f  clk_IBUF_BUFG_inst/O
                         net (fo=46, routed)          0.858     6.986    clk_IBUF_BUFG
    SLICE_X63Y86         FDRE                                         r  init_cnt_reg[1]/C  (IS_INVERTED)
                         clock pessimism             -0.514     6.472    
    SLICE_X63Y86         FDRE (Hold_fdre_C_D)         0.114     6.586    init_cnt_reg[1]
  -------------------------------------------------------------------
                         required time                         -6.586    
                         arrival time                           6.847    
  -------------------------------------------------------------------
                         slack                                  0.261    

Slack (MET) :             0.270ns  (arrival time - required time)
  Source:                 FSM_sequential_state_reg[1]/C
                            (falling edge-triggered cell FDRE clocked by sys_clk_pin  {rise@0.000ns fall@5.000ns period=10.000ns})
  Destination:            init_cnt_reg[0]/D
                            (falling edge-triggered cell FDRE clocked by sys_clk_pin  {rise@0.000ns fall@5.000ns period=10.000ns})
  Path Group:             sys_clk_pin
  Path Type:              Hold (Min at Fast Process Corner)
  Requirement:            0.000ns  (sys_clk_pin fall@5.000ns - sys_clk_pin fall@5.000ns)
  Data Path Delay:        0.369ns  (logic 0.191ns (51.825%)  route 0.178ns (48.175%))
  Logic Levels:           1  (LUT4=1)
  Clock Path Skew:        0.000ns (DCD - SCD - CPR)
    Destination Clock Delay (DCD):    1.986ns = ( 6.986 - 5.000 ) 
    Source Clock Delay      (SCD):    1.472ns = ( 6.472 - 5.000 ) 
    Clock Pessimism Removal (CPR):    0.514ns

    Location             Delay type                Incr(ns)  Path(ns)    Netlist Resource(s)
  -------------------------------------------------------------------    -------------------
                         (clock sys_clk_pin fall edge)
                                                      5.000     5.000 f  
    W5                                                0.000     5.000 f  clk (IN)
                         net (fo=0)                   0.000     5.000    clk
    W5                   IBUF (Prop_ibuf_I_O)         0.226     5.226 f  clk_IBUF_inst/O
                         net (fo=1, routed)           0.631     5.858    clk_IBUF
    BUFGCTRL_X0Y0        BUFG (Prop_bufg_I_O)         0.026     5.884 f  clk_IBUF_BUFG_inst/O
                         net (fo=46, routed)          0.589     6.472    clk_IBUF_BUFG
    SLICE_X63Y86         FDRE                                         r  FSM_sequential_state_reg[1]/C  (IS_INVERTED)
  -------------------------------------------------------------------    -------------------
    SLICE_X63Y86         FDRE (Prop_fdre_C_Q)         0.146     6.618 r  FSM_sequential_state_reg[1]/Q
                         net (fo=14, routed)          0.178     6.796    state__0[1]
    SLICE_X63Y86         LUT4 (Prop_lut4_I2_O)        0.045     6.841 r  init_cnt[0]_i_1/O
                         net (fo=1, routed)           0.000     6.841    init_cnt[0]_i_1_n_0
    SLICE_X63Y86         FDRE                                         r  init_cnt_reg[0]/D
  -------------------------------------------------------------------    -------------------

                         (clock sys_clk_pin fall edge)
                                                      5.000     5.000 f  
    W5                                                0.000     5.000 f  clk (IN)
                         net (fo=0)                   0.000     5.000    clk
    W5                   IBUF (Prop_ibuf_I_O)         0.414     5.414 f  clk_IBUF_inst/O
                         net (fo=1, routed)           0.685     6.099    clk_IBUF
    BUFGCTRL_X0Y0        BUFG (Prop_bufg_I_O)         0.029     6.128 f  clk_IBUF_BUFG_inst/O
                         net (fo=46, routed)          0.858     6.986    clk_IBUF_BUFG
    SLICE_X63Y86         FDRE                                         r  init_cnt_reg[0]/C  (IS_INVERTED)
                         clock pessimism             -0.514     6.472    
    SLICE_X63Y86         FDRE (Hold_fdre_C_D)         0.099     6.571    init_cnt_reg[0]
  -------------------------------------------------------------------
                         required time                         -6.571    
                         arrival time                           6.841    
  -------------------------------------------------------------------
                         slack                                  0.270    

Slack (MET) :             0.270ns  (arrival time - required time)
  Source:                 FSM_sequential_state_reg[1]/C
                            (falling edge-triggered cell FDRE clocked by sys_clk_pin  {rise@0.000ns fall@5.000ns period=10.000ns})
  Destination:            rs_reg/D
                            (falling edge-triggered cell FDRE clocked by sys_clk_pin  {rise@0.000ns fall@5.000ns period=10.000ns})
  Path Group:             sys_clk_pin
  Path Type:              Hold (Min at Fast Process Corner)
  Requirement:            0.000ns  (sys_clk_pin fall@5.000ns - sys_clk_pin fall@5.000ns)
  Data Path Delay:        0.369ns  (logic 0.191ns (51.825%)  route 0.178ns (48.175%))
  Logic Levels:           1  (LUT2=1)
  Clock Path Skew:        0.000ns (DCD - SCD - CPR)
    Destination Clock Delay (DCD):    1.986ns = ( 6.986 - 5.000 ) 
    Source Clock Delay      (SCD):    1.472ns = ( 6.472 - 5.000 ) 
    Clock Pessimism Removal (CPR):    0.514ns

    Location             Delay type                Incr(ns)  Path(ns)    Netlist Resource(s)
  -------------------------------------------------------------------    -------------------
                         (clock sys_clk_pin fall edge)
                                                      5.000     5.000 f  
    W5                                                0.000     5.000 f  clk (IN)
                         net (fo=0)                   0.000     5.000    clk
    W5                   IBUF (Prop_ibuf_I_O)         0.226     5.226 f  clk_IBUF_inst/O
                         net (fo=1, routed)           0.631     5.858    clk_IBUF
    BUFGCTRL_X0Y0        BUFG (Prop_bufg_I_O)         0.026     5.884 f  clk_IBUF_BUFG_inst/O
                         net (fo=46, routed)          0.589     6.472    clk_IBUF_BUFG
    SLICE_X63Y86         FDRE                                         r  FSM_sequential_state_reg[1]/C  (IS_INVERTED)
  -------------------------------------------------------------------    -------------------
    SLICE_X63Y86         FDRE (Prop_fdre_C_Q)         0.146     6.618 r  FSM_sequential_state_reg[1]/Q
                         net (fo=14, routed)          0.178     6.796    state__0[1]
    SLICE_X63Y86         LUT2 (Prop_lut2_I1_O)        0.045     6.841 r  rs_i_1/O
                         net (fo=1, routed)           0.000     6.841    rs_i_1_n_0
    SLICE_X63Y86         FDRE                                         r  rs_reg/D
  -------------------------------------------------------------------    -------------------

                         (clock sys_clk_pin fall edge)
                                                      5.000     5.000 f  
    W5                                                0.000     5.000 f  clk (IN)
                         net (fo=0)                   0.000     5.000    clk
    W5                   IBUF (Prop_ibuf_I_O)         0.414     5.414 f  clk_IBUF_inst/O
                         net (fo=1, routed)           0.685     6.099    clk_IBUF
    BUFGCTRL_X0Y0        BUFG (Prop_bufg_I_O)         0.029     6.128 f  clk_IBUF_BUFG_inst/O
                         net (fo=46, routed)          0.858     6.986    clk_IBUF_BUFG
    SLICE_X63Y86         FDRE                                         r  rs_reg/C  (IS_INVERTED)
                         clock pessimism             -0.514     6.472    
    SLICE_X63Y86         FDRE (Hold_fdre_C_D)         0.099     6.571    rs_reg
  -------------------------------------------------------------------
                         required time                         -6.571    
                         arrival time                           6.841    
  -------------------------------------------------------------------
                         slack                                  0.270    

Slack (MET) :             0.273ns  (arrival time - required time)
  Source:                 FSM_sequential_state_reg[1]/C
                            (falling edge-triggered cell FDRE clocked by sys_clk_pin  {rise@0.000ns fall@5.000ns period=10.000ns})
  Destination:            FSM_sequential_state_reg[1]/D
                            (falling edge-triggered cell FDRE clocked by sys_clk_pin  {rise@0.000ns fall@5.000ns period=10.000ns})
  Path Group:             sys_clk_pin
  Path Type:              Hold (Min at Fast Process Corner)
  Requirement:            0.000ns  (sys_clk_pin fall@5.000ns - sys_clk_pin fall@5.000ns)
  Data Path Delay:        0.371ns  (logic 0.191ns (51.422%)  route 0.180ns (48.578%))
  Logic Levels:           1  (LUT4=1)
  Clock Path Skew:        0.000ns (DCD - SCD - CPR)
    Destination Clock Delay (DCD):    1.986ns = ( 6.986 - 5.000 ) 
    Source Clock Delay      (SCD):    1.472ns = ( 6.472 - 5.000 ) 
    Clock Pessimism Removal (CPR):    0.514ns

    Location             Delay type                Incr(ns)  Path(ns)    Netlist Resource(s)
  -------------------------------------------------------------------    -------------------
                         (clock sys_clk_pin fall edge)
                                                      5.000     5.000 f  
    W5                                                0.000     5.000 f  clk (IN)
                         net (fo=0)                   0.000     5.000    clk
    W5                   IBUF (Prop_ibuf_I_O)         0.226     5.226 f  clk_IBUF_inst/O
                         net (fo=1, routed)           0.631     5.858    clk_IBUF
    BUFGCTRL_X0Y0        BUFG (Prop_bufg_I_O)         0.026     5.884 f  clk_IBUF_BUFG_inst/O
                         net (fo=46, routed)          0.589     6.472    clk_IBUF_BUFG
    SLICE_X63Y86         FDRE                                         r  FSM_sequential_state_reg[1]/C  (IS_INVERTED)
  -------------------------------------------------------------------    -------------------
    SLICE_X63Y86         FDRE (Prop_fdre_C_Q)         0.146     6.618 r  FSM_sequential_state_reg[1]/Q
                         net (fo=14, routed)          0.180     6.799    state__0[1]
    SLICE_X63Y86         LUT4 (Prop_lut4_I2_O)        0.045     6.844 r  FSM_sequential_state[1]_i_1/O
                         net (fo=1, routed)           0.000     6.844    FSM_sequential_state[1]_i_1_n_0
    SLICE_X63Y86         FDRE                                         r  FSM_sequential_state_reg[1]/D
  -------------------------------------------------------------------    -------------------

                         (clock sys_clk_pin fall edge)
                                                      5.000     5.000 f  
    W5                                                0.000     5.000 f  clk (IN)
                         net (fo=0)                   0.000     5.000    clk
    W5                   IBUF (Prop_ibuf_I_O)         0.414     5.414 f  clk_IBUF_inst/O
                         net (fo=1, routed)           0.685     6.099    clk_IBUF
    BUFGCTRL_X0Y0        BUFG (Prop_bufg_I_O)         0.029     6.128 f  clk_IBUF_BUFG_inst/O
                         net (fo=46, routed)          0.858     6.986    clk_IBUF_BUFG
    SLICE_X63Y86         FDRE                                         r  FSM_sequential_state_reg[1]/C  (IS_INVERTED)
                         clock pessimism             -0.514     6.472    
    SLICE_X63Y86         FDRE (Hold_fdre_C_D)         0.098     6.570    FSM_sequential_state_reg[1]
  -------------------------------------------------------------------
                         required time                         -6.570    
                         arrival time                           6.844    
  -------------------------------------------------------------------
                         slack                                  0.273    

Slack (MET) :             0.286ns  (arrival time - required time)
  Source:                 cnt_setup_reg[19]/C
                            (falling edge-triggered cell FDRE clocked by sys_clk_pin  {rise@0.000ns fall@5.000ns period=10.000ns})
  Destination:            cnt_setup_reg[19]/D
                            (falling edge-triggered cell FDRE clocked by sys_clk_pin  {rise@0.000ns fall@5.000ns period=10.000ns})
  Path Group:             sys_clk_pin
  Path Type:              Hold (Min at Fast Process Corner)
  Requirement:            0.000ns  (sys_clk_pin fall@5.000ns - sys_clk_pin fall@5.000ns)
  Data Path Delay:        0.424ns  (logic 0.276ns (65.062%)  route 0.148ns (34.938%))
  Logic Levels:           2  (CARRY4=1 LUT2=1)
  Clock Path Skew:        0.000ns (DCD - SCD - CPR)
    Destination Clock Delay (DCD):    1.986ns = ( 6.986 - 5.000 ) 
    Source Clock Delay      (SCD):    1.472ns = ( 6.472 - 5.000 ) 
    Clock Pessimism Removal (CPR):    0.514ns

    Location             Delay type                Incr(ns)  Path(ns)    Netlist Resource(s)
  -------------------------------------------------------------------    -------------------
                         (clock sys_clk_pin fall edge)
                                                      5.000     5.000 f  
    W5                                                0.000     5.000 f  clk (IN)
                         net (fo=0)                   0.000     5.000    clk
    W5                   IBUF (Prop_ibuf_I_O)         0.226     5.226 f  clk_IBUF_inst/O
                         net (fo=1, routed)           0.631     5.858    clk_IBUF
    BUFGCTRL_X0Y0        BUFG (Prop_bufg_I_O)         0.026     5.884 f  clk_IBUF_BUFG_inst/O
                         net (fo=46, routed)          0.589     6.472    clk_IBUF_BUFG
    SLICE_X64Y85         FDRE                                         r  cnt_setup_reg[19]/C  (IS_INVERTED)
  -------------------------------------------------------------------    -------------------
    SLICE_X64Y85         FDRE (Prop_fdre_C_Q)         0.167     6.639 r  cnt_setup_reg[19]/Q
                         net (fo=3, routed)           0.148     6.787    cnt_setup_reg[19]
    SLICE_X64Y85         LUT2 (Prop_lut2_I0_O)        0.045     6.832 r  cnt_setup[16]_i_2/O
                         net (fo=1, routed)           0.000     6.832    cnt_setup[16]_i_2_n_0
    SLICE_X64Y85         CARRY4 (Prop_carry4_S[3]_O[3])
                                                      0.064     6.896 r  cnt_setup_reg[16]_i_1/O[3]
                         net (fo=1, routed)           0.000     6.896    cnt_setup_reg[16]_i_1_n_4
    SLICE_X64Y85         FDRE                                         r  cnt_setup_reg[19]/D
  -------------------------------------------------------------------    -------------------

                         (clock sys_clk_pin fall edge)
                                                      5.000     5.000 f  
    W5                                                0.000     5.000 f  clk (IN)
                         net (fo=0)                   0.000     5.000    clk
    W5                   IBUF (Prop_ibuf_I_O)         0.414     5.414 f  clk_IBUF_inst/O
                         net (fo=1, routed)           0.685     6.099    clk_IBUF
    BUFGCTRL_X0Y0        BUFG (Prop_bufg_I_O)         0.029     6.128 f  clk_IBUF_BUFG_inst/O
                         net (fo=46, routed)          0.858     6.986    clk_IBUF_BUFG
    SLICE_X64Y85         FDRE                                         r  cnt_setup_reg[19]/C  (IS_INVERTED)
                         clock pessimism             -0.514     6.472    
    SLICE_X64Y85         FDRE (Hold_fdre_C_D)         0.138     6.610    cnt_setup_reg[19]
  -------------------------------------------------------------------
                         required time                         -6.610    
                         arrival time                           6.896    
  -------------------------------------------------------------------
                         slack                                  0.286    

Slack (MET) :             0.286ns  (arrival time - required time)
  Source:                 cnt_setup_reg[15]/C
                            (falling edge-triggered cell FDRE clocked by sys_clk_pin  {rise@0.000ns fall@5.000ns period=10.000ns})
  Destination:            cnt_setup_reg[15]/D
                            (falling edge-triggered cell FDRE clocked by sys_clk_pin  {rise@0.000ns fall@5.000ns period=10.000ns})
  Path Group:             sys_clk_pin
  Path Type:              Hold (Min at Fast Process Corner)
  Requirement:            0.000ns  (sys_clk_pin fall@5.000ns - sys_clk_pin fall@5.000ns)
  Data Path Delay:        0.424ns  (logic 0.276ns (65.062%)  route 0.148ns (34.938%))
  Logic Levels:           2  (CARRY4=1 LUT2=1)
  Clock Path Skew:        0.000ns (DCD - SCD - CPR)
    Destination Clock Delay (DCD):    1.985ns = ( 6.985 - 5.000 ) 
    Source Clock Delay      (SCD):    1.472ns = ( 6.472 - 5.000 ) 
    Clock Pessimism Removal (CPR):    0.513ns

    Location             Delay type                Incr(ns)  Path(ns)    Netlist Resource(s)
  -------------------------------------------------------------------    -------------------
                         (clock sys_clk_pin fall edge)
                                                      5.000     5.000 f  
    W5                                                0.000     5.000 f  clk (IN)
                         net (fo=0)                   0.000     5.000    clk
    W5                   IBUF (Prop_ibuf_I_O)         0.226     5.226 f  clk_IBUF_inst/O
                         net (fo=1, routed)           0.631     5.858    clk_IBUF
    BUFGCTRL_X0Y0        BUFG (Prop_bufg_I_O)         0.026     5.884 f  clk_IBUF_BUFG_inst/O
                         net (fo=46, routed)          0.589     6.472    clk_IBUF_BUFG
    SLICE_X64Y84         FDRE                                         r  cnt_setup_reg[15]/C  (IS_INVERTED)
  -------------------------------------------------------------------    -------------------
    SLICE_X64Y84         FDRE (Prop_fdre_C_Q)         0.167     6.639 r  cnt_setup_reg[15]/Q
                         net (fo=3, routed)           0.148     6.787    cnt_setup_reg[15]
    SLICE_X64Y84         LUT2 (Prop_lut2_I0_O)        0.045     6.832 r  cnt_setup[12]_i_2/O
                         net (fo=1, routed)           0.000     6.832    cnt_setup[12]_i_2_n_0
    SLICE_X64Y84         CARRY4 (Prop_carry4_S[3]_O[3])
                                                      0.064     6.896 r  cnt_setup_reg[12]_i_1/O[3]
                         net (fo=1, routed)           0.000     6.896    cnt_setup_reg[12]_i_1_n_4
    SLICE_X64Y84         FDRE                                         r  cnt_setup_reg[15]/D
  -------------------------------------------------------------------    -------------------

                         (clock sys_clk_pin fall edge)
                                                      5.000     5.000 f  
    W5                                                0.000     5.000 f  clk (IN)
                         net (fo=0)                   0.000     5.000    clk
    W5                   IBUF (Prop_ibuf_I_O)         0.414     5.414 f  clk_IBUF_inst/O
                         net (fo=1, routed)           0.685     6.099    clk_IBUF
    BUFGCTRL_X0Y0        BUFG (Prop_bufg_I_O)         0.029     6.128 f  clk_IBUF_BUFG_inst/O
                         net (fo=46, routed)          0.857     6.985    clk_IBUF_BUFG
    SLICE_X64Y84         FDRE                                         r  cnt_setup_reg[15]/C  (IS_INVERTED)
                         clock pessimism             -0.513     6.472    
    SLICE_X64Y84         FDRE (Hold_fdre_C_D)         0.138     6.610    cnt_setup_reg[15]
  -------------------------------------------------------------------
                         required time                         -6.610    
                         arrival time                           6.896    
  -------------------------------------------------------------------
                         slack                                  0.286    

Slack (MET) :             0.287ns  (arrival time - required time)
  Source:                 cnt_setup_reg[27]/C
                            (falling edge-triggered cell FDRE clocked by sys_clk_pin  {rise@0.000ns fall@5.000ns period=10.000ns})
  Destination:            cnt_setup_reg[27]/D
                            (falling edge-triggered cell FDRE clocked by sys_clk_pin  {rise@0.000ns fall@5.000ns period=10.000ns})
  Path Group:             sys_clk_pin
  Path Type:              Hold (Min at Fast Process Corner)
  Requirement:            0.000ns  (sys_clk_pin fall@5.000ns - sys_clk_pin fall@5.000ns)
  Data Path Delay:        0.425ns  (logic 0.276ns (64.905%)  route 0.149ns (35.095%))
  Logic Levels:           2  (CARRY4=1 LUT2=1)
  Clock Path Skew:        0.000ns (DCD - SCD - CPR)
    Destination Clock Delay (DCD):    1.987ns = ( 6.987 - 5.000 ) 
    Source Clock Delay      (SCD):    1.473ns = ( 6.473 - 5.000 ) 
    Clock Pessimism Removal (CPR):    0.514ns

    Location             Delay type                Incr(ns)  Path(ns)    Netlist Resource(s)
  -------------------------------------------------------------------    -------------------
                         (clock sys_clk_pin fall edge)
                                                      5.000     5.000 f  
    W5                                                0.000     5.000 f  clk (IN)
                         net (fo=0)                   0.000     5.000    clk
    W5                   IBUF (Prop_ibuf_I_O)         0.226     5.226 f  clk_IBUF_inst/O
                         net (fo=1, routed)           0.631     5.858    clk_IBUF
    BUFGCTRL_X0Y0        BUFG (Prop_bufg_I_O)         0.026     5.884 f  clk_IBUF_BUFG_inst/O
                         net (fo=46, routed)          0.590     6.473    clk_IBUF_BUFG
    SLICE_X64Y87         FDRE                                         r  cnt_setup_reg[27]/C  (IS_INVERTED)
  -------------------------------------------------------------------    -------------------
    SLICE_X64Y87         FDRE (Prop_fdre_C_Q)         0.167     6.640 r  cnt_setup_reg[27]/Q
                         net (fo=3, routed)           0.149     6.789    cnt_setup_reg[27]
    SLICE_X64Y87         LUT2 (Prop_lut2_I0_O)        0.045     6.834 r  cnt_setup[24]_i_2/O
                         net (fo=1, routed)           0.000     6.834    cnt_setup[24]_i_2_n_0
    SLICE_X64Y87         CARRY4 (Prop_carry4_S[3]_O[3])
                                                      0.064     6.898 r  cnt_setup_reg[24]_i_1/O[3]
                         net (fo=1, routed)           0.000     6.898    cnt_setup_reg[24]_i_1_n_4
    SLICE_X64Y87         FDRE                                         r  cnt_setup_reg[27]/D
  -------------------------------------------------------------------    -------------------

                         (clock sys_clk_pin fall edge)
                                                      5.000     5.000 f  
    W5                                                0.000     5.000 f  clk (IN)
                         net (fo=0)                   0.000     5.000    clk
    W5                   IBUF (Prop_ibuf_I_O)         0.414     5.414 f  clk_IBUF_inst/O
                         net (fo=1, routed)           0.685     6.099    clk_IBUF
    BUFGCTRL_X0Y0        BUFG (Prop_bufg_I_O)         0.029     6.128 f  clk_IBUF_BUFG_inst/O
                         net (fo=46, routed)          0.859     6.987    clk_IBUF_BUFG
    SLICE_X64Y87         FDRE                                         r  cnt_setup_reg[27]/C  (IS_INVERTED)
                         clock pessimism             -0.514     6.473    
    SLICE_X64Y87         FDRE (Hold_fdre_C_D)         0.138     6.611    cnt_setup_reg[27]
  -------------------------------------------------------------------
                         required time                         -6.611    
                         arrival time                           6.898    
  -------------------------------------------------------------------
                         slack                                  0.287    

Slack (MET) :             0.287ns  (arrival time - required time)
  Source:                 cnt_setup_reg[11]/C
                            (falling edge-triggered cell FDRE clocked by sys_clk_pin  {rise@0.000ns fall@5.000ns period=10.000ns})
  Destination:            cnt_setup_reg[11]/D
                            (falling edge-triggered cell FDRE clocked by sys_clk_pin  {rise@0.000ns fall@5.000ns period=10.000ns})
  Path Group:             sys_clk_pin
  Path Type:              Hold (Min at Fast Process Corner)
  Requirement:            0.000ns  (sys_clk_pin fall@5.000ns - sys_clk_pin fall@5.000ns)
  Data Path Delay:        0.425ns  (logic 0.276ns (64.905%)  route 0.149ns (35.095%))
  Logic Levels:           2  (CARRY4=1 LUT2=1)
  Clock Path Skew:        0.000ns (DCD - SCD - CPR)
    Destination Clock Delay (DCD):    1.984ns = ( 6.984 - 5.000 ) 
    Source Clock Delay      (SCD):    1.471ns = ( 6.471 - 5.000 ) 
    Clock Pessimism Removal (CPR):    0.513ns

    Location             Delay type                Incr(ns)  Path(ns)    Netlist Resource(s)
  -------------------------------------------------------------------    -------------------
                         (clock sys_clk_pin fall edge)
                                                      5.000     5.000 f  
    W5                                                0.000     5.000 f  clk (IN)
                         net (fo=0)                   0.000     5.000    clk
    W5                   IBUF (Prop_ibuf_I_O)         0.226     5.226 f  clk_IBUF_inst/O
                         net (fo=1, routed)           0.631     5.858    clk_IBUF
    BUFGCTRL_X0Y0        BUFG (Prop_bufg_I_O)         0.026     5.884 f  clk_IBUF_BUFG_inst/O
                         net (fo=46, routed)          0.588     6.471    clk_IBUF_BUFG
    SLICE_X64Y83         FDRE                                         r  cnt_setup_reg[11]/C  (IS_INVERTED)
  -------------------------------------------------------------------    -------------------
    SLICE_X64Y83         FDRE (Prop_fdre_C_Q)         0.167     6.638 r  cnt_setup_reg[11]/Q
                         net (fo=3, routed)           0.149     6.787    cnt_setup_reg[11]
    SLICE_X64Y83         LUT2 (Prop_lut2_I0_O)        0.045     6.832 r  cnt_setup[8]_i_2/O
                         net (fo=1, routed)           0.000     6.832    cnt_setup[8]_i_2_n_0
    SLICE_X64Y83         CARRY4 (Prop_carry4_S[3]_O[3])
                                                      0.064     6.896 r  cnt_setup_reg[8]_i_1/O[3]
                         net (fo=1, routed)           0.000     6.896    cnt_setup_reg[8]_i_1_n_4
    SLICE_X64Y83         FDRE                                         r  cnt_setup_reg[11]/D
  -------------------------------------------------------------------    -------------------

                         (clock sys_clk_pin fall edge)
                                                      5.000     5.000 f  
    W5                                                0.000     5.000 f  clk (IN)
                         net (fo=0)                   0.000     5.000    clk
    W5                   IBUF (Prop_ibuf_I_O)         0.414     5.414 f  clk_IBUF_inst/O
                         net (fo=1, routed)           0.685     6.099    clk_IBUF
    BUFGCTRL_X0Y0        BUFG (Prop_bufg_I_O)         0.029     6.128 f  clk_IBUF_BUFG_inst/O
                         net (fo=46, routed)          0.856     6.984    clk_IBUF_BUFG
    SLICE_X64Y83         FDRE                                         r  cnt_setup_reg[11]/C  (IS_INVERTED)
                         clock pessimism             -0.513     6.471    
    SLICE_X64Y83         FDRE (Hold_fdre_C_D)         0.138     6.609    cnt_setup_reg[11]
  -------------------------------------------------------------------
                         required time                         -6.609    
                         arrival time                           6.896    
  -------------------------------------------------------------------
                         slack                                  0.287    





Pulse Width Checks
--------------------------------------------------------------------------------------
Clock Name:         sys_clk_pin
Waveform(ns):       { 0.000 5.000 }
Period(ns):         10.000
Sources:            { clk }

Check Type        Corner  Lib Pin  Reference Pin  Required(ns)  Actual(ns)  Slack(ns)  Location       Pin
Min Period        n/a     BUFG/I   n/a            2.155         10.000      7.845      BUFGCTRL_X0Y0  clk_IBUF_BUFG_inst/I
Min Period        n/a     FDRE/C   n/a            1.000         10.000      9.000      SLICE_X63Y86   FSM_sequential_state_reg[1]/C
Min Period        n/a     FDRE/C   n/a            1.000         10.000      9.000      SLICE_X64Y83   cnt_setup_reg[10]/C
Min Period        n/a     FDRE/C   n/a            1.000         10.000      9.000      SLICE_X64Y83   cnt_setup_reg[11]/C
Min Period        n/a     FDRE/C   n/a            1.000         10.000      9.000      SLICE_X64Y84   cnt_setup_reg[12]/C
Min Period        n/a     FDRE/C   n/a            1.000         10.000      9.000      SLICE_X64Y84   cnt_setup_reg[13]/C
Min Period        n/a     FDRE/C   n/a            1.000         10.000      9.000      SLICE_X64Y84   cnt_setup_reg[14]/C
Min Period        n/a     FDRE/C   n/a            1.000         10.000      9.000      SLICE_X64Y84   cnt_setup_reg[15]/C
Min Period        n/a     FDRE/C   n/a            1.000         10.000      9.000      SLICE_X64Y85   cnt_setup_reg[16]/C
Min Period        n/a     FDRE/C   n/a            1.000         10.000      9.000      SLICE_X64Y85   cnt_setup_reg[17]/C
Low Pulse Width   Slow    FDRE/C   n/a            0.500         5.000       4.500      SLICE_X64Y81   cnt_setup_reg[1]/C
Low Pulse Width   Slow    FDRE/C   n/a            0.500         5.000       4.500      SLICE_X64Y81   cnt_setup_reg[2]/C
Low Pulse Width   Slow    FDRE/C   n/a            0.500         5.000       4.500      SLICE_X64Y81   cnt_setup_reg[3]/C
Low Pulse Width   Slow    FDRE/C   n/a            0.500         5.000       4.500      SLICE_X64Y81   cnt_setup_reg[0]/C
Low Pulse Width   Fast    FDRE/C   n/a            0.500         5.000       4.500      SLICE_X63Y86   FSM_sequential_state_reg[1]/C
Low Pulse Width   Slow    FDRE/C   n/a            0.500         5.000       4.500      SLICE_X64Y83   cnt_setup_reg[10]/C
Low Pulse Width   Slow    FDRE/C   n/a            0.500         5.000       4.500      SLICE_X64Y83   cnt_setup_reg[11]/C
Low Pulse Width   Slow    FDRE/C   n/a            0.500         5.000       4.500      SLICE_X64Y84   cnt_setup_reg[12]/C
Low Pulse Width   Fast    FDRE/C   n/a            0.500         5.000       4.500      SLICE_X64Y84   cnt_setup_reg[12]/C
Low Pulse Width   Slow    FDRE/C   n/a            0.500         5.000       4.500      SLICE_X64Y84   cnt_setup_reg[13]/C
High Pulse Width  Slow    FDRE/C   n/a            0.500         5.000       4.500      SLICE_X63Y86   FSM_sequential_state_reg[1]/C
High Pulse Width  Slow    FDRE/C   n/a            0.500         5.000       4.500      SLICE_X64Y85   cnt_setup_reg[16]/C
High Pulse Width  Slow    FDRE/C   n/a            0.500         5.000       4.500      SLICE_X64Y85   cnt_setup_reg[17]/C
High Pulse Width  Slow    FDRE/C   n/a            0.500         5.000       4.500      SLICE_X64Y85   cnt_setup_reg[18]/C
High Pulse Width  Slow    FDRE/C   n/a            0.500         5.000       4.500      SLICE_X64Y85   cnt_setup_reg[19]/C
High Pulse Width  Slow    FDRE/C   n/a            0.500         5.000       4.500      SLICE_X64Y86   cnt_setup_reg[20]/C
High Pulse Width  Slow    FDRE/C   n/a            0.500         5.000       4.500      SLICE_X64Y86   cnt_setup_reg[21]/C
High Pulse Width  Slow    FDRE/C   n/a            0.500         5.000       4.500      SLICE_X64Y86   cnt_setup_reg[22]/C
High Pulse Width  Slow    FDRE/C   n/a            0.500         5.000       4.500      SLICE_X64Y86   cnt_setup_reg[23]/C
High Pulse Width  Slow    FDRE/C   n/a            0.500         5.000       4.500      SLICE_X64Y87   cnt_setup_reg[24]/C



