Copyright 1986-2018 Xilinx, Inc. All Rights Reserved.
-----------------------------------------------------------------------------------------------------------------------------------------------------------------------------------------------------------
| Tool Version : Vivado v.2018.3 (win64) Build 2405991 Thu Dec  6 23:38:27 MST 2018
| Date         : Thu Mar 26 20:03:47 2026
| Host         : BH610-DRZVK84 running 64-bit major release  (build 9200)
| Command      : report_timing_summary -max_paths 10 -file pico_btn_top_timing_summary_routed.rpt -pb pico_btn_top_timing_summary_routed.pb -rpx pico_btn_top_timing_summary_routed.rpx -warn_on_violation
| Design       : pico_btn_top
| Device       : 7a35t-cpg236
| Speed File   : -1  PRODUCTION 1.23 2018-06-13
-----------------------------------------------------------------------------------------------------------------------------------------------------------------------------------------------------------

Timing Summary Report

------------------------------------------------------------------------------------------------
| Timer Settings
| --------------
------------------------------------------------------------------------------------------------

  Enable Multi Corner Analysis               :  Yes
  Enable Pessimism Removal                   :  Yes
  Pessimism Removal Resolution               :  Nearest Common Node
  Enable Input Delay Default Clock           :  No
  Enable Preset / Clear Arcs                 :  No
  Disable Flight Delays                      :  No
  Ignore I/O Paths                           :  No
  Timing Early Launch at Borrowing Latches   :  false

  Corner  Analyze    Analyze    
  Name    Max Paths  Min Paths  
  ------  ---------  ---------  
  Slow    Yes        Yes        
  Fast    Yes        Yes        



check_timing report

Table of Contents
-----------------
1. checking no_clock
2. checking constant_clock
3. checking pulse_width_clock
4. checking unconstrained_internal_endpoints
5. checking no_input_delay
6. checking no_output_delay
7. checking multiple_clock
8. checking generated_clocks
9. checking loops
10. checking partial_input_delay
11. checking partial_output_delay
12. checking latch_loops

1. checking no_clock
--------------------
 There are 31 register/latch pins with no clock driven by root clock pin: program_rom/instantiate_loader.jtag_loader_6_inst/jtag_loader_gen.BSCAN_7SERIES_gen.BSCAN_BLOCK_inst/DRCK (HIGH)

 There are 6 register/latch pins with no clock driven by root clock pin: program_rom/instantiate_loader.jtag_loader_6_inst/jtag_loader_gen.BSCAN_7SERIES_gen.BSCAN_BLOCK_inst/UPDATE (HIGH)


2. checking constant_clock
--------------------------
 There are 0 register/latch pins with constant_clock.


3. checking pulse_width_clock
-----------------------------
 There are 0 register/latch pins which need pulse_width check


4. checking unconstrained_internal_endpoints
--------------------------------------------
 There are 101 pins that are not constrained for maximum delay. (HIGH)

 There are 0 pins that are not constrained for maximum delay due to constant clock.


5. checking no_input_delay
--------------------------
 There are 11 input ports with no input delay specified. (HIGH)

 There are 0 input ports with no input delay but user has a false path constraint.


6. checking no_output_delay
---------------------------
 There are 28 ports with no output delay specified. (HIGH)

 There are 0 ports with no output delay but user has a false path constraint

 There are 0 ports with no output delay but with a timing clock defined on it or propagating through it


7. checking multiple_clock
--------------------------
 There are 0 register/latch pins with multiple clocks.


8. checking generated_clocks
----------------------------
 There are 0 generated clocks that are not connected to a clock source.


9. checking loops
-----------------
 There are 0 combinational loops in the design.


10. checking partial_input_delay
--------------------------------
 There are 0 input ports with partial input delay specified.


11. checking partial_output_delay
---------------------------------
 There are 0 ports with partial output delay specified.


12. checking latch_loops
------------------------
 There are 0 combinational latch loops in the design through latch input



------------------------------------------------------------------------------------------------
| Design Timing Summary
| ---------------------
------------------------------------------------------------------------------------------------

    WNS(ns)      TNS(ns)  TNS Failing Endpoints  TNS Total Endpoints      WHS(ns)      THS(ns)  THS Failing Endpoints  THS Total Endpoints     WPWS(ns)     TPWS(ns)  TPWS Failing Endpoints  TPWS Total Endpoints  
    -------      -------  ---------------------  -------------------      -------      -------  ---------------------  -------------------     --------     --------  ----------------------  --------------------  
      0.973        0.000                      0                  623        0.109        0.000                      0                  623        3.750        0.000                       0                   232  


All user specified timing constraints are met.


------------------------------------------------------------------------------------------------
| Clock Summary
| -------------
------------------------------------------------------------------------------------------------

Clock        Waveform(ns)       Period(ns)      Frequency(MHz)
-----        ------------       ----------      --------------
sys_clk_pin  {0.000 5.000}      10.000          100.000         


------------------------------------------------------------------------------------------------
| Intra Clock Table
| -----------------
------------------------------------------------------------------------------------------------

Clock             WNS(ns)      TNS(ns)  TNS Failing Endpoints  TNS Total Endpoints      WHS(ns)      THS(ns)  THS Failing Endpoints  THS Total Endpoints     WPWS(ns)     TPWS(ns)  TPWS Failing Endpoints  TPWS Total Endpoints  
-----             -------      -------  ---------------------  -------------------      -------      -------  ---------------------  -------------------     --------     --------  ----------------------  --------------------  
sys_clk_pin         0.973        0.000                      0                  623        0.109        0.000                      0                  623        3.750        0.000                       0                   232  


------------------------------------------------------------------------------------------------
| Inter Clock Table
| -----------------
------------------------------------------------------------------------------------------------

From Clock    To Clock          WNS(ns)      TNS(ns)  TNS Failing Endpoints  TNS Total Endpoints      WHS(ns)      THS(ns)  THS Failing Endpoints  THS Total Endpoints  
----------    --------          -------      -------  ---------------------  -------------------      -------      -------  ---------------------  -------------------  


------------------------------------------------------------------------------------------------
| Other Path Groups Table
| -----------------------
------------------------------------------------------------------------------------------------

Path Group    From Clock    To Clock          WNS(ns)      TNS(ns)  TNS Failing Endpoints  TNS Total Endpoints      WHS(ns)      THS(ns)  THS Failing Endpoints  THS Total Endpoints  
----------    ----------    --------          -------      -------  ---------------------  -------------------      -------      -------  ---------------------  -------------------  


------------------------------------------------------------------------------------------------
| Timing Details
| --------------
------------------------------------------------------------------------------------------------


---------------------------------------------------------------------------------------------------
From Clock:  sys_clk_pin
  To Clock:  sys_clk_pin

Setup :            0  Failing Endpoints,  Worst Slack        0.973ns,  Total Violation        0.000ns
Hold  :            0  Failing Endpoints,  Worst Slack        0.109ns,  Total Violation        0.000ns
PW    :            0  Failing Endpoints,  Worst Slack        3.750ns,  Total Violation        0.000ns
---------------------------------------------------------------------------------------------------


Max Delay Paths
--------------------------------------------------------------------------------------
Slack (MET) :             0.973ns  (required time - arrival time)
  Source:                 program_rom/ram_1k_generate.akv7.kcpsm6_rom/CLKARDCLK
                            (rising edge-triggered cell RAMB18E1 clocked by sys_clk_pin  {rise@0.000ns fall@5.000ns period=10.000ns})
  Destination:            processor/zero_flag_flop/D
                            (rising edge-triggered cell FDRE clocked by sys_clk_pin  {rise@0.000ns fall@5.000ns period=10.000ns})
  Path Group:             sys_clk_pin
  Path Type:              Setup (Max at Slow Process Corner)
  Requirement:            10.000ns  (sys_clk_pin rise@10.000ns - sys_clk_pin rise@0.000ns)
  Data Path Delay:        8.636ns  (logic 4.028ns (46.644%)  route 4.608ns (53.356%))
  Logic Levels:           6  (CARRY4=1 LUT3=1 LUT5=2 LUT6=1 RAMD32=1)
  Clock Path Skew:        -0.158ns (DCD - SCD + CPR)
    Destination Clock Delay (DCD):    4.787ns = ( 14.787 - 10.000 ) 
    Source Clock Delay      (SCD):    5.134ns
    Clock Pessimism Removal (CPR):    0.188ns
  Clock Uncertainty:      0.035ns  ((TSJ^2 + TIJ^2)^1/2 + DJ) / 2 + PE
    Total System Jitter     (TSJ):    0.071ns
    Total Input Jitter      (TIJ):    0.000ns
    Discrete Jitter          (DJ):    0.000ns
    Phase Error              (PE):    0.000ns

    Location             Delay type                Incr(ns)  Path(ns)    Netlist Resource(s)
  -------------------------------------------------------------------    -------------------
                         (clock sys_clk_pin rise edge)
                                                      0.000     0.000 r  
    W5                                                0.000     0.000 r  clk (IN)
                         net (fo=0)                   0.000     0.000    clk
    W5                   IBUF (Prop_ibuf_I_O)         1.458     1.458 r  clk_IBUF_inst/O
                         net (fo=1, routed)           1.967     3.425    clk_IBUF
    BUFGCTRL_X0Y0        BUFG (Prop_bufg_I_O)         0.096     3.521 r  clk_IBUF_BUFG_inst/O
                         net (fo=231, routed)         1.613     5.134    program_rom/CLK
    RAMB18_X1Y0          RAMB18E1                                     r  program_rom/ram_1k_generate.akv7.kcpsm6_rom/CLKARDCLK
  -------------------------------------------------------------------    -------------------
    RAMB18_X1Y0          RAMB18E1 (Prop_ramb18e1_CLKARDCLK_DOADO[5])
                                                      2.454     7.588 r  program_rom/ram_1k_generate.akv7.kcpsm6_rom/DOADO[5]
                         net (fo=14, routed)          1.607     9.195    processor/lower_reg_banks/ADDRA1
    SLICE_X34Y1          RAMD32 (Prop_ramd32_RADR1_O)
                                                      0.146     9.341 r  processor/lower_reg_banks/RAMA/O
                         net (fo=3, routed)           0.970    10.310    processor/data_path_loop[0].output_data.sy_kk_mux_lut/I0
    SLICE_X37Y2          LUT5 (Prop_lut5_I0_O)        0.356    10.666 r  processor/data_path_loop[0].output_data.sy_kk_mux_lut/LUT5/O
                         net (fo=33, routed)          0.775    11.441    processor/data_path_loop[0].output_data.sy_kk_mux_lut_n_0
    SLICE_X33Y4          LUT3 (Prop_lut3_I1_O)        0.326    11.767 f  processor/data_path_loop[1].alu_mux_lut_i_1/O
                         net (fo=1, routed)           0.436    12.203    processor/in_port[1]
    SLICE_X33Y2          LUT6 (Prop_lut6_I2_O)        0.124    12.327 f  processor/data_path_loop[1].alu_mux_lut/O
                         net (fo=3, routed)           0.820    13.147    processor/alu_result_1
    SLICE_X32Y1          LUT5 (Prop_lut5_I1_O)        0.152    13.299 r  processor/lower_zero_lut/O
                         net (fo=1, routed)           0.000    13.299    processor/lower_zero
    SLICE_X32Y1          CARRY4 (Prop_carry4_DI[1]_CO[3])
                                                      0.470    13.769 r  processor/init_zero_muxcy_CARRY4/CO[3]
                         net (fo=1, routed)           0.000    13.769    processor/zero_flag_value
    SLICE_X32Y1          FDRE                                         r  processor/zero_flag_flop/D
  -------------------------------------------------------------------    -------------------

                         (clock sys_clk_pin rise edge)
                                                     10.000    10.000 r  
    W5                                                0.000    10.000 r  clk (IN)
                         net (fo=0)                   0.000    10.000    clk
    W5                   IBUF (Prop_ibuf_I_O)         1.388    11.388 r  clk_IBUF_inst/O
                         net (fo=1, routed)           1.862    13.250    clk_IBUF
    BUFGCTRL_X0Y0        BUFG (Prop_bufg_I_O)         0.091    13.341 r  clk_IBUF_BUFG_inst/O
                         net (fo=231, routed)         1.446    14.787    processor/CLK
    SLICE_X32Y1          FDRE                                         r  processor/zero_flag_flop/C
                         clock pessimism              0.188    14.975    
                         clock uncertainty           -0.035    14.940    
    SLICE_X32Y1          FDRE (Setup_fdre_C_D)       -0.198    14.742    processor/zero_flag_flop
  -------------------------------------------------------------------
                         required time                         14.742    
                         arrival time                         -13.769    
  -------------------------------------------------------------------
                         slack                                  0.973    

Slack (MET) :             1.116ns  (required time - arrival time)
  Source:                 program_rom/ram_1k_generate.akv7.kcpsm6_rom/CLKARDCLK
                            (rising edge-triggered cell RAMB18E1 clocked by sys_clk_pin  {rise@0.000ns fall@5.000ns period=10.000ns})
  Destination:            led_msb_reg_reg[1]/CE
                            (rising edge-triggered cell FDRE clocked by sys_clk_pin  {rise@0.000ns fall@5.000ns period=10.000ns})
  Path Group:             sys_clk_pin
  Path Type:              Setup (Max at Slow Process Corner)
  Requirement:            10.000ns  (sys_clk_pin rise@10.000ns - sys_clk_pin rise@0.000ns)
  Data Path Delay:        8.352ns  (logic 3.412ns (40.851%)  route 4.940ns (59.149%))
  Logic Levels:           4  (LUT4=1 LUT5=1 LUT6=1 RAMD32=1)
  Clock Path Skew:        -0.088ns (DCD - SCD + CPR)
    Destination Clock Delay (DCD):    4.785ns = ( 14.785 - 10.000 ) 
    Source Clock Delay      (SCD):    5.134ns
    Clock Pessimism Removal (CPR):    0.260ns
  Clock Uncertainty:      0.035ns  ((TSJ^2 + TIJ^2)^1/2 + DJ) / 2 + PE
    Total System Jitter     (TSJ):    0.071ns
    Total Input Jitter      (TIJ):    0.000ns
    Discrete Jitter          (DJ):    0.000ns
    Phase Error              (PE):    0.000ns

    Location             Delay type                Incr(ns)  Path(ns)    Netlist Resource(s)
  -------------------------------------------------------------------    -------------------
                         (clock sys_clk_pin rise edge)
                                                      0.000     0.000 r  
    W5                                                0.000     0.000 r  clk (IN)
                         net (fo=0)                   0.000     0.000    clk
    W5                   IBUF (Prop_ibuf_I_O)         1.458     1.458 r  clk_IBUF_inst/O
                         net (fo=1, routed)           1.967     3.425    clk_IBUF
    BUFGCTRL_X0Y0        BUFG (Prop_bufg_I_O)         0.096     3.521 r  clk_IBUF_BUFG_inst/O
                         net (fo=231, routed)         1.613     5.134    program_rom/CLK
    RAMB18_X1Y0          RAMB18E1                                     r  program_rom/ram_1k_generate.akv7.kcpsm6_rom/CLKARDCLK
  -------------------------------------------------------------------    -------------------
    RAMB18_X1Y0          RAMB18E1 (Prop_ramb18e1_CLKARDCLK_DOADO[4])
                                                      2.454     7.588 r  program_rom/ram_1k_generate.akv7.kcpsm6_rom/DOADO[4]
                         net (fo=14, routed)          1.661     9.249    processor/upper_reg_banks/ADDRA0
    SLICE_X34Y2          RAMD32 (Prop_ramd32_RADR0_O)
                                                      0.150     9.399 f  processor/upper_reg_banks/RAMA/O
                         net (fo=3, routed)           1.016    10.415    processor/data_path_loop[4].output_data.sy_kk_mux_lut/I0
    SLICE_X36Y2          LUT5 (Prop_lut5_I0_O)        0.356    10.771 f  processor/data_path_loop[4].output_data.sy_kk_mux_lut/LUT5/O
                         net (fo=19, routed)          0.864    11.635    processor/p_0_in[2]
    SLICE_X36Y3          LUT6 (Prop_lut6_I0_O)        0.332    11.967 r  processor/ds3_reg[7]_i_2/O
                         net (fo=6, routed)           0.746    12.713    processor/ds3_reg[7]_i_2_n_0
    SLICE_X35Y7          LUT4 (Prop_lut4_I3_O)        0.120    12.833 r  processor/led_msb_reg[7]_i_1/O
                         net (fo=8, routed)           0.653    13.486    led_msb_reg0
    SLICE_X37Y7          FDRE                                         r  led_msb_reg_reg[1]/CE
  -------------------------------------------------------------------    -------------------

                         (clock sys_clk_pin rise edge)
                                                     10.000    10.000 r  
    W5                                                0.000    10.000 r  clk (IN)
                         net (fo=0)                   0.000    10.000    clk
    W5                   IBUF (Prop_ibuf_I_O)         1.388    11.388 r  clk_IBUF_inst/O
                         net (fo=1, routed)           1.862    13.250    clk_IBUF
    BUFGCTRL_X0Y0        BUFG (Prop_bufg_I_O)         0.091    13.341 r  clk_IBUF_BUFG_inst/O
                         net (fo=231, routed)         1.444    14.785    clk_IBUF_BUFG
    SLICE_X37Y7          FDRE                                         r  led_msb_reg_reg[1]/C
                         clock pessimism              0.260    15.045    
                         clock uncertainty           -0.035    15.010    
    SLICE_X37Y7          FDRE (Setup_fdre_C_CE)      -0.408    14.602    led_msb_reg_reg[1]
  -------------------------------------------------------------------
                         required time                         14.602    
                         arrival time                         -13.486    
  -------------------------------------------------------------------
                         slack                                  1.116    

Slack (MET) :             1.116ns  (required time - arrival time)
  Source:                 program_rom/ram_1k_generate.akv7.kcpsm6_rom/CLKARDCLK
                            (rising edge-triggered cell RAMB18E1 clocked by sys_clk_pin  {rise@0.000ns fall@5.000ns period=10.000ns})
  Destination:            led_msb_reg_reg[2]/CE
                            (rising edge-triggered cell FDRE clocked by sys_clk_pin  {rise@0.000ns fall@5.000ns period=10.000ns})
  Path Group:             sys_clk_pin
  Path Type:              Setup (Max at Slow Process Corner)
  Requirement:            10.000ns  (sys_clk_pin rise@10.000ns - sys_clk_pin rise@0.000ns)
  Data Path Delay:        8.352ns  (logic 3.412ns (40.851%)  route 4.940ns (59.149%))
  Logic Levels:           4  (LUT4=1 LUT5=1 LUT6=1 RAMD32=1)
  Clock Path Skew:        -0.088ns (DCD - SCD + CPR)
    Destination Clock Delay (DCD):    4.785ns = ( 14.785 - 10.000 ) 
    Source Clock Delay      (SCD):    5.134ns
    Clock Pessimism Removal (CPR):    0.260ns
  Clock Uncertainty:      0.035ns  ((TSJ^2 + TIJ^2)^1/2 + DJ) / 2 + PE
    Total System Jitter     (TSJ):    0.071ns
    Total Input Jitter      (TIJ):    0.000ns
    Discrete Jitter          (DJ):    0.000ns
    Phase Error              (PE):    0.000ns

    Location             Delay type                Incr(ns)  Path(ns)    Netlist Resource(s)
  -------------------------------------------------------------------    -------------------
                         (clock sys_clk_pin rise edge)
                                                      0.000     0.000 r  
    W5                                                0.000     0.000 r  clk (IN)
                         net (fo=0)                   0.000     0.000    clk
    W5                   IBUF (Prop_ibuf_I_O)         1.458     1.458 r  clk_IBUF_inst/O
                         net (fo=1, routed)           1.967     3.425    clk_IBUF
    BUFGCTRL_X0Y0        BUFG (Prop_bufg_I_O)         0.096     3.521 r  clk_IBUF_BUFG_inst/O
                         net (fo=231, routed)         1.613     5.134    program_rom/CLK
    RAMB18_X1Y0          RAMB18E1                                     r  program_rom/ram_1k_generate.akv7.kcpsm6_rom/CLKARDCLK
  -------------------------------------------------------------------    -------------------
    RAMB18_X1Y0          RAMB18E1 (Prop_ramb18e1_CLKARDCLK_DOADO[4])
                                                      2.454     7.588 r  program_rom/ram_1k_generate.akv7.kcpsm6_rom/DOADO[4]
                         net (fo=14, routed)          1.661     9.249    processor/upper_reg_banks/ADDRA0
    SLICE_X34Y2          RAMD32 (Prop_ramd32_RADR0_O)
                                                      0.150     9.399 f  processor/upper_reg_banks/RAMA/O
                         net (fo=3, routed)           1.016    10.415    processor/data_path_loop[4].output_data.sy_kk_mux_lut/I0
    SLICE_X36Y2          LUT5 (Prop_lut5_I0_O)        0.356    10.771 f  processor/data_path_loop[4].output_data.sy_kk_mux_lut/LUT5/O
                         net (fo=19, routed)          0.864    11.635    processor/p_0_in[2]
    SLICE_X36Y3          LUT6 (Prop_lut6_I0_O)        0.332    11.967 r  processor/ds3_reg[7]_i_2/O
                         net (fo=6, routed)           0.746    12.713    processor/ds3_reg[7]_i_2_n_0
    SLICE_X35Y7          LUT4 (Prop_lut4_I3_O)        0.120    12.833 r  processor/led_msb_reg[7]_i_1/O
                         net (fo=8, routed)           0.653    13.486    led_msb_reg0
    SLICE_X37Y7          FDRE                                         r  led_msb_reg_reg[2]/CE
  -------------------------------------------------------------------    -------------------

                         (clock sys_clk_pin rise edge)
                                                     10.000    10.000 r  
    W5                                                0.000    10.000 r  clk (IN)
                         net (fo=0)                   0.000    10.000    clk
    W5                   IBUF (Prop_ibuf_I_O)         1.388    11.388 r  clk_IBUF_inst/O
                         net (fo=1, routed)           1.862    13.250    clk_IBUF
    BUFGCTRL_X0Y0        BUFG (Prop_bufg_I_O)         0.091    13.341 r  clk_IBUF_BUFG_inst/O
                         net (fo=231, routed)         1.444    14.785    clk_IBUF_BUFG
    SLICE_X37Y7          FDRE                                         r  led_msb_reg_reg[2]/C
                         clock pessimism              0.260    15.045    
                         clock uncertainty           -0.035    15.010    
    SLICE_X37Y7          FDRE (Setup_fdre_C_CE)      -0.408    14.602    led_msb_reg_reg[2]
  -------------------------------------------------------------------
                         required time                         14.602    
                         arrival time                         -13.486    
  -------------------------------------------------------------------
                         slack                                  1.116    

Slack (MET) :             1.116ns  (required time - arrival time)
  Source:                 program_rom/ram_1k_generate.akv7.kcpsm6_rom/CLKARDCLK
                            (rising edge-triggered cell RAMB18E1 clocked by sys_clk_pin  {rise@0.000ns fall@5.000ns period=10.000ns})
  Destination:            led_msb_reg_reg[3]/CE
                            (rising edge-triggered cell FDRE clocked by sys_clk_pin  {rise@0.000ns fall@5.000ns period=10.000ns})
  Path Group:             sys_clk_pin
  Path Type:              Setup (Max at Slow Process Corner)
  Requirement:            10.000ns  (sys_clk_pin rise@10.000ns - sys_clk_pin rise@0.000ns)
  Data Path Delay:        8.352ns  (logic 3.412ns (40.851%)  route 4.940ns (59.149%))
  Logic Levels:           4  (LUT4=1 LUT5=1 LUT6=1 RAMD32=1)
  Clock Path Skew:        -0.088ns (DCD - SCD + CPR)
    Destination Clock Delay (DCD):    4.785ns = ( 14.785 - 10.000 ) 
    Source Clock Delay      (SCD):    5.134ns
    Clock Pessimism Removal (CPR):    0.260ns
  Clock Uncertainty:      0.035ns  ((TSJ^2 + TIJ^2)^1/2 + DJ) / 2 + PE
    Total System Jitter     (TSJ):    0.071ns
    Total Input Jitter      (TIJ):    0.000ns
    Discrete Jitter          (DJ):    0.000ns
    Phase Error              (PE):    0.000ns

    Location             Delay type                Incr(ns)  Path(ns)    Netlist Resource(s)
  -------------------------------------------------------------------    -------------------
                         (clock sys_clk_pin rise edge)
                                                      0.000     0.000 r  
    W5                                                0.000     0.000 r  clk (IN)
                         net (fo=0)                   0.000     0.000    clk
    W5                   IBUF (Prop_ibuf_I_O)         1.458     1.458 r  clk_IBUF_inst/O
                         net (fo=1, routed)           1.967     3.425    clk_IBUF
    BUFGCTRL_X0Y0        BUFG (Prop_bufg_I_O)         0.096     3.521 r  clk_IBUF_BUFG_inst/O
                         net (fo=231, routed)         1.613     5.134    program_rom/CLK
    RAMB18_X1Y0          RAMB18E1                                     r  program_rom/ram_1k_generate.akv7.kcpsm6_rom/CLKARDCLK
  -------------------------------------------------------------------    -------------------
    RAMB18_X1Y0          RAMB18E1 (Prop_ramb18e1_CLKARDCLK_DOADO[4])
                                                      2.454     7.588 r  program_rom/ram_1k_generate.akv7.kcpsm6_rom/DOADO[4]
                         net (fo=14, routed)          1.661     9.249    processor/upper_reg_banks/ADDRA0
    SLICE_X34Y2          RAMD32 (Prop_ramd32_RADR0_O)
                                                      0.150     9.399 f  processor/upper_reg_banks/RAMA/O
                         net (fo=3, routed)           1.016    10.415    processor/data_path_loop[4].output_data.sy_kk_mux_lut/I0
    SLICE_X36Y2          LUT5 (Prop_lut5_I0_O)        0.356    10.771 f  processor/data_path_loop[4].output_data.sy_kk_mux_lut/LUT5/O
                         net (fo=19, routed)          0.864    11.635    processor/p_0_in[2]
    SLICE_X36Y3          LUT6 (Prop_lut6_I0_O)        0.332    11.967 r  processor/ds3_reg[7]_i_2/O
                         net (fo=6, routed)           0.746    12.713    processor/ds3_reg[7]_i_2_n_0
    SLICE_X35Y7          LUT4 (Prop_lut4_I3_O)        0.120    12.833 r  processor/led_msb_reg[7]_i_1/O
                         net (fo=8, routed)           0.653    13.486    led_msb_reg0
    SLICE_X37Y7          FDRE                                         r  led_msb_reg_reg[3]/CE
  -------------------------------------------------------------------    -------------------

                         (clock sys_clk_pin rise edge)
                                                     10.000    10.000 r  
    W5                                                0.000    10.000 r  clk (IN)
                         net (fo=0)                   0.000    10.000    clk
    W5                   IBUF (Prop_ibuf_I_O)         1.388    11.388 r  clk_IBUF_inst/O
                         net (fo=1, routed)           1.862    13.250    clk_IBUF
    BUFGCTRL_X0Y0        BUFG (Prop_bufg_I_O)         0.091    13.341 r  clk_IBUF_BUFG_inst/O
                         net (fo=231, routed)         1.444    14.785    clk_IBUF_BUFG
    SLICE_X37Y7          FDRE                                         r  led_msb_reg_reg[3]/C
                         clock pessimism              0.260    15.045    
                         clock uncertainty           -0.035    15.010    
    SLICE_X37Y7          FDRE (Setup_fdre_C_CE)      -0.408    14.602    led_msb_reg_reg[3]
  -------------------------------------------------------------------
                         required time                         14.602    
                         arrival time                         -13.486    
  -------------------------------------------------------------------
                         slack                                  1.116    

Slack (MET) :             1.129ns  (required time - arrival time)
  Source:                 program_rom/ram_1k_generate.akv7.kcpsm6_rom/CLKARDCLK
                            (rising edge-triggered cell RAMB18E1 clocked by sys_clk_pin  {rise@0.000ns fall@5.000ns period=10.000ns})
  Destination:            led_msb_reg_reg[4]/CE
                            (rising edge-triggered cell FDRE clocked by sys_clk_pin  {rise@0.000ns fall@5.000ns period=10.000ns})
  Path Group:             sys_clk_pin
  Path Type:              Setup (Max at Slow Process Corner)
  Requirement:            10.000ns  (sys_clk_pin rise@10.000ns - sys_clk_pin rise@0.000ns)
  Data Path Delay:        8.340ns  (logic 3.412ns (40.913%)  route 4.928ns (59.087%))
  Logic Levels:           4  (LUT4=1 LUT5=1 LUT6=1 RAMD32=1)
  Clock Path Skew:        -0.088ns (DCD - SCD + CPR)
    Destination Clock Delay (DCD):    4.785ns = ( 14.785 - 10.000 ) 
    Source Clock Delay      (SCD):    5.134ns
    Clock Pessimism Removal (CPR):    0.260ns
  Clock Uncertainty:      0.035ns  ((TSJ^2 + TIJ^2)^1/2 + DJ) / 2 + PE
    Total System Jitter     (TSJ):    0.071ns
    Total Input Jitter      (TIJ):    0.000ns
    Discrete Jitter          (DJ):    0.000ns
    Phase Error              (PE):    0.000ns

    Location             Delay type                Incr(ns)  Path(ns)    Netlist Resource(s)
  -------------------------------------------------------------------    -------------------
                         (clock sys_clk_pin rise edge)
                                                      0.000     0.000 r  
    W5                                                0.000     0.000 r  clk (IN)
                         net (fo=0)                   0.000     0.000    clk
    W5                   IBUF (Prop_ibuf_I_O)         1.458     1.458 r  clk_IBUF_inst/O
                         net (fo=1, routed)           1.967     3.425    clk_IBUF
    BUFGCTRL_X0Y0        BUFG (Prop_bufg_I_O)         0.096     3.521 r  clk_IBUF_BUFG_inst/O
                         net (fo=231, routed)         1.613     5.134    program_rom/CLK
    RAMB18_X1Y0          RAMB18E1                                     r  program_rom/ram_1k_generate.akv7.kcpsm6_rom/CLKARDCLK
  -------------------------------------------------------------------    -------------------
    RAMB18_X1Y0          RAMB18E1 (Prop_ramb18e1_CLKARDCLK_DOADO[4])
                                                      2.454     7.588 r  program_rom/ram_1k_generate.akv7.kcpsm6_rom/DOADO[4]
                         net (fo=14, routed)          1.661     9.249    processor/upper_reg_banks/ADDRA0
    SLICE_X34Y2          RAMD32 (Prop_ramd32_RADR0_O)
                                                      0.150     9.399 f  processor/upper_reg_banks/RAMA/O
                         net (fo=3, routed)           1.016    10.415    processor/data_path_loop[4].output_data.sy_kk_mux_lut/I0
    SLICE_X36Y2          LUT5 (Prop_lut5_I0_O)        0.356    10.771 f  processor/data_path_loop[4].output_data.sy_kk_mux_lut/LUT5/O
                         net (fo=19, routed)          0.864    11.635    processor/p_0_in[2]
    SLICE_X36Y3          LUT6 (Prop_lut6_I0_O)        0.332    11.967 r  processor/ds3_reg[7]_i_2/O
                         net (fo=6, routed)           0.746    12.713    processor/ds3_reg[7]_i_2_n_0
    SLICE_X35Y7          LUT4 (Prop_lut4_I3_O)        0.120    12.833 r  processor/led_msb_reg[7]_i_1/O
                         net (fo=8, routed)           0.640    13.473    led_msb_reg0
    SLICE_X36Y7          FDRE                                         r  led_msb_reg_reg[4]/CE
  -------------------------------------------------------------------    -------------------

                         (clock sys_clk_pin rise edge)
                                                     10.000    10.000 r  
    W5                                                0.000    10.000 r  clk (IN)
                         net (fo=0)                   0.000    10.000    clk
    W5                   IBUF (Prop_ibuf_I_O)         1.388    11.388 r  clk_IBUF_inst/O
                         net (fo=1, routed)           1.862    13.250    clk_IBUF
    BUFGCTRL_X0Y0        BUFG (Prop_bufg_I_O)         0.091    13.341 r  clk_IBUF_BUFG_inst/O
                         net (fo=231, routed)         1.444    14.785    clk_IBUF_BUFG
    SLICE_X36Y7          FDRE                                         r  led_msb_reg_reg[4]/C
                         clock pessimism              0.260    15.045    
                         clock uncertainty           -0.035    15.010    
    SLICE_X36Y7          FDRE (Setup_fdre_C_CE)      -0.408    14.602    led_msb_reg_reg[4]
  -------------------------------------------------------------------
                         required time                         14.602    
                         arrival time                         -13.473    
  -------------------------------------------------------------------
                         slack                                  1.129    

Slack (MET) :             1.129ns  (required time - arrival time)
  Source:                 program_rom/ram_1k_generate.akv7.kcpsm6_rom/CLKARDCLK
                            (rising edge-triggered cell RAMB18E1 clocked by sys_clk_pin  {rise@0.000ns fall@5.000ns period=10.000ns})
  Destination:            led_msb_reg_reg[5]/CE
                            (rising edge-triggered cell FDRE clocked by sys_clk_pin  {rise@0.000ns fall@5.000ns period=10.000ns})
  Path Group:             sys_clk_pin
  Path Type:              Setup (Max at Slow Process Corner)
  Requirement:            10.000ns  (sys_clk_pin rise@10.000ns - sys_clk_pin rise@0.000ns)
  Data Path Delay:        8.340ns  (logic 3.412ns (40.913%)  route 4.928ns (59.087%))
  Logic Levels:           4  (LUT4=1 LUT5=1 LUT6=1 RAMD32=1)
  Clock Path Skew:        -0.088ns (DCD - SCD + CPR)
    Destination Clock Delay (DCD):    4.785ns = ( 14.785 - 10.000 ) 
    Source Clock Delay      (SCD):    5.134ns
    Clock Pessimism Removal (CPR):    0.260ns
  Clock Uncertainty:      0.035ns  ((TSJ^2 + TIJ^2)^1/2 + DJ) / 2 + PE
    Total System Jitter     (TSJ):    0.071ns
    Total Input Jitter      (TIJ):    0.000ns
    Discrete Jitter          (DJ):    0.000ns
    Phase Error              (PE):    0.000ns

    Location             Delay type                Incr(ns)  Path(ns)    Netlist Resource(s)
  -------------------------------------------------------------------    -------------------
                         (clock sys_clk_pin rise edge)
                                                      0.000     0.000 r  
    W5                                                0.000     0.000 r  clk (IN)
                         net (fo=0)                   0.000     0.000    clk
    W5                   IBUF (Prop_ibuf_I_O)         1.458     1.458 r  clk_IBUF_inst/O
                         net (fo=1, routed)           1.967     3.425    clk_IBUF
    BUFGCTRL_X0Y0        BUFG (Prop_bufg_I_O)         0.096     3.521 r  clk_IBUF_BUFG_inst/O
                         net (fo=231, routed)         1.613     5.134    program_rom/CLK
    RAMB18_X1Y0          RAMB18E1                                     r  program_rom/ram_1k_generate.akv7.kcpsm6_rom/CLKARDCLK
  -------------------------------------------------------------------    -------------------
    RAMB18_X1Y0          RAMB18E1 (Prop_ramb18e1_CLKARDCLK_DOADO[4])
                                                      2.454     7.588 r  program_rom/ram_1k_generate.akv7.kcpsm6_rom/DOADO[4]
                         net (fo=14, routed)          1.661     9.249    processor/upper_reg_banks/ADDRA0
    SLICE_X34Y2          RAMD32 (Prop_ramd32_RADR0_O)
                                                      0.150     9.399 f  processor/upper_reg_banks/RAMA/O
                         net (fo=3, routed)           1.016    10.415    processor/data_path_loop[4].output_data.sy_kk_mux_lut/I0
    SLICE_X36Y2          LUT5 (Prop_lut5_I0_O)        0.356    10.771 f  processor/data_path_loop[4].output_data.sy_kk_mux_lut/LUT5/O
                         net (fo=19, routed)          0.864    11.635    processor/p_0_in[2]
    SLICE_X36Y3          LUT6 (Prop_lut6_I0_O)        0.332    11.967 r  processor/ds3_reg[7]_i_2/O
                         net (fo=6, routed)           0.746    12.713    processor/ds3_reg[7]_i_2_n_0
    SLICE_X35Y7          LUT4 (Prop_lut4_I3_O)        0.120    12.833 r  processor/led_msb_reg[7]_i_1/O
                         net (fo=8, routed)           0.640    13.473    led_msb_reg0
    SLICE_X36Y7          FDRE                                         r  led_msb_reg_reg[5]/CE
  -------------------------------------------------------------------    -------------------

                         (clock sys_clk_pin rise edge)
                                                     10.000    10.000 r  
    W5                                                0.000    10.000 r  clk (IN)
                         net (fo=0)                   0.000    10.000    clk
    W5                   IBUF (Prop_ibuf_I_O)         1.388    11.388 r  clk_IBUF_inst/O
                         net (fo=1, routed)           1.862    13.250    clk_IBUF
    BUFGCTRL_X0Y0        BUFG (Prop_bufg_I_O)         0.091    13.341 r  clk_IBUF_BUFG_inst/O
                         net (fo=231, routed)         1.444    14.785    clk_IBUF_BUFG
    SLICE_X36Y7          FDRE                                         r  led_msb_reg_reg[5]/C
                         clock pessimism              0.260    15.045    
                         clock uncertainty           -0.035    15.010    
    SLICE_X36Y7          FDRE (Setup_fdre_C_CE)      -0.408    14.602    led_msb_reg_reg[5]
  -------------------------------------------------------------------
                         required time                         14.602    
                         arrival time                         -13.473    
  -------------------------------------------------------------------
                         slack                                  1.129    

Slack (MET) :             1.129ns  (required time - arrival time)
  Source:                 program_rom/ram_1k_generate.akv7.kcpsm6_rom/CLKARDCLK
                            (rising edge-triggered cell RAMB18E1 clocked by sys_clk_pin  {rise@0.000ns fall@5.000ns period=10.000ns})
  Destination:            led_msb_reg_reg[6]/CE
                            (rising edge-triggered cell FDRE clocked by sys_clk_pin  {rise@0.000ns fall@5.000ns period=10.000ns})
  Path Group:             sys_clk_pin
  Path Type:              Setup (Max at Slow Process Corner)
  Requirement:            10.000ns  (sys_clk_pin rise@10.000ns - sys_clk_pin rise@0.000ns)
  Data Path Delay:        8.340ns  (logic 3.412ns (40.913%)  route 4.928ns (59.087%))
  Logic Levels:           4  (LUT4=1 LUT5=1 LUT6=1 RAMD32=1)
  Clock Path Skew:        -0.088ns (DCD - SCD + CPR)
    Destination Clock Delay (DCD):    4.785ns = ( 14.785 - 10.000 ) 
    Source Clock Delay      (SCD):    5.134ns
    Clock Pessimism Removal (CPR):    0.260ns
  Clock Uncertainty:      0.035ns  ((TSJ^2 + TIJ^2)^1/2 + DJ) / 2 + PE
    Total System Jitter     (TSJ):    0.071ns
    Total Input Jitter      (TIJ):    0.000ns
    Discrete Jitter          (DJ):    0.000ns
    Phase Error              (PE):    0.000ns

    Location             Delay type                Incr(ns)  Path(ns)    Netlist Resource(s)
  -------------------------------------------------------------------    -------------------
                         (clock sys_clk_pin rise edge)
                                                      0.000     0.000 r  
    W5                                                0.000     0.000 r  clk (IN)
                         net (fo=0)                   0.000     0.000    clk
    W5                   IBUF (Prop_ibuf_I_O)         1.458     1.458 r  clk_IBUF_inst/O
                         net (fo=1, routed)           1.967     3.425    clk_IBUF
    BUFGCTRL_X0Y0        BUFG (Prop_bufg_I_O)         0.096     3.521 r  clk_IBUF_BUFG_inst/O
                         net (fo=231, routed)         1.613     5.134    program_rom/CLK
    RAMB18_X1Y0          RAMB18E1                                     r  program_rom/ram_1k_generate.akv7.kcpsm6_rom/CLKARDCLK
  -------------------------------------------------------------------    -------------------
    RAMB18_X1Y0          RAMB18E1 (Prop_ramb18e1_CLKARDCLK_DOADO[4])
                                                      2.454     7.588 r  program_rom/ram_1k_generate.akv7.kcpsm6_rom/DOADO[4]
                         net (fo=14, routed)          1.661     9.249    processor/upper_reg_banks/ADDRA0
    SLICE_X34Y2          RAMD32 (Prop_ramd32_RADR0_O)
                                                      0.150     9.399 f  processor/upper_reg_banks/RAMA/O
                         net (fo=3, routed)           1.016    10.415    processor/data_path_loop[4].output_data.sy_kk_mux_lut/I0
    SLICE_X36Y2          LUT5 (Prop_lut5_I0_O)        0.356    10.771 f  processor/data_path_loop[4].output_data.sy_kk_mux_lut/LUT5/O
                         net (fo=19, routed)          0.864    11.635    processor/p_0_in[2]
    SLICE_X36Y3          LUT6 (Prop_lut6_I0_O)        0.332    11.967 r  processor/ds3_reg[7]_i_2/O
                         net (fo=6, routed)           0.746    12.713    processor/ds3_reg[7]_i_2_n_0
    SLICE_X35Y7          LUT4 (Prop_lut4_I3_O)        0.120    12.833 r  processor/led_msb_reg[7]_i_1/O
                         net (fo=8, routed)           0.640    13.473    led_msb_reg0
    SLICE_X36Y7          FDRE                                         r  led_msb_reg_reg[6]/CE
  -------------------------------------------------------------------    -------------------

                         (clock sys_clk_pin rise edge)
                                                     10.000    10.000 r  
    W5                                                0.000    10.000 r  clk (IN)
                         net (fo=0)                   0.000    10.000    clk
    W5                   IBUF (Prop_ibuf_I_O)         1.388    11.388 r  clk_IBUF_inst/O
                         net (fo=1, routed)           1.862    13.250    clk_IBUF
    BUFGCTRL_X0Y0        BUFG (Prop_bufg_I_O)         0.091    13.341 r  clk_IBUF_BUFG_inst/O
                         net (fo=231, routed)         1.444    14.785    clk_IBUF_BUFG
    SLICE_X36Y7          FDRE                                         r  led_msb_reg_reg[6]/C
                         clock pessimism              0.260    15.045    
                         clock uncertainty           -0.035    15.010    
    SLICE_X36Y7          FDRE (Setup_fdre_C_CE)      -0.408    14.602    led_msb_reg_reg[6]
  -------------------------------------------------------------------
                         required time                         14.602    
                         arrival time                         -13.473    
  -------------------------------------------------------------------
                         slack                                  1.129    

Slack (MET) :             1.129ns  (required time - arrival time)
  Source:                 program_rom/ram_1k_generate.akv7.kcpsm6_rom/CLKARDCLK
                            (rising edge-triggered cell RAMB18E1 clocked by sys_clk_pin  {rise@0.000ns fall@5.000ns period=10.000ns})
  Destination:            led_msb_reg_reg[7]/CE
                            (rising edge-triggered cell FDRE clocked by sys_clk_pin  {rise@0.000ns fall@5.000ns period=10.000ns})
  Path Group:             sys_clk_pin
  Path Type:              Setup (Max at Slow Process Corner)
  Requirement:            10.000ns  (sys_clk_pin rise@10.000ns - sys_clk_pin rise@0.000ns)
  Data Path Delay:        8.340ns  (logic 3.412ns (40.913%)  route 4.928ns (59.087%))
  Logic Levels:           4  (LUT4=1 LUT5=1 LUT6=1 RAMD32=1)
  Clock Path Skew:        -0.088ns (DCD - SCD + CPR)
    Destination Clock Delay (DCD):    4.785ns = ( 14.785 - 10.000 ) 
    Source Clock Delay      (SCD):    5.134ns
    Clock Pessimism Removal (CPR):    0.260ns
  Clock Uncertainty:      0.035ns  ((TSJ^2 + TIJ^2)^1/2 + DJ) / 2 + PE
    Total System Jitter     (TSJ):    0.071ns
    Total Input Jitter      (TIJ):    0.000ns
    Discrete Jitter          (DJ):    0.000ns
    Phase Error              (PE):    0.000ns

    Location             Delay type                Incr(ns)  Path(ns)    Netlist Resource(s)
  -------------------------------------------------------------------    -------------------
                         (clock sys_clk_pin rise edge)
                                                      0.000     0.000 r  
    W5                                                0.000     0.000 r  clk (IN)
                         net (fo=0)                   0.000     0.000    clk
    W5                   IBUF (Prop_ibuf_I_O)         1.458     1.458 r  clk_IBUF_inst/O
                         net (fo=1, routed)           1.967     3.425    clk_IBUF
    BUFGCTRL_X0Y0        BUFG (Prop_bufg_I_O)         0.096     3.521 r  clk_IBUF_BUFG_inst/O
                         net (fo=231, routed)         1.613     5.134    program_rom/CLK
    RAMB18_X1Y0          RAMB18E1                                     r  program_rom/ram_1k_generate.akv7.kcpsm6_rom/CLKARDCLK
  -------------------------------------------------------------------    -------------------
    RAMB18_X1Y0          RAMB18E1 (Prop_ramb18e1_CLKARDCLK_DOADO[4])
                                                      2.454     7.588 r  program_rom/ram_1k_generate.akv7.kcpsm6_rom/DOADO[4]
                         net (fo=14, routed)          1.661     9.249    processor/upper_reg_banks/ADDRA0
    SLICE_X34Y2          RAMD32 (Prop_ramd32_RADR0_O)
                                                      0.150     9.399 f  processor/upper_reg_banks/RAMA/O
                         net (fo=3, routed)           1.016    10.415    processor/data_path_loop[4].output_data.sy_kk_mux_lut/I0
    SLICE_X36Y2          LUT5 (Prop_lut5_I0_O)        0.356    10.771 f  processor/data_path_loop[4].output_data.sy_kk_mux_lut/LUT5/O
                         net (fo=19, routed)          0.864    11.635    processor/p_0_in[2]
    SLICE_X36Y3          LUT6 (Prop_lut6_I0_O)        0.332    11.967 r  processor/ds3_reg[7]_i_2/O
                         net (fo=6, routed)           0.746    12.713    processor/ds3_reg[7]_i_2_n_0
    SLICE_X35Y7          LUT4 (Prop_lut4_I3_O)        0.120    12.833 r  processor/led_msb_reg[7]_i_1/O
                         net (fo=8, routed)           0.640    13.473    led_msb_reg0
    SLICE_X36Y7          FDRE                                         r  led_msb_reg_reg[7]/CE
  -------------------------------------------------------------------    -------------------

                         (clock sys_clk_pin rise edge)
                                                     10.000    10.000 r  
    W5                                                0.000    10.000 r  clk (IN)
                         net (fo=0)                   0.000    10.000    clk
    W5                   IBUF (Prop_ibuf_I_O)         1.388    11.388 r  clk_IBUF_inst/O
                         net (fo=1, routed)           1.862    13.250    clk_IBUF
    BUFGCTRL_X0Y0        BUFG (Prop_bufg_I_O)         0.091    13.341 r  clk_IBUF_BUFG_inst/O
                         net (fo=231, routed)         1.444    14.785    clk_IBUF_BUFG
    SLICE_X36Y7          FDRE                                         r  led_msb_reg_reg[7]/C
                         clock pessimism              0.260    15.045    
                         clock uncertainty           -0.035    15.010    
    SLICE_X36Y7          FDRE (Setup_fdre_C_CE)      -0.408    14.602    led_msb_reg_reg[7]
  -------------------------------------------------------------------
                         required time                         14.602    
                         arrival time                         -13.473    
  -------------------------------------------------------------------
                         slack                                  1.129    

Slack (MET) :             1.215ns  (required time - arrival time)
  Source:                 program_rom/ram_1k_generate.akv7.kcpsm6_rom/CLKARDCLK
                            (rising edge-triggered cell RAMB18E1 clocked by sys_clk_pin  {rise@0.000ns fall@5.000ns period=10.000ns})
  Destination:            ds3_reg_reg[0]/CE
                            (rising edge-triggered cell FDRE clocked by sys_clk_pin  {rise@0.000ns fall@5.000ns period=10.000ns})
  Path Group:             sys_clk_pin
  Path Type:              Setup (Max at Slow Process Corner)
  Requirement:            10.000ns  (sys_clk_pin rise@10.000ns - sys_clk_pin rise@0.000ns)
  Data Path Delay:        8.177ns  (logic 3.411ns (41.716%)  route 4.766ns (58.284%))
  Logic Levels:           4  (LUT4=1 LUT5=1 LUT6=1 RAMD32=1)
  Clock Path Skew:        -0.160ns (DCD - SCD + CPR)
    Destination Clock Delay (DCD):    4.785ns = ( 14.785 - 10.000 ) 
    Source Clock Delay      (SCD):    5.134ns
    Clock Pessimism Removal (CPR):    0.188ns
  Clock Uncertainty:      0.035ns  ((TSJ^2 + TIJ^2)^1/2 + DJ) / 2 + PE
    Total System Jitter     (TSJ):    0.071ns
    Total Input Jitter      (TIJ):    0.000ns
    Discrete Jitter          (DJ):    0.000ns
    Phase Error              (PE):    0.000ns

    Location             Delay type                Incr(ns)  Path(ns)    Netlist Resource(s)
  -------------------------------------------------------------------    -------------------
                         (clock sys_clk_pin rise edge)
                                                      0.000     0.000 r  
    W5                                                0.000     0.000 r  clk (IN)
                         net (fo=0)                   0.000     0.000    clk
    W5                   IBUF (Prop_ibuf_I_O)         1.458     1.458 r  clk_IBUF_inst/O
                         net (fo=1, routed)           1.967     3.425    clk_IBUF
    BUFGCTRL_X0Y0        BUFG (Prop_bufg_I_O)         0.096     3.521 r  clk_IBUF_BUFG_inst/O
                         net (fo=231, routed)         1.613     5.134    program_rom/CLK
    RAMB18_X1Y0          RAMB18E1                                     r  program_rom/ram_1k_generate.akv7.kcpsm6_rom/CLKARDCLK
  -------------------------------------------------------------------    -------------------
    RAMB18_X1Y0          RAMB18E1 (Prop_ramb18e1_CLKARDCLK_DOADO[4])
                                                      2.454     7.588 r  program_rom/ram_1k_generate.akv7.kcpsm6_rom/DOADO[4]
                         net (fo=14, routed)          1.661     9.249    processor/upper_reg_banks/ADDRA0
    SLICE_X34Y2          RAMD32 (Prop_ramd32_RADR0_O)
                                                      0.150     9.399 f  processor/upper_reg_banks/RAMA/O
                         net (fo=3, routed)           1.016    10.415    processor/data_path_loop[4].output_data.sy_kk_mux_lut/I0
    SLICE_X36Y2          LUT5 (Prop_lut5_I0_O)        0.356    10.771 f  processor/data_path_loop[4].output_data.sy_kk_mux_lut/LUT5/O
                         net (fo=19, routed)          0.864    11.635    processor/p_0_in[2]
    SLICE_X36Y3          LUT6 (Prop_lut6_I0_O)        0.332    11.967 r  processor/ds3_reg[7]_i_2/O
                         net (fo=6, routed)           0.726    12.693    processor/ds3_reg[7]_i_2_n_0
    SLICE_X35Y7          LUT4 (Prop_lut4_I3_O)        0.119    12.812 r  processor/ds3_reg[7]_i_1/O
                         net (fo=8, routed)           0.498    13.310    en_d[3]
    SLICE_X33Y8          FDRE                                         r  ds3_reg_reg[0]/CE
  -------------------------------------------------------------------    -------------------

                         (clock sys_clk_pin rise edge)
                                                     10.000    10.000 r  
    W5                                                0.000    10.000 r  clk (IN)
                         net (fo=0)                   0.000    10.000    clk
    W5                   IBUF (Prop_ibuf_I_O)         1.388    11.388 r  clk_IBUF_inst/O
                         net (fo=1, routed)           1.862    13.250    clk_IBUF
    BUFGCTRL_X0Y0        BUFG (Prop_bufg_I_O)         0.091    13.341 r  clk_IBUF_BUFG_inst/O
                         net (fo=231, routed)         1.444    14.785    clk_IBUF_BUFG
    SLICE_X33Y8          FDRE                                         r  ds3_reg_reg[0]/C
                         clock pessimism              0.188    14.973    
                         clock uncertainty           -0.035    14.938    
    SLICE_X33Y8          FDRE (Setup_fdre_C_CE)      -0.413    14.525    ds3_reg_reg[0]
  -------------------------------------------------------------------
                         required time                         14.525    
                         arrival time                         -13.310    
  -------------------------------------------------------------------
                         slack                                  1.215    

Slack (MET) :             1.215ns  (required time - arrival time)
  Source:                 program_rom/ram_1k_generate.akv7.kcpsm6_rom/CLKARDCLK
                            (rising edge-triggered cell RAMB18E1 clocked by sys_clk_pin  {rise@0.000ns fall@5.000ns period=10.000ns})
  Destination:            ds3_reg_reg[1]/CE
                            (rising edge-triggered cell FDRE clocked by sys_clk_pin  {rise@0.000ns fall@5.000ns period=10.000ns})
  Path Group:             sys_clk_pin
  Path Type:              Setup (Max at Slow Process Corner)
  Requirement:            10.000ns  (sys_clk_pin rise@10.000ns - sys_clk_pin rise@0.000ns)
  Data Path Delay:        8.177ns  (logic 3.411ns (41.716%)  route 4.766ns (58.284%))
  Logic Levels:           4  (LUT4=1 LUT5=1 LUT6=1 RAMD32=1)
  Clock Path Skew:        -0.160ns (DCD - SCD + CPR)
    Destination Clock Delay (DCD):    4.785ns = ( 14.785 - 10.000 ) 
    Source Clock Delay      (SCD):    5.134ns
    Clock Pessimism Removal (CPR):    0.188ns
  Clock Uncertainty:      0.035ns  ((TSJ^2 + TIJ^2)^1/2 + DJ) / 2 + PE
    Total System Jitter     (TSJ):    0.071ns
    Total Input Jitter      (TIJ):    0.000ns
    Discrete Jitter          (DJ):    0.000ns
    Phase Error              (PE):    0.000ns

    Location             Delay type                Incr(ns)  Path(ns)    Netlist Resource(s)
  -------------------------------------------------------------------    -------------------
                         (clock sys_clk_pin rise edge)
                                                      0.000     0.000 r  
    W5                                                0.000     0.000 r  clk (IN)
                         net (fo=0)                   0.000     0.000    clk
    W5                   IBUF (Prop_ibuf_I_O)         1.458     1.458 r  clk_IBUF_inst/O
                         net (fo=1, routed)           1.967     3.425    clk_IBUF
    BUFGCTRL_X0Y0        BUFG (Prop_bufg_I_O)         0.096     3.521 r  clk_IBUF_BUFG_inst/O
                         net (fo=231, routed)         1.613     5.134    program_rom/CLK
    RAMB18_X1Y0          RAMB18E1                                     r  program_rom/ram_1k_generate.akv7.kcpsm6_rom/CLKARDCLK
  -------------------------------------------------------------------    -------------------
    RAMB18_X1Y0          RAMB18E1 (Prop_ramb18e1_CLKARDCLK_DOADO[4])
                                                      2.454     7.588 r  program_rom/ram_1k_generate.akv7.kcpsm6_rom/DOADO[4]
                         net (fo=14, routed)          1.661     9.249    processor/upper_reg_banks/ADDRA0
    SLICE_X34Y2          RAMD32 (Prop_ramd32_RADR0_O)
                                                      0.150     9.399 f  processor/upper_reg_banks/RAMA/O
                         net (fo=3, routed)           1.016    10.415    processor/data_path_loop[4].output_data.sy_kk_mux_lut/I0
    SLICE_X36Y2          LUT5 (Prop_lut5_I0_O)        0.356    10.771 f  processor/data_path_loop[4].output_data.sy_kk_mux_lut/LUT5/O
                         net (fo=19, routed)          0.864    11.635    processor/p_0_in[2]
    SLICE_X36Y3          LUT6 (Prop_lut6_I0_O)        0.332    11.967 r  processor/ds3_reg[7]_i_2/O
                         net (fo=6, routed)           0.726    12.693    processor/ds3_reg[7]_i_2_n_0
    SLICE_X35Y7          LUT4 (Prop_lut4_I3_O)        0.119    12.812 r  processor/ds3_reg[7]_i_1/O
                         net (fo=8, routed)           0.498    13.310    en_d[3]
    SLICE_X33Y8          FDRE                                         r  ds3_reg_reg[1]/CE
  -------------------------------------------------------------------    -------------------

                         (clock sys_clk_pin rise edge)
                                                     10.000    10.000 r  
    W5                                                0.000    10.000 r  clk (IN)
                         net (fo=0)                   0.000    10.000    clk
    W5                   IBUF (Prop_ibuf_I_O)         1.388    11.388 r  clk_IBUF_inst/O
                         net (fo=1, routed)           1.862    13.250    clk_IBUF
    BUFGCTRL_X0Y0        BUFG (Prop_bufg_I_O)         0.091    13.341 r  clk_IBUF_BUFG_inst/O
                         net (fo=231, routed)         1.444    14.785    clk_IBUF_BUFG
    SLICE_X33Y8          FDRE                                         r  ds3_reg_reg[1]/C
                         clock pessimism              0.188    14.973    
                         clock uncertainty           -0.035    14.938    
    SLICE_X33Y8          FDRE (Setup_fdre_C_CE)      -0.413    14.525    ds3_reg_reg[1]
  -------------------------------------------------------------------
                         required time                         14.525    
                         arrival time                         -13.310    
  -------------------------------------------------------------------
                         slack                                  1.215    





Min Delay Paths
--------------------------------------------------------------------------------------
Slack (MET) :             0.109ns  (arrival time - required time)
  Source:                 processor/address_loop[2].pc_flop/C
                            (rising edge-triggered cell FDRE clocked by sys_clk_pin  {rise@0.000ns fall@5.000ns period=10.000ns})
  Destination:            processor/stack_ram_low/RAMD/I
                            (rising edge-triggered cell RAMS32 clocked by sys_clk_pin  {rise@0.000ns fall@5.000ns period=10.000ns})
  Path Group:             sys_clk_pin
  Path Type:              Hold (Min at Fast Process Corner)
  Requirement:            0.000ns  (sys_clk_pin rise@0.000ns - sys_clk_pin rise@0.000ns)
  Data Path Delay:        0.288ns  (logic 0.141ns (48.987%)  route 0.147ns (51.014%))
  Logic Levels:           0  
  Clock Path Skew:        0.035ns (DCD - SCD - CPR)
    Destination Clock Delay (DCD):    1.960ns
    Source Clock Delay      (SCD):    1.447ns
    Clock Pessimism Removal (CPR):    0.478ns

    Location             Delay type                Incr(ns)  Path(ns)    Netlist Resource(s)
  -------------------------------------------------------------------    -------------------
                         (clock sys_clk_pin rise edge)
                                                      0.000     0.000 r  
    W5                                                0.000     0.000 r  clk (IN)
                         net (fo=0)                   0.000     0.000    clk
    W5                   IBUF (Prop_ibuf_I_O)         0.226     0.226 r  clk_IBUF_inst/O
                         net (fo=1, routed)           0.631     0.858    clk_IBUF
    BUFGCTRL_X0Y0        BUFG (Prop_bufg_I_O)         0.026     0.884 r  clk_IBUF_BUFG_inst/O
                         net (fo=231, routed)         0.564     1.447    processor/CLK
    SLICE_X40Y1          FDRE                                         r  processor/address_loop[2].pc_flop/C
  -------------------------------------------------------------------    -------------------
    SLICE_X40Y1          FDRE (Prop_fdre_C_Q)         0.141     1.588 r  processor/address_loop[2].pc_flop/Q
                         net (fo=3, routed)           0.147     1.735    processor/stack_ram_low/DID0
    SLICE_X38Y1          RAMS32                                       r  processor/stack_ram_low/RAMD/I
  -------------------------------------------------------------------    -------------------

                         (clock sys_clk_pin rise edge)
                                                      0.000     0.000 r  
    W5                                                0.000     0.000 r  clk (IN)
                         net (fo=0)                   0.000     0.000    clk
    W5                   IBUF (Prop_ibuf_I_O)         0.414     0.414 r  clk_IBUF_inst/O
                         net (fo=1, routed)           0.685     1.099    clk_IBUF
    BUFGCTRL_X0Y0        BUFG (Prop_bufg_I_O)         0.029     1.128 r  clk_IBUF_BUFG_inst/O
                         net (fo=231, routed)         0.833     1.960    processor/stack_ram_low/WCLK
    SLICE_X38Y1          RAMS32                                       r  processor/stack_ram_low/RAMD/CLK
                         clock pessimism             -0.478     1.482    
    SLICE_X38Y1          RAMS32 (Hold_rams32_CLK_I)
                                                      0.144     1.626    processor/stack_ram_low/RAMD
  -------------------------------------------------------------------
                         required time                         -1.626    
                         arrival time                           1.735    
  -------------------------------------------------------------------
                         slack                                  0.109    

Slack (MET) :             0.121ns  (arrival time - required time)
  Source:                 processor/stack_loop[0].lsb_stack.pointer_flop/C
                            (rising edge-triggered cell FDRE clocked by sys_clk_pin  {rise@0.000ns fall@5.000ns period=10.000ns})
  Destination:            processor/stack_ram_low/RAMA/WADR0
                            (rising edge-triggered cell RAMD32 clocked by sys_clk_pin  {rise@0.000ns fall@5.000ns period=10.000ns})
  Path Group:             sys_clk_pin
  Path Type:              Hold (Min at Fast Process Corner)
  Requirement:            0.000ns  (sys_clk_pin rise@0.000ns - sys_clk_pin rise@0.000ns)
  Data Path Delay:        0.447ns  (logic 0.141ns (31.576%)  route 0.306ns (68.424%))
  Logic Levels:           0  
  Clock Path Skew:        0.016ns (DCD - SCD - CPR)
    Destination Clock Delay (DCD):    1.960ns
    Source Clock Delay      (SCD):    1.447ns
    Clock Pessimism Removal (CPR):    0.497ns

    Location             Delay type                Incr(ns)  Path(ns)    Netlist Resource(s)
  -------------------------------------------------------------------    -------------------
                         (clock sys_clk_pin rise edge)
                                                      0.000     0.000 r  
    W5                                                0.000     0.000 r  clk (IN)
                         net (fo=0)                   0.000     0.000    clk
    W5                   IBUF (Prop_ibuf_I_O)         0.226     0.226 r  clk_IBUF_inst/O
                         net (fo=1, routed)           0.631     0.858    clk_IBUF
    BUFGCTRL_X0Y0        BUFG (Prop_bufg_I_O)         0.026     0.884 r  clk_IBUF_BUFG_inst/O
                         net (fo=231, routed)         0.564     1.447    processor/CLK
    SLICE_X39Y0          FDRE                                         r  processor/stack_loop[0].lsb_stack.pointer_flop/C
  -------------------------------------------------------------------    -------------------
    SLICE_X39Y0          FDRE (Prop_fdre_C_Q)         0.141     1.588 r  processor/stack_loop[0].lsb_stack.pointer_flop/Q
                         net (fo=30, routed)          0.306     1.894    processor/stack_ram_low/ADDRD0
    SLICE_X38Y1          RAMD32                                       r  processor/stack_ram_low/RAMA/WADR0
  -------------------------------------------------------------------    -------------------

                         (clock sys_clk_pin rise edge)
                                                      0.000     0.000 r  
    W5                                                0.000     0.000 r  clk (IN)
                         net (fo=0)                   0.000     0.000    clk
    W5                   IBUF (Prop_ibuf_I_O)         0.414     0.414 r  clk_IBUF_inst/O
                         net (fo=1, routed)           0.685     1.099    clk_IBUF
    BUFGCTRL_X0Y0        BUFG (Prop_bufg_I_O)         0.029     1.128 r  clk_IBUF_BUFG_inst/O
                         net (fo=231, routed)         0.833     1.960    processor/stack_ram_low/WCLK
    SLICE_X38Y1          RAMD32                                       r  processor/stack_ram_low/RAMA/CLK
                         clock pessimism             -0.497     1.463    
    SLICE_X38Y1          RAMD32 (Hold_ramd32_CLK_WADR0)
                                                      0.310     1.773    processor/stack_ram_low/RAMA
  -------------------------------------------------------------------
                         required time                         -1.773    
                         arrival time                           1.894    
  -------------------------------------------------------------------
                         slack                                  0.121    

Slack (MET) :             0.121ns  (arrival time - required time)
  Source:                 processor/stack_loop[0].lsb_stack.pointer_flop/C
                            (rising edge-triggered cell FDRE clocked by sys_clk_pin  {rise@0.000ns fall@5.000ns period=10.000ns})
  Destination:            processor/stack_ram_low/RAMA_D1/WADR0
                            (rising edge-triggered cell RAMD32 clocked by sys_clk_pin  {rise@0.000ns fall@5.000ns period=10.000ns})
  Path Group:             sys_clk_pin
  Path Type:              Hold (Min at Fast Process Corner)
  Requirement:            0.000ns  (sys_clk_pin rise@0.000ns - sys_clk_pin rise@0.000ns)
  Data Path Delay:        0.447ns  (logic 0.141ns (31.576%)  route 0.306ns (68.424%))
  Logic Levels:           0  
  Clock Path Skew:        0.016ns (DCD - SCD - CPR)
    Destination Clock Delay (DCD):    1.960ns
    Source Clock Delay      (SCD):    1.447ns
    Clock Pessimism Removal (CPR):    0.497ns

    Location             Delay type                Incr(ns)  Path(ns)    Netlist Resource(s)
  -------------------------------------------------------------------    -------------------
                         (clock sys_clk_pin rise edge)
                                                      0.000     0.000 r  
    W5                                                0.000     0.000 r  clk (IN)
                         net (fo=0)                   0.000     0.000    clk
    W5                   IBUF (Prop_ibuf_I_O)         0.226     0.226 r  clk_IBUF_inst/O
                         net (fo=1, routed)           0.631     0.858    clk_IBUF
    BUFGCTRL_X0Y0        BUFG (Prop_bufg_I_O)         0.026     0.884 r  clk_IBUF_BUFG_inst/O
                         net (fo=231, routed)         0.564     1.447    processor/CLK
    SLICE_X39Y0          FDRE                                         r  processor/stack_loop[0].lsb_stack.pointer_flop/C
  -------------------------------------------------------------------    -------------------
    SLICE_X39Y0          FDRE (Prop_fdre_C_Q)         0.141     1.588 r  processor/stack_loop[0].lsb_stack.pointer_flop/Q
                         net (fo=30, routed)          0.306     1.894    processor/stack_ram_low/ADDRD0
    SLICE_X38Y1          RAMD32                                       r  processor/stack_ram_low/RAMA_D1/WADR0
  -------------------------------------------------------------------    -------------------

                         (clock sys_clk_pin rise edge)
                                                      0.000     0.000 r  
    W5                                                0.000     0.000 r  clk (IN)
                         net (fo=0)                   0.000     0.000    clk
    W5                   IBUF (Prop_ibuf_I_O)         0.414     0.414 r  clk_IBUF_inst/O
                         net (fo=1, routed)           0.685     1.099    clk_IBUF
    BUFGCTRL_X0Y0        BUFG (Prop_bufg_I_O)         0.029     1.128 r  clk_IBUF_BUFG_inst/O
                         net (fo=231, routed)         0.833     1.960    processor/stack_ram_low/WCLK
    SLICE_X38Y1          RAMD32                                       r  processor/stack_ram_low/RAMA_D1/CLK
                         clock pessimism             -0.497     1.463    
    SLICE_X38Y1          RAMD32 (Hold_ramd32_CLK_WADR0)
                                                      0.310     1.773    processor/stack_ram_low/RAMA_D1
  -------------------------------------------------------------------
                         required time                         -1.773    
                         arrival time                           1.894    
  -------------------------------------------------------------------
                         slack                                  0.121    

Slack (MET) :             0.121ns  (arrival time - required time)
  Source:                 processor/stack_loop[0].lsb_stack.pointer_flop/C
                            (rising edge-triggered cell FDRE clocked by sys_clk_pin  {rise@0.000ns fall@5.000ns period=10.000ns})
  Destination:            processor/stack_ram_low/RAMB/WADR0
                            (rising edge-triggered cell RAMD32 clocked by sys_clk_pin  {rise@0.000ns fall@5.000ns period=10.000ns})
  Path Group:             sys_clk_pin
  Path Type:              Hold (Min at Fast Process Corner)
  Requirement:            0.000ns  (sys_clk_pin rise@0.000ns - sys_clk_pin rise@0.000ns)
  Data Path Delay:        0.447ns  (logic 0.141ns (31.576%)  route 0.306ns (68.424%))
  Logic Levels:           0  
  Clock Path Skew:        0.016ns (DCD - SCD - CPR)
    Destination Clock Delay (DCD):    1.960ns
    Source Clock Delay      (SCD):    1.447ns
    Clock Pessimism Removal (CPR):    0.497ns

    Location             Delay type                Incr(ns)  Path(ns)    Netlist Resource(s)
  -------------------------------------------------------------------    -------------------
                         (clock sys_clk_pin rise edge)
                                                      0.000     0.000 r  
    W5                                                0.000     0.000 r  clk (IN)
                         net (fo=0)                   0.000     0.000    clk
    W5                   IBUF (Prop_ibuf_I_O)         0.226     0.226 r  clk_IBUF_inst/O
                         net (fo=1, routed)           0.631     0.858    clk_IBUF
    BUFGCTRL_X0Y0        BUFG (Prop_bufg_I_O)         0.026     0.884 r  clk_IBUF_BUFG_inst/O
                         net (fo=231, routed)         0.564     1.447    processor/CLK
    SLICE_X39Y0          FDRE                                         r  processor/stack_loop[0].lsb_stack.pointer_flop/C
  -------------------------------------------------------------------    -------------------
    SLICE_X39Y0          FDRE (Prop_fdre_C_Q)         0.141     1.588 r  processor/stack_loop[0].lsb_stack.pointer_flop/Q
                         net (fo=30, routed)          0.306     1.894    processor/stack_ram_low/ADDRD0
    SLICE_X38Y1          RAMD32                                       r  processor/stack_ram_low/RAMB/WADR0
  -------------------------------------------------------------------    -------------------

                         (clock sys_clk_pin rise edge)
                                                      0.000     0.000 r  
    W5                                                0.000     0.000 r  clk (IN)
                         net (fo=0)                   0.000     0.000    clk
    W5                   IBUF (Prop_ibuf_I_O)         0.414     0.414 r  clk_IBUF_inst/O
                         net (fo=1, routed)           0.685     1.099    clk_IBUF
    BUFGCTRL_X0Y0        BUFG (Prop_bufg_I_O)         0.029     1.128 r  clk_IBUF_BUFG_inst/O
                         net (fo=231, routed)         0.833     1.960    processor/stack_ram_low/WCLK
    SLICE_X38Y1          RAMD32                                       r  processor/stack_ram_low/RAMB/CLK
                         clock pessimism             -0.497     1.463    
    SLICE_X38Y1          RAMD32 (Hold_ramd32_CLK_WADR0)
                                                      0.310     1.773    processor/stack_ram_low/RAMB
  -------------------------------------------------------------------
                         required time                         -1.773    
                         arrival time                           1.894    
  -------------------------------------------------------------------
                         slack                                  0.121    

Slack (MET) :             0.121ns  (arrival time - required time)
  Source:                 processor/stack_loop[0].lsb_stack.pointer_flop/C
                            (rising edge-triggered cell FDRE clocked by sys_clk_pin  {rise@0.000ns fall@5.000ns period=10.000ns})
  Destination:            processor/stack_ram_low/RAMB_D1/WADR0
                            (rising edge-triggered cell RAMD32 clocked by sys_clk_pin  {rise@0.000ns fall@5.000ns period=10.000ns})
  Path Group:             sys_clk_pin
  Path Type:              Hold (Min at Fast Process Corner)
  Requirement:            0.000ns  (sys_clk_pin rise@0.000ns - sys_clk_pin rise@0.000ns)
  Data Path Delay:        0.447ns  (logic 0.141ns (31.576%)  route 0.306ns (68.424%))
  Logic Levels:           0  
  Clock Path Skew:        0.016ns (DCD - SCD - CPR)
    Destination Clock Delay (DCD):    1.960ns
    Source Clock Delay      (SCD):    1.447ns
    Clock Pessimism Removal (CPR):    0.497ns

    Location             Delay type                Incr(ns)  Path(ns)    Netlist Resource(s)
  -------------------------------------------------------------------    -------------------
                         (clock sys_clk_pin rise edge)
                                                      0.000     0.000 r  
    W5                                                0.000     0.000 r  clk (IN)
                         net (fo=0)                   0.000     0.000    clk
    W5                   IBUF (Prop_ibuf_I_O)         0.226     0.226 r  clk_IBUF_inst/O
                         net (fo=1, routed)           0.631     0.858    clk_IBUF
    BUFGCTRL_X0Y0        BUFG (Prop_bufg_I_O)         0.026     0.884 r  clk_IBUF_BUFG_inst/O
                         net (fo=231, routed)         0.564     1.447    processor/CLK
    SLICE_X39Y0          FDRE                                         r  processor/stack_loop[0].lsb_stack.pointer_flop/C
  -------------------------------------------------------------------    -------------------
    SLICE_X39Y0          FDRE (Prop_fdre_C_Q)         0.141     1.588 r  processor/stack_loop[0].lsb_stack.pointer_flop/Q
                         net (fo=30, routed)          0.306     1.894    processor/stack_ram_low/ADDRD0
    SLICE_X38Y1          RAMD32                                       r  processor/stack_ram_low/RAMB_D1/WADR0
  -------------------------------------------------------------------    -------------------

                         (clock sys_clk_pin rise edge)
                                                      0.000     0.000 r  
    W5                                                0.000     0.000 r  clk (IN)
                         net (fo=0)                   0.000     0.000    clk
    W5                   IBUF (Prop_ibuf_I_O)         0.414     0.414 r  clk_IBUF_inst/O
                         net (fo=1, routed)           0.685     1.099    clk_IBUF
    BUFGCTRL_X0Y0        BUFG (Prop_bufg_I_O)         0.029     1.128 r  clk_IBUF_BUFG_inst/O
                         net (fo=231, routed)         0.833     1.960    processor/stack_ram_low/WCLK
    SLICE_X38Y1          RAMD32                                       r  processor/stack_ram_low/RAMB_D1/CLK
                         clock pessimism             -0.497     1.463    
    SLICE_X38Y1          RAMD32 (Hold_ramd32_CLK_WADR0)
                                                      0.310     1.773    processor/stack_ram_low/RAMB_D1
  -------------------------------------------------------------------
                         required time                         -1.773    
                         arrival time                           1.894    
  -------------------------------------------------------------------
                         slack                                  0.121    

Slack (MET) :             0.121ns  (arrival time - required time)
  Source:                 processor/stack_loop[0].lsb_stack.pointer_flop/C
                            (rising edge-triggered cell FDRE clocked by sys_clk_pin  {rise@0.000ns fall@5.000ns period=10.000ns})
  Destination:            processor/stack_ram_low/RAMC/WADR0
                            (rising edge-triggered cell RAMD32 clocked by sys_clk_pin  {rise@0.000ns fall@5.000ns period=10.000ns})
  Path Group:             sys_clk_pin
  Path Type:              Hold (Min at Fast Process Corner)
  Requirement:            0.000ns  (sys_clk_pin rise@0.000ns - sys_clk_pin rise@0.000ns)
  Data Path Delay:        0.447ns  (logic 0.141ns (31.576%)  route 0.306ns (68.424%))
  Logic Levels:           0  
  Clock Path Skew:        0.016ns (DCD - SCD - CPR)
    Destination Clock Delay (DCD):    1.960ns
    Source Clock Delay      (SCD):    1.447ns
    Clock Pessimism Removal (CPR):    0.497ns

    Location             Delay type                Incr(ns)  Path(ns)    Netlist Resource(s)
  -------------------------------------------------------------------    -------------------
                         (clock sys_clk_pin rise edge)
                                                      0.000     0.000 r  
    W5                                                0.000     0.000 r  clk (IN)
                         net (fo=0)                   0.000     0.000    clk
    W5                   IBUF (Prop_ibuf_I_O)         0.226     0.226 r  clk_IBUF_inst/O
                         net (fo=1, routed)           0.631     0.858    clk_IBUF
    BUFGCTRL_X0Y0        BUFG (Prop_bufg_I_O)         0.026     0.884 r  clk_IBUF_BUFG_inst/O
                         net (fo=231, routed)         0.564     1.447    processor/CLK
    SLICE_X39Y0          FDRE                                         r  processor/stack_loop[0].lsb_stack.pointer_flop/C
  -------------------------------------------------------------------    -------------------
    SLICE_X39Y0          FDRE (Prop_fdre_C_Q)         0.141     1.588 r  processor/stack_loop[0].lsb_stack.pointer_flop/Q
                         net (fo=30, routed)          0.306     1.894    processor/stack_ram_low/ADDRD0
    SLICE_X38Y1          RAMD32                                       r  processor/stack_ram_low/RAMC/WADR0
  -------------------------------------------------------------------    -------------------

                         (clock sys_clk_pin rise edge)
                                                      0.000     0.000 r  
    W5                                                0.000     0.000 r  clk (IN)
                         net (fo=0)                   0.000     0.000    clk
    W5                   IBUF (Prop_ibuf_I_O)         0.414     0.414 r  clk_IBUF_inst/O
                         net (fo=1, routed)           0.685     1.099    clk_IBUF
    BUFGCTRL_X0Y0        BUFG (Prop_bufg_I_O)         0.029     1.128 r  clk_IBUF_BUFG_inst/O
                         net (fo=231, routed)         0.833     1.960    processor/stack_ram_low/WCLK
    SLICE_X38Y1          RAMD32                                       r  processor/stack_ram_low/RAMC/CLK
                         clock pessimism             -0.497     1.463    
    SLICE_X38Y1          RAMD32 (Hold_ramd32_CLK_WADR0)
                                                      0.310     1.773    processor/stack_ram_low/RAMC
  -------------------------------------------------------------------
                         required time                         -1.773    
                         arrival time                           1.894    
  -------------------------------------------------------------------
                         slack                                  0.121    

Slack (MET) :             0.121ns  (arrival time - required time)
  Source:                 processor/stack_loop[0].lsb_stack.pointer_flop/C
                            (rising edge-triggered cell FDRE clocked by sys_clk_pin  {rise@0.000ns fall@5.000ns period=10.000ns})
  Destination:            processor/stack_ram_low/RAMC_D1/WADR0
                            (rising edge-triggered cell RAMD32 clocked by sys_clk_pin  {rise@0.000ns fall@5.000ns period=10.000ns})
  Path Group:             sys_clk_pin
  Path Type:              Hold (Min at Fast Process Corner)
  Requirement:            0.000ns  (sys_clk_pin rise@0.000ns - sys_clk_pin rise@0.000ns)
  Data Path Delay:        0.447ns  (logic 0.141ns (31.576%)  route 0.306ns (68.424%))
  Logic Levels:           0  
  Clock Path Skew:        0.016ns (DCD - SCD - CPR)
    Destination Clock Delay (DCD):    1.960ns
    Source Clock Delay      (SCD):    1.447ns
    Clock Pessimism Removal (CPR):    0.497ns

    Location             Delay type                Incr(ns)  Path(ns)    Netlist Resource(s)
  -------------------------------------------------------------------    -------------------
                         (clock sys_clk_pin rise edge)
                                                      0.000     0.000 r  
    W5                                                0.000     0.000 r  clk (IN)
                         net (fo=0)                   0.000     0.000    clk
    W5                   IBUF (Prop_ibuf_I_O)         0.226     0.226 r  clk_IBUF_inst/O
                         net (fo=1, routed)           0.631     0.858    clk_IBUF
    BUFGCTRL_X0Y0        BUFG (Prop_bufg_I_O)         0.026     0.884 r  clk_IBUF_BUFG_inst/O
                         net (fo=231, routed)         0.564     1.447    processor/CLK
    SLICE_X39Y0          FDRE                                         r  processor/stack_loop[0].lsb_stack.pointer_flop/C
  -------------------------------------------------------------------    -------------------
    SLICE_X39Y0          FDRE (Prop_fdre_C_Q)         0.141     1.588 r  processor/stack_loop[0].lsb_stack.pointer_flop/Q
                         net (fo=30, routed)          0.306     1.894    processor/stack_ram_low/ADDRD0
    SLICE_X38Y1          RAMD32                                       r  processor/stack_ram_low/RAMC_D1/WADR0
  -------------------------------------------------------------------    -------------------

                         (clock sys_clk_pin rise edge)
                                                      0.000     0.000 r  
    W5                                                0.000     0.000 r  clk (IN)
                         net (fo=0)                   0.000     0.000    clk
    W5                   IBUF (Prop_ibuf_I_O)         0.414     0.414 r  clk_IBUF_inst/O
                         net (fo=1, routed)           0.685     1.099    clk_IBUF
    BUFGCTRL_X0Y0        BUFG (Prop_bufg_I_O)         0.029     1.128 r  clk_IBUF_BUFG_inst/O
                         net (fo=231, routed)         0.833     1.960    processor/stack_ram_low/WCLK
    SLICE_X38Y1          RAMD32                                       r  processor/stack_ram_low/RAMC_D1/CLK
                         clock pessimism             -0.497     1.463    
    SLICE_X38Y1          RAMD32 (Hold_ramd32_CLK_WADR0)
                                                      0.310     1.773    processor/stack_ram_low/RAMC_D1
  -------------------------------------------------------------------
                         required time                         -1.773    
                         arrival time                           1.894    
  -------------------------------------------------------------------
                         slack                                  0.121    

Slack (MET) :             0.121ns  (arrival time - required time)
  Source:                 processor/stack_loop[0].lsb_stack.pointer_flop/C
                            (rising edge-triggered cell FDRE clocked by sys_clk_pin  {rise@0.000ns fall@5.000ns period=10.000ns})
  Destination:            processor/stack_ram_low/RAMD/ADR0
                            (rising edge-triggered cell RAMS32 clocked by sys_clk_pin  {rise@0.000ns fall@5.000ns period=10.000ns})
  Path Group:             sys_clk_pin
  Path Type:              Hold (Min at Fast Process Corner)
  Requirement:            0.000ns  (sys_clk_pin rise@0.000ns - sys_clk_pin rise@0.000ns)
  Data Path Delay:        0.447ns  (logic 0.141ns (31.576%)  route 0.306ns (68.424%))
  Logic Levels:           0  
  Clock Path Skew:        0.016ns (DCD - SCD - CPR)
    Destination Clock Delay (DCD):    1.960ns
    Source Clock Delay      (SCD):    1.447ns
    Clock Pessimism Removal (CPR):    0.497ns

    Location             Delay type                Incr(ns)  Path(ns)    Netlist Resource(s)
  -------------------------------------------------------------------    -------------------
                         (clock sys_clk_pin rise edge)
                                                      0.000     0.000 r  
    W5                                                0.000     0.000 r  clk (IN)
                         net (fo=0)                   0.000     0.000    clk
    W5                   IBUF (Prop_ibuf_I_O)         0.226     0.226 r  clk_IBUF_inst/O
                         net (fo=1, routed)           0.631     0.858    clk_IBUF
    BUFGCTRL_X0Y0        BUFG (Prop_bufg_I_O)         0.026     0.884 r  clk_IBUF_BUFG_inst/O
                         net (fo=231, routed)         0.564     1.447    processor/CLK
    SLICE_X39Y0          FDRE                                         r  processor/stack_loop[0].lsb_stack.pointer_flop/C
  -------------------------------------------------------------------    -------------------
    SLICE_X39Y0          FDRE (Prop_fdre_C_Q)         0.141     1.588 r  processor/stack_loop[0].lsb_stack.pointer_flop/Q
                         net (fo=30, routed)          0.306     1.894    processor/stack_ram_low/ADDRD0
    SLICE_X38Y1          RAMS32                                       r  processor/stack_ram_low/RAMD/ADR0
  -------------------------------------------------------------------    -------------------

                         (clock sys_clk_pin rise edge)
                                                      0.000     0.000 r  
    W5                                                0.000     0.000 r  clk (IN)
                         net (fo=0)                   0.000     0.000    clk
    W5                   IBUF (Prop_ibuf_I_O)         0.414     0.414 r  clk_IBUF_inst/O
                         net (fo=1, routed)           0.685     1.099    clk_IBUF
    BUFGCTRL_X0Y0        BUFG (Prop_bufg_I_O)         0.029     1.128 r  clk_IBUF_BUFG_inst/O
                         net (fo=231, routed)         0.833     1.960    processor/stack_ram_low/WCLK
    SLICE_X38Y1          RAMS32                                       r  processor/stack_ram_low/RAMD/CLK
                         clock pessimism             -0.497     1.463    
    SLICE_X38Y1          RAMS32 (Hold_rams32_CLK_ADR0)
                                                      0.310     1.773    processor/stack_ram_low/RAMD
  -------------------------------------------------------------------
                         required time                         -1.773    
                         arrival time                           1.894    
  -------------------------------------------------------------------
                         slack                                  0.121    

Slack (MET) :             0.121ns  (arrival time - required time)
  Source:                 processor/stack_loop[0].lsb_stack.pointer_flop/C
                            (rising edge-triggered cell FDRE clocked by sys_clk_pin  {rise@0.000ns fall@5.000ns period=10.000ns})
  Destination:            processor/stack_ram_low/RAMD_D1/ADR0
                            (rising edge-triggered cell RAMS32 clocked by sys_clk_pin  {rise@0.000ns fall@5.000ns period=10.000ns})
  Path Group:             sys_clk_pin
  Path Type:              Hold (Min at Fast Process Corner)
  Requirement:            0.000ns  (sys_clk_pin rise@0.000ns - sys_clk_pin rise@0.000ns)
  Data Path Delay:        0.447ns  (logic 0.141ns (31.576%)  route 0.306ns (68.424%))
  Logic Levels:           0  
  Clock Path Skew:        0.016ns (DCD - SCD - CPR)
    Destination Clock Delay (DCD):    1.960ns
    Source Clock Delay      (SCD):    1.447ns
    Clock Pessimism Removal (CPR):    0.497ns

    Location             Delay type                Incr(ns)  Path(ns)    Netlist Resource(s)
  -------------------------------------------------------------------    -------------------
                         (clock sys_clk_pin rise edge)
                                                      0.000     0.000 r  
    W5                                                0.000     0.000 r  clk (IN)
                         net (fo=0)                   0.000     0.000    clk
    W5                   IBUF (Prop_ibuf_I_O)         0.226     0.226 r  clk_IBUF_inst/O
                         net (fo=1, routed)           0.631     0.858    clk_IBUF
    BUFGCTRL_X0Y0        BUFG (Prop_bufg_I_O)         0.026     0.884 r  clk_IBUF_BUFG_inst/O
                         net (fo=231, routed)         0.564     1.447    processor/CLK
    SLICE_X39Y0          FDRE                                         r  processor/stack_loop[0].lsb_stack.pointer_flop/C
  -------------------------------------------------------------------    -------------------
    SLICE_X39Y0          FDRE (Prop_fdre_C_Q)         0.141     1.588 r  processor/stack_loop[0].lsb_stack.pointer_flop/Q
                         net (fo=30, routed)          0.306     1.894    processor/stack_ram_low/ADDRD0
    SLICE_X38Y1          RAMS32                                       r  processor/stack_ram_low/RAMD_D1/ADR0
  -------------------------------------------------------------------    -------------------

                         (clock sys_clk_pin rise edge)
                                                      0.000     0.000 r  
    W5                                                0.000     0.000 r  clk (IN)
                         net (fo=0)                   0.000     0.000    clk
    W5                   IBUF (Prop_ibuf_I_O)         0.414     0.414 r  clk_IBUF_inst/O
                         net (fo=1, routed)           0.685     1.099    clk_IBUF
    BUFGCTRL_X0Y0        BUFG (Prop_bufg_I_O)         0.029     1.128 r  clk_IBUF_BUFG_inst/O
                         net (fo=231, routed)         0.833     1.960    processor/stack_ram_low/WCLK
    SLICE_X38Y1          RAMS32                                       r  processor/stack_ram_low/RAMD_D1/CLK
                         clock pessimism             -0.497     1.463    
    SLICE_X38Y1          RAMS32 (Hold_rams32_CLK_ADR0)
                                                      0.310     1.773    processor/stack_ram_low/RAMD_D1
  -------------------------------------------------------------------
                         required time                         -1.773    
                         arrival time                           1.894    
  -------------------------------------------------------------------
                         slack                                  0.121    

Slack (MET) :             0.122ns  (arrival time - required time)
  Source:                 processor/stack_loop[3].upper_stack.pointer_flop/C
                            (rising edge-triggered cell FDRE clocked by sys_clk_pin  {rise@0.000ns fall@5.000ns period=10.000ns})
  Destination:            processor/stack_ram_low/RAMA/WADR3
                            (rising edge-triggered cell RAMD32 clocked by sys_clk_pin  {rise@0.000ns fall@5.000ns period=10.000ns})
  Path Group:             sys_clk_pin
  Path Type:              Hold (Min at Fast Process Corner)
  Requirement:            0.000ns  (sys_clk_pin rise@0.000ns - sys_clk_pin rise@0.000ns)
  Data Path Delay:        0.378ns  (logic 0.141ns (37.260%)  route 0.237ns (62.740%))
  Logic Levels:           0  
  Clock Path Skew:        0.016ns (DCD - SCD - CPR)
    Destination Clock Delay (DCD):    1.960ns
    Source Clock Delay      (SCD):    1.447ns
    Clock Pessimism Removal (CPR):    0.497ns

    Location             Delay type                Incr(ns)  Path(ns)    Netlist Resource(s)
  -------------------------------------------------------------------    -------------------
                         (clock sys_clk_pin rise edge)
                                                      0.000     0.000 r  
    W5                                                0.000     0.000 r  clk (IN)
                         net (fo=0)                   0.000     0.000    clk
    W5                   IBUF (Prop_ibuf_I_O)         0.226     0.226 r  clk_IBUF_inst/O
                         net (fo=1, routed)           0.631     0.858    clk_IBUF
    BUFGCTRL_X0Y0        BUFG (Prop_bufg_I_O)         0.026     0.884 r  clk_IBUF_BUFG_inst/O
                         net (fo=231, routed)         0.564     1.447    processor/CLK
    SLICE_X39Y0          FDRE                                         r  processor/stack_loop[3].upper_stack.pointer_flop/C
  -------------------------------------------------------------------    -------------------
    SLICE_X39Y0          FDRE (Prop_fdre_C_Q)         0.141     1.588 r  processor/stack_loop[3].upper_stack.pointer_flop/Q
                         net (fo=30, routed)          0.237     1.826    processor/stack_ram_low/ADDRD3
    SLICE_X38Y1          RAMD32                                       r  processor/stack_ram_low/RAMA/WADR3
  -------------------------------------------------------------------    -------------------

                         (clock sys_clk_pin rise edge)
                                                      0.000     0.000 r  
    W5                                                0.000     0.000 r  clk (IN)
                         net (fo=0)                   0.000     0.000    clk
    W5                   IBUF (Prop_ibuf_I_O)         0.414     0.414 r  clk_IBUF_inst/O
                         net (fo=1, routed)           0.685     1.099    clk_IBUF
    BUFGCTRL_X0Y0        BUFG (Prop_bufg_I_O)         0.029     1.128 r  clk_IBUF_BUFG_inst/O
                         net (fo=231, routed)         0.833     1.960    processor/stack_ram_low/WCLK
    SLICE_X38Y1          RAMD32                                       r  processor/stack_ram_low/RAMA/CLK
                         clock pessimism             -0.497     1.463    
    SLICE_X38Y1          RAMD32 (Hold_ramd32_CLK_WADR3)
                                                      0.240     1.703    processor/stack_ram_low/RAMA
  -------------------------------------------------------------------
                         required time                         -1.703    
                         arrival time                           1.826    
  -------------------------------------------------------------------
                         slack                                  0.122    





Pulse Width Checks
--------------------------------------------------------------------------------------
Clock Name:         sys_clk_pin
Waveform(ns):       { 0.000 5.000 }
Period(ns):         10.000
Sources:            { clk }

Check Type        Corner  Lib Pin             Reference Pin  Required(ns)  Actual(ns)  Slack(ns)  Location       Pin
Min Period        n/a     RAMB18E1/CLKARDCLK  n/a            2.576         10.000      7.424      RAMB18_X1Y0    program_rom/ram_1k_generate.akv7.kcpsm6_rom/CLKARDCLK
Min Period        n/a     BUFG/I              n/a            2.155         10.000      7.845      BUFGCTRL_X0Y0  clk_IBUF_BUFG_inst/I
Min Period        n/a     FDRE/C              n/a            1.000         10.000      9.000      SLICE_X32Y4    btnc_flag_reg_reg/C
Min Period        n/a     FDCE/C              n/a            1.000         10.000      9.000      SLICE_X32Y6    btnc_unit/FSM_sequential_state_reg_reg[0]/C
Min Period        n/a     FDCE/C              n/a            1.000         10.000      9.000      SLICE_X32Y6    btnc_unit/FSM_sequential_state_reg_reg[1]/C
Min Period        n/a     FDCE/C              n/a            1.000         10.000      9.000      SLICE_X31Y5    btns_unit/q_reg_reg[0]/C
Min Period        n/a     FDCE/C              n/a            1.000         10.000      9.000      SLICE_X28Y6    btns_unit/q_reg_reg[10]/C
Min Period        n/a     FDCE/C              n/a            1.000         10.000      9.000      SLICE_X28Y7    btns_unit/q_reg_reg[11]/C
Min Period        n/a     FDCE/C              n/a            1.000         10.000      9.000      SLICE_X28Y7    btns_unit/q_reg_reg[12]/C
Min Period        n/a     FDCE/C              n/a            1.000         10.000      9.000      SLICE_X28Y6    btns_unit/q_reg_reg[13]/C
Low Pulse Width   Slow    RAMD32/CLK          n/a            1.250         5.000       3.750      SLICE_X38Y2    processor/stack_ram_high/RAMA/CLK
Low Pulse Width   Slow    RAMD32/CLK          n/a            1.250         5.000       3.750      SLICE_X38Y2    processor/stack_ram_high/RAMA_D1/CLK
Low Pulse Width   Slow    RAMD32/CLK          n/a            1.250         5.000       3.750      SLICE_X38Y2    processor/stack_ram_high/RAMB/CLK
Low Pulse Width   Slow    RAMD32/CLK          n/a            1.250         5.000       3.750      SLICE_X38Y2    processor/stack_ram_high/RAMB_D1/CLK
Low Pulse Width   Slow    RAMS32/CLK          n/a            1.250         5.000       3.750      SLICE_X38Y1    processor/stack_ram_low/RAMD_D1/CLK
Low Pulse Width   Slow    RAMD32/CLK          n/a            1.250         5.000       3.750      SLICE_X38Y2    processor/stack_ram_high/RAMC/CLK
Low Pulse Width   Slow    RAMD32/CLK          n/a            1.250         5.000       3.750      SLICE_X38Y2    processor/stack_ram_high/RAMC_D1/CLK
Low Pulse Width   Slow    RAMS32/CLK          n/a            1.250         5.000       3.750      SLICE_X38Y2    processor/stack_ram_high/RAMD/CLK
Low Pulse Width   Slow    RAMS32/CLK          n/a            1.250         5.000       3.750      SLICE_X38Y2    processor/stack_ram_high/RAMD_D1/CLK
Low Pulse Width   Slow    RAMD32/CLK          n/a            1.250         5.000       3.750      SLICE_X38Y1    processor/stack_ram_low/RAMA/CLK
High Pulse Width  Fast    RAMS32/CLK          n/a            1.250         5.000       3.750      SLICE_X34Y1    processor/lower_reg_banks/RAMD/CLK
High Pulse Width  Fast    RAMS32/CLK          n/a            1.250         5.000       3.750      SLICE_X34Y1    processor/lower_reg_banks/RAMD_D1/CLK
High Pulse Width  Fast    RAMD32/CLK          n/a            1.250         5.000       3.750      SLICE_X34Y2    processor/upper_reg_banks/RAMA/CLK
High Pulse Width  Fast    RAMD32/CLK          n/a            1.250         5.000       3.750      SLICE_X34Y2    processor/upper_reg_banks/RAMA_D1/CLK
High Pulse Width  Fast    RAMD32/CLK          n/a            1.250         5.000       3.750      SLICE_X34Y2    processor/upper_reg_banks/RAMB/CLK
High Pulse Width  Fast    RAMD64E/CLK         n/a            1.250         5.000       3.750      SLICE_X34Y3    processor/data_path_loop[0].small_spm.small_spm_ram.spm_ram/RAMA/CLK
High Pulse Width  Fast    RAMD32/CLK          n/a            1.250         5.000       3.750      SLICE_X34Y2    processor/upper_reg_banks/RAMB_D1/CLK
High Pulse Width  Fast    RAMD32/CLK          n/a            1.250         5.000       3.750      SLICE_X34Y2    processor/upper_reg_banks/RAMC/CLK
High Pulse Width  Fast    RAMD32/CLK          n/a            1.250         5.000       3.750      SLICE_X34Y2    processor/upper_reg_banks/RAMC_D1/CLK
High Pulse Width  Fast    RAMS32/CLK          n/a            1.250         5.000       3.750      SLICE_X34Y2    processor/upper_reg_banks/RAMD/CLK



