Copyright 1986-2018 Xilinx, Inc. All Rights Reserved.
-----------------------------------------------------------------------------------------------------------------------------------------------------------------------------------------------
| Tool Version : Vivado v.2018.3 (win64) Build 2405991 Thu Dec  6 23:38:27 MST 2018
| Date         : Fri Apr  3 18:54:02 2026
| Host         : BH610-DRZVK84 running 64-bit major release  (build 9200)
| Command      : report_timing_summary -max_paths 10 -file XADCdemo_timing_summary_routed.rpt -pb XADCdemo_timing_summary_routed.pb -rpx XADCdemo_timing_summary_routed.rpx -warn_on_violation
| Design       : XADCdemo
| Device       : 7a35t-cpg236
| Speed File   : -1  PRODUCTION 1.23 2018-06-13
-----------------------------------------------------------------------------------------------------------------------------------------------------------------------------------------------

Timing Summary Report

------------------------------------------------------------------------------------------------
| Timer Settings
| --------------
------------------------------------------------------------------------------------------------

  Enable Multi Corner Analysis               :  Yes
  Enable Pessimism Removal                   :  Yes
  Pessimism Removal Resolution               :  Nearest Common Node
  Enable Input Delay Default Clock           :  No
  Enable Preset / Clear Arcs                 :  No
  Disable Flight Delays                      :  No
  Ignore I/O Paths                           :  No
  Timing Early Launch at Borrowing Latches   :  false

  Corner  Analyze    Analyze    
  Name    Max Paths  Min Paths  
  ------  ---------  ---------  
  Slow    Yes        Yes        
  Fast    Yes        Yes        



check_timing report

Table of Contents
-----------------
1. checking no_clock
2. checking constant_clock
3. checking pulse_width_clock
4. checking unconstrained_internal_endpoints
5. checking no_input_delay
6. checking no_output_delay
7. checking multiple_clock
8. checking generated_clocks
9. checking loops
10. checking partial_input_delay
11. checking partial_output_delay
12. checking latch_loops

1. checking no_clock
--------------------
 There are 3 register/latch pins with no clock driven by root clock pin: segment1/XLXI_47/clk_div_reg/Q (HIGH)


2. checking constant_clock
--------------------------
 There are 0 register/latch pins with constant_clock.


3. checking pulse_width_clock
-----------------------------
 There are 0 register/latch pins which need pulse_width check


4. checking unconstrained_internal_endpoints
--------------------------------------------
 There are 3 pins that are not constrained for maximum delay. (HIGH)

 There are 0 pins that are not constrained for maximum delay due to constant clock.


5. checking no_input_delay
--------------------------
 There are 2 input ports with no input delay specified. (HIGH)

 There are 0 input ports with no input delay but user has a false path constraint.


6. checking no_output_delay
---------------------------
 There are 27 ports with no output delay specified. (HIGH)

 There are 0 ports with no output delay but user has a false path constraint

 There are 0 ports with no output delay but with a timing clock defined on it or propagating through it


7. checking multiple_clock
--------------------------
 There are 0 register/latch pins with multiple clocks.


8. checking generated_clocks
----------------------------
 There are 0 generated clocks that are not connected to a clock source.


9. checking loops
-----------------
 There are 0 combinational loops in the design.


10. checking partial_input_delay
--------------------------------
 There are 0 input ports with partial input delay specified.


11. checking partial_output_delay
---------------------------------
 There are 0 ports with partial output delay specified.


12. checking latch_loops
------------------------
 There are 0 combinational latch loops in the design through latch input



------------------------------------------------------------------------------------------------
| Design Timing Summary
| ---------------------
------------------------------------------------------------------------------------------------

    WNS(ns)      TNS(ns)  TNS Failing Endpoints  TNS Total Endpoints      WHS(ns)      THS(ns)  THS Failing Endpoints  THS Total Endpoints     WPWS(ns)     TPWS(ns)  TPWS Failing Endpoints  TPWS Total Endpoints  
    -------      -------  ---------------------  -------------------      -------      -------  ---------------------  -------------------     --------     --------  ----------------------  --------------------  
     -2.659      -82.283                     32                  415        0.168        0.000                      0                  415        4.500        0.000                       0                   188  


Timing constraints are not met.


------------------------------------------------------------------------------------------------
| Clock Summary
| -------------
------------------------------------------------------------------------------------------------

Clock        Waveform(ns)       Period(ns)      Frequency(MHz)
-----        ------------       ----------      --------------
sys_clk_pin  {0.000 5.000}      10.000          100.000         


------------------------------------------------------------------------------------------------
| Intra Clock Table
| -----------------
------------------------------------------------------------------------------------------------

Clock             WNS(ns)      TNS(ns)  TNS Failing Endpoints  TNS Total Endpoints      WHS(ns)      THS(ns)  THS Failing Endpoints  THS Total Endpoints     WPWS(ns)     TPWS(ns)  TPWS Failing Endpoints  TPWS Total Endpoints  
-----             -------      -------  ---------------------  -------------------      -------      -------  ---------------------  -------------------     --------     --------  ----------------------  --------------------  
sys_clk_pin        -2.659      -82.283                     32                  415        0.168        0.000                      0                  415        4.500        0.000                       0                   188  


------------------------------------------------------------------------------------------------
| Inter Clock Table
| -----------------
------------------------------------------------------------------------------------------------

From Clock    To Clock          WNS(ns)      TNS(ns)  TNS Failing Endpoints  TNS Total Endpoints      WHS(ns)      THS(ns)  THS Failing Endpoints  THS Total Endpoints  
----------    --------          -------      -------  ---------------------  -------------------      -------      -------  ---------------------  -------------------  


------------------------------------------------------------------------------------------------
| Other Path Groups Table
| -----------------------
------------------------------------------------------------------------------------------------

Path Group    From Clock    To Clock          WNS(ns)      TNS(ns)  TNS Failing Endpoints  TNS Total Endpoints      WHS(ns)      THS(ns)  THS Failing Endpoints  THS Total Endpoints  
----------    ----------    --------          -------      -------  ---------------------  -------------------      -------      -------  ---------------------  -------------------  


------------------------------------------------------------------------------------------------
| Timing Details
| --------------
------------------------------------------------------------------------------------------------


---------------------------------------------------------------------------------------------------
From Clock:  sys_clk_pin
  To Clock:  sys_clk_pin

Setup :           32  Failing Endpoints,  Worst Slack       -2.659ns,  Total Violation      -82.283ns
Hold  :            0  Failing Endpoints,  Worst Slack        0.168ns,  Total Violation        0.000ns
PW    :            0  Failing Endpoints,  Worst Slack        4.500ns,  Total Violation        0.000ns
---------------------------------------------------------------------------------------------------


Max Delay Paths
--------------------------------------------------------------------------------------
Slack (VIOLATED) :        -2.659ns  (required time - arrival time)
  Source:                 m_b2d/data_reg[6]/C
                            (rising edge-triggered cell FDRE clocked by sys_clk_pin  {rise@0.000ns fall@5.000ns period=10.000ns})
  Destination:            m_b2d/div_reg[27]/D
                            (rising edge-triggered cell FDRE clocked by sys_clk_pin  {rise@0.000ns fall@5.000ns period=10.000ns})
  Path Group:             sys_clk_pin
  Path Type:              Setup (Max at Slow Process Corner)
  Requirement:            10.000ns  (sys_clk_pin rise@10.000ns - sys_clk_pin rise@0.000ns)
  Data Path Delay:        12.613ns  (logic 6.880ns (54.546%)  route 5.733ns (45.454%))
  Logic Levels:           24  (CARRY4=18 LUT2=1 LUT3=2 LUT4=2 LUT6=1)
  Clock Path Skew:        -0.039ns (DCD - SCD + CPR)
    Destination Clock Delay (DCD):    4.770ns = ( 14.770 - 10.000 ) 
    Source Clock Delay      (SCD):    5.067ns
    Clock Pessimism Removal (CPR):    0.258ns
  Clock Uncertainty:      0.035ns  ((TSJ^2 + TIJ^2)^1/2 + DJ) / 2 + PE
    Total System Jitter     (TSJ):    0.071ns
    Total Input Jitter      (TIJ):    0.000ns
    Discrete Jitter          (DJ):    0.000ns
    Phase Error              (PE):    0.000ns

    Location             Delay type                Incr(ns)  Path(ns)    Netlist Resource(s)
  -------------------------------------------------------------------    -------------------
                         (clock sys_clk_pin rise edge)
                                                      0.000     0.000 r  
    W5                                                0.000     0.000 r  CLK100MHZ (IN)
                         net (fo=0)                   0.000     0.000    CLK100MHZ
    W5                   IBUF (Prop_ibuf_I_O)         1.458     1.458 r  CLK100MHZ_IBUF_inst/O
                         net (fo=1, routed)           1.967     3.425    CLK100MHZ_IBUF
    BUFGCTRL_X0Y0        BUFG (Prop_bufg_I_O)         0.096     3.521 r  CLK100MHZ_IBUF_BUFG_inst/O
                         net (fo=188, routed)         1.546     5.067    m_b2d/CLK100MHZ_IBUF_BUFG
    SLICE_X41Y66         FDRE                                         r  m_b2d/data_reg[6]/C
  -------------------------------------------------------------------    -------------------
    SLICE_X41Y66         FDRE (Prop_fdre_C_Q)         0.419     5.486 f  m_b2d/data_reg[6]/Q
                         net (fo=68, routed)          0.914     6.400    m_b2d/data_reg_n_0_[6]
    SLICE_X44Y68         LUT3 (Prop_lut3_I0_O)        0.299     6.699 r  m_b2d/div0__0_i_1/O
                         net (fo=6, routed)           0.661     7.360    m_b2d/div0__0_i_1_n_0
    SLICE_X39Y68         CARRY4 (Prop_carry4_DI[3]_CO[3])
                                                      0.385     7.745 r  m_b2d/div0__0/CO[3]
                         net (fo=1, routed)           0.000     7.745    m_b2d/div0__0_n_0
    SLICE_X39Y69         CARRY4 (Prop_carry4_CI_CO[3])
                                                      0.114     7.859 r  m_b2d/div0__1/CO[3]
                         net (fo=1, routed)           0.000     7.859    m_b2d/div0__1_n_0
    SLICE_X39Y70         CARRY4 (Prop_carry4_CI_CO[3])
                                                      0.114     7.973 r  m_b2d/div0__2/CO[3]
                         net (fo=1, routed)           0.000     7.973    m_b2d/div0__2_n_0
    SLICE_X39Y71         CARRY4 (Prop_carry4_CI_CO[3])
                                                      0.114     8.087 r  m_b2d/div0__3/CO[3]
                         net (fo=1, routed)           0.000     8.087    m_b2d/div0__3_n_0
    SLICE_X39Y72         CARRY4 (Prop_carry4_CI_O[0])
                                                      0.222     8.309 r  m_b2d/div0__4/O[0]
                         net (fo=3, routed)           1.074     9.383    m_b2d/div0__4_n_7
    SLICE_X35Y70         LUT6 (Prop_lut6_I0_O)        0.299     9.682 r  m_b2d/div0__48_i_7/O
                         net (fo=1, routed)           0.000     9.682    m_b2d/div0__48_i_7_n_0
    SLICE_X35Y70         CARRY4 (Prop_carry4_S[1]_CO[3])
                                                      0.550    10.232 r  m_b2d/div0__48/CO[3]
                         net (fo=1, routed)           0.000    10.232    m_b2d/div0__48_n_0
    SLICE_X35Y71         CARRY4 (Prop_carry4_CI_CO[3])
                                                      0.114    10.346 r  m_b2d/div0__49/CO[3]
                         net (fo=1, routed)           0.000    10.346    m_b2d/div0__49_n_0
    SLICE_X35Y72         CARRY4 (Prop_carry4_CI_O[0])
                                                      0.222    10.568 r  m_b2d/div0__50/O[0]
                         net (fo=3, routed)           0.615    11.183    m_b2d/div0__50_n_7
    SLICE_X40Y74         LUT3 (Prop_lut3_I0_O)        0.299    11.482 r  m_b2d/div0__61_i_3/O
                         net (fo=1, routed)           0.557    12.039    m_b2d/div0__61_i_3_n_0
    SLICE_X44Y74         CARRY4 (Prop_carry4_DI[1]_CO[3])
                                                      0.507    12.546 r  m_b2d/div0__61/CO[3]
                         net (fo=1, routed)           0.009    12.555    m_b2d/div0__61_n_0
    SLICE_X44Y75         CARRY4 (Prop_carry4_CI_CO[3])
                                                      0.114    12.669 r  m_b2d/div0__62/CO[3]
                         net (fo=1, routed)           0.000    12.669    m_b2d/div0__62_n_0
    SLICE_X44Y76         CARRY4 (Prop_carry4_CI_O[1])
                                                      0.334    13.003 r  m_b2d/div0__63/O[1]
                         net (fo=5, routed)           0.510    13.512    m_b2d/div0__63_n_6
    SLICE_X45Y78         LUT2 (Prop_lut2_I1_O)        0.303    13.815 r  m_b2d/div0__71_i_3/O
                         net (fo=1, routed)           0.000    13.815    m_b2d/div0__71_i_3_n_0
    SLICE_X45Y78         CARRY4 (Prop_carry4_S[1]_CO[3])
                                                      0.550    14.365 r  m_b2d/div0__71/CO[3]
                         net (fo=1, routed)           0.000    14.365    m_b2d/div0__71_n_0
    SLICE_X45Y79         CARRY4 (Prop_carry4_CI_CO[3])
                                                      0.114    14.479 r  m_b2d/div0__72/CO[3]
                         net (fo=1, routed)           0.000    14.479    m_b2d/div0__72_n_0
    SLICE_X45Y80         CARRY4 (Prop_carry4_CI_CO[3])
                                                      0.114    14.593 r  m_b2d/div0__73/CO[3]
                         net (fo=1, routed)           0.000    14.593    m_b2d/div0__73_n_0
    SLICE_X45Y81         CARRY4 (Prop_carry4_CI_CO[3])
                                                      0.114    14.707 r  m_b2d/div0__74/CO[3]
                         net (fo=1, routed)           0.000    14.707    m_b2d/div0__74_n_0
    SLICE_X45Y82         CARRY4 (Prop_carry4_CI_O[1])
                                                      0.334    15.041 r  m_b2d/div0__75/O[1]
                         net (fo=3, routed)           0.799    15.841    m_b2d/div0__75_n_6
    SLICE_X43Y81         LUT4 (Prop_lut4_I1_O)        0.303    16.144 r  m_b2d/div0__83_i_5/O
                         net (fo=1, routed)           0.000    16.144    m_b2d/div0__83_i_5_n_0
    SLICE_X43Y81         CARRY4 (Prop_carry4_S[3]_CO[3])
                                                      0.401    16.545 r  m_b2d/div0__83/CO[3]
                         net (fo=1, routed)           0.000    16.545    m_b2d/div0__83_n_0
    SLICE_X43Y82         CARRY4 (Prop_carry4_CI_CO[2])
                                                      0.228    16.773 r  m_b2d/div0__84/CO[2]
                         net (fo=29, routed)          0.594    17.367    m_b2d/div0__84_n_1
    SLICE_X40Y82         LUT4 (Prop_lut4_I1_O)        0.313    17.680 r  m_b2d/div[27]_i_1/O
                         net (fo=1, routed)           0.000    17.680    m_b2d/p_0_in[27]
    SLICE_X40Y82         FDRE                                         r  m_b2d/div_reg[27]/D
  -------------------------------------------------------------------    -------------------

                         (clock sys_clk_pin rise edge)
                                                     10.000    10.000 r  
    W5                                                0.000    10.000 r  CLK100MHZ (IN)
                         net (fo=0)                   0.000    10.000    CLK100MHZ
    W5                   IBUF (Prop_ibuf_I_O)         1.388    11.388 r  CLK100MHZ_IBUF_inst/O
                         net (fo=1, routed)           1.862    13.250    CLK100MHZ_IBUF
    BUFGCTRL_X0Y0        BUFG (Prop_bufg_I_O)         0.091    13.341 r  CLK100MHZ_IBUF_BUFG_inst/O
                         net (fo=188, routed)         1.429    14.770    m_b2d/CLK100MHZ_IBUF_BUFG
    SLICE_X40Y82         FDRE                                         r  m_b2d/div_reg[27]/C
                         clock pessimism              0.258    15.028    
                         clock uncertainty           -0.035    14.993    
    SLICE_X40Y82         FDRE (Setup_fdre_C_D)        0.029    15.022    m_b2d/div_reg[27]
  -------------------------------------------------------------------
                         required time                         15.022    
                         arrival time                         -17.680    
  -------------------------------------------------------------------
                         slack                                 -2.659    

Slack (VIOLATED) :        -2.657ns  (required time - arrival time)
  Source:                 m_b2d/data_reg[6]/C
                            (rising edge-triggered cell FDRE clocked by sys_clk_pin  {rise@0.000ns fall@5.000ns period=10.000ns})
  Destination:            m_b2d/div_reg[25]/D
                            (rising edge-triggered cell FDRE clocked by sys_clk_pin  {rise@0.000ns fall@5.000ns period=10.000ns})
  Path Group:             sys_clk_pin
  Path Type:              Setup (Max at Slow Process Corner)
  Requirement:            10.000ns  (sys_clk_pin rise@10.000ns - sys_clk_pin rise@0.000ns)
  Data Path Delay:        12.617ns  (logic 6.880ns (54.531%)  route 5.737ns (45.469%))
  Logic Levels:           24  (CARRY4=18 LUT2=1 LUT3=2 LUT4=2 LUT6=1)
  Clock Path Skew:        -0.037ns (DCD - SCD + CPR)
    Destination Clock Delay (DCD):    4.772ns = ( 14.772 - 10.000 ) 
    Source Clock Delay      (SCD):    5.067ns
    Clock Pessimism Removal (CPR):    0.258ns
  Clock Uncertainty:      0.035ns  ((TSJ^2 + TIJ^2)^1/2 + DJ) / 2 + PE
    Total System Jitter     (TSJ):    0.071ns
    Total Input Jitter      (TIJ):    0.000ns
    Discrete Jitter          (DJ):    0.000ns
    Phase Error              (PE):    0.000ns

    Location             Delay type                Incr(ns)  Path(ns)    Netlist Resource(s)
  -------------------------------------------------------------------    -------------------
                         (clock sys_clk_pin rise edge)
                                                      0.000     0.000 r  
    W5                                                0.000     0.000 r  CLK100MHZ (IN)
                         net (fo=0)                   0.000     0.000    CLK100MHZ
    W5                   IBUF (Prop_ibuf_I_O)         1.458     1.458 r  CLK100MHZ_IBUF_inst/O
                         net (fo=1, routed)           1.967     3.425    CLK100MHZ_IBUF
    BUFGCTRL_X0Y0        BUFG (Prop_bufg_I_O)         0.096     3.521 r  CLK100MHZ_IBUF_BUFG_inst/O
                         net (fo=188, routed)         1.546     5.067    m_b2d/CLK100MHZ_IBUF_BUFG
    SLICE_X41Y66         FDRE                                         r  m_b2d/data_reg[6]/C
  -------------------------------------------------------------------    -------------------
    SLICE_X41Y66         FDRE (Prop_fdre_C_Q)         0.419     5.486 f  m_b2d/data_reg[6]/Q
                         net (fo=68, routed)          0.914     6.400    m_b2d/data_reg_n_0_[6]
    SLICE_X44Y68         LUT3 (Prop_lut3_I0_O)        0.299     6.699 r  m_b2d/div0__0_i_1/O
                         net (fo=6, routed)           0.661     7.360    m_b2d/div0__0_i_1_n_0
    SLICE_X39Y68         CARRY4 (Prop_carry4_DI[3]_CO[3])
                                                      0.385     7.745 r  m_b2d/div0__0/CO[3]
                         net (fo=1, routed)           0.000     7.745    m_b2d/div0__0_n_0
    SLICE_X39Y69         CARRY4 (Prop_carry4_CI_CO[3])
                                                      0.114     7.859 r  m_b2d/div0__1/CO[3]
                         net (fo=1, routed)           0.000     7.859    m_b2d/div0__1_n_0
    SLICE_X39Y70         CARRY4 (Prop_carry4_CI_CO[3])
                                                      0.114     7.973 r  m_b2d/div0__2/CO[3]
                         net (fo=1, routed)           0.000     7.973    m_b2d/div0__2_n_0
    SLICE_X39Y71         CARRY4 (Prop_carry4_CI_CO[3])
                                                      0.114     8.087 r  m_b2d/div0__3/CO[3]
                         net (fo=1, routed)           0.000     8.087    m_b2d/div0__3_n_0
    SLICE_X39Y72         CARRY4 (Prop_carry4_CI_O[0])
                                                      0.222     8.309 r  m_b2d/div0__4/O[0]
                         net (fo=3, routed)           1.074     9.383    m_b2d/div0__4_n_7
    SLICE_X35Y70         LUT6 (Prop_lut6_I0_O)        0.299     9.682 r  m_b2d/div0__48_i_7/O
                         net (fo=1, routed)           0.000     9.682    m_b2d/div0__48_i_7_n_0
    SLICE_X35Y70         CARRY4 (Prop_carry4_S[1]_CO[3])
                                                      0.550    10.232 r  m_b2d/div0__48/CO[3]
                         net (fo=1, routed)           0.000    10.232    m_b2d/div0__48_n_0
    SLICE_X35Y71         CARRY4 (Prop_carry4_CI_CO[3])
                                                      0.114    10.346 r  m_b2d/div0__49/CO[3]
                         net (fo=1, routed)           0.000    10.346    m_b2d/div0__49_n_0
    SLICE_X35Y72         CARRY4 (Prop_carry4_CI_O[0])
                                                      0.222    10.568 r  m_b2d/div0__50/O[0]
                         net (fo=3, routed)           0.615    11.183    m_b2d/div0__50_n_7
    SLICE_X40Y74         LUT3 (Prop_lut3_I0_O)        0.299    11.482 r  m_b2d/div0__61_i_3/O
                         net (fo=1, routed)           0.557    12.039    m_b2d/div0__61_i_3_n_0
    SLICE_X44Y74         CARRY4 (Prop_carry4_DI[1]_CO[3])
                                                      0.507    12.546 r  m_b2d/div0__61/CO[3]
                         net (fo=1, routed)           0.009    12.555    m_b2d/div0__61_n_0
    SLICE_X44Y75         CARRY4 (Prop_carry4_CI_CO[3])
                                                      0.114    12.669 r  m_b2d/div0__62/CO[3]
                         net (fo=1, routed)           0.000    12.669    m_b2d/div0__62_n_0
    SLICE_X44Y76         CARRY4 (Prop_carry4_CI_O[1])
                                                      0.334    13.003 r  m_b2d/div0__63/O[1]
                         net (fo=5, routed)           0.510    13.512    m_b2d/div0__63_n_6
    SLICE_X45Y78         LUT2 (Prop_lut2_I1_O)        0.303    13.815 r  m_b2d/div0__71_i_3/O
                         net (fo=1, routed)           0.000    13.815    m_b2d/div0__71_i_3_n_0
    SLICE_X45Y78         CARRY4 (Prop_carry4_S[1]_CO[3])
                                                      0.550    14.365 r  m_b2d/div0__71/CO[3]
                         net (fo=1, routed)           0.000    14.365    m_b2d/div0__71_n_0
    SLICE_X45Y79         CARRY4 (Prop_carry4_CI_CO[3])
                                                      0.114    14.479 r  m_b2d/div0__72/CO[3]
                         net (fo=1, routed)           0.000    14.479    m_b2d/div0__72_n_0
    SLICE_X45Y80         CARRY4 (Prop_carry4_CI_CO[3])
                                                      0.114    14.593 r  m_b2d/div0__73/CO[3]
                         net (fo=1, routed)           0.000    14.593    m_b2d/div0__73_n_0
    SLICE_X45Y81         CARRY4 (Prop_carry4_CI_CO[3])
                                                      0.114    14.707 r  m_b2d/div0__74/CO[3]
                         net (fo=1, routed)           0.000    14.707    m_b2d/div0__74_n_0
    SLICE_X45Y82         CARRY4 (Prop_carry4_CI_O[1])
                                                      0.334    15.041 r  m_b2d/div0__75/O[1]
                         net (fo=3, routed)           0.799    15.841    m_b2d/div0__75_n_6
    SLICE_X43Y81         LUT4 (Prop_lut4_I1_O)        0.303    16.144 r  m_b2d/div0__83_i_5/O
                         net (fo=1, routed)           0.000    16.144    m_b2d/div0__83_i_5_n_0
    SLICE_X43Y81         CARRY4 (Prop_carry4_S[3]_CO[3])
                                                      0.401    16.545 r  m_b2d/div0__83/CO[3]
                         net (fo=1, routed)           0.000    16.545    m_b2d/div0__83_n_0
    SLICE_X43Y82         CARRY4 (Prop_carry4_CI_CO[2])
                                                      0.228    16.773 r  m_b2d/div0__84/CO[2]
                         net (fo=29, routed)          0.598    17.371    m_b2d/div0__84_n_1
    SLICE_X44Y83         LUT4 (Prop_lut4_I1_O)        0.313    17.684 r  m_b2d/div[25]_i_1/O
                         net (fo=1, routed)           0.000    17.684    m_b2d/p_0_in[25]
    SLICE_X44Y83         FDRE                                         r  m_b2d/div_reg[25]/D
  -------------------------------------------------------------------    -------------------

                         (clock sys_clk_pin rise edge)
                                                     10.000    10.000 r  
    W5                                                0.000    10.000 r  CLK100MHZ (IN)
                         net (fo=0)                   0.000    10.000    CLK100MHZ
    W5                   IBUF (Prop_ibuf_I_O)         1.388    11.388 r  CLK100MHZ_IBUF_inst/O
                         net (fo=1, routed)           1.862    13.250    CLK100MHZ_IBUF
    BUFGCTRL_X0Y0        BUFG (Prop_bufg_I_O)         0.091    13.341 r  CLK100MHZ_IBUF_BUFG_inst/O
                         net (fo=188, routed)         1.431    14.772    m_b2d/CLK100MHZ_IBUF_BUFG
    SLICE_X44Y83         FDRE                                         r  m_b2d/div_reg[25]/C
                         clock pessimism              0.258    15.030    
                         clock uncertainty           -0.035    14.995    
    SLICE_X44Y83         FDRE (Setup_fdre_C_D)        0.032    15.027    m_b2d/div_reg[25]
  -------------------------------------------------------------------
                         required time                         15.027    
                         arrival time                         -17.684    
  -------------------------------------------------------------------
                         slack                                 -2.657    

Slack (VIOLATED) :        -2.656ns  (required time - arrival time)
  Source:                 m_b2d/data_reg[6]/C
                            (rising edge-triggered cell FDRE clocked by sys_clk_pin  {rise@0.000ns fall@5.000ns period=10.000ns})
  Destination:            m_b2d/div_reg[3]/D
                            (rising edge-triggered cell FDRE clocked by sys_clk_pin  {rise@0.000ns fall@5.000ns period=10.000ns})
  Path Group:             sys_clk_pin
  Path Type:              Setup (Max at Slow Process Corner)
  Requirement:            10.000ns  (sys_clk_pin rise@10.000ns - sys_clk_pin rise@0.000ns)
  Data Path Delay:        12.613ns  (logic 6.880ns (54.546%)  route 5.733ns (45.454%))
  Logic Levels:           24  (CARRY4=18 LUT2=1 LUT3=2 LUT4=2 LUT6=1)
  Clock Path Skew:        -0.039ns (DCD - SCD + CPR)
    Destination Clock Delay (DCD):    4.770ns = ( 14.770 - 10.000 ) 
    Source Clock Delay      (SCD):    5.067ns
    Clock Pessimism Removal (CPR):    0.258ns
  Clock Uncertainty:      0.035ns  ((TSJ^2 + TIJ^2)^1/2 + DJ) / 2 + PE
    Total System Jitter     (TSJ):    0.071ns
    Total Input Jitter      (TIJ):    0.000ns
    Discrete Jitter          (DJ):    0.000ns
    Phase Error              (PE):    0.000ns

    Location             Delay type                Incr(ns)  Path(ns)    Netlist Resource(s)
  -------------------------------------------------------------------    -------------------
                         (clock sys_clk_pin rise edge)
                                                      0.000     0.000 r  
    W5                                                0.000     0.000 r  CLK100MHZ (IN)
                         net (fo=0)                   0.000     0.000    CLK100MHZ
    W5                   IBUF (Prop_ibuf_I_O)         1.458     1.458 r  CLK100MHZ_IBUF_inst/O
                         net (fo=1, routed)           1.967     3.425    CLK100MHZ_IBUF
    BUFGCTRL_X0Y0        BUFG (Prop_bufg_I_O)         0.096     3.521 r  CLK100MHZ_IBUF_BUFG_inst/O
                         net (fo=188, routed)         1.546     5.067    m_b2d/CLK100MHZ_IBUF_BUFG
    SLICE_X41Y66         FDRE                                         r  m_b2d/data_reg[6]/C
  -------------------------------------------------------------------    -------------------
    SLICE_X41Y66         FDRE (Prop_fdre_C_Q)         0.419     5.486 f  m_b2d/data_reg[6]/Q
                         net (fo=68, routed)          0.914     6.400    m_b2d/data_reg_n_0_[6]
    SLICE_X44Y68         LUT3 (Prop_lut3_I0_O)        0.299     6.699 r  m_b2d/div0__0_i_1/O
                         net (fo=6, routed)           0.661     7.360    m_b2d/div0__0_i_1_n_0
    SLICE_X39Y68         CARRY4 (Prop_carry4_DI[3]_CO[3])
                                                      0.385     7.745 r  m_b2d/div0__0/CO[3]
                         net (fo=1, routed)           0.000     7.745    m_b2d/div0__0_n_0
    SLICE_X39Y69         CARRY4 (Prop_carry4_CI_CO[3])
                                                      0.114     7.859 r  m_b2d/div0__1/CO[3]
                         net (fo=1, routed)           0.000     7.859    m_b2d/div0__1_n_0
    SLICE_X39Y70         CARRY4 (Prop_carry4_CI_CO[3])
                                                      0.114     7.973 r  m_b2d/div0__2/CO[3]
                         net (fo=1, routed)           0.000     7.973    m_b2d/div0__2_n_0
    SLICE_X39Y71         CARRY4 (Prop_carry4_CI_CO[3])
                                                      0.114     8.087 r  m_b2d/div0__3/CO[3]
                         net (fo=1, routed)           0.000     8.087    m_b2d/div0__3_n_0
    SLICE_X39Y72         CARRY4 (Prop_carry4_CI_O[0])
                                                      0.222     8.309 r  m_b2d/div0__4/O[0]
                         net (fo=3, routed)           1.074     9.383    m_b2d/div0__4_n_7
    SLICE_X35Y70         LUT6 (Prop_lut6_I0_O)        0.299     9.682 r  m_b2d/div0__48_i_7/O
                         net (fo=1, routed)           0.000     9.682    m_b2d/div0__48_i_7_n_0
    SLICE_X35Y70         CARRY4 (Prop_carry4_S[1]_CO[3])
                                                      0.550    10.232 r  m_b2d/div0__48/CO[3]
                         net (fo=1, routed)           0.000    10.232    m_b2d/div0__48_n_0
    SLICE_X35Y71         CARRY4 (Prop_carry4_CI_CO[3])
                                                      0.114    10.346 r  m_b2d/div0__49/CO[3]
                         net (fo=1, routed)           0.000    10.346    m_b2d/div0__49_n_0
    SLICE_X35Y72         CARRY4 (Prop_carry4_CI_O[0])
                                                      0.222    10.568 r  m_b2d/div0__50/O[0]
                         net (fo=3, routed)           0.615    11.183    m_b2d/div0__50_n_7
    SLICE_X40Y74         LUT3 (Prop_lut3_I0_O)        0.299    11.482 r  m_b2d/div0__61_i_3/O
                         net (fo=1, routed)           0.557    12.039    m_b2d/div0__61_i_3_n_0
    SLICE_X44Y74         CARRY4 (Prop_carry4_DI[1]_CO[3])
                                                      0.507    12.546 r  m_b2d/div0__61/CO[3]
                         net (fo=1, routed)           0.009    12.555    m_b2d/div0__61_n_0
    SLICE_X44Y75         CARRY4 (Prop_carry4_CI_CO[3])
                                                      0.114    12.669 r  m_b2d/div0__62/CO[3]
                         net (fo=1, routed)           0.000    12.669    m_b2d/div0__62_n_0
    SLICE_X44Y76         CARRY4 (Prop_carry4_CI_O[1])
                                                      0.334    13.003 r  m_b2d/div0__63/O[1]
                         net (fo=5, routed)           0.510    13.512    m_b2d/div0__63_n_6
    SLICE_X45Y78         LUT2 (Prop_lut2_I1_O)        0.303    13.815 r  m_b2d/div0__71_i_3/O
                         net (fo=1, routed)           0.000    13.815    m_b2d/div0__71_i_3_n_0
    SLICE_X45Y78         CARRY4 (Prop_carry4_S[1]_CO[3])
                                                      0.550    14.365 r  m_b2d/div0__71/CO[3]
                         net (fo=1, routed)           0.000    14.365    m_b2d/div0__71_n_0
    SLICE_X45Y79         CARRY4 (Prop_carry4_CI_CO[3])
                                                      0.114    14.479 r  m_b2d/div0__72/CO[3]
                         net (fo=1, routed)           0.000    14.479    m_b2d/div0__72_n_0
    SLICE_X45Y80         CARRY4 (Prop_carry4_CI_CO[3])
                                                      0.114    14.593 r  m_b2d/div0__73/CO[3]
                         net (fo=1, routed)           0.000    14.593    m_b2d/div0__73_n_0
    SLICE_X45Y81         CARRY4 (Prop_carry4_CI_CO[3])
                                                      0.114    14.707 r  m_b2d/div0__74/CO[3]
                         net (fo=1, routed)           0.000    14.707    m_b2d/div0__74_n_0
    SLICE_X45Y82         CARRY4 (Prop_carry4_CI_O[1])
                                                      0.334    15.041 r  m_b2d/div0__75/O[1]
                         net (fo=3, routed)           0.799    15.841    m_b2d/div0__75_n_6
    SLICE_X43Y81         LUT4 (Prop_lut4_I1_O)        0.303    16.144 r  m_b2d/div0__83_i_5/O
                         net (fo=1, routed)           0.000    16.144    m_b2d/div0__83_i_5_n_0
    SLICE_X43Y81         CARRY4 (Prop_carry4_S[3]_CO[3])
                                                      0.401    16.545 r  m_b2d/div0__83/CO[3]
                         net (fo=1, routed)           0.000    16.545    m_b2d/div0__83_n_0
    SLICE_X43Y82         CARRY4 (Prop_carry4_CI_CO[2])
                                                      0.228    16.773 r  m_b2d/div0__84/CO[2]
                         net (fo=29, routed)          0.594    17.367    m_b2d/div0__84_n_1
    SLICE_X40Y82         LUT4 (Prop_lut4_I1_O)        0.313    17.680 r  m_b2d/div[3]_i_1/O
                         net (fo=1, routed)           0.000    17.680    m_b2d/p_0_in[3]
    SLICE_X40Y82         FDRE                                         r  m_b2d/div_reg[3]/D
  -------------------------------------------------------------------    -------------------

                         (clock sys_clk_pin rise edge)
                                                     10.000    10.000 r  
    W5                                                0.000    10.000 r  CLK100MHZ (IN)
                         net (fo=0)                   0.000    10.000    CLK100MHZ
    W5                   IBUF (Prop_ibuf_I_O)         1.388    11.388 r  CLK100MHZ_IBUF_inst/O
                         net (fo=1, routed)           1.862    13.250    CLK100MHZ_IBUF
    BUFGCTRL_X0Y0        BUFG (Prop_bufg_I_O)         0.091    13.341 r  CLK100MHZ_IBUF_BUFG_inst/O
                         net (fo=188, routed)         1.429    14.770    m_b2d/CLK100MHZ_IBUF_BUFG
    SLICE_X40Y82         FDRE                                         r  m_b2d/div_reg[3]/C
                         clock pessimism              0.258    15.028    
                         clock uncertainty           -0.035    14.993    
    SLICE_X40Y82         FDRE (Setup_fdre_C_D)        0.032    15.025    m_b2d/div_reg[3]
  -------------------------------------------------------------------
                         required time                         15.025    
                         arrival time                         -17.680    
  -------------------------------------------------------------------
                         slack                                 -2.656    

Slack (VIOLATED) :        -2.655ns  (required time - arrival time)
  Source:                 m_b2d/data_reg[6]/C
                            (rising edge-triggered cell FDRE clocked by sys_clk_pin  {rise@0.000ns fall@5.000ns period=10.000ns})
  Destination:            m_b2d/div_reg[24]/D
                            (rising edge-triggered cell FDRE clocked by sys_clk_pin  {rise@0.000ns fall@5.000ns period=10.000ns})
  Path Group:             sys_clk_pin
  Path Type:              Setup (Max at Slow Process Corner)
  Requirement:            10.000ns  (sys_clk_pin rise@10.000ns - sys_clk_pin rise@0.000ns)
  Data Path Delay:        12.614ns  (logic 6.880ns (54.545%)  route 5.734ns (45.455%))
  Logic Levels:           24  (CARRY4=18 LUT2=1 LUT3=2 LUT4=2 LUT6=1)
  Clock Path Skew:        -0.037ns (DCD - SCD + CPR)
    Destination Clock Delay (DCD):    4.772ns = ( 14.772 - 10.000 ) 
    Source Clock Delay      (SCD):    5.067ns
    Clock Pessimism Removal (CPR):    0.258ns
  Clock Uncertainty:      0.035ns  ((TSJ^2 + TIJ^2)^1/2 + DJ) / 2 + PE
    Total System Jitter     (TSJ):    0.071ns
    Total Input Jitter      (TIJ):    0.000ns
    Discrete Jitter          (DJ):    0.000ns
    Phase Error              (PE):    0.000ns

    Location             Delay type                Incr(ns)  Path(ns)    Netlist Resource(s)
  -------------------------------------------------------------------    -------------------
                         (clock sys_clk_pin rise edge)
                                                      0.000     0.000 r  
    W5                                                0.000     0.000 r  CLK100MHZ (IN)
                         net (fo=0)                   0.000     0.000    CLK100MHZ
    W5                   IBUF (Prop_ibuf_I_O)         1.458     1.458 r  CLK100MHZ_IBUF_inst/O
                         net (fo=1, routed)           1.967     3.425    CLK100MHZ_IBUF
    BUFGCTRL_X0Y0        BUFG (Prop_bufg_I_O)         0.096     3.521 r  CLK100MHZ_IBUF_BUFG_inst/O
                         net (fo=188, routed)         1.546     5.067    m_b2d/CLK100MHZ_IBUF_BUFG
    SLICE_X41Y66         FDRE                                         r  m_b2d/data_reg[6]/C
  -------------------------------------------------------------------    -------------------
    SLICE_X41Y66         FDRE (Prop_fdre_C_Q)         0.419     5.486 f  m_b2d/data_reg[6]/Q
                         net (fo=68, routed)          0.914     6.400    m_b2d/data_reg_n_0_[6]
    SLICE_X44Y68         LUT3 (Prop_lut3_I0_O)        0.299     6.699 r  m_b2d/div0__0_i_1/O
                         net (fo=6, routed)           0.661     7.360    m_b2d/div0__0_i_1_n_0
    SLICE_X39Y68         CARRY4 (Prop_carry4_DI[3]_CO[3])
                                                      0.385     7.745 r  m_b2d/div0__0/CO[3]
                         net (fo=1, routed)           0.000     7.745    m_b2d/div0__0_n_0
    SLICE_X39Y69         CARRY4 (Prop_carry4_CI_CO[3])
                                                      0.114     7.859 r  m_b2d/div0__1/CO[3]
                         net (fo=1, routed)           0.000     7.859    m_b2d/div0__1_n_0
    SLICE_X39Y70         CARRY4 (Prop_carry4_CI_CO[3])
                                                      0.114     7.973 r  m_b2d/div0__2/CO[3]
                         net (fo=1, routed)           0.000     7.973    m_b2d/div0__2_n_0
    SLICE_X39Y71         CARRY4 (Prop_carry4_CI_CO[3])
                                                      0.114     8.087 r  m_b2d/div0__3/CO[3]
                         net (fo=1, routed)           0.000     8.087    m_b2d/div0__3_n_0
    SLICE_X39Y72         CARRY4 (Prop_carry4_CI_O[0])
                                                      0.222     8.309 r  m_b2d/div0__4/O[0]
                         net (fo=3, routed)           1.074     9.383    m_b2d/div0__4_n_7
    SLICE_X35Y70         LUT6 (Prop_lut6_I0_O)        0.299     9.682 r  m_b2d/div0__48_i_7/O
                         net (fo=1, routed)           0.000     9.682    m_b2d/div0__48_i_7_n_0
    SLICE_X35Y70         CARRY4 (Prop_carry4_S[1]_CO[3])
                                                      0.550    10.232 r  m_b2d/div0__48/CO[3]
                         net (fo=1, routed)           0.000    10.232    m_b2d/div0__48_n_0
    SLICE_X35Y71         CARRY4 (Prop_carry4_CI_CO[3])
                                                      0.114    10.346 r  m_b2d/div0__49/CO[3]
                         net (fo=1, routed)           0.000    10.346    m_b2d/div0__49_n_0
    SLICE_X35Y72         CARRY4 (Prop_carry4_CI_O[0])
                                                      0.222    10.568 r  m_b2d/div0__50/O[0]
                         net (fo=3, routed)           0.615    11.183    m_b2d/div0__50_n_7
    SLICE_X40Y74         LUT3 (Prop_lut3_I0_O)        0.299    11.482 r  m_b2d/div0__61_i_3/O
                         net (fo=1, routed)           0.557    12.039    m_b2d/div0__61_i_3_n_0
    SLICE_X44Y74         CARRY4 (Prop_carry4_DI[1]_CO[3])
                                                      0.507    12.546 r  m_b2d/div0__61/CO[3]
                         net (fo=1, routed)           0.009    12.555    m_b2d/div0__61_n_0
    SLICE_X44Y75         CARRY4 (Prop_carry4_CI_CO[3])
                                                      0.114    12.669 r  m_b2d/div0__62/CO[3]
                         net (fo=1, routed)           0.000    12.669    m_b2d/div0__62_n_0
    SLICE_X44Y76         CARRY4 (Prop_carry4_CI_O[1])
                                                      0.334    13.003 r  m_b2d/div0__63/O[1]
                         net (fo=5, routed)           0.510    13.512    m_b2d/div0__63_n_6
    SLICE_X45Y78         LUT2 (Prop_lut2_I1_O)        0.303    13.815 r  m_b2d/div0__71_i_3/O
                         net (fo=1, routed)           0.000    13.815    m_b2d/div0__71_i_3_n_0
    SLICE_X45Y78         CARRY4 (Prop_carry4_S[1]_CO[3])
                                                      0.550    14.365 r  m_b2d/div0__71/CO[3]
                         net (fo=1, routed)           0.000    14.365    m_b2d/div0__71_n_0
    SLICE_X45Y79         CARRY4 (Prop_carry4_CI_CO[3])
                                                      0.114    14.479 r  m_b2d/div0__72/CO[3]
                         net (fo=1, routed)           0.000    14.479    m_b2d/div0__72_n_0
    SLICE_X45Y80         CARRY4 (Prop_carry4_CI_CO[3])
                                                      0.114    14.593 r  m_b2d/div0__73/CO[3]
                         net (fo=1, routed)           0.000    14.593    m_b2d/div0__73_n_0
    SLICE_X45Y81         CARRY4 (Prop_carry4_CI_CO[3])
                                                      0.114    14.707 r  m_b2d/div0__74/CO[3]
                         net (fo=1, routed)           0.000    14.707    m_b2d/div0__74_n_0
    SLICE_X45Y82         CARRY4 (Prop_carry4_CI_O[1])
                                                      0.334    15.041 r  m_b2d/div0__75/O[1]
                         net (fo=3, routed)           0.799    15.841    m_b2d/div0__75_n_6
    SLICE_X43Y81         LUT4 (Prop_lut4_I1_O)        0.303    16.144 r  m_b2d/div0__83_i_5/O
                         net (fo=1, routed)           0.000    16.144    m_b2d/div0__83_i_5_n_0
    SLICE_X43Y81         CARRY4 (Prop_carry4_S[3]_CO[3])
                                                      0.401    16.545 r  m_b2d/div0__83/CO[3]
                         net (fo=1, routed)           0.000    16.545    m_b2d/div0__83_n_0
    SLICE_X43Y82         CARRY4 (Prop_carry4_CI_CO[2])
                                                      0.228    16.773 r  m_b2d/div0__84/CO[2]
                         net (fo=29, routed)          0.595    17.367    m_b2d/div0__84_n_1
    SLICE_X44Y83         LUT4 (Prop_lut4_I1_O)        0.313    17.680 r  m_b2d/div[24]_i_1/O
                         net (fo=1, routed)           0.000    17.680    m_b2d/p_0_in[24]
    SLICE_X44Y83         FDRE                                         r  m_b2d/div_reg[24]/D
  -------------------------------------------------------------------    -------------------

                         (clock sys_clk_pin rise edge)
                                                     10.000    10.000 r  
    W5                                                0.000    10.000 r  CLK100MHZ (IN)
                         net (fo=0)                   0.000    10.000    CLK100MHZ
    W5                   IBUF (Prop_ibuf_I_O)         1.388    11.388 r  CLK100MHZ_IBUF_inst/O
                         net (fo=1, routed)           1.862    13.250    CLK100MHZ_IBUF
    BUFGCTRL_X0Y0        BUFG (Prop_bufg_I_O)         0.091    13.341 r  CLK100MHZ_IBUF_BUFG_inst/O
                         net (fo=188, routed)         1.431    14.772    m_b2d/CLK100MHZ_IBUF_BUFG
    SLICE_X44Y83         FDRE                                         r  m_b2d/div_reg[24]/C
                         clock pessimism              0.258    15.030    
                         clock uncertainty           -0.035    14.995    
    SLICE_X44Y83         FDRE (Setup_fdre_C_D)        0.031    15.026    m_b2d/div_reg[24]
  -------------------------------------------------------------------
                         required time                         15.026    
                         arrival time                         -17.680    
  -------------------------------------------------------------------
                         slack                                 -2.655    

Slack (VIOLATED) :        -2.654ns  (required time - arrival time)
  Source:                 m_b2d/data_reg[6]/C
                            (rising edge-triggered cell FDRE clocked by sys_clk_pin  {rise@0.000ns fall@5.000ns period=10.000ns})
  Destination:            m_b2d/div_reg[10]/D
                            (rising edge-triggered cell FDRE clocked by sys_clk_pin  {rise@0.000ns fall@5.000ns period=10.000ns})
  Path Group:             sys_clk_pin
  Path Type:              Setup (Max at Slow Process Corner)
  Requirement:            10.000ns  (sys_clk_pin rise@10.000ns - sys_clk_pin rise@0.000ns)
  Data Path Delay:        12.610ns  (logic 6.880ns (54.559%)  route 5.730ns (45.441%))
  Logic Levels:           24  (CARRY4=18 LUT2=1 LUT3=2 LUT4=2 LUT6=1)
  Clock Path Skew:        -0.039ns (DCD - SCD + CPR)
    Destination Clock Delay (DCD):    4.770ns = ( 14.770 - 10.000 ) 
    Source Clock Delay      (SCD):    5.067ns
    Clock Pessimism Removal (CPR):    0.258ns
  Clock Uncertainty:      0.035ns  ((TSJ^2 + TIJ^2)^1/2 + DJ) / 2 + PE
    Total System Jitter     (TSJ):    0.071ns
    Total Input Jitter      (TIJ):    0.000ns
    Discrete Jitter          (DJ):    0.000ns
    Phase Error              (PE):    0.000ns

    Location             Delay type                Incr(ns)  Path(ns)    Netlist Resource(s)
  -------------------------------------------------------------------    -------------------
                         (clock sys_clk_pin rise edge)
                                                      0.000     0.000 r  
    W5                                                0.000     0.000 r  CLK100MHZ (IN)
                         net (fo=0)                   0.000     0.000    CLK100MHZ
    W5                   IBUF (Prop_ibuf_I_O)         1.458     1.458 r  CLK100MHZ_IBUF_inst/O
                         net (fo=1, routed)           1.967     3.425    CLK100MHZ_IBUF
    BUFGCTRL_X0Y0        BUFG (Prop_bufg_I_O)         0.096     3.521 r  CLK100MHZ_IBUF_BUFG_inst/O
                         net (fo=188, routed)         1.546     5.067    m_b2d/CLK100MHZ_IBUF_BUFG
    SLICE_X41Y66         FDRE                                         r  m_b2d/data_reg[6]/C
  -------------------------------------------------------------------    -------------------
    SLICE_X41Y66         FDRE (Prop_fdre_C_Q)         0.419     5.486 f  m_b2d/data_reg[6]/Q
                         net (fo=68, routed)          0.914     6.400    m_b2d/data_reg_n_0_[6]
    SLICE_X44Y68         LUT3 (Prop_lut3_I0_O)        0.299     6.699 r  m_b2d/div0__0_i_1/O
                         net (fo=6, routed)           0.661     7.360    m_b2d/div0__0_i_1_n_0
    SLICE_X39Y68         CARRY4 (Prop_carry4_DI[3]_CO[3])
                                                      0.385     7.745 r  m_b2d/div0__0/CO[3]
                         net (fo=1, routed)           0.000     7.745    m_b2d/div0__0_n_0
    SLICE_X39Y69         CARRY4 (Prop_carry4_CI_CO[3])
                                                      0.114     7.859 r  m_b2d/div0__1/CO[3]
                         net (fo=1, routed)           0.000     7.859    m_b2d/div0__1_n_0
    SLICE_X39Y70         CARRY4 (Prop_carry4_CI_CO[3])
                                                      0.114     7.973 r  m_b2d/div0__2/CO[3]
                         net (fo=1, routed)           0.000     7.973    m_b2d/div0__2_n_0
    SLICE_X39Y71         CARRY4 (Prop_carry4_CI_CO[3])
                                                      0.114     8.087 r  m_b2d/div0__3/CO[3]
                         net (fo=1, routed)           0.000     8.087    m_b2d/div0__3_n_0
    SLICE_X39Y72         CARRY4 (Prop_carry4_CI_O[0])
                                                      0.222     8.309 r  m_b2d/div0__4/O[0]
                         net (fo=3, routed)           1.074     9.383    m_b2d/div0__4_n_7
    SLICE_X35Y70         LUT6 (Prop_lut6_I0_O)        0.299     9.682 r  m_b2d/div0__48_i_7/O
                         net (fo=1, routed)           0.000     9.682    m_b2d/div0__48_i_7_n_0
    SLICE_X35Y70         CARRY4 (Prop_carry4_S[1]_CO[3])
                                                      0.550    10.232 r  m_b2d/div0__48/CO[3]
                         net (fo=1, routed)           0.000    10.232    m_b2d/div0__48_n_0
    SLICE_X35Y71         CARRY4 (Prop_carry4_CI_CO[3])
                                                      0.114    10.346 r  m_b2d/div0__49/CO[3]
                         net (fo=1, routed)           0.000    10.346    m_b2d/div0__49_n_0
    SLICE_X35Y72         CARRY4 (Prop_carry4_CI_O[0])
                                                      0.222    10.568 r  m_b2d/div0__50/O[0]
                         net (fo=3, routed)           0.615    11.183    m_b2d/div0__50_n_7
    SLICE_X40Y74         LUT3 (Prop_lut3_I0_O)        0.299    11.482 r  m_b2d/div0__61_i_3/O
                         net (fo=1, routed)           0.557    12.039    m_b2d/div0__61_i_3_n_0
    SLICE_X44Y74         CARRY4 (Prop_carry4_DI[1]_CO[3])
                                                      0.507    12.546 r  m_b2d/div0__61/CO[3]
                         net (fo=1, routed)           0.009    12.555    m_b2d/div0__61_n_0
    SLICE_X44Y75         CARRY4 (Prop_carry4_CI_CO[3])
                                                      0.114    12.669 r  m_b2d/div0__62/CO[3]
                         net (fo=1, routed)           0.000    12.669    m_b2d/div0__62_n_0
    SLICE_X44Y76         CARRY4 (Prop_carry4_CI_O[1])
                                                      0.334    13.003 r  m_b2d/div0__63/O[1]
                         net (fo=5, routed)           0.510    13.512    m_b2d/div0__63_n_6
    SLICE_X45Y78         LUT2 (Prop_lut2_I1_O)        0.303    13.815 r  m_b2d/div0__71_i_3/O
                         net (fo=1, routed)           0.000    13.815    m_b2d/div0__71_i_3_n_0
    SLICE_X45Y78         CARRY4 (Prop_carry4_S[1]_CO[3])
                                                      0.550    14.365 r  m_b2d/div0__71/CO[3]
                         net (fo=1, routed)           0.000    14.365    m_b2d/div0__71_n_0
    SLICE_X45Y79         CARRY4 (Prop_carry4_CI_CO[3])
                                                      0.114    14.479 r  m_b2d/div0__72/CO[3]
                         net (fo=1, routed)           0.000    14.479    m_b2d/div0__72_n_0
    SLICE_X45Y80         CARRY4 (Prop_carry4_CI_CO[3])
                                                      0.114    14.593 r  m_b2d/div0__73/CO[3]
                         net (fo=1, routed)           0.000    14.593    m_b2d/div0__73_n_0
    SLICE_X45Y81         CARRY4 (Prop_carry4_CI_CO[3])
                                                      0.114    14.707 r  m_b2d/div0__74/CO[3]
                         net (fo=1, routed)           0.000    14.707    m_b2d/div0__74_n_0
    SLICE_X45Y82         CARRY4 (Prop_carry4_CI_O[1])
                                                      0.334    15.041 r  m_b2d/div0__75/O[1]
                         net (fo=3, routed)           0.799    15.841    m_b2d/div0__75_n_6
    SLICE_X43Y81         LUT4 (Prop_lut4_I1_O)        0.303    16.144 r  m_b2d/div0__83_i_5/O
                         net (fo=1, routed)           0.000    16.144    m_b2d/div0__83_i_5_n_0
    SLICE_X43Y81         CARRY4 (Prop_carry4_S[3]_CO[3])
                                                      0.401    16.545 r  m_b2d/div0__83/CO[3]
                         net (fo=1, routed)           0.000    16.545    m_b2d/div0__83_n_0
    SLICE_X43Y82         CARRY4 (Prop_carry4_CI_CO[2])
                                                      0.228    16.773 r  m_b2d/div0__84/CO[2]
                         net (fo=29, routed)          0.591    17.364    m_b2d/div0__84_n_1
    SLICE_X40Y82         LUT4 (Prop_lut4_I1_O)        0.313    17.677 r  m_b2d/div[10]_i_1/O
                         net (fo=1, routed)           0.000    17.677    m_b2d/p_0_in[10]
    SLICE_X40Y82         FDRE                                         r  m_b2d/div_reg[10]/D
  -------------------------------------------------------------------    -------------------

                         (clock sys_clk_pin rise edge)
                                                     10.000    10.000 r  
    W5                                                0.000    10.000 r  CLK100MHZ (IN)
                         net (fo=0)                   0.000    10.000    CLK100MHZ
    W5                   IBUF (Prop_ibuf_I_O)         1.388    11.388 r  CLK100MHZ_IBUF_inst/O
                         net (fo=1, routed)           1.862    13.250    CLK100MHZ_IBUF
    BUFGCTRL_X0Y0        BUFG (Prop_bufg_I_O)         0.091    13.341 r  CLK100MHZ_IBUF_BUFG_inst/O
                         net (fo=188, routed)         1.429    14.770    m_b2d/CLK100MHZ_IBUF_BUFG
    SLICE_X40Y82         FDRE                                         r  m_b2d/div_reg[10]/C
                         clock pessimism              0.258    15.028    
                         clock uncertainty           -0.035    14.993    
    SLICE_X40Y82         FDRE (Setup_fdre_C_D)        0.031    15.024    m_b2d/div_reg[10]
  -------------------------------------------------------------------
                         required time                         15.024    
                         arrival time                         -17.677    
  -------------------------------------------------------------------
                         slack                                 -2.654    

Slack (VIOLATED) :        -2.653ns  (required time - arrival time)
  Source:                 m_b2d/data_reg[6]/C
                            (rising edge-triggered cell FDRE clocked by sys_clk_pin  {rise@0.000ns fall@5.000ns period=10.000ns})
  Destination:            m_b2d/div_reg[28]/D
                            (rising edge-triggered cell FDRE clocked by sys_clk_pin  {rise@0.000ns fall@5.000ns period=10.000ns})
  Path Group:             sys_clk_pin
  Path Type:              Setup (Max at Slow Process Corner)
  Requirement:            10.000ns  (sys_clk_pin rise@10.000ns - sys_clk_pin rise@0.000ns)
  Data Path Delay:        12.610ns  (logic 6.880ns (54.560%)  route 5.730ns (45.440%))
  Logic Levels:           24  (CARRY4=18 LUT2=1 LUT3=2 LUT4=2 LUT6=1)
  Clock Path Skew:        -0.039ns (DCD - SCD + CPR)
    Destination Clock Delay (DCD):    4.770ns = ( 14.770 - 10.000 ) 
    Source Clock Delay      (SCD):    5.067ns
    Clock Pessimism Removal (CPR):    0.258ns
  Clock Uncertainty:      0.035ns  ((TSJ^2 + TIJ^2)^1/2 + DJ) / 2 + PE
    Total System Jitter     (TSJ):    0.071ns
    Total Input Jitter      (TIJ):    0.000ns
    Discrete Jitter          (DJ):    0.000ns
    Phase Error              (PE):    0.000ns

    Location             Delay type                Incr(ns)  Path(ns)    Netlist Resource(s)
  -------------------------------------------------------------------    -------------------
                         (clock sys_clk_pin rise edge)
                                                      0.000     0.000 r  
    W5                                                0.000     0.000 r  CLK100MHZ (IN)
                         net (fo=0)                   0.000     0.000    CLK100MHZ
    W5                   IBUF (Prop_ibuf_I_O)         1.458     1.458 r  CLK100MHZ_IBUF_inst/O
                         net (fo=1, routed)           1.967     3.425    CLK100MHZ_IBUF
    BUFGCTRL_X0Y0        BUFG (Prop_bufg_I_O)         0.096     3.521 r  CLK100MHZ_IBUF_BUFG_inst/O
                         net (fo=188, routed)         1.546     5.067    m_b2d/CLK100MHZ_IBUF_BUFG
    SLICE_X41Y66         FDRE                                         r  m_b2d/data_reg[6]/C
  -------------------------------------------------------------------    -------------------
    SLICE_X41Y66         FDRE (Prop_fdre_C_Q)         0.419     5.486 f  m_b2d/data_reg[6]/Q
                         net (fo=68, routed)          0.914     6.400    m_b2d/data_reg_n_0_[6]
    SLICE_X44Y68         LUT3 (Prop_lut3_I0_O)        0.299     6.699 r  m_b2d/div0__0_i_1/O
                         net (fo=6, routed)           0.661     7.360    m_b2d/div0__0_i_1_n_0
    SLICE_X39Y68         CARRY4 (Prop_carry4_DI[3]_CO[3])
                                                      0.385     7.745 r  m_b2d/div0__0/CO[3]
                         net (fo=1, routed)           0.000     7.745    m_b2d/div0__0_n_0
    SLICE_X39Y69         CARRY4 (Prop_carry4_CI_CO[3])
                                                      0.114     7.859 r  m_b2d/div0__1/CO[3]
                         net (fo=1, routed)           0.000     7.859    m_b2d/div0__1_n_0
    SLICE_X39Y70         CARRY4 (Prop_carry4_CI_CO[3])
                                                      0.114     7.973 r  m_b2d/div0__2/CO[3]
                         net (fo=1, routed)           0.000     7.973    m_b2d/div0__2_n_0
    SLICE_X39Y71         CARRY4 (Prop_carry4_CI_CO[3])
                                                      0.114     8.087 r  m_b2d/div0__3/CO[3]
                         net (fo=1, routed)           0.000     8.087    m_b2d/div0__3_n_0
    SLICE_X39Y72         CARRY4 (Prop_carry4_CI_O[0])
                                                      0.222     8.309 r  m_b2d/div0__4/O[0]
                         net (fo=3, routed)           1.074     9.383    m_b2d/div0__4_n_7
    SLICE_X35Y70         LUT6 (Prop_lut6_I0_O)        0.299     9.682 r  m_b2d/div0__48_i_7/O
                         net (fo=1, routed)           0.000     9.682    m_b2d/div0__48_i_7_n_0
    SLICE_X35Y70         CARRY4 (Prop_carry4_S[1]_CO[3])
                                                      0.550    10.232 r  m_b2d/div0__48/CO[3]
                         net (fo=1, routed)           0.000    10.232    m_b2d/div0__48_n_0
    SLICE_X35Y71         CARRY4 (Prop_carry4_CI_CO[3])
                                                      0.114    10.346 r  m_b2d/div0__49/CO[3]
                         net (fo=1, routed)           0.000    10.346    m_b2d/div0__49_n_0
    SLICE_X35Y72         CARRY4 (Prop_carry4_CI_O[0])
                                                      0.222    10.568 r  m_b2d/div0__50/O[0]
                         net (fo=3, routed)           0.615    11.183    m_b2d/div0__50_n_7
    SLICE_X40Y74         LUT3 (Prop_lut3_I0_O)        0.299    11.482 r  m_b2d/div0__61_i_3/O
                         net (fo=1, routed)           0.557    12.039    m_b2d/div0__61_i_3_n_0
    SLICE_X44Y74         CARRY4 (Prop_carry4_DI[1]_CO[3])
                                                      0.507    12.546 r  m_b2d/div0__61/CO[3]
                         net (fo=1, routed)           0.009    12.555    m_b2d/div0__61_n_0
    SLICE_X44Y75         CARRY4 (Prop_carry4_CI_CO[3])
                                                      0.114    12.669 r  m_b2d/div0__62/CO[3]
                         net (fo=1, routed)           0.000    12.669    m_b2d/div0__62_n_0
    SLICE_X44Y76         CARRY4 (Prop_carry4_CI_O[1])
                                                      0.334    13.003 r  m_b2d/div0__63/O[1]
                         net (fo=5, routed)           0.510    13.512    m_b2d/div0__63_n_6
    SLICE_X45Y78         LUT2 (Prop_lut2_I1_O)        0.303    13.815 r  m_b2d/div0__71_i_3/O
                         net (fo=1, routed)           0.000    13.815    m_b2d/div0__71_i_3_n_0
    SLICE_X45Y78         CARRY4 (Prop_carry4_S[1]_CO[3])
                                                      0.550    14.365 r  m_b2d/div0__71/CO[3]
                         net (fo=1, routed)           0.000    14.365    m_b2d/div0__71_n_0
    SLICE_X45Y79         CARRY4 (Prop_carry4_CI_CO[3])
                                                      0.114    14.479 r  m_b2d/div0__72/CO[3]
                         net (fo=1, routed)           0.000    14.479    m_b2d/div0__72_n_0
    SLICE_X45Y80         CARRY4 (Prop_carry4_CI_CO[3])
                                                      0.114    14.593 r  m_b2d/div0__73/CO[3]
                         net (fo=1, routed)           0.000    14.593    m_b2d/div0__73_n_0
    SLICE_X45Y81         CARRY4 (Prop_carry4_CI_CO[3])
                                                      0.114    14.707 r  m_b2d/div0__74/CO[3]
                         net (fo=1, routed)           0.000    14.707    m_b2d/div0__74_n_0
    SLICE_X45Y82         CARRY4 (Prop_carry4_CI_O[1])
                                                      0.334    15.041 r  m_b2d/div0__75/O[1]
                         net (fo=3, routed)           0.799    15.841    m_b2d/div0__75_n_6
    SLICE_X43Y81         LUT4 (Prop_lut4_I1_O)        0.303    16.144 r  m_b2d/div0__83_i_5/O
                         net (fo=1, routed)           0.000    16.144    m_b2d/div0__83_i_5_n_0
    SLICE_X43Y81         CARRY4 (Prop_carry4_S[3]_CO[3])
                                                      0.401    16.545 r  m_b2d/div0__83/CO[3]
                         net (fo=1, routed)           0.000    16.545    m_b2d/div0__83_n_0
    SLICE_X43Y82         CARRY4 (Prop_carry4_CI_CO[2])
                                                      0.228    16.773 r  m_b2d/div0__84/CO[2]
                         net (fo=29, routed)          0.591    17.364    m_b2d/div0__84_n_1
    SLICE_X40Y82         LUT4 (Prop_lut4_I1_O)        0.313    17.677 r  m_b2d/div[28]_i_2/O
                         net (fo=1, routed)           0.000    17.677    m_b2d/p_0_in[28]
    SLICE_X40Y82         FDRE                                         r  m_b2d/div_reg[28]/D
  -------------------------------------------------------------------    -------------------

                         (clock sys_clk_pin rise edge)
                                                     10.000    10.000 r  
    W5                                                0.000    10.000 r  CLK100MHZ (IN)
                         net (fo=0)                   0.000    10.000    CLK100MHZ
    W5                   IBUF (Prop_ibuf_I_O)         1.388    11.388 r  CLK100MHZ_IBUF_inst/O
                         net (fo=1, routed)           1.862    13.250    CLK100MHZ_IBUF
    BUFGCTRL_X0Y0        BUFG (Prop_bufg_I_O)         0.091    13.341 r  CLK100MHZ_IBUF_BUFG_inst/O
                         net (fo=188, routed)         1.429    14.770    m_b2d/CLK100MHZ_IBUF_BUFG
    SLICE_X40Y82         FDRE                                         r  m_b2d/div_reg[28]/C
                         clock pessimism              0.258    15.028    
                         clock uncertainty           -0.035    14.993    
    SLICE_X40Y82         FDRE (Setup_fdre_C_D)        0.031    15.024    m_b2d/div_reg[28]
  -------------------------------------------------------------------
                         required time                         15.024    
                         arrival time                         -17.677    
  -------------------------------------------------------------------
                         slack                                 -2.653    

Slack (VIOLATED) :        -2.637ns  (required time - arrival time)
  Source:                 m_b2d/data_reg[6]/C
                            (rising edge-triggered cell FDRE clocked by sys_clk_pin  {rise@0.000ns fall@5.000ns period=10.000ns})
  Destination:            m_b2d/div_reg[13]/D
                            (rising edge-triggered cell FDRE clocked by sys_clk_pin  {rise@0.000ns fall@5.000ns period=10.000ns})
  Path Group:             sys_clk_pin
  Path Type:              Setup (Max at Slow Process Corner)
  Requirement:            10.000ns  (sys_clk_pin rise@10.000ns - sys_clk_pin rise@0.000ns)
  Data Path Delay:        12.589ns  (logic 6.880ns (54.650%)  route 5.709ns (45.350%))
  Logic Levels:           24  (CARRY4=18 LUT2=1 LUT3=2 LUT4=2 LUT6=1)
  Clock Path Skew:        -0.041ns (DCD - SCD + CPR)
    Destination Clock Delay (DCD):    4.768ns = ( 14.768 - 10.000 ) 
    Source Clock Delay      (SCD):    5.067ns
    Clock Pessimism Removal (CPR):    0.258ns
  Clock Uncertainty:      0.035ns  ((TSJ^2 + TIJ^2)^1/2 + DJ) / 2 + PE
    Total System Jitter     (TSJ):    0.071ns
    Total Input Jitter      (TIJ):    0.000ns
    Discrete Jitter          (DJ):    0.000ns
    Phase Error              (PE):    0.000ns

    Location             Delay type                Incr(ns)  Path(ns)    Netlist Resource(s)
  -------------------------------------------------------------------    -------------------
                         (clock sys_clk_pin rise edge)
                                                      0.000     0.000 r  
    W5                                                0.000     0.000 r  CLK100MHZ (IN)
                         net (fo=0)                   0.000     0.000    CLK100MHZ
    W5                   IBUF (Prop_ibuf_I_O)         1.458     1.458 r  CLK100MHZ_IBUF_inst/O
                         net (fo=1, routed)           1.967     3.425    CLK100MHZ_IBUF
    BUFGCTRL_X0Y0        BUFG (Prop_bufg_I_O)         0.096     3.521 r  CLK100MHZ_IBUF_BUFG_inst/O
                         net (fo=188, routed)         1.546     5.067    m_b2d/CLK100MHZ_IBUF_BUFG
    SLICE_X41Y66         FDRE                                         r  m_b2d/data_reg[6]/C
  -------------------------------------------------------------------    -------------------
    SLICE_X41Y66         FDRE (Prop_fdre_C_Q)         0.419     5.486 f  m_b2d/data_reg[6]/Q
                         net (fo=68, routed)          0.914     6.400    m_b2d/data_reg_n_0_[6]
    SLICE_X44Y68         LUT3 (Prop_lut3_I0_O)        0.299     6.699 r  m_b2d/div0__0_i_1/O
                         net (fo=6, routed)           0.661     7.360    m_b2d/div0__0_i_1_n_0
    SLICE_X39Y68         CARRY4 (Prop_carry4_DI[3]_CO[3])
                                                      0.385     7.745 r  m_b2d/div0__0/CO[3]
                         net (fo=1, routed)           0.000     7.745    m_b2d/div0__0_n_0
    SLICE_X39Y69         CARRY4 (Prop_carry4_CI_CO[3])
                                                      0.114     7.859 r  m_b2d/div0__1/CO[3]
                         net (fo=1, routed)           0.000     7.859    m_b2d/div0__1_n_0
    SLICE_X39Y70         CARRY4 (Prop_carry4_CI_CO[3])
                                                      0.114     7.973 r  m_b2d/div0__2/CO[3]
                         net (fo=1, routed)           0.000     7.973    m_b2d/div0__2_n_0
    SLICE_X39Y71         CARRY4 (Prop_carry4_CI_CO[3])
                                                      0.114     8.087 r  m_b2d/div0__3/CO[3]
                         net (fo=1, routed)           0.000     8.087    m_b2d/div0__3_n_0
    SLICE_X39Y72         CARRY4 (Prop_carry4_CI_O[0])
                                                      0.222     8.309 r  m_b2d/div0__4/O[0]
                         net (fo=3, routed)           1.074     9.383    m_b2d/div0__4_n_7
    SLICE_X35Y70         LUT6 (Prop_lut6_I0_O)        0.299     9.682 r  m_b2d/div0__48_i_7/O
                         net (fo=1, routed)           0.000     9.682    m_b2d/div0__48_i_7_n_0
    SLICE_X35Y70         CARRY4 (Prop_carry4_S[1]_CO[3])
                                                      0.550    10.232 r  m_b2d/div0__48/CO[3]
                         net (fo=1, routed)           0.000    10.232    m_b2d/div0__48_n_0
    SLICE_X35Y71         CARRY4 (Prop_carry4_CI_CO[3])
                                                      0.114    10.346 r  m_b2d/div0__49/CO[3]
                         net (fo=1, routed)           0.000    10.346    m_b2d/div0__49_n_0
    SLICE_X35Y72         CARRY4 (Prop_carry4_CI_O[0])
                                                      0.222    10.568 r  m_b2d/div0__50/O[0]
                         net (fo=3, routed)           0.615    11.183    m_b2d/div0__50_n_7
    SLICE_X40Y74         LUT3 (Prop_lut3_I0_O)        0.299    11.482 r  m_b2d/div0__61_i_3/O
                         net (fo=1, routed)           0.557    12.039    m_b2d/div0__61_i_3_n_0
    SLICE_X44Y74         CARRY4 (Prop_carry4_DI[1]_CO[3])
                                                      0.507    12.546 r  m_b2d/div0__61/CO[3]
                         net (fo=1, routed)           0.009    12.555    m_b2d/div0__61_n_0
    SLICE_X44Y75         CARRY4 (Prop_carry4_CI_CO[3])
                                                      0.114    12.669 r  m_b2d/div0__62/CO[3]
                         net (fo=1, routed)           0.000    12.669    m_b2d/div0__62_n_0
    SLICE_X44Y76         CARRY4 (Prop_carry4_CI_O[1])
                                                      0.334    13.003 r  m_b2d/div0__63/O[1]
                         net (fo=5, routed)           0.510    13.512    m_b2d/div0__63_n_6
    SLICE_X45Y78         LUT2 (Prop_lut2_I1_O)        0.303    13.815 r  m_b2d/div0__71_i_3/O
                         net (fo=1, routed)           0.000    13.815    m_b2d/div0__71_i_3_n_0
    SLICE_X45Y78         CARRY4 (Prop_carry4_S[1]_CO[3])
                                                      0.550    14.365 r  m_b2d/div0__71/CO[3]
                         net (fo=1, routed)           0.000    14.365    m_b2d/div0__71_n_0
    SLICE_X45Y79         CARRY4 (Prop_carry4_CI_CO[3])
                                                      0.114    14.479 r  m_b2d/div0__72/CO[3]
                         net (fo=1, routed)           0.000    14.479    m_b2d/div0__72_n_0
    SLICE_X45Y80         CARRY4 (Prop_carry4_CI_CO[3])
                                                      0.114    14.593 r  m_b2d/div0__73/CO[3]
                         net (fo=1, routed)           0.000    14.593    m_b2d/div0__73_n_0
    SLICE_X45Y81         CARRY4 (Prop_carry4_CI_CO[3])
                                                      0.114    14.707 r  m_b2d/div0__74/CO[3]
                         net (fo=1, routed)           0.000    14.707    m_b2d/div0__74_n_0
    SLICE_X45Y82         CARRY4 (Prop_carry4_CI_O[1])
                                                      0.334    15.041 r  m_b2d/div0__75/O[1]
                         net (fo=3, routed)           0.799    15.841    m_b2d/div0__75_n_6
    SLICE_X43Y81         LUT4 (Prop_lut4_I1_O)        0.303    16.144 r  m_b2d/div0__83_i_5/O
                         net (fo=1, routed)           0.000    16.144    m_b2d/div0__83_i_5_n_0
    SLICE_X43Y81         CARRY4 (Prop_carry4_S[3]_CO[3])
                                                      0.401    16.545 r  m_b2d/div0__83/CO[3]
                         net (fo=1, routed)           0.000    16.545    m_b2d/div0__83_n_0
    SLICE_X43Y82         CARRY4 (Prop_carry4_CI_CO[2])
                                                      0.228    16.773 r  m_b2d/div0__84/CO[2]
                         net (fo=29, routed)          0.570    17.343    m_b2d/div0__84_n_1
    SLICE_X40Y81         LUT4 (Prop_lut4_I1_O)        0.313    17.656 r  m_b2d/div[13]_i_1/O
                         net (fo=1, routed)           0.000    17.656    m_b2d/p_0_in[13]
    SLICE_X40Y81         FDRE                                         r  m_b2d/div_reg[13]/D
  -------------------------------------------------------------------    -------------------

                         (clock sys_clk_pin rise edge)
                                                     10.000    10.000 r  
    W5                                                0.000    10.000 r  CLK100MHZ (IN)
                         net (fo=0)                   0.000    10.000    CLK100MHZ
    W5                   IBUF (Prop_ibuf_I_O)         1.388    11.388 r  CLK100MHZ_IBUF_inst/O
                         net (fo=1, routed)           1.862    13.250    CLK100MHZ_IBUF
    BUFGCTRL_X0Y0        BUFG (Prop_bufg_I_O)         0.091    13.341 r  CLK100MHZ_IBUF_BUFG_inst/O
                         net (fo=188, routed)         1.427    14.768    m_b2d/CLK100MHZ_IBUF_BUFG
    SLICE_X40Y81         FDRE                                         r  m_b2d/div_reg[13]/C
                         clock pessimism              0.258    15.026    
                         clock uncertainty           -0.035    14.991    
    SLICE_X40Y81         FDRE (Setup_fdre_C_D)        0.029    15.020    m_b2d/div_reg[13]
  -------------------------------------------------------------------
                         required time                         15.020    
                         arrival time                         -17.656    
  -------------------------------------------------------------------
                         slack                                 -2.637    

Slack (VIOLATED) :        -2.632ns  (required time - arrival time)
  Source:                 m_b2d/data_reg[6]/C
                            (rising edge-triggered cell FDRE clocked by sys_clk_pin  {rise@0.000ns fall@5.000ns period=10.000ns})
  Destination:            m_b2d/div_reg[11]/D
                            (rising edge-triggered cell FDRE clocked by sys_clk_pin  {rise@0.000ns fall@5.000ns period=10.000ns})
  Path Group:             sys_clk_pin
  Path Type:              Setup (Max at Slow Process Corner)
  Requirement:            10.000ns  (sys_clk_pin rise@10.000ns - sys_clk_pin rise@0.000ns)
  Data Path Delay:        12.586ns  (logic 6.880ns (54.663%)  route 5.706ns (45.337%))
  Logic Levels:           24  (CARRY4=18 LUT2=1 LUT3=2 LUT4=2 LUT6=1)
  Clock Path Skew:        -0.041ns (DCD - SCD + CPR)
    Destination Clock Delay (DCD):    4.768ns = ( 14.768 - 10.000 ) 
    Source Clock Delay      (SCD):    5.067ns
    Clock Pessimism Removal (CPR):    0.258ns
  Clock Uncertainty:      0.035ns  ((TSJ^2 + TIJ^2)^1/2 + DJ) / 2 + PE
    Total System Jitter     (TSJ):    0.071ns
    Total Input Jitter      (TIJ):    0.000ns
    Discrete Jitter          (DJ):    0.000ns
    Phase Error              (PE):    0.000ns

    Location             Delay type                Incr(ns)  Path(ns)    Netlist Resource(s)
  -------------------------------------------------------------------    -------------------
                         (clock sys_clk_pin rise edge)
                                                      0.000     0.000 r  
    W5                                                0.000     0.000 r  CLK100MHZ (IN)
                         net (fo=0)                   0.000     0.000    CLK100MHZ
    W5                   IBUF (Prop_ibuf_I_O)         1.458     1.458 r  CLK100MHZ_IBUF_inst/O
                         net (fo=1, routed)           1.967     3.425    CLK100MHZ_IBUF
    BUFGCTRL_X0Y0        BUFG (Prop_bufg_I_O)         0.096     3.521 r  CLK100MHZ_IBUF_BUFG_inst/O
                         net (fo=188, routed)         1.546     5.067    m_b2d/CLK100MHZ_IBUF_BUFG
    SLICE_X41Y66         FDRE                                         r  m_b2d/data_reg[6]/C
  -------------------------------------------------------------------    -------------------
    SLICE_X41Y66         FDRE (Prop_fdre_C_Q)         0.419     5.486 f  m_b2d/data_reg[6]/Q
                         net (fo=68, routed)          0.914     6.400    m_b2d/data_reg_n_0_[6]
    SLICE_X44Y68         LUT3 (Prop_lut3_I0_O)        0.299     6.699 r  m_b2d/div0__0_i_1/O
                         net (fo=6, routed)           0.661     7.360    m_b2d/div0__0_i_1_n_0
    SLICE_X39Y68         CARRY4 (Prop_carry4_DI[3]_CO[3])
                                                      0.385     7.745 r  m_b2d/div0__0/CO[3]
                         net (fo=1, routed)           0.000     7.745    m_b2d/div0__0_n_0
    SLICE_X39Y69         CARRY4 (Prop_carry4_CI_CO[3])
                                                      0.114     7.859 r  m_b2d/div0__1/CO[3]
                         net (fo=1, routed)           0.000     7.859    m_b2d/div0__1_n_0
    SLICE_X39Y70         CARRY4 (Prop_carry4_CI_CO[3])
                                                      0.114     7.973 r  m_b2d/div0__2/CO[3]
                         net (fo=1, routed)           0.000     7.973    m_b2d/div0__2_n_0
    SLICE_X39Y71         CARRY4 (Prop_carry4_CI_CO[3])
                                                      0.114     8.087 r  m_b2d/div0__3/CO[3]
                         net (fo=1, routed)           0.000     8.087    m_b2d/div0__3_n_0
    SLICE_X39Y72         CARRY4 (Prop_carry4_CI_O[0])
                                                      0.222     8.309 r  m_b2d/div0__4/O[0]
                         net (fo=3, routed)           1.074     9.383    m_b2d/div0__4_n_7
    SLICE_X35Y70         LUT6 (Prop_lut6_I0_O)        0.299     9.682 r  m_b2d/div0__48_i_7/O
                         net (fo=1, routed)           0.000     9.682    m_b2d/div0__48_i_7_n_0
    SLICE_X35Y70         CARRY4 (Prop_carry4_S[1]_CO[3])
                                                      0.550    10.232 r  m_b2d/div0__48/CO[3]
                         net (fo=1, routed)           0.000    10.232    m_b2d/div0__48_n_0
    SLICE_X35Y71         CARRY4 (Prop_carry4_CI_CO[3])
                                                      0.114    10.346 r  m_b2d/div0__49/CO[3]
                         net (fo=1, routed)           0.000    10.346    m_b2d/div0__49_n_0
    SLICE_X35Y72         CARRY4 (Prop_carry4_CI_O[0])
                                                      0.222    10.568 r  m_b2d/div0__50/O[0]
                         net (fo=3, routed)           0.615    11.183    m_b2d/div0__50_n_7
    SLICE_X40Y74         LUT3 (Prop_lut3_I0_O)        0.299    11.482 r  m_b2d/div0__61_i_3/O
                         net (fo=1, routed)           0.557    12.039    m_b2d/div0__61_i_3_n_0
    SLICE_X44Y74         CARRY4 (Prop_carry4_DI[1]_CO[3])
                                                      0.507    12.546 r  m_b2d/div0__61/CO[3]
                         net (fo=1, routed)           0.009    12.555    m_b2d/div0__61_n_0
    SLICE_X44Y75         CARRY4 (Prop_carry4_CI_CO[3])
                                                      0.114    12.669 r  m_b2d/div0__62/CO[3]
                         net (fo=1, routed)           0.000    12.669    m_b2d/div0__62_n_0
    SLICE_X44Y76         CARRY4 (Prop_carry4_CI_O[1])
                                                      0.334    13.003 r  m_b2d/div0__63/O[1]
                         net (fo=5, routed)           0.510    13.512    m_b2d/div0__63_n_6
    SLICE_X45Y78         LUT2 (Prop_lut2_I1_O)        0.303    13.815 r  m_b2d/div0__71_i_3/O
                         net (fo=1, routed)           0.000    13.815    m_b2d/div0__71_i_3_n_0
    SLICE_X45Y78         CARRY4 (Prop_carry4_S[1]_CO[3])
                                                      0.550    14.365 r  m_b2d/div0__71/CO[3]
                         net (fo=1, routed)           0.000    14.365    m_b2d/div0__71_n_0
    SLICE_X45Y79         CARRY4 (Prop_carry4_CI_CO[3])
                                                      0.114    14.479 r  m_b2d/div0__72/CO[3]
                         net (fo=1, routed)           0.000    14.479    m_b2d/div0__72_n_0
    SLICE_X45Y80         CARRY4 (Prop_carry4_CI_CO[3])
                                                      0.114    14.593 r  m_b2d/div0__73/CO[3]
                         net (fo=1, routed)           0.000    14.593    m_b2d/div0__73_n_0
    SLICE_X45Y81         CARRY4 (Prop_carry4_CI_CO[3])
                                                      0.114    14.707 r  m_b2d/div0__74/CO[3]
                         net (fo=1, routed)           0.000    14.707    m_b2d/div0__74_n_0
    SLICE_X45Y82         CARRY4 (Prop_carry4_CI_O[1])
                                                      0.334    15.041 r  m_b2d/div0__75/O[1]
                         net (fo=3, routed)           0.799    15.841    m_b2d/div0__75_n_6
    SLICE_X43Y81         LUT4 (Prop_lut4_I1_O)        0.303    16.144 r  m_b2d/div0__83_i_5/O
                         net (fo=1, routed)           0.000    16.144    m_b2d/div0__83_i_5_n_0
    SLICE_X43Y81         CARRY4 (Prop_carry4_S[3]_CO[3])
                                                      0.401    16.545 r  m_b2d/div0__83/CO[3]
                         net (fo=1, routed)           0.000    16.545    m_b2d/div0__83_n_0
    SLICE_X43Y82         CARRY4 (Prop_carry4_CI_CO[2])
                                                      0.228    16.773 r  m_b2d/div0__84/CO[2]
                         net (fo=29, routed)          0.567    17.340    m_b2d/div0__84_n_1
    SLICE_X40Y81         LUT4 (Prop_lut4_I1_O)        0.313    17.653 r  m_b2d/div[11]_i_1/O
                         net (fo=1, routed)           0.000    17.653    m_b2d/p_0_in[11]
    SLICE_X40Y81         FDRE                                         r  m_b2d/div_reg[11]/D
  -------------------------------------------------------------------    -------------------

                         (clock sys_clk_pin rise edge)
                                                     10.000    10.000 r  
    W5                                                0.000    10.000 r  CLK100MHZ (IN)
                         net (fo=0)                   0.000    10.000    CLK100MHZ
    W5                   IBUF (Prop_ibuf_I_O)         1.388    11.388 r  CLK100MHZ_IBUF_inst/O
                         net (fo=1, routed)           1.862    13.250    CLK100MHZ_IBUF
    BUFGCTRL_X0Y0        BUFG (Prop_bufg_I_O)         0.091    13.341 r  CLK100MHZ_IBUF_BUFG_inst/O
                         net (fo=188, routed)         1.427    14.768    m_b2d/CLK100MHZ_IBUF_BUFG
    SLICE_X40Y81         FDRE                                         r  m_b2d/div_reg[11]/C
                         clock pessimism              0.258    15.026    
                         clock uncertainty           -0.035    14.991    
    SLICE_X40Y81         FDRE (Setup_fdre_C_D)        0.031    15.022    m_b2d/div_reg[11]
  -------------------------------------------------------------------
                         required time                         15.022    
                         arrival time                         -17.653    
  -------------------------------------------------------------------
                         slack                                 -2.632    

Slack (VIOLATED) :        -2.626ns  (required time - arrival time)
  Source:                 m_b2d/data_reg[6]/C
                            (rising edge-triggered cell FDRE clocked by sys_clk_pin  {rise@0.000ns fall@5.000ns period=10.000ns})
  Destination:            m_b2d/div_reg[19]/D
                            (rising edge-triggered cell FDRE clocked by sys_clk_pin  {rise@0.000ns fall@5.000ns period=10.000ns})
  Path Group:             sys_clk_pin
  Path Type:              Setup (Max at Slow Process Corner)
  Requirement:            10.000ns  (sys_clk_pin rise@10.000ns - sys_clk_pin rise@0.000ns)
  Data Path Delay:        12.581ns  (logic 6.880ns (54.687%)  route 5.701ns (45.313%))
  Logic Levels:           24  (CARRY4=18 LUT2=1 LUT3=2 LUT4=2 LUT6=1)
  Clock Path Skew:        -0.039ns (DCD - SCD + CPR)
    Destination Clock Delay (DCD):    4.770ns = ( 14.770 - 10.000 ) 
    Source Clock Delay      (SCD):    5.067ns
    Clock Pessimism Removal (CPR):    0.258ns
  Clock Uncertainty:      0.035ns  ((TSJ^2 + TIJ^2)^1/2 + DJ) / 2 + PE
    Total System Jitter     (TSJ):    0.071ns
    Total Input Jitter      (TIJ):    0.000ns
    Discrete Jitter          (DJ):    0.000ns
    Phase Error              (PE):    0.000ns

    Location             Delay type                Incr(ns)  Path(ns)    Netlist Resource(s)
  -------------------------------------------------------------------    -------------------
                         (clock sys_clk_pin rise edge)
                                                      0.000     0.000 r  
    W5                                                0.000     0.000 r  CLK100MHZ (IN)
                         net (fo=0)                   0.000     0.000    CLK100MHZ
    W5                   IBUF (Prop_ibuf_I_O)         1.458     1.458 r  CLK100MHZ_IBUF_inst/O
                         net (fo=1, routed)           1.967     3.425    CLK100MHZ_IBUF
    BUFGCTRL_X0Y0        BUFG (Prop_bufg_I_O)         0.096     3.521 r  CLK100MHZ_IBUF_BUFG_inst/O
                         net (fo=188, routed)         1.546     5.067    m_b2d/CLK100MHZ_IBUF_BUFG
    SLICE_X41Y66         FDRE                                         r  m_b2d/data_reg[6]/C
  -------------------------------------------------------------------    -------------------
    SLICE_X41Y66         FDRE (Prop_fdre_C_Q)         0.419     5.486 f  m_b2d/data_reg[6]/Q
                         net (fo=68, routed)          0.914     6.400    m_b2d/data_reg_n_0_[6]
    SLICE_X44Y68         LUT3 (Prop_lut3_I0_O)        0.299     6.699 r  m_b2d/div0__0_i_1/O
                         net (fo=6, routed)           0.661     7.360    m_b2d/div0__0_i_1_n_0
    SLICE_X39Y68         CARRY4 (Prop_carry4_DI[3]_CO[3])
                                                      0.385     7.745 r  m_b2d/div0__0/CO[3]
                         net (fo=1, routed)           0.000     7.745    m_b2d/div0__0_n_0
    SLICE_X39Y69         CARRY4 (Prop_carry4_CI_CO[3])
                                                      0.114     7.859 r  m_b2d/div0__1/CO[3]
                         net (fo=1, routed)           0.000     7.859    m_b2d/div0__1_n_0
    SLICE_X39Y70         CARRY4 (Prop_carry4_CI_CO[3])
                                                      0.114     7.973 r  m_b2d/div0__2/CO[3]
                         net (fo=1, routed)           0.000     7.973    m_b2d/div0__2_n_0
    SLICE_X39Y71         CARRY4 (Prop_carry4_CI_CO[3])
                                                      0.114     8.087 r  m_b2d/div0__3/CO[3]
                         net (fo=1, routed)           0.000     8.087    m_b2d/div0__3_n_0
    SLICE_X39Y72         CARRY4 (Prop_carry4_CI_O[0])
                                                      0.222     8.309 r  m_b2d/div0__4/O[0]
                         net (fo=3, routed)           1.074     9.383    m_b2d/div0__4_n_7
    SLICE_X35Y70         LUT6 (Prop_lut6_I0_O)        0.299     9.682 r  m_b2d/div0__48_i_7/O
                         net (fo=1, routed)           0.000     9.682    m_b2d/div0__48_i_7_n_0
    SLICE_X35Y70         CARRY4 (Prop_carry4_S[1]_CO[3])
                                                      0.550    10.232 r  m_b2d/div0__48/CO[3]
                         net (fo=1, routed)           0.000    10.232    m_b2d/div0__48_n_0
    SLICE_X35Y71         CARRY4 (Prop_carry4_CI_CO[3])
                                                      0.114    10.346 r  m_b2d/div0__49/CO[3]
                         net (fo=1, routed)           0.000    10.346    m_b2d/div0__49_n_0
    SLICE_X35Y72         CARRY4 (Prop_carry4_CI_O[0])
                                                      0.222    10.568 r  m_b2d/div0__50/O[0]
                         net (fo=3, routed)           0.615    11.183    m_b2d/div0__50_n_7
    SLICE_X40Y74         LUT3 (Prop_lut3_I0_O)        0.299    11.482 r  m_b2d/div0__61_i_3/O
                         net (fo=1, routed)           0.557    12.039    m_b2d/div0__61_i_3_n_0
    SLICE_X44Y74         CARRY4 (Prop_carry4_DI[1]_CO[3])
                                                      0.507    12.546 r  m_b2d/div0__61/CO[3]
                         net (fo=1, routed)           0.009    12.555    m_b2d/div0__61_n_0
    SLICE_X44Y75         CARRY4 (Prop_carry4_CI_CO[3])
                                                      0.114    12.669 r  m_b2d/div0__62/CO[3]
                         net (fo=1, routed)           0.000    12.669    m_b2d/div0__62_n_0
    SLICE_X44Y76         CARRY4 (Prop_carry4_CI_O[1])
                                                      0.334    13.003 r  m_b2d/div0__63/O[1]
                         net (fo=5, routed)           0.510    13.512    m_b2d/div0__63_n_6
    SLICE_X45Y78         LUT2 (Prop_lut2_I1_O)        0.303    13.815 r  m_b2d/div0__71_i_3/O
                         net (fo=1, routed)           0.000    13.815    m_b2d/div0__71_i_3_n_0
    SLICE_X45Y78         CARRY4 (Prop_carry4_S[1]_CO[3])
                                                      0.550    14.365 r  m_b2d/div0__71/CO[3]
                         net (fo=1, routed)           0.000    14.365    m_b2d/div0__71_n_0
    SLICE_X45Y79         CARRY4 (Prop_carry4_CI_CO[3])
                                                      0.114    14.479 r  m_b2d/div0__72/CO[3]
                         net (fo=1, routed)           0.000    14.479    m_b2d/div0__72_n_0
    SLICE_X45Y80         CARRY4 (Prop_carry4_CI_CO[3])
                                                      0.114    14.593 r  m_b2d/div0__73/CO[3]
                         net (fo=1, routed)           0.000    14.593    m_b2d/div0__73_n_0
    SLICE_X45Y81         CARRY4 (Prop_carry4_CI_CO[3])
                                                      0.114    14.707 r  m_b2d/div0__74/CO[3]
                         net (fo=1, routed)           0.000    14.707    m_b2d/div0__74_n_0
    SLICE_X45Y82         CARRY4 (Prop_carry4_CI_O[1])
                                                      0.334    15.041 r  m_b2d/div0__75/O[1]
                         net (fo=3, routed)           0.799    15.841    m_b2d/div0__75_n_6
    SLICE_X43Y81         LUT4 (Prop_lut4_I1_O)        0.303    16.144 r  m_b2d/div0__83_i_5/O
                         net (fo=1, routed)           0.000    16.144    m_b2d/div0__83_i_5_n_0
    SLICE_X43Y81         CARRY4 (Prop_carry4_S[3]_CO[3])
                                                      0.401    16.545 r  m_b2d/div0__83/CO[3]
                         net (fo=1, routed)           0.000    16.545    m_b2d/div0__83_n_0
    SLICE_X43Y82         CARRY4 (Prop_carry4_CI_CO[2])
                                                      0.228    16.773 r  m_b2d/div0__84/CO[2]
                         net (fo=29, routed)          0.562    17.335    m_b2d/div0__84_n_1
    SLICE_X41Y82         LUT4 (Prop_lut4_I1_O)        0.313    17.648 r  m_b2d/div[19]_i_1/O
                         net (fo=1, routed)           0.000    17.648    m_b2d/p_0_in[19]
    SLICE_X41Y82         FDRE                                         r  m_b2d/div_reg[19]/D
  -------------------------------------------------------------------    -------------------

                         (clock sys_clk_pin rise edge)
                                                     10.000    10.000 r  
    W5                                                0.000    10.000 r  CLK100MHZ (IN)
                         net (fo=0)                   0.000    10.000    CLK100MHZ
    W5                   IBUF (Prop_ibuf_I_O)         1.388    11.388 r  CLK100MHZ_IBUF_inst/O
                         net (fo=1, routed)           1.862    13.250    CLK100MHZ_IBUF
    BUFGCTRL_X0Y0        BUFG (Prop_bufg_I_O)         0.091    13.341 r  CLK100MHZ_IBUF_BUFG_inst/O
                         net (fo=188, routed)         1.429    14.770    m_b2d/CLK100MHZ_IBUF_BUFG
    SLICE_X41Y82         FDRE                                         r  m_b2d/div_reg[19]/C
                         clock pessimism              0.258    15.028    
                         clock uncertainty           -0.035    14.993    
    SLICE_X41Y82         FDRE (Setup_fdre_C_D)        0.029    15.022    m_b2d/div_reg[19]
  -------------------------------------------------------------------
                         required time                         15.022    
                         arrival time                         -17.648    
  -------------------------------------------------------------------
                         slack                                 -2.626    

Slack (VIOLATED) :        -2.623ns  (required time - arrival time)
  Source:                 m_b2d/data_reg[6]/C
                            (rising edge-triggered cell FDRE clocked by sys_clk_pin  {rise@0.000ns fall@5.000ns period=10.000ns})
  Destination:            m_b2d/div_reg[4]/D
                            (rising edge-triggered cell FDRE clocked by sys_clk_pin  {rise@0.000ns fall@5.000ns period=10.000ns})
  Path Group:             sys_clk_pin
  Path Type:              Setup (Max at Slow Process Corner)
  Requirement:            10.000ns  (sys_clk_pin rise@10.000ns - sys_clk_pin rise@0.000ns)
  Data Path Delay:        12.579ns  (logic 6.880ns (54.694%)  route 5.699ns (45.306%))
  Logic Levels:           24  (CARRY4=18 LUT2=1 LUT3=2 LUT4=2 LUT6=1)
  Clock Path Skew:        -0.038ns (DCD - SCD + CPR)
    Destination Clock Delay (DCD):    4.771ns = ( 14.771 - 10.000 ) 
    Source Clock Delay      (SCD):    5.067ns
    Clock Pessimism Removal (CPR):    0.258ns
  Clock Uncertainty:      0.035ns  ((TSJ^2 + TIJ^2)^1/2 + DJ) / 2 + PE
    Total System Jitter     (TSJ):    0.071ns
    Total Input Jitter      (TIJ):    0.000ns
    Discrete Jitter          (DJ):    0.000ns
    Phase Error              (PE):    0.000ns

    Location             Delay type                Incr(ns)  Path(ns)    Netlist Resource(s)
  -------------------------------------------------------------------    -------------------
                         (clock sys_clk_pin rise edge)
                                                      0.000     0.000 r  
    W5                                                0.000     0.000 r  CLK100MHZ (IN)
                         net (fo=0)                   0.000     0.000    CLK100MHZ
    W5                   IBUF (Prop_ibuf_I_O)         1.458     1.458 r  CLK100MHZ_IBUF_inst/O
                         net (fo=1, routed)           1.967     3.425    CLK100MHZ_IBUF
    BUFGCTRL_X0Y0        BUFG (Prop_bufg_I_O)         0.096     3.521 r  CLK100MHZ_IBUF_BUFG_inst/O
                         net (fo=188, routed)         1.546     5.067    m_b2d/CLK100MHZ_IBUF_BUFG
    SLICE_X41Y66         FDRE                                         r  m_b2d/data_reg[6]/C
  -------------------------------------------------------------------    -------------------
    SLICE_X41Y66         FDRE (Prop_fdre_C_Q)         0.419     5.486 f  m_b2d/data_reg[6]/Q
                         net (fo=68, routed)          0.914     6.400    m_b2d/data_reg_n_0_[6]
    SLICE_X44Y68         LUT3 (Prop_lut3_I0_O)        0.299     6.699 r  m_b2d/div0__0_i_1/O
                         net (fo=6, routed)           0.661     7.360    m_b2d/div0__0_i_1_n_0
    SLICE_X39Y68         CARRY4 (Prop_carry4_DI[3]_CO[3])
                                                      0.385     7.745 r  m_b2d/div0__0/CO[3]
                         net (fo=1, routed)           0.000     7.745    m_b2d/div0__0_n_0
    SLICE_X39Y69         CARRY4 (Prop_carry4_CI_CO[3])
                                                      0.114     7.859 r  m_b2d/div0__1/CO[3]
                         net (fo=1, routed)           0.000     7.859    m_b2d/div0__1_n_0
    SLICE_X39Y70         CARRY4 (Prop_carry4_CI_CO[3])
                                                      0.114     7.973 r  m_b2d/div0__2/CO[3]
                         net (fo=1, routed)           0.000     7.973    m_b2d/div0__2_n_0
    SLICE_X39Y71         CARRY4 (Prop_carry4_CI_CO[3])
                                                      0.114     8.087 r  m_b2d/div0__3/CO[3]
                         net (fo=1, routed)           0.000     8.087    m_b2d/div0__3_n_0
    SLICE_X39Y72         CARRY4 (Prop_carry4_CI_O[0])
                                                      0.222     8.309 r  m_b2d/div0__4/O[0]
                         net (fo=3, routed)           1.074     9.383    m_b2d/div0__4_n_7
    SLICE_X35Y70         LUT6 (Prop_lut6_I0_O)        0.299     9.682 r  m_b2d/div0__48_i_7/O
                         net (fo=1, routed)           0.000     9.682    m_b2d/div0__48_i_7_n_0
    SLICE_X35Y70         CARRY4 (Prop_carry4_S[1]_CO[3])
                                                      0.550    10.232 r  m_b2d/div0__48/CO[3]
                         net (fo=1, routed)           0.000    10.232    m_b2d/div0__48_n_0
    SLICE_X35Y71         CARRY4 (Prop_carry4_CI_CO[3])
                                                      0.114    10.346 r  m_b2d/div0__49/CO[3]
                         net (fo=1, routed)           0.000    10.346    m_b2d/div0__49_n_0
    SLICE_X35Y72         CARRY4 (Prop_carry4_CI_O[0])
                                                      0.222    10.568 r  m_b2d/div0__50/O[0]
                         net (fo=3, routed)           0.615    11.183    m_b2d/div0__50_n_7
    SLICE_X40Y74         LUT3 (Prop_lut3_I0_O)        0.299    11.482 r  m_b2d/div0__61_i_3/O
                         net (fo=1, routed)           0.557    12.039    m_b2d/div0__61_i_3_n_0
    SLICE_X44Y74         CARRY4 (Prop_carry4_DI[1]_CO[3])
                                                      0.507    12.546 r  m_b2d/div0__61/CO[3]
                         net (fo=1, routed)           0.009    12.555    m_b2d/div0__61_n_0
    SLICE_X44Y75         CARRY4 (Prop_carry4_CI_CO[3])
                                                      0.114    12.669 r  m_b2d/div0__62/CO[3]
                         net (fo=1, routed)           0.000    12.669    m_b2d/div0__62_n_0
    SLICE_X44Y76         CARRY4 (Prop_carry4_CI_O[1])
                                                      0.334    13.003 r  m_b2d/div0__63/O[1]
                         net (fo=5, routed)           0.510    13.512    m_b2d/div0__63_n_6
    SLICE_X45Y78         LUT2 (Prop_lut2_I1_O)        0.303    13.815 r  m_b2d/div0__71_i_3/O
                         net (fo=1, routed)           0.000    13.815    m_b2d/div0__71_i_3_n_0
    SLICE_X45Y78         CARRY4 (Prop_carry4_S[1]_CO[3])
                                                      0.550    14.365 r  m_b2d/div0__71/CO[3]
                         net (fo=1, routed)           0.000    14.365    m_b2d/div0__71_n_0
    SLICE_X45Y79         CARRY4 (Prop_carry4_CI_CO[3])
                                                      0.114    14.479 r  m_b2d/div0__72/CO[3]
                         net (fo=1, routed)           0.000    14.479    m_b2d/div0__72_n_0
    SLICE_X45Y80         CARRY4 (Prop_carry4_CI_CO[3])
                                                      0.114    14.593 r  m_b2d/div0__73/CO[3]
                         net (fo=1, routed)           0.000    14.593    m_b2d/div0__73_n_0
    SLICE_X45Y81         CARRY4 (Prop_carry4_CI_CO[3])
                                                      0.114    14.707 r  m_b2d/div0__74/CO[3]
                         net (fo=1, routed)           0.000    14.707    m_b2d/div0__74_n_0
    SLICE_X45Y82         CARRY4 (Prop_carry4_CI_O[1])
                                                      0.334    15.041 r  m_b2d/div0__75/O[1]
                         net (fo=3, routed)           0.799    15.841    m_b2d/div0__75_n_6
    SLICE_X43Y81         LUT4 (Prop_lut4_I1_O)        0.303    16.144 r  m_b2d/div0__83_i_5/O
                         net (fo=1, routed)           0.000    16.144    m_b2d/div0__83_i_5_n_0
    SLICE_X43Y81         CARRY4 (Prop_carry4_S[3]_CO[3])
                                                      0.401    16.545 r  m_b2d/div0__83/CO[3]
                         net (fo=1, routed)           0.000    16.545    m_b2d/div0__83_n_0
    SLICE_X43Y82         CARRY4 (Prop_carry4_CI_CO[2])
                                                      0.228    16.773 r  m_b2d/div0__84/CO[2]
                         net (fo=29, routed)          0.560    17.333    m_b2d/div0__84_n_1
    SLICE_X41Y83         LUT4 (Prop_lut4_I1_O)        0.313    17.646 r  m_b2d/div[4]_i_1/O
                         net (fo=1, routed)           0.000    17.646    m_b2d/p_0_in[4]
    SLICE_X41Y83         FDRE                                         r  m_b2d/div_reg[4]/D
  -------------------------------------------------------------------    -------------------

                         (clock sys_clk_pin rise edge)
                                                     10.000    10.000 r  
    W5                                                0.000    10.000 r  CLK100MHZ (IN)
                         net (fo=0)                   0.000    10.000    CLK100MHZ
    W5                   IBUF (Prop_ibuf_I_O)         1.388    11.388 r  CLK100MHZ_IBUF_inst/O
                         net (fo=1, routed)           1.862    13.250    CLK100MHZ_IBUF
    BUFGCTRL_X0Y0        BUFG (Prop_bufg_I_O)         0.091    13.341 r  CLK100MHZ_IBUF_BUFG_inst/O
                         net (fo=188, routed)         1.430    14.771    m_b2d/CLK100MHZ_IBUF_BUFG
    SLICE_X41Y83         FDRE                                         r  m_b2d/div_reg[4]/C
                         clock pessimism              0.258    15.029    
                         clock uncertainty           -0.035    14.994    
    SLICE_X41Y83         FDRE (Setup_fdre_C_D)        0.029    15.023    m_b2d/div_reg[4]
  -------------------------------------------------------------------
                         required time                         15.023    
                         arrival time                         -17.646    
  -------------------------------------------------------------------
                         slack                                 -2.623    





Min Delay Paths
--------------------------------------------------------------------------------------
Slack (MET) :             0.168ns  (arrival time - required time)
  Source:                 m_b2d/dout_reg[13]/C
                            (rising edge-triggered cell FDRE clocked by sys_clk_pin  {rise@0.000ns fall@5.000ns period=10.000ns})
  Destination:            m_b2d/dout_reg[9]/D
                            (rising edge-triggered cell FDRE clocked by sys_clk_pin  {rise@0.000ns fall@5.000ns period=10.000ns})
  Path Group:             sys_clk_pin
  Path Type:              Hold (Min at Fast Process Corner)
  Requirement:            0.000ns  (sys_clk_pin rise@0.000ns - sys_clk_pin rise@0.000ns)
  Data Path Delay:        0.232ns  (logic 0.164ns (70.660%)  route 0.068ns (29.340%))
  Logic Levels:           0  
  Clock Path Skew:        0.000ns (DCD - SCD - CPR)
    Destination Clock Delay (DCD):    1.949ns
    Source Clock Delay      (SCD):    1.437ns
    Clock Pessimism Removal (CPR):    0.512ns

    Location             Delay type                Incr(ns)  Path(ns)    Netlist Resource(s)
  -------------------------------------------------------------------    -------------------
                         (clock sys_clk_pin rise edge)
                                                      0.000     0.000 r  
    W5                                                0.000     0.000 r  CLK100MHZ (IN)
                         net (fo=0)                   0.000     0.000    CLK100MHZ
    W5                   IBUF (Prop_ibuf_I_O)         0.226     0.226 r  CLK100MHZ_IBUF_inst/O
                         net (fo=1, routed)           0.631     0.858    CLK100MHZ_IBUF
    BUFGCTRL_X0Y0        BUFG (Prop_bufg_I_O)         0.026     0.884 r  CLK100MHZ_IBUF_BUFG_inst/O
                         net (fo=188, routed)         0.554     1.437    m_b2d/CLK100MHZ_IBUF_BUFG
    SLICE_X46Y80         FDRE                                         r  m_b2d/dout_reg[13]/C
  -------------------------------------------------------------------    -------------------
    SLICE_X46Y80         FDRE (Prop_fdre_C_Q)         0.164     1.601 r  m_b2d/dout_reg[13]/Q
                         net (fo=2, routed)           0.068     1.669    m_b2d/Q[12]
    SLICE_X46Y80         FDRE                                         r  m_b2d/dout_reg[9]/D
  -------------------------------------------------------------------    -------------------

                         (clock sys_clk_pin rise edge)
                                                      0.000     0.000 r  
    W5                                                0.000     0.000 r  CLK100MHZ (IN)
                         net (fo=0)                   0.000     0.000    CLK100MHZ
    W5                   IBUF (Prop_ibuf_I_O)         0.414     0.414 r  CLK100MHZ_IBUF_inst/O
                         net (fo=1, routed)           0.685     1.099    CLK100MHZ_IBUF
    BUFGCTRL_X0Y0        BUFG (Prop_bufg_I_O)         0.029     1.128 r  CLK100MHZ_IBUF_BUFG_inst/O
                         net (fo=188, routed)         0.822     1.949    m_b2d/CLK100MHZ_IBUF_BUFG
    SLICE_X46Y80         FDRE                                         r  m_b2d/dout_reg[9]/C
                         clock pessimism             -0.512     1.437    
    SLICE_X46Y80         FDRE (Hold_fdre_C_D)         0.064     1.501    m_b2d/dout_reg[9]
  -------------------------------------------------------------------
                         required time                         -1.501    
                         arrival time                           1.669    
  -------------------------------------------------------------------
                         slack                                  0.168    

Slack (MET) :             0.179ns  (arrival time - required time)
  Source:                 m_b2d/dout_reg[10]/C
                            (rising edge-triggered cell FDRE clocked by sys_clk_pin  {rise@0.000ns fall@5.000ns period=10.000ns})
  Destination:            m_b2d/dout_reg[6]/D
                            (rising edge-triggered cell FDRE clocked by sys_clk_pin  {rise@0.000ns fall@5.000ns period=10.000ns})
  Path Group:             sys_clk_pin
  Path Type:              Hold (Min at Fast Process Corner)
  Requirement:            0.000ns  (sys_clk_pin rise@0.000ns - sys_clk_pin rise@0.000ns)
  Data Path Delay:        0.232ns  (logic 0.164ns (70.680%)  route 0.068ns (29.320%))
  Logic Levels:           0  
  Clock Path Skew:        0.000ns (DCD - SCD - CPR)
    Destination Clock Delay (DCD):    1.949ns
    Source Clock Delay      (SCD):    1.437ns
    Clock Pessimism Removal (CPR):    0.512ns

    Location             Delay type                Incr(ns)  Path(ns)    Netlist Resource(s)
  -------------------------------------------------------------------    -------------------
                         (clock sys_clk_pin rise edge)
                                                      0.000     0.000 r  
    W5                                                0.000     0.000 r  CLK100MHZ (IN)
                         net (fo=0)                   0.000     0.000    CLK100MHZ
    W5                   IBUF (Prop_ibuf_I_O)         0.226     0.226 r  CLK100MHZ_IBUF_inst/O
                         net (fo=1, routed)           0.631     0.858    CLK100MHZ_IBUF
    BUFGCTRL_X0Y0        BUFG (Prop_bufg_I_O)         0.026     0.884 r  CLK100MHZ_IBUF_BUFG_inst/O
                         net (fo=188, routed)         0.554     1.437    m_b2d/CLK100MHZ_IBUF_BUFG
    SLICE_X46Y80         FDRE                                         r  m_b2d/dout_reg[10]/C
  -------------------------------------------------------------------    -------------------
    SLICE_X46Y80         FDRE (Prop_fdre_C_Q)         0.164     1.601 r  m_b2d/dout_reg[10]/Q
                         net (fo=2, routed)           0.068     1.669    m_b2d/Q[10]
    SLICE_X46Y80         FDRE                                         r  m_b2d/dout_reg[6]/D
  -------------------------------------------------------------------    -------------------

                         (clock sys_clk_pin rise edge)
                                                      0.000     0.000 r  
    W5                                                0.000     0.000 r  CLK100MHZ (IN)
                         net (fo=0)                   0.000     0.000    CLK100MHZ
    W5                   IBUF (Prop_ibuf_I_O)         0.414     0.414 r  CLK100MHZ_IBUF_inst/O
                         net (fo=1, routed)           0.685     1.099    CLK100MHZ_IBUF
    BUFGCTRL_X0Y0        BUFG (Prop_bufg_I_O)         0.029     1.128 r  CLK100MHZ_IBUF_BUFG_inst/O
                         net (fo=188, routed)         0.822     1.949    m_b2d/CLK100MHZ_IBUF_BUFG
    SLICE_X46Y80         FDRE                                         r  m_b2d/dout_reg[6]/C
                         clock pessimism             -0.512     1.437    
    SLICE_X46Y80         FDRE (Hold_fdre_C_D)         0.053     1.490    m_b2d/dout_reg[6]
  -------------------------------------------------------------------
                         required time                         -1.490    
                         arrival time                           1.669    
  -------------------------------------------------------------------
                         slack                                  0.179    

Slack (MET) :             0.180ns  (arrival time - required time)
  Source:                 m_b2d/dout_reg[11]/C
                            (rising edge-triggered cell FDRE clocked by sys_clk_pin  {rise@0.000ns fall@5.000ns period=10.000ns})
  Destination:            m_b2d/dout_reg[7]/D
                            (rising edge-triggered cell FDRE clocked by sys_clk_pin  {rise@0.000ns fall@5.000ns period=10.000ns})
  Path Group:             sys_clk_pin
  Path Type:              Hold (Min at Fast Process Corner)
  Requirement:            0.000ns  (sys_clk_pin rise@0.000ns - sys_clk_pin rise@0.000ns)
  Data Path Delay:        0.263ns  (logic 0.141ns (53.584%)  route 0.122ns (46.416%))
  Logic Levels:           0  
  Clock Path Skew:        0.013ns (DCD - SCD - CPR)
    Destination Clock Delay (DCD):    1.950ns
    Source Clock Delay      (SCD):    1.438ns
    Clock Pessimism Removal (CPR):    0.499ns

    Location             Delay type                Incr(ns)  Path(ns)    Netlist Resource(s)
  -------------------------------------------------------------------    -------------------
                         (clock sys_clk_pin rise edge)
                                                      0.000     0.000 r  
    W5                                                0.000     0.000 r  CLK100MHZ (IN)
                         net (fo=0)                   0.000     0.000    CLK100MHZ
    W5                   IBUF (Prop_ibuf_I_O)         0.226     0.226 r  CLK100MHZ_IBUF_inst/O
                         net (fo=1, routed)           0.631     0.858    CLK100MHZ_IBUF
    BUFGCTRL_X0Y0        BUFG (Prop_bufg_I_O)         0.026     0.884 r  CLK100MHZ_IBUF_BUFG_inst/O
                         net (fo=188, routed)         0.555     1.438    m_b2d/CLK100MHZ_IBUF_BUFG
    SLICE_X49Y79         FDRE                                         r  m_b2d/dout_reg[11]/C
  -------------------------------------------------------------------    -------------------
    SLICE_X49Y79         FDRE (Prop_fdre_C_Q)         0.141     1.579 r  m_b2d/dout_reg[11]/Q
                         net (fo=2, routed)           0.122     1.701    m_b2d/Q[11]
    SLICE_X48Y79         FDRE                                         r  m_b2d/dout_reg[7]/D
  -------------------------------------------------------------------    -------------------

                         (clock sys_clk_pin rise edge)
                                                      0.000     0.000 r  
    W5                                                0.000     0.000 r  CLK100MHZ (IN)
                         net (fo=0)                   0.000     0.000    CLK100MHZ
    W5                   IBUF (Prop_ibuf_I_O)         0.414     0.414 r  CLK100MHZ_IBUF_inst/O
                         net (fo=1, routed)           0.685     1.099    CLK100MHZ_IBUF
    BUFGCTRL_X0Y0        BUFG (Prop_bufg_I_O)         0.029     1.128 r  CLK100MHZ_IBUF_BUFG_inst/O
                         net (fo=188, routed)         0.822     1.950    m_b2d/CLK100MHZ_IBUF_BUFG
    SLICE_X48Y79         FDRE                                         r  m_b2d/dout_reg[7]/C
                         clock pessimism             -0.499     1.451    
    SLICE_X48Y79         FDRE (Hold_fdre_C_D)         0.070     1.521    m_b2d/dout_reg[7]
  -------------------------------------------------------------------
                         required time                         -1.521    
                         arrival time                           1.701    
  -------------------------------------------------------------------
                         slack                                  0.180    

Slack (MET) :             0.182ns  (arrival time - required time)
  Source:                 m_b2d/mod_reg[2]/C
                            (rising edge-triggered cell FDRE clocked by sys_clk_pin  {rise@0.000ns fall@5.000ns period=10.000ns})
  Destination:            m_b2d/dout_reg[14]/D
                            (rising edge-triggered cell FDRE clocked by sys_clk_pin  {rise@0.000ns fall@5.000ns period=10.000ns})
  Path Group:             sys_clk_pin
  Path Type:              Hold (Min at Fast Process Corner)
  Requirement:            0.000ns  (sys_clk_pin rise@0.000ns - sys_clk_pin rise@0.000ns)
  Data Path Delay:        0.283ns  (logic 0.164ns (57.898%)  route 0.119ns (42.102%))
  Logic Levels:           0  
  Clock Path Skew:        0.035ns (DCD - SCD - CPR)
    Destination Clock Delay (DCD):    1.950ns
    Source Clock Delay      (SCD):    1.437ns
    Clock Pessimism Removal (CPR):    0.478ns

    Location             Delay type                Incr(ns)  Path(ns)    Netlist Resource(s)
  -------------------------------------------------------------------    -------------------
                         (clock sys_clk_pin rise edge)
                                                      0.000     0.000 r  
    W5                                                0.000     0.000 r  CLK100MHZ (IN)
                         net (fo=0)                   0.000     0.000    CLK100MHZ
    W5                   IBUF (Prop_ibuf_I_O)         0.226     0.226 r  CLK100MHZ_IBUF_inst/O
                         net (fo=1, routed)           0.631     0.858    CLK100MHZ_IBUF
    BUFGCTRL_X0Y0        BUFG (Prop_bufg_I_O)         0.026     0.884 r  CLK100MHZ_IBUF_BUFG_inst/O
                         net (fo=188, routed)         0.554     1.437    m_b2d/CLK100MHZ_IBUF_BUFG
    SLICE_X50Y78         FDRE                                         r  m_b2d/mod_reg[2]/C
  -------------------------------------------------------------------    -------------------
    SLICE_X50Y78         FDRE (Prop_fdre_C_Q)         0.164     1.601 r  m_b2d/mod_reg[2]/Q
                         net (fo=1, routed)           0.119     1.720    m_b2d/mod[2]
    SLICE_X49Y79         FDRE                                         r  m_b2d/dout_reg[14]/D
  -------------------------------------------------------------------    -------------------

                         (clock sys_clk_pin rise edge)
                                                      0.000     0.000 r  
    W5                                                0.000     0.000 r  CLK100MHZ (IN)
                         net (fo=0)                   0.000     0.000    CLK100MHZ
    W5                   IBUF (Prop_ibuf_I_O)         0.414     0.414 r  CLK100MHZ_IBUF_inst/O
                         net (fo=1, routed)           0.685     1.099    CLK100MHZ_IBUF
    BUFGCTRL_X0Y0        BUFG (Prop_bufg_I_O)         0.029     1.128 r  CLK100MHZ_IBUF_BUFG_inst/O
                         net (fo=188, routed)         0.822     1.950    m_b2d/CLK100MHZ_IBUF_BUFG
    SLICE_X49Y79         FDRE                                         r  m_b2d/dout_reg[14]/C
                         clock pessimism             -0.478     1.472    
    SLICE_X49Y79         FDRE (Hold_fdre_C_D)         0.066     1.538    m_b2d/dout_reg[14]
  -------------------------------------------------------------------
                         required time                         -1.538    
                         arrival time                           1.720    
  -------------------------------------------------------------------
                         slack                                  0.182    

Slack (MET) :             0.196ns  (arrival time - required time)
  Source:                 m_b2d/dout_reg[15]/C
                            (rising edge-triggered cell FDRE clocked by sys_clk_pin  {rise@0.000ns fall@5.000ns period=10.000ns})
  Destination:            m_b2d/dout_reg[11]/D
                            (rising edge-triggered cell FDRE clocked by sys_clk_pin  {rise@0.000ns fall@5.000ns period=10.000ns})
  Path Group:             sys_clk_pin
  Path Type:              Hold (Min at Fast Process Corner)
  Requirement:            0.000ns  (sys_clk_pin rise@0.000ns - sys_clk_pin rise@0.000ns)
  Data Path Delay:        0.266ns  (logic 0.141ns (52.980%)  route 0.125ns (47.020%))
  Logic Levels:           0  
  Clock Path Skew:        0.000ns (DCD - SCD - CPR)
    Destination Clock Delay (DCD):    1.950ns
    Source Clock Delay      (SCD):    1.438ns
    Clock Pessimism Removal (CPR):    0.512ns

    Location             Delay type                Incr(ns)  Path(ns)    Netlist Resource(s)
  -------------------------------------------------------------------    -------------------
                         (clock sys_clk_pin rise edge)
                                                      0.000     0.000 r  
    W5                                                0.000     0.000 r  CLK100MHZ (IN)
                         net (fo=0)                   0.000     0.000    CLK100MHZ
    W5                   IBUF (Prop_ibuf_I_O)         0.226     0.226 r  CLK100MHZ_IBUF_inst/O
                         net (fo=1, routed)           0.631     0.858    CLK100MHZ_IBUF
    BUFGCTRL_X0Y0        BUFG (Prop_bufg_I_O)         0.026     0.884 r  CLK100MHZ_IBUF_BUFG_inst/O
                         net (fo=188, routed)         0.555     1.438    m_b2d/CLK100MHZ_IBUF_BUFG
    SLICE_X49Y79         FDRE                                         r  m_b2d/dout_reg[15]/C
  -------------------------------------------------------------------    -------------------
    SLICE_X49Y79         FDRE (Prop_fdre_C_Q)         0.141     1.579 r  m_b2d/dout_reg[15]/Q
                         net (fo=2, routed)           0.125     1.704    m_b2d/Q[14]
    SLICE_X49Y79         FDRE                                         r  m_b2d/dout_reg[11]/D
  -------------------------------------------------------------------    -------------------

                         (clock sys_clk_pin rise edge)
                                                      0.000     0.000 r  
    W5                                                0.000     0.000 r  CLK100MHZ (IN)
                         net (fo=0)                   0.000     0.000    CLK100MHZ
    W5                   IBUF (Prop_ibuf_I_O)         0.414     0.414 r  CLK100MHZ_IBUF_inst/O
                         net (fo=1, routed)           0.685     1.099    CLK100MHZ_IBUF
    BUFGCTRL_X0Y0        BUFG (Prop_bufg_I_O)         0.029     1.128 r  CLK100MHZ_IBUF_BUFG_inst/O
                         net (fo=188, routed)         0.822     1.950    m_b2d/CLK100MHZ_IBUF_BUFG
    SLICE_X49Y79         FDRE                                         r  m_b2d/dout_reg[11]/C
                         clock pessimism             -0.512     1.438    
    SLICE_X49Y79         FDRE (Hold_fdre_C_D)         0.070     1.508    m_b2d/dout_reg[11]
  -------------------------------------------------------------------
                         required time                         -1.508    
                         arrival time                           1.704    
  -------------------------------------------------------------------
                         slack                                  0.196    

Slack (MET) :             0.200ns  (arrival time - required time)
  Source:                 m_b2d/dout_reg[8]/C
                            (rising edge-triggered cell FDRE clocked by sys_clk_pin  {rise@0.000ns fall@5.000ns period=10.000ns})
  Destination:            m_b2d/dout_reg[4]/D
                            (rising edge-triggered cell FDRE clocked by sys_clk_pin  {rise@0.000ns fall@5.000ns period=10.000ns})
  Path Group:             sys_clk_pin
  Path Type:              Hold (Min at Fast Process Corner)
  Requirement:            0.000ns  (sys_clk_pin rise@0.000ns - sys_clk_pin rise@0.000ns)
  Data Path Delay:        0.266ns  (logic 0.141ns (53.055%)  route 0.125ns (46.945%))
  Logic Levels:           0  
  Clock Path Skew:        0.000ns (DCD - SCD - CPR)
    Destination Clock Delay (DCD):    1.950ns
    Source Clock Delay      (SCD):    1.438ns
    Clock Pessimism Removal (CPR):    0.512ns

    Location             Delay type                Incr(ns)  Path(ns)    Netlist Resource(s)
  -------------------------------------------------------------------    -------------------
                         (clock sys_clk_pin rise edge)
                                                      0.000     0.000 r  
    W5                                                0.000     0.000 r  CLK100MHZ (IN)
                         net (fo=0)                   0.000     0.000    CLK100MHZ
    W5                   IBUF (Prop_ibuf_I_O)         0.226     0.226 r  CLK100MHZ_IBUF_inst/O
                         net (fo=1, routed)           0.631     0.858    CLK100MHZ_IBUF
    BUFGCTRL_X0Y0        BUFG (Prop_bufg_I_O)         0.026     0.884 r  CLK100MHZ_IBUF_BUFG_inst/O
                         net (fo=188, routed)         0.555     1.438    m_b2d/CLK100MHZ_IBUF_BUFG
    SLICE_X48Y79         FDRE                                         r  m_b2d/dout_reg[8]/C
  -------------------------------------------------------------------    -------------------
    SLICE_X48Y79         FDRE (Prop_fdre_C_Q)         0.141     1.579 r  m_b2d/dout_reg[8]/Q
                         net (fo=2, routed)           0.125     1.704    m_b2d/Q[8]
    SLICE_X48Y79         FDRE                                         r  m_b2d/dout_reg[4]/D
  -------------------------------------------------------------------    -------------------

                         (clock sys_clk_pin rise edge)
                                                      0.000     0.000 r  
    W5                                                0.000     0.000 r  CLK100MHZ (IN)
                         net (fo=0)                   0.000     0.000    CLK100MHZ
    W5                   IBUF (Prop_ibuf_I_O)         0.414     0.414 r  CLK100MHZ_IBUF_inst/O
                         net (fo=1, routed)           0.685     1.099    CLK100MHZ_IBUF
    BUFGCTRL_X0Y0        BUFG (Prop_bufg_I_O)         0.029     1.128 r  CLK100MHZ_IBUF_BUFG_inst/O
                         net (fo=188, routed)         0.822     1.950    m_b2d/CLK100MHZ_IBUF_BUFG
    SLICE_X48Y79         FDRE                                         r  m_b2d/dout_reg[4]/C
                         clock pessimism             -0.512     1.438    
    SLICE_X48Y79         FDRE (Hold_fdre_C_D)         0.066     1.504    m_b2d/dout_reg[4]
  -------------------------------------------------------------------
                         required time                         -1.504    
                         arrival time                           1.704    
  -------------------------------------------------------------------
                         slack                                  0.200    

Slack (MET) :             0.208ns  (arrival time - required time)
  Source:                 m_b2d/dout_reg[7]/C
                            (rising edge-triggered cell FDRE clocked by sys_clk_pin  {rise@0.000ns fall@5.000ns period=10.000ns})
  Destination:            m_b2d/dout_reg[3]/D
                            (rising edge-triggered cell FDRE clocked by sys_clk_pin  {rise@0.000ns fall@5.000ns period=10.000ns})
  Path Group:             sys_clk_pin
  Path Type:              Hold (Min at Fast Process Corner)
  Requirement:            0.000ns  (sys_clk_pin rise@0.000ns - sys_clk_pin rise@0.000ns)
  Data Path Delay:        0.278ns  (logic 0.141ns (50.706%)  route 0.137ns (49.294%))
  Logic Levels:           0  
  Clock Path Skew:        0.000ns (DCD - SCD - CPR)
    Destination Clock Delay (DCD):    1.950ns
    Source Clock Delay      (SCD):    1.438ns
    Clock Pessimism Removal (CPR):    0.512ns

    Location             Delay type                Incr(ns)  Path(ns)    Netlist Resource(s)
  -------------------------------------------------------------------    -------------------
                         (clock sys_clk_pin rise edge)
                                                      0.000     0.000 r  
    W5                                                0.000     0.000 r  CLK100MHZ (IN)
                         net (fo=0)                   0.000     0.000    CLK100MHZ
    W5                   IBUF (Prop_ibuf_I_O)         0.226     0.226 r  CLK100MHZ_IBUF_inst/O
                         net (fo=1, routed)           0.631     0.858    CLK100MHZ_IBUF
    BUFGCTRL_X0Y0        BUFG (Prop_bufg_I_O)         0.026     0.884 r  CLK100MHZ_IBUF_BUFG_inst/O
                         net (fo=188, routed)         0.555     1.438    m_b2d/CLK100MHZ_IBUF_BUFG
    SLICE_X48Y79         FDRE                                         r  m_b2d/dout_reg[7]/C
  -------------------------------------------------------------------    -------------------
    SLICE_X48Y79         FDRE (Prop_fdre_C_Q)         0.141     1.579 r  m_b2d/dout_reg[7]/Q
                         net (fo=2, routed)           0.137     1.716    m_b2d/Q[7]
    SLICE_X48Y79         FDRE                                         r  m_b2d/dout_reg[3]/D
  -------------------------------------------------------------------    -------------------

                         (clock sys_clk_pin rise edge)
                                                      0.000     0.000 r  
    W5                                                0.000     0.000 r  CLK100MHZ (IN)
                         net (fo=0)                   0.000     0.000    CLK100MHZ
    W5                   IBUF (Prop_ibuf_I_O)         0.414     0.414 r  CLK100MHZ_IBUF_inst/O
                         net (fo=1, routed)           0.685     1.099    CLK100MHZ_IBUF
    BUFGCTRL_X0Y0        BUFG (Prop_bufg_I_O)         0.029     1.128 r  CLK100MHZ_IBUF_BUFG_inst/O
                         net (fo=188, routed)         0.822     1.950    m_b2d/CLK100MHZ_IBUF_BUFG
    SLICE_X48Y79         FDRE                                         r  m_b2d/dout_reg[3]/C
                         clock pessimism             -0.512     1.438    
    SLICE_X48Y79         FDRE (Hold_fdre_C_D)         0.070     1.508    m_b2d/dout_reg[3]
  -------------------------------------------------------------------
                         required time                         -1.508    
                         arrival time                           1.716    
  -------------------------------------------------------------------
                         slack                                  0.208    

Slack (MET) :             0.210ns  (arrival time - required time)
  Source:                 m_b2d/dout_reg[0]/C
                            (rising edge-triggered cell FDRE clocked by sys_clk_pin  {rise@0.000ns fall@5.000ns period=10.000ns})
  Destination:            sseg_data_reg[0]/D
                            (rising edge-triggered cell FDRE clocked by sys_clk_pin  {rise@0.000ns fall@5.000ns period=10.000ns})
  Path Group:             sys_clk_pin
  Path Type:              Hold (Min at Fast Process Corner)
  Requirement:            0.000ns  (sys_clk_pin rise@0.000ns - sys_clk_pin rise@0.000ns)
  Data Path Delay:        0.269ns  (logic 0.164ns (60.928%)  route 0.105ns (39.072%))
  Logic Levels:           0  
  Clock Path Skew:        0.013ns (DCD - SCD - CPR)
    Destination Clock Delay (DCD):    1.949ns
    Source Clock Delay      (SCD):    1.437ns
    Clock Pessimism Removal (CPR):    0.499ns

    Location             Delay type                Incr(ns)  Path(ns)    Netlist Resource(s)
  -------------------------------------------------------------------    -------------------
                         (clock sys_clk_pin rise edge)
                                                      0.000     0.000 r  
    W5                                                0.000     0.000 r  CLK100MHZ (IN)
                         net (fo=0)                   0.000     0.000    CLK100MHZ
    W5                   IBUF (Prop_ibuf_I_O)         0.226     0.226 r  CLK100MHZ_IBUF_inst/O
                         net (fo=1, routed)           0.631     0.858    CLK100MHZ_IBUF
    BUFGCTRL_X0Y0        BUFG (Prop_bufg_I_O)         0.026     0.884 r  CLK100MHZ_IBUF_BUFG_inst/O
                         net (fo=188, routed)         0.554     1.437    m_b2d/CLK100MHZ_IBUF_BUFG
    SLICE_X46Y80         FDRE                                         r  m_b2d/dout_reg[0]/C
  -------------------------------------------------------------------    -------------------
    SLICE_X46Y80         FDRE (Prop_fdre_C_Q)         0.164     1.601 r  m_b2d/dout_reg[0]/Q
                         net (fo=1, routed)           0.105     1.706    dout[0]
    SLICE_X47Y80         FDRE                                         r  sseg_data_reg[0]/D
  -------------------------------------------------------------------    -------------------

                         (clock sys_clk_pin rise edge)
                                                      0.000     0.000 r  
    W5                                                0.000     0.000 r  CLK100MHZ (IN)
                         net (fo=0)                   0.000     0.000    CLK100MHZ
    W5                   IBUF (Prop_ibuf_I_O)         0.414     0.414 r  CLK100MHZ_IBUF_inst/O
                         net (fo=1, routed)           0.685     1.099    CLK100MHZ_IBUF
    BUFGCTRL_X0Y0        BUFG (Prop_bufg_I_O)         0.029     1.128 r  CLK100MHZ_IBUF_BUFG_inst/O
                         net (fo=188, routed)         0.822     1.949    CLK100MHZ_IBUF_BUFG
    SLICE_X47Y80         FDRE                                         r  sseg_data_reg[0]/C
                         clock pessimism             -0.499     1.450    
    SLICE_X47Y80         FDRE (Hold_fdre_C_D)         0.046     1.496    sseg_data_reg[0]
  -------------------------------------------------------------------
                         required time                         -1.496    
                         arrival time                           1.706    
  -------------------------------------------------------------------
                         slack                                  0.210    

Slack (MET) :             0.239ns  (arrival time - required time)
  Source:                 m_b2d/FSM_sequential_state_reg[2]/C
                            (rising edge-triggered cell FDRE clocked by sys_clk_pin  {rise@0.000ns fall@5.000ns period=10.000ns})
  Destination:            m_b2d/FSM_sequential_state_reg[2]/D
                            (rising edge-triggered cell FDRE clocked by sys_clk_pin  {rise@0.000ns fall@5.000ns period=10.000ns})
  Path Group:             sys_clk_pin
  Path Type:              Hold (Min at Fast Process Corner)
  Requirement:            0.000ns  (sys_clk_pin rise@0.000ns - sys_clk_pin rise@0.000ns)
  Data Path Delay:        0.331ns  (logic 0.186ns (56.112%)  route 0.145ns (43.888%))
  Logic Levels:           1  (LUT6=1)
  Clock Path Skew:        0.000ns (DCD - SCD - CPR)
    Destination Clock Delay (DCD):    1.948ns
    Source Clock Delay      (SCD):    1.436ns
    Clock Pessimism Removal (CPR):    0.512ns

    Location             Delay type                Incr(ns)  Path(ns)    Netlist Resource(s)
  -------------------------------------------------------------------    -------------------
                         (clock sys_clk_pin rise edge)
                                                      0.000     0.000 r  
    W5                                                0.000     0.000 r  CLK100MHZ (IN)
                         net (fo=0)                   0.000     0.000    CLK100MHZ
    W5                   IBUF (Prop_ibuf_I_O)         0.226     0.226 r  CLK100MHZ_IBUF_inst/O
                         net (fo=1, routed)           0.631     0.858    CLK100MHZ_IBUF
    BUFGCTRL_X0Y0        BUFG (Prop_bufg_I_O)         0.026     0.884 r  CLK100MHZ_IBUF_BUFG_inst/O
                         net (fo=188, routed)         0.553     1.436    m_b2d/CLK100MHZ_IBUF_BUFG
    SLICE_X47Y70         FDRE                                         r  m_b2d/FSM_sequential_state_reg[2]/C
  -------------------------------------------------------------------    -------------------
    SLICE_X47Y70         FDRE (Prop_fdre_C_Q)         0.141     1.577 r  m_b2d/FSM_sequential_state_reg[2]/Q
                         net (fo=7, routed)           0.145     1.723    m_b2d/state[2]
    SLICE_X47Y70         LUT6 (Prop_lut6_I5_O)        0.045     1.768 r  m_b2d/FSM_sequential_state[2]_i_1/O
                         net (fo=1, routed)           0.000     1.768    m_b2d/FSM_sequential_state[2]_i_1_n_0
    SLICE_X47Y70         FDRE                                         r  m_b2d/FSM_sequential_state_reg[2]/D
  -------------------------------------------------------------------    -------------------

                         (clock sys_clk_pin rise edge)
                                                      0.000     0.000 r  
    W5                                                0.000     0.000 r  CLK100MHZ (IN)
                         net (fo=0)                   0.000     0.000    CLK100MHZ
    W5                   IBUF (Prop_ibuf_I_O)         0.414     0.414 r  CLK100MHZ_IBUF_inst/O
                         net (fo=1, routed)           0.685     1.099    CLK100MHZ_IBUF
    BUFGCTRL_X0Y0        BUFG (Prop_bufg_I_O)         0.029     1.128 r  CLK100MHZ_IBUF_BUFG_inst/O
                         net (fo=188, routed)         0.821     1.948    m_b2d/CLK100MHZ_IBUF_BUFG
    SLICE_X47Y70         FDRE                                         r  m_b2d/FSM_sequential_state_reg[2]/C
                         clock pessimism             -0.512     1.436    
    SLICE_X47Y70         FDRE (Hold_fdre_C_D)         0.092     1.528    m_b2d/FSM_sequential_state_reg[2]
  -------------------------------------------------------------------
                         required time                         -1.528    
                         arrival time                           1.768    
  -------------------------------------------------------------------
                         slack                                  0.239    

Slack (MET) :             0.241ns  (arrival time - required time)
  Source:                 m_b2d/FSM_sequential_state_reg[2]/C
                            (rising edge-triggered cell FDRE clocked by sys_clk_pin  {rise@0.000ns fall@5.000ns period=10.000ns})
  Destination:            m_b2d/FSM_sequential_state_reg[0]/D
                            (rising edge-triggered cell FDRE clocked by sys_clk_pin  {rise@0.000ns fall@5.000ns period=10.000ns})
  Path Group:             sys_clk_pin
  Path Type:              Hold (Min at Fast Process Corner)
  Requirement:            0.000ns  (sys_clk_pin rise@0.000ns - sys_clk_pin rise@0.000ns)
  Data Path Delay:        0.332ns  (logic 0.186ns (55.944%)  route 0.146ns (44.056%))
  Logic Levels:           1  (LUT6=1)
  Clock Path Skew:        0.000ns (DCD - SCD - CPR)
    Destination Clock Delay (DCD):    1.948ns
    Source Clock Delay      (SCD):    1.436ns
    Clock Pessimism Removal (CPR):    0.512ns

    Location             Delay type                Incr(ns)  Path(ns)    Netlist Resource(s)
  -------------------------------------------------------------------    -------------------
                         (clock sys_clk_pin rise edge)
                                                      0.000     0.000 r  
    W5                                                0.000     0.000 r  CLK100MHZ (IN)
                         net (fo=0)                   0.000     0.000    CLK100MHZ
    W5                   IBUF (Prop_ibuf_I_O)         0.226     0.226 r  CLK100MHZ_IBUF_inst/O
                         net (fo=1, routed)           0.631     0.858    CLK100MHZ_IBUF
    BUFGCTRL_X0Y0        BUFG (Prop_bufg_I_O)         0.026     0.884 r  CLK100MHZ_IBUF_BUFG_inst/O
                         net (fo=188, routed)         0.553     1.436    m_b2d/CLK100MHZ_IBUF_BUFG
    SLICE_X47Y70         FDRE                                         r  m_b2d/FSM_sequential_state_reg[2]/C
  -------------------------------------------------------------------    -------------------
    SLICE_X47Y70         FDRE (Prop_fdre_C_Q)         0.141     1.577 f  m_b2d/FSM_sequential_state_reg[2]/Q
                         net (fo=7, routed)           0.146     1.724    m_b2d/state[2]
    SLICE_X47Y70         LUT6 (Prop_lut6_I5_O)        0.045     1.769 r  m_b2d/FSM_sequential_state[0]_i_1/O
                         net (fo=1, routed)           0.000     1.769    m_b2d/FSM_sequential_state[0]_i_1_n_0
    SLICE_X47Y70         FDRE                                         r  m_b2d/FSM_sequential_state_reg[0]/D
  -------------------------------------------------------------------    -------------------

                         (clock sys_clk_pin rise edge)
                                                      0.000     0.000 r  
    W5                                                0.000     0.000 r  CLK100MHZ (IN)
                         net (fo=0)                   0.000     0.000    CLK100MHZ
    W5                   IBUF (Prop_ibuf_I_O)         0.414     0.414 r  CLK100MHZ_IBUF_inst/O
                         net (fo=1, routed)           0.685     1.099    CLK100MHZ_IBUF
    BUFGCTRL_X0Y0        BUFG (Prop_bufg_I_O)         0.029     1.128 r  CLK100MHZ_IBUF_BUFG_inst/O
                         net (fo=188, routed)         0.821     1.948    m_b2d/CLK100MHZ_IBUF_BUFG
    SLICE_X47Y70         FDRE                                         r  m_b2d/FSM_sequential_state_reg[0]/C
                         clock pessimism             -0.512     1.436    
    SLICE_X47Y70         FDRE (Hold_fdre_C_D)         0.091     1.527    m_b2d/FSM_sequential_state_reg[0]
  -------------------------------------------------------------------
                         required time                         -1.527    
                         arrival time                           1.769    
  -------------------------------------------------------------------
                         slack                                  0.241    





Pulse Width Checks
--------------------------------------------------------------------------------------
Clock Name:         sys_clk_pin
Waveform(ns):       { 0.000 5.000 }
Period(ns):         10.000
Sources:            { CLK100MHZ }

Check Type        Corner  Lib Pin    Reference Pin  Required(ns)  Actual(ns)  Slack(ns)  Location       Pin
Min Period        n/a     XADC/DCLK  n/a            4.000         10.000      6.000      XADC_X0Y0      XLXI_7/inst/DCLK
Min Period        n/a     BUFG/I     n/a            2.155         10.000      7.845      BUFGCTRL_X0Y0  CLK100MHZ_IBUF_BUFG_inst/I
Min Period        n/a     FDRE/C     n/a            1.000         10.000      9.000      SLICE_X14Y70   Address_in_reg[0]/C
Min Period        n/a     FDRE/C     n/a            1.000         10.000      9.000      SLICE_X14Y76   Address_in_reg[3]/C
Min Period        n/a     FDRE/C     n/a            1.000         10.000      9.000      SLICE_X47Y68   FSM_onehot_state_reg[0]/C
Min Period        n/a     FDRE/C     n/a            1.000         10.000      9.000      SLICE_X47Y69   FSM_onehot_state_reg[1]/C
Min Period        n/a     FDRE/C     n/a            1.000         10.000      9.000      SLICE_X47Y68   FSM_onehot_state_reg[2]/C
Min Period        n/a     FDRE/C     n/a            1.000         10.000      9.000      SLICE_X43Y66   m_b2d/data_reg[0]/C
Min Period        n/a     FDRE/C     n/a            1.000         10.000      9.000      SLICE_X41Y67   m_b2d/data_reg[10]/C
Min Period        n/a     FDRE/C     n/a            1.000         10.000      9.000      SLICE_X41Y70   m_b2d/data_reg[11]/C
Low Pulse Width   Slow    FDRE/C     n/a            0.500         5.000       4.500      SLICE_X41Y70   m_b2d/data_reg[11]/C
Low Pulse Width   Slow    FDRE/C     n/a            0.500         5.000       4.500      SLICE_X44Y71   m_b2d/data_reg[13]/C
Low Pulse Width   Slow    FDRE/C     n/a            0.500         5.000       4.500      SLICE_X41Y70   m_b2d/data_reg[15]/C
Low Pulse Width   Slow    FDRE/C     n/a            0.500         5.000       4.500      SLICE_X38Y70   m_b2d/data_reg[16]/C
Low Pulse Width   Slow    FDRE/C     n/a            0.500         5.000       4.500      SLICE_X41Y70   m_b2d/data_reg[17]/C
Low Pulse Width   Slow    FDRE/C     n/a            0.500         5.000       4.500      SLICE_X38Y70   m_b2d/data_reg[22]/C
Low Pulse Width   Slow    FDRE/C     n/a            0.500         5.000       4.500      SLICE_X46Y71   count_reg[28]/C
Low Pulse Width   Slow    FDRE/C     n/a            0.500         5.000       4.500      SLICE_X46Y71   count_reg[29]/C
Low Pulse Width   Slow    FDRE/C     n/a            0.500         5.000       4.500      SLICE_X46Y71   count_reg[30]/C
Low Pulse Width   Slow    FDRE/C     n/a            0.500         5.000       4.500      SLICE_X46Y71   count_reg[31]/C
High Pulse Width  Slow    FDRE/C     n/a            0.500         5.000       4.500      SLICE_X47Y68   FSM_onehot_state_reg[0]/C
High Pulse Width  Fast    FDRE/C     n/a            0.500         5.000       4.500      SLICE_X47Y68   FSM_onehot_state_reg[0]/C
High Pulse Width  Slow    FDRE/C     n/a            0.500         5.000       4.500      SLICE_X47Y68   FSM_onehot_state_reg[2]/C
High Pulse Width  Fast    FDRE/C     n/a            0.500         5.000       4.500      SLICE_X47Y68   FSM_onehot_state_reg[2]/C
High Pulse Width  Slow    FDRE/C     n/a            0.500         5.000       4.500      SLICE_X43Y66   m_b2d/data_reg[0]/C
High Pulse Width  Slow    FDRE/C     n/a            0.500         5.000       4.500      SLICE_X41Y67   m_b2d/data_reg[10]/C
High Pulse Width  Fast    FDRE/C     n/a            0.500         5.000       4.500      SLICE_X41Y67   m_b2d/data_reg[10]/C
High Pulse Width  Slow    FDRE/C     n/a            0.500         5.000       4.500      SLICE_X42Y67   m_b2d/data_reg[12]/C
High Pulse Width  Fast    FDRE/C     n/a            0.500         5.000       4.500      SLICE_X42Y67   m_b2d/data_reg[12]/C
High Pulse Width  Slow    FDRE/C     n/a            0.500         5.000       4.500      SLICE_X41Y67   m_b2d/data_reg[14]/C



