Copyright 1986-2018 Xilinx, Inc. All Rights Reserved.
-----------------------------------------------------------------------------------------------------------------------------------------------------------------------------------------------------------------
| Tool Version : Vivado v.2018.3 (win64) Build 2405991 Thu Dec  6 23:38:27 MST 2018
| Date         : Tue Feb 17 16:19:48 2026
| Host         : SFH0760-CSGBX74 running 64-bit major release  (build 9200)
| Command      : report_timing_summary -max_paths 10 -file LCD_driver_top_timing_summary_routed.rpt -pb LCD_driver_top_timing_summary_routed.pb -rpx LCD_driver_top_timing_summary_routed.rpx -warn_on_violation
| Design       : LCD_driver_top
| Device       : 7a35t-cpg236
| Speed File   : -1  PRODUCTION 1.23 2018-06-13
-----------------------------------------------------------------------------------------------------------------------------------------------------------------------------------------------------------------

Timing Summary Report

------------------------------------------------------------------------------------------------
| Timer Settings
| --------------
------------------------------------------------------------------------------------------------

  Enable Multi Corner Analysis               :  Yes
  Enable Pessimism Removal                   :  Yes
  Pessimism Removal Resolution               :  Nearest Common Node
  Enable Input Delay Default Clock           :  No
  Enable Preset / Clear Arcs                 :  No
  Disable Flight Delays                      :  No
  Ignore I/O Paths                           :  No
  Timing Early Launch at Borrowing Latches   :  false

  Corner  Analyze    Analyze    
  Name    Max Paths  Min Paths  
  ------  ---------  ---------  
  Slow    Yes        Yes        
  Fast    Yes        Yes        



check_timing report

Table of Contents
-----------------
1. checking no_clock
2. checking constant_clock
3. checking pulse_width_clock
4. checking unconstrained_internal_endpoints
5. checking no_input_delay
6. checking no_output_delay
7. checking multiple_clock
8. checking generated_clocks
9. checking loops
10. checking partial_input_delay
11. checking partial_output_delay
12. checking latch_loops

1. checking no_clock
--------------------
 There are 0 register/latch pins with no clock.


2. checking constant_clock
--------------------------
 There are 0 register/latch pins with constant_clock.


3. checking pulse_width_clock
-----------------------------
 There are 0 register/latch pins which need pulse_width check


4. checking unconstrained_internal_endpoints
--------------------------------------------
 There are 0 pins that are not constrained for maximum delay.

 There are 0 pins that are not constrained for maximum delay due to constant clock.


5. checking no_input_delay
--------------------------
 There are 8 input ports with no input delay specified. (HIGH)

 There are 0 input ports with no input delay but user has a false path constraint.


6. checking no_output_delay
---------------------------
 There are 9 ports with no output delay specified. (HIGH)

 There are 0 ports with no output delay but user has a false path constraint

 There are 0 ports with no output delay but with a timing clock defined on it or propagating through it


7. checking multiple_clock
--------------------------
 There are 0 register/latch pins with multiple clocks.


8. checking generated_clocks
----------------------------
 There are 0 generated clocks that are not connected to a clock source.


9. checking loops
-----------------
 There are 0 combinational loops in the design.


10. checking partial_input_delay
--------------------------------
 There are 0 input ports with partial input delay specified.


11. checking partial_output_delay
---------------------------------
 There are 0 ports with partial output delay specified.


12. checking latch_loops
------------------------
 There are 0 combinational latch loops in the design through latch input



------------------------------------------------------------------------------------------------
| Design Timing Summary
| ---------------------
------------------------------------------------------------------------------------------------

    WNS(ns)      TNS(ns)  TNS Failing Endpoints  TNS Total Endpoints      WHS(ns)      THS(ns)  THS Failing Endpoints  THS Total Endpoints     WPWS(ns)     TPWS(ns)  TPWS Failing Endpoints  TPWS Total Endpoints  
    -------      -------  ---------------------  -------------------      -------      -------  ---------------------  -------------------     --------     --------  ----------------------  --------------------  
      3.468        0.000                      0                  183        0.137        0.000                      0                  183        4.500        0.000                       0                   133  


All user specified timing constraints are met.


------------------------------------------------------------------------------------------------
| Clock Summary
| -------------
------------------------------------------------------------------------------------------------

Clock        Waveform(ns)       Period(ns)      Frequency(MHz)
-----        ------------       ----------      --------------
sys_clk_pin  {0.000 5.000}      10.000          100.000         


------------------------------------------------------------------------------------------------
| Intra Clock Table
| -----------------
------------------------------------------------------------------------------------------------

Clock             WNS(ns)      TNS(ns)  TNS Failing Endpoints  TNS Total Endpoints      WHS(ns)      THS(ns)  THS Failing Endpoints  THS Total Endpoints     WPWS(ns)     TPWS(ns)  TPWS Failing Endpoints  TPWS Total Endpoints  
-----             -------      -------  ---------------------  -------------------      -------      -------  ---------------------  -------------------     --------     --------  ----------------------  --------------------  
sys_clk_pin         3.468        0.000                      0                  183        0.137        0.000                      0                  183        4.500        0.000                       0                   133  


------------------------------------------------------------------------------------------------
| Inter Clock Table
| -----------------
------------------------------------------------------------------------------------------------

From Clock    To Clock          WNS(ns)      TNS(ns)  TNS Failing Endpoints  TNS Total Endpoints      WHS(ns)      THS(ns)  THS Failing Endpoints  THS Total Endpoints  
----------    --------          -------      -------  ---------------------  -------------------      -------      -------  ---------------------  -------------------  


------------------------------------------------------------------------------------------------
| Other Path Groups Table
| -----------------------
------------------------------------------------------------------------------------------------

Path Group    From Clock    To Clock          WNS(ns)      TNS(ns)  TNS Failing Endpoints  TNS Total Endpoints      WHS(ns)      THS(ns)  THS Failing Endpoints  THS Total Endpoints  
----------    ----------    --------          -------      -------  ---------------------  -------------------      -------      -------  ---------------------  -------------------  


------------------------------------------------------------------------------------------------
| Timing Details
| --------------
------------------------------------------------------------------------------------------------


---------------------------------------------------------------------------------------------------
From Clock:  sys_clk_pin
  To Clock:  sys_clk_pin

Setup :            0  Failing Endpoints,  Worst Slack        3.468ns,  Total Violation        0.000ns
Hold  :            0  Failing Endpoints,  Worst Slack        0.137ns,  Total Violation        0.000ns
PW    :            0  Failing Endpoints,  Worst Slack        4.500ns,  Total Violation        0.000ns
---------------------------------------------------------------------------------------------------


Max Delay Paths
--------------------------------------------------------------------------------------
Slack (MET) :             3.468ns  (required time - arrival time)
  Source:                 data_in_reg[2]/C
                            (rising edge-triggered cell FDRE clocked by sys_clk_pin  {rise@0.000ns fall@5.000ns period=10.000ns})
  Destination:            lcd1/data_out_reg[2]/D
                            (falling edge-triggered cell FDRE clocked by sys_clk_pin  {rise@0.000ns fall@5.000ns period=10.000ns})
  Path Group:             sys_clk_pin
  Path Type:              Setup (Max at Slow Process Corner)
  Requirement:            5.000ns  (sys_clk_pin fall@5.000ns - sys_clk_pin rise@0.000ns)
  Data Path Delay:        1.548ns  (logic 0.608ns (39.269%)  route 0.940ns (60.731%))
  Logic Levels:           1  (LUT3=1)
  Clock Path Skew:        -0.026ns (DCD - SCD + CPR)
    Destination Clock Delay (DCD):    4.847ns = ( 9.847 - 5.000 ) 
    Source Clock Delay      (SCD):    5.144ns
    Clock Pessimism Removal (CPR):    0.271ns
  Clock Uncertainty:      0.035ns  ((TSJ^2 + TIJ^2)^1/2 + DJ) / 2 + PE
    Total System Jitter     (TSJ):    0.071ns
    Total Input Jitter      (TIJ):    0.000ns
    Discrete Jitter          (DJ):    0.000ns
    Phase Error              (PE):    0.000ns

    Location             Delay type                Incr(ns)  Path(ns)    Netlist Resource(s)
  -------------------------------------------------------------------    -------------------
                         (clock sys_clk_pin rise edge)
                                                      0.000     0.000 r  
    W5                                                0.000     0.000 r  clk (IN)
                         net (fo=0)                   0.000     0.000    clk
    W5                   IBUF (Prop_ibuf_I_O)         1.458     1.458 r  clk_IBUF_inst/O
                         net (fo=1, routed)           1.967     3.425    clk_IBUF
    BUFGCTRL_X0Y0        BUFG (Prop_bufg_I_O)         0.096     3.521 r  clk_IBUF_BUFG_inst/O
                         net (fo=132, routed)         1.623     5.144    clk_IBUF_BUFG
    SLICE_X5Y56          FDRE                                         r  data_in_reg[2]/C
  -------------------------------------------------------------------    -------------------
    SLICE_X5Y56          FDRE (Prop_fdre_C_Q)         0.456     5.600 r  data_in_reg[2]/Q
                         net (fo=1, routed)           0.940     6.540    lcd1/Q[2]
    SLICE_X5Y57          LUT3 (Prop_lut3_I0_O)        0.152     6.692 r  lcd1/data_out[2]_i_1/O
                         net (fo=1, routed)           0.000     6.692    lcd1/data_out[2]_i_1_n_0
    SLICE_X5Y57          FDRE                                         r  lcd1/data_out_reg[2]/D
  -------------------------------------------------------------------    -------------------

                         (clock sys_clk_pin fall edge)
                                                      5.000     5.000 f  
    W5                                                0.000     5.000 f  clk (IN)
                         net (fo=0)                   0.000     5.000    clk
    W5                   IBUF (Prop_ibuf_I_O)         1.388     6.388 f  clk_IBUF_inst/O
                         net (fo=1, routed)           1.862     8.250    clk_IBUF
    BUFGCTRL_X0Y0        BUFG (Prop_bufg_I_O)         0.091     8.341 f  clk_IBUF_BUFG_inst/O
                         net (fo=132, routed)         1.506     9.847    lcd1/clk_IBUF_BUFG
    SLICE_X5Y57          FDRE                                         r  lcd1/data_out_reg[2]/C  (IS_INVERTED)
                         clock pessimism              0.271    10.118    
                         clock uncertainty           -0.035    10.083    
    SLICE_X5Y57          FDRE (Setup_fdre_C_D)        0.078    10.161    lcd1/data_out_reg[2]
  -------------------------------------------------------------------
                         required time                         10.161    
                         arrival time                          -6.692    
  -------------------------------------------------------------------
                         slack                                  3.468    

Slack (MET) :             3.492ns  (required time - arrival time)
  Source:                 wr_en_reg/C
                            (rising edge-triggered cell FDRE clocked by sys_clk_pin  {rise@0.000ns fall@5.000ns period=10.000ns})
  Destination:            lcd1/FSM_sequential_state_reg[0]/D
                            (falling edge-triggered cell FDRE clocked by sys_clk_pin  {rise@0.000ns fall@5.000ns period=10.000ns})
  Path Group:             sys_clk_pin
  Path Type:              Setup (Max at Slow Process Corner)
  Requirement:            5.000ns  (sys_clk_pin fall@5.000ns - sys_clk_pin rise@0.000ns)
  Data Path Delay:        1.512ns  (logic 0.580ns (38.367%)  route 0.932ns (61.633%))
  Logic Levels:           1  (LUT6=1)
  Clock Path Skew:        -0.043ns (DCD - SCD + CPR)
    Destination Clock Delay (DCD):    4.847ns = ( 9.847 - 5.000 ) 
    Source Clock Delay      (SCD):    5.148ns
    Clock Pessimism Removal (CPR):    0.258ns
  Clock Uncertainty:      0.035ns  ((TSJ^2 + TIJ^2)^1/2 + DJ) / 2 + PE
    Total System Jitter     (TSJ):    0.071ns
    Total Input Jitter      (TIJ):    0.000ns
    Discrete Jitter          (DJ):    0.000ns
    Phase Error              (PE):    0.000ns

    Location             Delay type                Incr(ns)  Path(ns)    Netlist Resource(s)
  -------------------------------------------------------------------    -------------------
                         (clock sys_clk_pin rise edge)
                                                      0.000     0.000 r  
    W5                                                0.000     0.000 r  clk (IN)
                         net (fo=0)                   0.000     0.000    clk
    W5                   IBUF (Prop_ibuf_I_O)         1.458     1.458 r  clk_IBUF_inst/O
                         net (fo=1, routed)           1.967     3.425    clk_IBUF
    BUFGCTRL_X0Y0        BUFG (Prop_bufg_I_O)         0.096     3.521 r  clk_IBUF_BUFG_inst/O
                         net (fo=132, routed)         1.627     5.148    clk_IBUF_BUFG
    SLICE_X3Y52          FDRE                                         r  wr_en_reg/C
  -------------------------------------------------------------------    -------------------
    SLICE_X3Y52          FDRE (Prop_fdre_C_Q)         0.456     5.604 f  wr_en_reg/Q
                         net (fo=2, routed)           0.932     6.536    lcd1/wr_en
    SLICE_X6Y57          LUT6 (Prop_lut6_I5_O)        0.124     6.660 r  lcd1/FSM_sequential_state[0]_i_1/O
                         net (fo=1, routed)           0.000     6.660    lcd1/FSM_sequential_state[0]_i_1_n_0
    SLICE_X6Y57          FDRE                                         r  lcd1/FSM_sequential_state_reg[0]/D
  -------------------------------------------------------------------    -------------------

                         (clock sys_clk_pin fall edge)
                                                      5.000     5.000 f  
    W5                                                0.000     5.000 f  clk (IN)
                         net (fo=0)                   0.000     5.000    clk
    W5                   IBUF (Prop_ibuf_I_O)         1.388     6.388 f  clk_IBUF_inst/O
                         net (fo=1, routed)           1.862     8.250    clk_IBUF
    BUFGCTRL_X0Y0        BUFG (Prop_bufg_I_O)         0.091     8.341 f  clk_IBUF_BUFG_inst/O
                         net (fo=132, routed)         1.506     9.847    lcd1/clk_IBUF_BUFG
    SLICE_X6Y57          FDRE                                         r  lcd1/FSM_sequential_state_reg[0]/C  (IS_INVERTED)
                         clock pessimism              0.258    10.105    
                         clock uncertainty           -0.035    10.070    
    SLICE_X6Y57          FDRE (Setup_fdre_C_D)        0.082    10.152    lcd1/FSM_sequential_state_reg[0]
  -------------------------------------------------------------------
                         required time                         10.152    
                         arrival time                          -6.660    
  -------------------------------------------------------------------
                         slack                                  3.492    

Slack (MET) :             3.531ns  (required time - arrival time)
  Source:                 wr_en_reg/C
                            (rising edge-triggered cell FDRE clocked by sys_clk_pin  {rise@0.000ns fall@5.000ns period=10.000ns})
  Destination:            lcd1/FSM_sequential_state_reg[1]/D
                            (falling edge-triggered cell FDRE clocked by sys_clk_pin  {rise@0.000ns fall@5.000ns period=10.000ns})
  Path Group:             sys_clk_pin
  Path Type:              Setup (Max at Slow Process Corner)
  Requirement:            5.000ns  (sys_clk_pin fall@5.000ns - sys_clk_pin rise@0.000ns)
  Data Path Delay:        1.441ns  (logic 0.580ns (40.257%)  route 0.861ns (59.743%))
  Logic Levels:           1  (LUT4=1)
  Clock Path Skew:        -0.027ns (DCD - SCD + CPR)
    Destination Clock Delay (DCD):    4.849ns = ( 9.849 - 5.000 ) 
    Source Clock Delay      (SCD):    5.148ns
    Clock Pessimism Removal (CPR):    0.272ns
  Clock Uncertainty:      0.035ns  ((TSJ^2 + TIJ^2)^1/2 + DJ) / 2 + PE
    Total System Jitter     (TSJ):    0.071ns
    Total Input Jitter      (TIJ):    0.000ns
    Discrete Jitter          (DJ):    0.000ns
    Phase Error              (PE):    0.000ns

    Location             Delay type                Incr(ns)  Path(ns)    Netlist Resource(s)
  -------------------------------------------------------------------    -------------------
                         (clock sys_clk_pin rise edge)
                                                      0.000     0.000 r  
    W5                                                0.000     0.000 r  clk (IN)
                         net (fo=0)                   0.000     0.000    clk
    W5                   IBUF (Prop_ibuf_I_O)         1.458     1.458 r  clk_IBUF_inst/O
                         net (fo=1, routed)           1.967     3.425    clk_IBUF
    BUFGCTRL_X0Y0        BUFG (Prop_bufg_I_O)         0.096     3.521 r  clk_IBUF_BUFG_inst/O
                         net (fo=132, routed)         1.627     5.148    clk_IBUF_BUFG
    SLICE_X3Y52          FDRE                                         r  wr_en_reg/C
  -------------------------------------------------------------------    -------------------
    SLICE_X3Y52          FDRE (Prop_fdre_C_Q)         0.456     5.604 r  wr_en_reg/Q
                         net (fo=2, routed)           0.861     6.465    lcd1/wr_en
    SLICE_X3Y57          LUT4 (Prop_lut4_I3_O)        0.124     6.589 r  lcd1/FSM_sequential_state[1]_i_1/O
                         net (fo=1, routed)           0.000     6.589    lcd1/FSM_sequential_state[1]_i_1_n_0
    SLICE_X3Y57          FDRE                                         r  lcd1/FSM_sequential_state_reg[1]/D
  -------------------------------------------------------------------    -------------------

                         (clock sys_clk_pin fall edge)
                                                      5.000     5.000 f  
    W5                                                0.000     5.000 f  clk (IN)
                         net (fo=0)                   0.000     5.000    clk
    W5                   IBUF (Prop_ibuf_I_O)         1.388     6.388 f  clk_IBUF_inst/O
                         net (fo=1, routed)           1.862     8.250    clk_IBUF
    BUFGCTRL_X0Y0        BUFG (Prop_bufg_I_O)         0.091     8.341 f  clk_IBUF_BUFG_inst/O
                         net (fo=132, routed)         1.508     9.849    lcd1/clk_IBUF_BUFG
    SLICE_X3Y57          FDRE                                         r  lcd1/FSM_sequential_state_reg[1]/C  (IS_INVERTED)
                         clock pessimism              0.272    10.121    
                         clock uncertainty           -0.035    10.086    
    SLICE_X3Y57          FDRE (Setup_fdre_C_D)        0.034    10.120    lcd1/FSM_sequential_state_reg[1]
  -------------------------------------------------------------------
                         required time                         10.120    
                         arrival time                          -6.589    
  -------------------------------------------------------------------
                         slack                                  3.531    

Slack (MET) :             3.593ns  (required time - arrival time)
  Source:                 data_in_reg[3]/C
                            (rising edge-triggered cell FDRE clocked by sys_clk_pin  {rise@0.000ns fall@5.000ns period=10.000ns})
  Destination:            lcd1/data_out_reg[3]/D
                            (falling edge-triggered cell FDRE clocked by sys_clk_pin  {rise@0.000ns fall@5.000ns period=10.000ns})
  Path Group:             sys_clk_pin
  Path Type:              Setup (Max at Slow Process Corner)
  Requirement:            5.000ns  (sys_clk_pin fall@5.000ns - sys_clk_pin rise@0.000ns)
  Data Path Delay:        1.381ns  (logic 0.580ns (41.999%)  route 0.801ns (58.001%))
  Logic Levels:           1  (LUT4=1)
  Clock Path Skew:        -0.025ns (DCD - SCD + CPR)
    Destination Clock Delay (DCD):    4.847ns = ( 9.847 - 5.000 ) 
    Source Clock Delay      (SCD):    5.143ns
    Clock Pessimism Removal (CPR):    0.271ns
  Clock Uncertainty:      0.035ns  ((TSJ^2 + TIJ^2)^1/2 + DJ) / 2 + PE
    Total System Jitter     (TSJ):    0.071ns
    Total Input Jitter      (TIJ):    0.000ns
    Discrete Jitter          (DJ):    0.000ns
    Phase Error              (PE):    0.000ns

    Location             Delay type                Incr(ns)  Path(ns)    Netlist Resource(s)
  -------------------------------------------------------------------    -------------------
                         (clock sys_clk_pin rise edge)
                                                      0.000     0.000 r  
    W5                                                0.000     0.000 r  clk (IN)
                         net (fo=0)                   0.000     0.000    clk
    W5                   IBUF (Prop_ibuf_I_O)         1.458     1.458 r  clk_IBUF_inst/O
                         net (fo=1, routed)           1.967     3.425    clk_IBUF
    BUFGCTRL_X0Y0        BUFG (Prop_bufg_I_O)         0.096     3.521 r  clk_IBUF_BUFG_inst/O
                         net (fo=132, routed)         1.622     5.143    clk_IBUF_BUFG
    SLICE_X4Y57          FDRE                                         r  data_in_reg[3]/C
  -------------------------------------------------------------------    -------------------
    SLICE_X4Y57          FDRE (Prop_fdre_C_Q)         0.456     5.599 r  data_in_reg[3]/Q
                         net (fo=1, routed)           0.801     6.400    lcd1/Q[3]
    SLICE_X7Y57          LUT4 (Prop_lut4_I0_O)        0.124     6.524 r  lcd1/data_out[3]_i_1/O
                         net (fo=1, routed)           0.000     6.524    lcd1/data_out[3]_i_1_n_0
    SLICE_X7Y57          FDRE                                         r  lcd1/data_out_reg[3]/D
  -------------------------------------------------------------------    -------------------

                         (clock sys_clk_pin fall edge)
                                                      5.000     5.000 f  
    W5                                                0.000     5.000 f  clk (IN)
                         net (fo=0)                   0.000     5.000    clk
    W5                   IBUF (Prop_ibuf_I_O)         1.388     6.388 f  clk_IBUF_inst/O
                         net (fo=1, routed)           1.862     8.250    clk_IBUF
    BUFGCTRL_X0Y0        BUFG (Prop_bufg_I_O)         0.091     8.341 f  clk_IBUF_BUFG_inst/O
                         net (fo=132, routed)         1.506     9.847    lcd1/clk_IBUF_BUFG
    SLICE_X7Y57          FDRE                                         r  lcd1/data_out_reg[3]/C  (IS_INVERTED)
                         clock pessimism              0.271    10.118    
                         clock uncertainty           -0.035    10.083    
    SLICE_X7Y57          FDRE (Setup_fdre_C_D)        0.034    10.117    lcd1/data_out_reg[3]
  -------------------------------------------------------------------
                         required time                         10.117    
                         arrival time                          -6.524    
  -------------------------------------------------------------------
                         slack                                  3.593    

Slack (MET) :             3.598ns  (required time - arrival time)
  Source:                 data_in_reg[1]/C
                            (rising edge-triggered cell FDRE clocked by sys_clk_pin  {rise@0.000ns fall@5.000ns period=10.000ns})
  Destination:            lcd1/data_out_reg[1]/D
                            (falling edge-triggered cell FDRE clocked by sys_clk_pin  {rise@0.000ns fall@5.000ns period=10.000ns})
  Path Group:             sys_clk_pin
  Path Type:              Setup (Max at Slow Process Corner)
  Requirement:            5.000ns  (sys_clk_pin fall@5.000ns - sys_clk_pin rise@0.000ns)
  Data Path Delay:        1.374ns  (logic 0.580ns (42.220%)  route 0.794ns (57.780%))
  Logic Levels:           1  (LUT3=1)
  Clock Path Skew:        -0.025ns (DCD - SCD + CPR)
    Destination Clock Delay (DCD):    4.847ns = ( 9.847 - 5.000 ) 
    Source Clock Delay      (SCD):    5.143ns
    Clock Pessimism Removal (CPR):    0.271ns
  Clock Uncertainty:      0.035ns  ((TSJ^2 + TIJ^2)^1/2 + DJ) / 2 + PE
    Total System Jitter     (TSJ):    0.071ns
    Total Input Jitter      (TIJ):    0.000ns
    Discrete Jitter          (DJ):    0.000ns
    Phase Error              (PE):    0.000ns

    Location             Delay type                Incr(ns)  Path(ns)    Netlist Resource(s)
  -------------------------------------------------------------------    -------------------
                         (clock sys_clk_pin rise edge)
                                                      0.000     0.000 r  
    W5                                                0.000     0.000 r  clk (IN)
                         net (fo=0)                   0.000     0.000    clk
    W5                   IBUF (Prop_ibuf_I_O)         1.458     1.458 r  clk_IBUF_inst/O
                         net (fo=1, routed)           1.967     3.425    clk_IBUF
    BUFGCTRL_X0Y0        BUFG (Prop_bufg_I_O)         0.096     3.521 r  clk_IBUF_BUFG_inst/O
                         net (fo=132, routed)         1.622     5.143    clk_IBUF_BUFG
    SLICE_X4Y57          FDRE                                         r  data_in_reg[1]/C
  -------------------------------------------------------------------    -------------------
    SLICE_X4Y57          FDRE (Prop_fdre_C_Q)         0.456     5.599 r  data_in_reg[1]/Q
                         net (fo=1, routed)           0.794     6.393    lcd1/Q[1]
    SLICE_X7Y57          LUT3 (Prop_lut3_I0_O)        0.124     6.517 r  lcd1/data_out[1]_i_1/O
                         net (fo=1, routed)           0.000     6.517    lcd1/data_out[1]_i_1_n_0
    SLICE_X7Y57          FDRE                                         r  lcd1/data_out_reg[1]/D
  -------------------------------------------------------------------    -------------------

                         (clock sys_clk_pin fall edge)
                                                      5.000     5.000 f  
    W5                                                0.000     5.000 f  clk (IN)
                         net (fo=0)                   0.000     5.000    clk
    W5                   IBUF (Prop_ibuf_I_O)         1.388     6.388 f  clk_IBUF_inst/O
                         net (fo=1, routed)           1.862     8.250    clk_IBUF
    BUFGCTRL_X0Y0        BUFG (Prop_bufg_I_O)         0.091     8.341 f  clk_IBUF_BUFG_inst/O
                         net (fo=132, routed)         1.506     9.847    lcd1/clk_IBUF_BUFG
    SLICE_X7Y57          FDRE                                         r  lcd1/data_out_reg[1]/C  (IS_INVERTED)
                         clock pessimism              0.271    10.118    
                         clock uncertainty           -0.035    10.083    
    SLICE_X7Y57          FDRE (Setup_fdre_C_D)        0.032    10.115    lcd1/data_out_reg[1]
  -------------------------------------------------------------------
                         required time                         10.115    
                         arrival time                          -6.517    
  -------------------------------------------------------------------
                         slack                                  3.598    

Slack (MET) :             3.713ns  (required time - arrival time)
  Source:                 data_in_reg[5]/C
                            (rising edge-triggered cell FDRE clocked by sys_clk_pin  {rise@0.000ns fall@5.000ns period=10.000ns})
  Destination:            lcd1/data_out_reg[5]/D
                            (falling edge-triggered cell FDRE clocked by sys_clk_pin  {rise@0.000ns fall@5.000ns period=10.000ns})
  Path Group:             sys_clk_pin
  Path Type:              Setup (Max at Slow Process Corner)
  Requirement:            5.000ns  (sys_clk_pin fall@5.000ns - sys_clk_pin rise@0.000ns)
  Data Path Delay:        1.303ns  (logic 0.668ns (51.260%)  route 0.635ns (48.740%))
  Logic Levels:           1  (LUT4=1)
  Clock Path Skew:        -0.026ns (DCD - SCD + CPR)
    Destination Clock Delay (DCD):    4.847ns = ( 9.847 - 5.000 ) 
    Source Clock Delay      (SCD):    5.144ns
    Clock Pessimism Removal (CPR):    0.271ns
  Clock Uncertainty:      0.035ns  ((TSJ^2 + TIJ^2)^1/2 + DJ) / 2 + PE
    Total System Jitter     (TSJ):    0.071ns
    Total Input Jitter      (TIJ):    0.000ns
    Discrete Jitter          (DJ):    0.000ns
    Phase Error              (PE):    0.000ns

    Location             Delay type                Incr(ns)  Path(ns)    Netlist Resource(s)
  -------------------------------------------------------------------    -------------------
                         (clock sys_clk_pin rise edge)
                                                      0.000     0.000 r  
    W5                                                0.000     0.000 r  clk (IN)
                         net (fo=0)                   0.000     0.000    clk
    W5                   IBUF (Prop_ibuf_I_O)         1.458     1.458 r  clk_IBUF_inst/O
                         net (fo=1, routed)           1.967     3.425    clk_IBUF
    BUFGCTRL_X0Y0        BUFG (Prop_bufg_I_O)         0.096     3.521 r  clk_IBUF_BUFG_inst/O
                         net (fo=132, routed)         1.623     5.144    clk_IBUF_BUFG
    SLICE_X6Y56          FDRE                                         r  data_in_reg[5]/C
  -------------------------------------------------------------------    -------------------
    SLICE_X6Y56          FDRE (Prop_fdre_C_Q)         0.518     5.662 r  data_in_reg[5]/Q
                         net (fo=1, routed)           0.635     6.297    lcd1/Q[5]
    SLICE_X7Y57          LUT4 (Prop_lut4_I0_O)        0.150     6.447 r  lcd1/data_out[5]_i_1/O
                         net (fo=1, routed)           0.000     6.447    lcd1/data_out[5]_i_1_n_0
    SLICE_X7Y57          FDRE                                         r  lcd1/data_out_reg[5]/D
  -------------------------------------------------------------------    -------------------

                         (clock sys_clk_pin fall edge)
                                                      5.000     5.000 f  
    W5                                                0.000     5.000 f  clk (IN)
                         net (fo=0)                   0.000     5.000    clk
    W5                   IBUF (Prop_ibuf_I_O)         1.388     6.388 f  clk_IBUF_inst/O
                         net (fo=1, routed)           1.862     8.250    clk_IBUF
    BUFGCTRL_X0Y0        BUFG (Prop_bufg_I_O)         0.091     8.341 f  clk_IBUF_BUFG_inst/O
                         net (fo=132, routed)         1.506     9.847    lcd1/clk_IBUF_BUFG
    SLICE_X7Y57          FDRE                                         r  lcd1/data_out_reg[5]/C  (IS_INVERTED)
                         clock pessimism              0.271    10.118    
                         clock uncertainty           -0.035    10.083    
    SLICE_X7Y57          FDRE (Setup_fdre_C_D)        0.078    10.161    lcd1/data_out_reg[5]
  -------------------------------------------------------------------
                         required time                         10.161    
                         arrival time                          -6.447    
  -------------------------------------------------------------------
                         slack                                  3.713    

Slack (MET) :             3.987ns  (required time - arrival time)
  Source:                 data_in_reg[0]/C
                            (rising edge-triggered cell FDRE clocked by sys_clk_pin  {rise@0.000ns fall@5.000ns period=10.000ns})
  Destination:            lcd1/data_out_reg[0]/D
                            (falling edge-triggered cell FDRE clocked by sys_clk_pin  {rise@0.000ns fall@5.000ns period=10.000ns})
  Path Group:             sys_clk_pin
  Path Type:              Setup (Max at Slow Process Corner)
  Requirement:            5.000ns  (sys_clk_pin fall@5.000ns - sys_clk_pin rise@0.000ns)
  Data Path Delay:        0.983ns  (logic 0.580ns (58.993%)  route 0.403ns (41.007%))
  Logic Levels:           1  (LUT3=1)
  Clock Path Skew:        -0.026ns (DCD - SCD + CPR)
    Destination Clock Delay (DCD):    4.847ns = ( 9.847 - 5.000 ) 
    Source Clock Delay      (SCD):    5.144ns
    Clock Pessimism Removal (CPR):    0.271ns
  Clock Uncertainty:      0.035ns  ((TSJ^2 + TIJ^2)^1/2 + DJ) / 2 + PE
    Total System Jitter     (TSJ):    0.071ns
    Total Input Jitter      (TIJ):    0.000ns
    Discrete Jitter          (DJ):    0.000ns
    Phase Error              (PE):    0.000ns

    Location             Delay type                Incr(ns)  Path(ns)    Netlist Resource(s)
  -------------------------------------------------------------------    -------------------
                         (clock sys_clk_pin rise edge)
                                                      0.000     0.000 r  
    W5                                                0.000     0.000 r  clk (IN)
                         net (fo=0)                   0.000     0.000    clk
    W5                   IBUF (Prop_ibuf_I_O)         1.458     1.458 r  clk_IBUF_inst/O
                         net (fo=1, routed)           1.967     3.425    clk_IBUF
    BUFGCTRL_X0Y0        BUFG (Prop_bufg_I_O)         0.096     3.521 r  clk_IBUF_BUFG_inst/O
                         net (fo=132, routed)         1.623     5.144    clk_IBUF_BUFG
    SLICE_X5Y56          FDRE                                         r  data_in_reg[0]/C
  -------------------------------------------------------------------    -------------------
    SLICE_X5Y56          FDRE (Prop_fdre_C_Q)         0.456     5.600 r  data_in_reg[0]/Q
                         net (fo=1, routed)           0.403     6.003    lcd1/Q[0]
    SLICE_X5Y57          LUT3 (Prop_lut3_I0_O)        0.124     6.127 r  lcd1/data_out[0]_i_1/O
                         net (fo=1, routed)           0.000     6.127    lcd1/data_out[0]_i_1_n_0
    SLICE_X5Y57          FDRE                                         r  lcd1/data_out_reg[0]/D
  -------------------------------------------------------------------    -------------------

                         (clock sys_clk_pin fall edge)
                                                      5.000     5.000 f  
    W5                                                0.000     5.000 f  clk (IN)
                         net (fo=0)                   0.000     5.000    clk
    W5                   IBUF (Prop_ibuf_I_O)         1.388     6.388 f  clk_IBUF_inst/O
                         net (fo=1, routed)           1.862     8.250    clk_IBUF
    BUFGCTRL_X0Y0        BUFG (Prop_bufg_I_O)         0.091     8.341 f  clk_IBUF_BUFG_inst/O
                         net (fo=132, routed)         1.506     9.847    lcd1/clk_IBUF_BUFG
    SLICE_X5Y57          FDRE                                         r  lcd1/data_out_reg[0]/C  (IS_INVERTED)
                         clock pessimism              0.271    10.118    
                         clock uncertainty           -0.035    10.083    
    SLICE_X5Y57          FDRE (Setup_fdre_C_D)        0.032    10.115    lcd1/data_out_reg[0]
  -------------------------------------------------------------------
                         required time                         10.115    
                         arrival time                          -6.127    
  -------------------------------------------------------------------
                         slack                                  3.987    

Slack (MET) :             4.039ns  (required time - arrival time)
  Source:                 data_in_reg[6]/C
                            (rising edge-triggered cell FDRE clocked by sys_clk_pin  {rise@0.000ns fall@5.000ns period=10.000ns})
  Destination:            lcd1/data_out_reg[6]/D
                            (falling edge-triggered cell FDRE clocked by sys_clk_pin  {rise@0.000ns fall@5.000ns period=10.000ns})
  Path Group:             sys_clk_pin
  Path Type:              Setup (Max at Slow Process Corner)
  Requirement:            5.000ns  (sys_clk_pin fall@5.000ns - sys_clk_pin rise@0.000ns)
  Data Path Delay:        0.933ns  (logic 0.642ns (68.798%)  route 0.291ns (31.202%))
  Logic Levels:           1  (LUT2=1)
  Clock Path Skew:        -0.026ns (DCD - SCD + CPR)
    Destination Clock Delay (DCD):    4.847ns = ( 9.847 - 5.000 ) 
    Source Clock Delay      (SCD):    5.144ns
    Clock Pessimism Removal (CPR):    0.271ns
  Clock Uncertainty:      0.035ns  ((TSJ^2 + TIJ^2)^1/2 + DJ) / 2 + PE
    Total System Jitter     (TSJ):    0.071ns
    Total Input Jitter      (TIJ):    0.000ns
    Discrete Jitter          (DJ):    0.000ns
    Phase Error              (PE):    0.000ns

    Location             Delay type                Incr(ns)  Path(ns)    Netlist Resource(s)
  -------------------------------------------------------------------    -------------------
                         (clock sys_clk_pin rise edge)
                                                      0.000     0.000 r  
    W5                                                0.000     0.000 r  clk (IN)
                         net (fo=0)                   0.000     0.000    clk
    W5                   IBUF (Prop_ibuf_I_O)         1.458     1.458 r  clk_IBUF_inst/O
                         net (fo=1, routed)           1.967     3.425    clk_IBUF
    BUFGCTRL_X0Y0        BUFG (Prop_bufg_I_O)         0.096     3.521 r  clk_IBUF_BUFG_inst/O
                         net (fo=132, routed)         1.623     5.144    clk_IBUF_BUFG
    SLICE_X6Y56          FDRE                                         r  data_in_reg[6]/C
  -------------------------------------------------------------------    -------------------
    SLICE_X6Y56          FDRE (Prop_fdre_C_Q)         0.518     5.662 r  data_in_reg[6]/Q
                         net (fo=1, routed)           0.291     5.953    lcd1/Q[6]
    SLICE_X7Y57          LUT2 (Prop_lut2_I1_O)        0.124     6.077 r  lcd1/data_out[6]_i_2/O
                         net (fo=1, routed)           0.000     6.077    lcd1/data_out[6]_i_2_n_0
    SLICE_X7Y57          FDRE                                         r  lcd1/data_out_reg[6]/D
  -------------------------------------------------------------------    -------------------

                         (clock sys_clk_pin fall edge)
                                                      5.000     5.000 f  
    W5                                                0.000     5.000 f  clk (IN)
                         net (fo=0)                   0.000     5.000    clk
    W5                   IBUF (Prop_ibuf_I_O)         1.388     6.388 f  clk_IBUF_inst/O
                         net (fo=1, routed)           1.862     8.250    clk_IBUF
    BUFGCTRL_X0Y0        BUFG (Prop_bufg_I_O)         0.091     8.341 f  clk_IBUF_BUFG_inst/O
                         net (fo=132, routed)         1.506     9.847    lcd1/clk_IBUF_BUFG
    SLICE_X7Y57          FDRE                                         r  lcd1/data_out_reg[6]/C  (IS_INVERTED)
                         clock pessimism              0.271    10.118    
                         clock uncertainty           -0.035    10.083    
    SLICE_X7Y57          FDRE (Setup_fdre_C_D)        0.034    10.117    lcd1/data_out_reg[6]
  -------------------------------------------------------------------
                         required time                         10.117    
                         arrival time                          -6.077    
  -------------------------------------------------------------------
                         slack                                  4.039    

Slack (MET) :             4.041ns  (required time - arrival time)
  Source:                 data_in_reg[4]/C
                            (rising edge-triggered cell FDRE clocked by sys_clk_pin  {rise@0.000ns fall@5.000ns period=10.000ns})
  Destination:            lcd1/data_out_reg[4]/D
                            (falling edge-triggered cell FDRE clocked by sys_clk_pin  {rise@0.000ns fall@5.000ns period=10.000ns})
  Path Group:             sys_clk_pin
  Path Type:              Setup (Max at Slow Process Corner)
  Requirement:            5.000ns  (sys_clk_pin fall@5.000ns - sys_clk_pin rise@0.000ns)
  Data Path Delay:        0.977ns  (logic 0.575ns (58.852%)  route 0.402ns (41.148%))
  Logic Levels:           1  (LUT4=1)
  Clock Path Skew:        -0.025ns (DCD - SCD + CPR)
    Destination Clock Delay (DCD):    4.847ns = ( 9.847 - 5.000 ) 
    Source Clock Delay      (SCD):    5.143ns
    Clock Pessimism Removal (CPR):    0.271ns
  Clock Uncertainty:      0.035ns  ((TSJ^2 + TIJ^2)^1/2 + DJ) / 2 + PE
    Total System Jitter     (TSJ):    0.071ns
    Total Input Jitter      (TIJ):    0.000ns
    Discrete Jitter          (DJ):    0.000ns
    Phase Error              (PE):    0.000ns

    Location             Delay type                Incr(ns)  Path(ns)    Netlist Resource(s)
  -------------------------------------------------------------------    -------------------
                         (clock sys_clk_pin rise edge)
                                                      0.000     0.000 r  
    W5                                                0.000     0.000 r  clk (IN)
                         net (fo=0)                   0.000     0.000    clk
    W5                   IBUF (Prop_ibuf_I_O)         1.458     1.458 r  clk_IBUF_inst/O
                         net (fo=1, routed)           1.967     3.425    clk_IBUF
    BUFGCTRL_X0Y0        BUFG (Prop_bufg_I_O)         0.096     3.521 r  clk_IBUF_BUFG_inst/O
                         net (fo=132, routed)         1.622     5.143    clk_IBUF_BUFG
    SLICE_X4Y57          FDRE                                         r  data_in_reg[4]/C
  -------------------------------------------------------------------    -------------------
    SLICE_X4Y57          FDRE (Prop_fdre_C_Q)         0.456     5.599 r  data_in_reg[4]/Q
                         net (fo=1, routed)           0.402     6.001    lcd1/Q[4]
    SLICE_X7Y57          LUT4 (Prop_lut4_I0_O)        0.119     6.120 r  lcd1/data_out[4]_i_1/O
                         net (fo=1, routed)           0.000     6.120    lcd1/data_out[4]_i_1_n_0
    SLICE_X7Y57          FDRE                                         r  lcd1/data_out_reg[4]/D
  -------------------------------------------------------------------    -------------------

                         (clock sys_clk_pin fall edge)
                                                      5.000     5.000 f  
    W5                                                0.000     5.000 f  clk (IN)
                         net (fo=0)                   0.000     5.000    clk
    W5                   IBUF (Prop_ibuf_I_O)         1.388     6.388 f  clk_IBUF_inst/O
                         net (fo=1, routed)           1.862     8.250    clk_IBUF
    BUFGCTRL_X0Y0        BUFG (Prop_bufg_I_O)         0.091     8.341 f  clk_IBUF_BUFG_inst/O
                         net (fo=132, routed)         1.506     9.847    lcd1/clk_IBUF_BUFG
    SLICE_X7Y57          FDRE                                         r  lcd1/data_out_reg[4]/C  (IS_INVERTED)
                         clock pessimism              0.271    10.118    
                         clock uncertainty           -0.035    10.083    
    SLICE_X7Y57          FDRE (Setup_fdre_C_D)        0.078    10.161    lcd1/data_out_reg[4]
  -------------------------------------------------------------------
                         required time                         10.161    
                         arrival time                          -6.120    
  -------------------------------------------------------------------
                         slack                                  4.041    

Slack (MET) :             4.375ns  (required time - arrival time)
  Source:                 lcd1/cnt_setup_reg[2]/C
                            (falling edge-triggered cell FDRE clocked by sys_clk_pin  {rise@0.000ns fall@5.000ns period=10.000ns})
  Destination:            lcd1/cnt_setup_reg[29]/D
                            (falling edge-triggered cell FDRE clocked by sys_clk_pin  {rise@0.000ns fall@5.000ns period=10.000ns})
  Path Group:             sys_clk_pin
  Path Type:              Setup (Max at Slow Process Corner)
  Requirement:            10.000ns  (sys_clk_pin fall@15.000ns - sys_clk_pin fall@5.000ns)
  Data Path Delay:        5.526ns  (logic 3.149ns (56.984%)  route 2.377ns (43.016%))
  Logic Levels:           14  (CARRY4=12 LUT2=2)
  Clock Path Skew:        -0.129ns (DCD - SCD + CPR)
    Destination Clock Delay (DCD):    4.848ns = ( 19.848 - 15.000 ) 
    Source Clock Delay      (SCD):    5.156ns = ( 10.156 - 5.000 ) 
    Clock Pessimism Removal (CPR):    0.180ns
  Clock Uncertainty:      0.035ns  ((TSJ^2 + TIJ^2)^1/2 + DJ) / 2 + PE
    Total System Jitter     (TSJ):    0.071ns
    Total Input Jitter      (TIJ):    0.000ns
    Discrete Jitter          (DJ):    0.000ns
    Phase Error              (PE):    0.000ns

    Location             Delay type                Incr(ns)  Path(ns)    Netlist Resource(s)
  -------------------------------------------------------------------    -------------------
                         (clock sys_clk_pin fall edge)
                                                      5.000     5.000 f  
    W5                                                0.000     5.000 f  clk (IN)
                         net (fo=0)                   0.000     5.000    clk
    W5                   IBUF (Prop_ibuf_I_O)         1.458     6.458 f  clk_IBUF_inst/O
                         net (fo=1, routed)           1.967     8.425    clk_IBUF
    BUFGCTRL_X0Y0        BUFG (Prop_bufg_I_O)         0.096     8.521 f  clk_IBUF_BUFG_inst/O
                         net (fo=132, routed)         1.635    10.156    lcd1/clk_IBUF_BUFG
    SLICE_X4Y46          FDRE                                         r  lcd1/cnt_setup_reg[2]/C  (IS_INVERTED)
  -------------------------------------------------------------------    -------------------
    SLICE_X4Y46          FDRE (Prop_fdre_C_Q)         0.459    10.615 f  lcd1/cnt_setup_reg[2]/Q
                         net (fo=3, routed)           0.792    11.407    lcd1/cnt_setup_reg[2]
    SLICE_X5Y48          LUT2 (Prop_lut2_I0_O)        0.124    11.531 r  lcd1/en1_carry_i_7/O
                         net (fo=1, routed)           0.000    11.531    lcd1/en1_carry_i_7_n_0
    SLICE_X5Y48          CARRY4 (Prop_carry4_S[1]_CO[3])
                                                      0.550    12.081 r  lcd1/en1_carry/CO[3]
                         net (fo=1, routed)           0.000    12.081    lcd1/en1_carry_n_0
    SLICE_X5Y49          CARRY4 (Prop_carry4_CI_CO[3])
                                                      0.114    12.195 r  lcd1/en1_carry__0/CO[3]
                         net (fo=1, routed)           0.001    12.196    lcd1/en1_carry__0_n_0
    SLICE_X5Y50          CARRY4 (Prop_carry4_CI_CO[3])
                                                      0.114    12.310 r  lcd1/en1_carry__1/CO[3]
                         net (fo=1, routed)           0.000    12.310    lcd1/en1_carry__1_n_0
    SLICE_X5Y51          CARRY4 (Prop_carry4_CI_CO[3])
                                                      0.114    12.424 f  lcd1/en1_carry__2/CO[3]
                         net (fo=40, routed)          1.584    14.008    lcd1/en1_carry__2_n_0
    SLICE_X4Y46          LUT2 (Prop_lut2_I1_O)        0.124    14.132 r  lcd1/cnt_setup[0]_i_6/O
                         net (fo=1, routed)           0.000    14.132    lcd1/cnt_setup[0]_i_6_n_0
    SLICE_X4Y46          CARRY4 (Prop_carry4_S[0]_CO[3])
                                                      0.532    14.664 r  lcd1/cnt_setup_reg[0]_i_1/CO[3]
                         net (fo=1, routed)           0.000    14.664    lcd1/cnt_setup_reg[0]_i_1_n_0
    SLICE_X4Y47          CARRY4 (Prop_carry4_CI_CO[3])
                                                      0.114    14.778 r  lcd1/cnt_setup_reg[4]_i_1/CO[3]
                         net (fo=1, routed)           0.000    14.778    lcd1/cnt_setup_reg[4]_i_1_n_0
    SLICE_X4Y48          CARRY4 (Prop_carry4_CI_CO[3])
                                                      0.114    14.892 r  lcd1/cnt_setup_reg[8]_i_1/CO[3]
                         net (fo=1, routed)           0.000    14.892    lcd1/cnt_setup_reg[8]_i_1_n_0
    SLICE_X4Y49          CARRY4 (Prop_carry4_CI_CO[3])
                                                      0.114    15.006 r  lcd1/cnt_setup_reg[12]_i_1/CO[3]
                         net (fo=1, routed)           0.001    15.006    lcd1/cnt_setup_reg[12]_i_1_n_0
    SLICE_X4Y50          CARRY4 (Prop_carry4_CI_CO[3])
                                                      0.114    15.120 r  lcd1/cnt_setup_reg[16]_i_1/CO[3]
                         net (fo=1, routed)           0.000    15.120    lcd1/cnt_setup_reg[16]_i_1_n_0
    SLICE_X4Y51          CARRY4 (Prop_carry4_CI_CO[3])
                                                      0.114    15.234 r  lcd1/cnt_setup_reg[20]_i_1/CO[3]
                         net (fo=1, routed)           0.000    15.234    lcd1/cnt_setup_reg[20]_i_1_n_0
    SLICE_X4Y52          CARRY4 (Prop_carry4_CI_CO[3])
                                                      0.114    15.348 r  lcd1/cnt_setup_reg[24]_i_1/CO[3]
                         net (fo=1, routed)           0.000    15.348    lcd1/cnt_setup_reg[24]_i_1_n_0
    SLICE_X4Y53          CARRY4 (Prop_carry4_CI_O[1])
                                                      0.334    15.682 r  lcd1/cnt_setup_reg[28]_i_1/O[1]
                         net (fo=1, routed)           0.000    15.682    lcd1/cnt_setup_reg[28]_i_1_n_6
    SLICE_X4Y53          FDRE                                         r  lcd1/cnt_setup_reg[29]/D
  -------------------------------------------------------------------    -------------------

                         (clock sys_clk_pin fall edge)
                                                     15.000    15.000 f  
    W5                                                0.000    15.000 f  clk (IN)
                         net (fo=0)                   0.000    15.000    clk
    W5                   IBUF (Prop_ibuf_I_O)         1.388    16.388 f  clk_IBUF_inst/O
                         net (fo=1, routed)           1.862    18.250    clk_IBUF
    BUFGCTRL_X0Y0        BUFG (Prop_bufg_I_O)         0.091    18.341 f  clk_IBUF_BUFG_inst/O
                         net (fo=132, routed)         1.507    19.848    lcd1/clk_IBUF_BUFG
    SLICE_X4Y53          FDRE                                         r  lcd1/cnt_setup_reg[29]/C  (IS_INVERTED)
                         clock pessimism              0.180    20.028    
                         clock uncertainty           -0.035    19.992    
    SLICE_X4Y53          FDRE (Setup_fdre_C_D)        0.065    20.057    lcd1/cnt_setup_reg[29]
  -------------------------------------------------------------------
                         required time                         20.057    
                         arrival time                         -15.682    
  -------------------------------------------------------------------
                         slack                                  4.375    





Min Delay Paths
--------------------------------------------------------------------------------------
Slack (MET) :             0.137ns  (arrival time - required time)
  Source:                 counter_reg[6]/C
                            (rising edge-triggered cell FDRE clocked by sys_clk_pin  {rise@0.000ns fall@5.000ns period=10.000ns})
  Destination:            counter_reg[12]/D
                            (rising edge-triggered cell FDRE clocked by sys_clk_pin  {rise@0.000ns fall@5.000ns period=10.000ns})
  Path Group:             sys_clk_pin
  Path Type:              Hold (Min at Fast Process Corner)
  Requirement:            0.000ns  (sys_clk_pin rise@0.000ns - sys_clk_pin rise@0.000ns)
  Data Path Delay:        0.540ns  (logic 0.413ns (76.452%)  route 0.127ns (23.548%))
  Logic Levels:           3  (CARRY4=3)
  Clock Path Skew:        0.269ns (DCD - SCD - CPR)
    Destination Clock Delay (DCD):    1.992ns
    Source Clock Delay      (SCD):    1.479ns
    Clock Pessimism Removal (CPR):    0.244ns

    Location             Delay type                Incr(ns)  Path(ns)    Netlist Resource(s)
  -------------------------------------------------------------------    -------------------
                         (clock sys_clk_pin rise edge)
                                                      0.000     0.000 r  
    W5                                                0.000     0.000 r  clk (IN)
                         net (fo=0)                   0.000     0.000    clk
    W5                   IBUF (Prop_ibuf_I_O)         0.226     0.226 r  clk_IBUF_inst/O
                         net (fo=1, routed)           0.631     0.858    clk_IBUF
    BUFGCTRL_X0Y0        BUFG (Prop_bufg_I_O)         0.026     0.884 r  clk_IBUF_BUFG_inst/O
                         net (fo=132, routed)         0.596     1.479    clk_IBUF_BUFG
    SLICE_X2Y48          FDRE                                         r  counter_reg[6]/C
  -------------------------------------------------------------------    -------------------
    SLICE_X2Y48          FDRE (Prop_fdre_C_Q)         0.164     1.643 r  counter_reg[6]/Q
                         net (fo=3, routed)           0.127     1.770    counter_reg[6]
    SLICE_X2Y48          CARRY4 (Prop_carry4_S[2]_CO[3])
                                                      0.156     1.926 r  counter_reg[4]_i_1/CO[3]
                         net (fo=1, routed)           0.000     1.926    counter_reg[4]_i_1_n_0
    SLICE_X2Y49          CARRY4 (Prop_carry4_CI_CO[3])
                                                      0.040     1.966 r  counter_reg[8]_i_1/CO[3]
                         net (fo=1, routed)           0.001     1.966    counter_reg[8]_i_1_n_0
    SLICE_X2Y50          CARRY4 (Prop_carry4_CI_O[0])
                                                      0.053     2.019 r  counter_reg[12]_i_1/O[0]
                         net (fo=1, routed)           0.000     2.019    counter_reg[12]_i_1_n_7
    SLICE_X2Y50          FDRE                                         r  counter_reg[12]/D
  -------------------------------------------------------------------    -------------------

                         (clock sys_clk_pin rise edge)
                                                      0.000     0.000 r  
    W5                                                0.000     0.000 r  clk (IN)
                         net (fo=0)                   0.000     0.000    clk
    W5                   IBUF (Prop_ibuf_I_O)         0.414     0.414 r  clk_IBUF_inst/O
                         net (fo=1, routed)           0.685     1.099    clk_IBUF
    BUFGCTRL_X0Y0        BUFG (Prop_bufg_I_O)         0.029     1.128 r  clk_IBUF_BUFG_inst/O
                         net (fo=132, routed)         0.864     1.992    clk_IBUF_BUFG
    SLICE_X2Y50          FDRE                                         r  counter_reg[12]/C
                         clock pessimism             -0.244     1.748    
    SLICE_X2Y50          FDRE (Hold_fdre_C_D)         0.134     1.882    counter_reg[12]
  -------------------------------------------------------------------
                         required time                         -1.882    
                         arrival time                           2.019    
  -------------------------------------------------------------------
                         slack                                  0.137    

Slack (MET) :             0.150ns  (arrival time - required time)
  Source:                 counter_reg[6]/C
                            (rising edge-triggered cell FDRE clocked by sys_clk_pin  {rise@0.000ns fall@5.000ns period=10.000ns})
  Destination:            counter_reg[14]/D
                            (rising edge-triggered cell FDRE clocked by sys_clk_pin  {rise@0.000ns fall@5.000ns period=10.000ns})
  Path Group:             sys_clk_pin
  Path Type:              Hold (Min at Fast Process Corner)
  Requirement:            0.000ns  (sys_clk_pin rise@0.000ns - sys_clk_pin rise@0.000ns)
  Data Path Delay:        0.553ns  (logic 0.426ns (77.005%)  route 0.127ns (22.995%))
  Logic Levels:           3  (CARRY4=3)
  Clock Path Skew:        0.269ns (DCD - SCD - CPR)
    Destination Clock Delay (DCD):    1.992ns
    Source Clock Delay      (SCD):    1.479ns
    Clock Pessimism Removal (CPR):    0.244ns

    Location             Delay type                Incr(ns)  Path(ns)    Netlist Resource(s)
  -------------------------------------------------------------------    -------------------
                         (clock sys_clk_pin rise edge)
                                                      0.000     0.000 r  
    W5                                                0.000     0.000 r  clk (IN)
                         net (fo=0)                   0.000     0.000    clk
    W5                   IBUF (Prop_ibuf_I_O)         0.226     0.226 r  clk_IBUF_inst/O
                         net (fo=1, routed)           0.631     0.858    clk_IBUF
    BUFGCTRL_X0Y0        BUFG (Prop_bufg_I_O)         0.026     0.884 r  clk_IBUF_BUFG_inst/O
                         net (fo=132, routed)         0.596     1.479    clk_IBUF_BUFG
    SLICE_X2Y48          FDRE                                         r  counter_reg[6]/C
  -------------------------------------------------------------------    -------------------
    SLICE_X2Y48          FDRE (Prop_fdre_C_Q)         0.164     1.643 r  counter_reg[6]/Q
                         net (fo=3, routed)           0.127     1.770    counter_reg[6]
    SLICE_X2Y48          CARRY4 (Prop_carry4_S[2]_CO[3])
                                                      0.156     1.926 r  counter_reg[4]_i_1/CO[3]
                         net (fo=1, routed)           0.000     1.926    counter_reg[4]_i_1_n_0
    SLICE_X2Y49          CARRY4 (Prop_carry4_CI_CO[3])
                                                      0.040     1.966 r  counter_reg[8]_i_1/CO[3]
                         net (fo=1, routed)           0.001     1.966    counter_reg[8]_i_1_n_0
    SLICE_X2Y50          CARRY4 (Prop_carry4_CI_O[2])
                                                      0.066     2.032 r  counter_reg[12]_i_1/O[2]
                         net (fo=1, routed)           0.000     2.032    counter_reg[12]_i_1_n_5
    SLICE_X2Y50          FDRE                                         r  counter_reg[14]/D
  -------------------------------------------------------------------    -------------------

                         (clock sys_clk_pin rise edge)
                                                      0.000     0.000 r  
    W5                                                0.000     0.000 r  clk (IN)
                         net (fo=0)                   0.000     0.000    clk
    W5                   IBUF (Prop_ibuf_I_O)         0.414     0.414 r  clk_IBUF_inst/O
                         net (fo=1, routed)           0.685     1.099    clk_IBUF
    BUFGCTRL_X0Y0        BUFG (Prop_bufg_I_O)         0.029     1.128 r  clk_IBUF_BUFG_inst/O
                         net (fo=132, routed)         0.864     1.992    clk_IBUF_BUFG
    SLICE_X2Y50          FDRE                                         r  counter_reg[14]/C
                         clock pessimism             -0.244     1.748    
    SLICE_X2Y50          FDRE (Hold_fdre_C_D)         0.134     1.882    counter_reg[14]
  -------------------------------------------------------------------
                         required time                         -1.882    
                         arrival time                           2.032    
  -------------------------------------------------------------------
                         slack                                  0.150    

Slack (MET) :             0.152ns  (arrival time - required time)
  Source:                 lcd1/cnt_setup_reg[15]/C
                            (falling edge-triggered cell FDRE clocked by sys_clk_pin  {rise@0.000ns fall@5.000ns period=10.000ns})
  Destination:            lcd1/cnt_setup_reg[16]/D
                            (falling edge-triggered cell FDRE clocked by sys_clk_pin  {rise@0.000ns fall@5.000ns period=10.000ns})
  Path Group:             sys_clk_pin
  Path Type:              Hold (Min at Fast Process Corner)
  Requirement:            0.000ns  (sys_clk_pin fall@5.000ns - sys_clk_pin fall@5.000ns)
  Data Path Delay:        0.533ns  (logic 0.360ns (67.577%)  route 0.173ns (32.423%))
  Logic Levels:           3  (CARRY4=2 LUT2=1)
  Clock Path Skew:        0.269ns (DCD - SCD - CPR)
    Destination Clock Delay (DCD):    1.990ns = ( 6.990 - 5.000 ) 
    Source Clock Delay      (SCD):    1.477ns = ( 6.477 - 5.000 ) 
    Clock Pessimism Removal (CPR):    0.244ns

    Location             Delay type                Incr(ns)  Path(ns)    Netlist Resource(s)
  -------------------------------------------------------------------    -------------------
                         (clock sys_clk_pin fall edge)
                                                      5.000     5.000 f  
    W5                                                0.000     5.000 f  clk (IN)
                         net (fo=0)                   0.000     5.000    clk
    W5                   IBUF (Prop_ibuf_I_O)         0.226     5.226 f  clk_IBUF_inst/O
                         net (fo=1, routed)           0.631     5.858    clk_IBUF
    BUFGCTRL_X0Y0        BUFG (Prop_bufg_I_O)         0.026     5.884 f  clk_IBUF_BUFG_inst/O
                         net (fo=132, routed)         0.594     6.477    lcd1/clk_IBUF_BUFG
    SLICE_X4Y49          FDRE                                         r  lcd1/cnt_setup_reg[15]/C  (IS_INVERTED)
  -------------------------------------------------------------------    -------------------
    SLICE_X4Y49          FDRE (Prop_fdre_C_Q)         0.146     6.623 r  lcd1/cnt_setup_reg[15]/Q
                         net (fo=3, routed)           0.172     6.795    lcd1/cnt_setup_reg[15]
    SLICE_X4Y49          LUT2 (Prop_lut2_I0_O)        0.045     6.840 r  lcd1/cnt_setup[12]_i_2/O
                         net (fo=1, routed)           0.000     6.840    lcd1/cnt_setup[12]_i_2_n_0
    SLICE_X4Y49          CARRY4 (Prop_carry4_S[3]_CO[3])
                                                      0.115     6.955 r  lcd1/cnt_setup_reg[12]_i_1/CO[3]
                         net (fo=1, routed)           0.001     6.956    lcd1/cnt_setup_reg[12]_i_1_n_0
    SLICE_X4Y50          CARRY4 (Prop_carry4_CI_O[0])
                                                      0.054     7.010 r  lcd1/cnt_setup_reg[16]_i_1/O[0]
                         net (fo=1, routed)           0.000     7.010    lcd1/cnt_setup_reg[16]_i_1_n_7
    SLICE_X4Y50          FDRE                                         r  lcd1/cnt_setup_reg[16]/D
  -------------------------------------------------------------------    -------------------

                         (clock sys_clk_pin fall edge)
                                                      5.000     5.000 f  
    W5                                                0.000     5.000 f  clk (IN)
                         net (fo=0)                   0.000     5.000    clk
    W5                   IBUF (Prop_ibuf_I_O)         0.414     5.414 f  clk_IBUF_inst/O
                         net (fo=1, routed)           0.685     6.099    clk_IBUF
    BUFGCTRL_X0Y0        BUFG (Prop_bufg_I_O)         0.029     6.128 f  clk_IBUF_BUFG_inst/O
                         net (fo=132, routed)         0.863     6.990    lcd1/clk_IBUF_BUFG
    SLICE_X4Y50          FDRE                                         r  lcd1/cnt_setup_reg[16]/C  (IS_INVERTED)
                         clock pessimism             -0.244     6.746    
    SLICE_X4Y50          FDRE (Hold_fdre_C_D)         0.112     6.858    lcd1/cnt_setup_reg[16]
  -------------------------------------------------------------------
                         required time                         -6.858    
                         arrival time                           7.010    
  -------------------------------------------------------------------
                         slack                                  0.152    

Slack (MET) :             0.158ns  (arrival time - required time)
  Source:                 counter_reg[11]/C
                            (rising edge-triggered cell FDRE clocked by sys_clk_pin  {rise@0.000ns fall@5.000ns period=10.000ns})
  Destination:            wr_en_reg/D
                            (rising edge-triggered cell FDRE clocked by sys_clk_pin  {rise@0.000ns fall@5.000ns period=10.000ns})
  Path Group:             sys_clk_pin
  Path Type:              Hold (Min at Fast Process Corner)
  Requirement:            0.000ns  (sys_clk_pin rise@0.000ns - sys_clk_pin rise@0.000ns)
  Data Path Delay:        0.557ns  (logic 0.389ns (69.814%)  route 0.168ns (30.186%))
  Logic Levels:           3  (CARRY4=3)
  Clock Path Skew:        0.269ns (DCD - SCD - CPR)
    Destination Clock Delay (DCD):    1.992ns
    Source Clock Delay      (SCD):    1.479ns
    Clock Pessimism Removal (CPR):    0.244ns

    Location             Delay type                Incr(ns)  Path(ns)    Netlist Resource(s)
  -------------------------------------------------------------------    -------------------
                         (clock sys_clk_pin rise edge)
                                                      0.000     0.000 r  
    W5                                                0.000     0.000 r  clk (IN)
                         net (fo=0)                   0.000     0.000    clk
    W5                   IBUF (Prop_ibuf_I_O)         0.226     0.226 r  clk_IBUF_inst/O
                         net (fo=1, routed)           0.631     0.858    clk_IBUF
    BUFGCTRL_X0Y0        BUFG (Prop_bufg_I_O)         0.026     0.884 r  clk_IBUF_BUFG_inst/O
                         net (fo=132, routed)         0.596     1.479    clk_IBUF_BUFG
    SLICE_X2Y49          FDRE                                         r  counter_reg[11]/C
  -------------------------------------------------------------------    -------------------
    SLICE_X2Y49          FDRE (Prop_fdre_C_Q)         0.164     1.643 r  counter_reg[11]/Q
                         net (fo=3, routed)           0.168     1.811    counter_reg[11]
    SLICE_X3Y50          CARRY4 (Prop_carry4_DI[1]_CO[3])
                                                      0.147     1.958 r  data_in_reg[6]_i_14/CO[3]
                         net (fo=1, routed)           0.000     1.958    data_in_reg[6]_i_14_n_0
    SLICE_X3Y51          CARRY4 (Prop_carry4_CI_CO[3])
                                                      0.039     1.997 r  data_in_reg[6]_i_3/CO[3]
                         net (fo=1, routed)           0.000     1.997    data_in_reg[6]_i_3_n_0
    SLICE_X3Y52          CARRY4 (Prop_carry4_CI_CO[3])
                                                      0.039     2.036 r  data_in_reg[6]_i_1/CO[3]
                         net (fo=44, routed)          0.000     2.036    sel
    SLICE_X3Y52          FDRE                                         r  wr_en_reg/D
  -------------------------------------------------------------------    -------------------

                         (clock sys_clk_pin rise edge)
                                                      0.000     0.000 r  
    W5                                                0.000     0.000 r  clk (IN)
                         net (fo=0)                   0.000     0.000    clk
    W5                   IBUF (Prop_ibuf_I_O)         0.414     0.414 r  clk_IBUF_inst/O
                         net (fo=1, routed)           0.685     1.099    clk_IBUF
    BUFGCTRL_X0Y0        BUFG (Prop_bufg_I_O)         0.029     1.128 r  clk_IBUF_BUFG_inst/O
                         net (fo=132, routed)         0.864     1.992    clk_IBUF_BUFG
    SLICE_X3Y52          FDRE                                         r  wr_en_reg/C
                         clock pessimism             -0.244     1.748    
    SLICE_X3Y52          FDRE (Hold_fdre_C_D)         0.130     1.878    wr_en_reg
  -------------------------------------------------------------------
                         required time                         -1.878    
                         arrival time                           2.036    
  -------------------------------------------------------------------
                         slack                                  0.158    

Slack (MET) :             0.163ns  (arrival time - required time)
  Source:                 lcd1/cnt_setup_reg[15]/C
                            (falling edge-triggered cell FDRE clocked by sys_clk_pin  {rise@0.000ns fall@5.000ns period=10.000ns})
  Destination:            lcd1/cnt_setup_reg[18]/D
                            (falling edge-triggered cell FDRE clocked by sys_clk_pin  {rise@0.000ns fall@5.000ns period=10.000ns})
  Path Group:             sys_clk_pin
  Path Type:              Hold (Min at Fast Process Corner)
  Requirement:            0.000ns  (sys_clk_pin fall@5.000ns - sys_clk_pin fall@5.000ns)
  Data Path Delay:        0.544ns  (logic 0.371ns (68.233%)  route 0.173ns (31.767%))
  Logic Levels:           3  (CARRY4=2 LUT2=1)
  Clock Path Skew:        0.269ns (DCD - SCD - CPR)
    Destination Clock Delay (DCD):    1.990ns = ( 6.990 - 5.000 ) 
    Source Clock Delay      (SCD):    1.477ns = ( 6.477 - 5.000 ) 
    Clock Pessimism Removal (CPR):    0.244ns

    Location             Delay type                Incr(ns)  Path(ns)    Netlist Resource(s)
  -------------------------------------------------------------------    -------------------
                         (clock sys_clk_pin fall edge)
                                                      5.000     5.000 f  
    W5                                                0.000     5.000 f  clk (IN)
                         net (fo=0)                   0.000     5.000    clk
    W5                   IBUF (Prop_ibuf_I_O)         0.226     5.226 f  clk_IBUF_inst/O
                         net (fo=1, routed)           0.631     5.858    clk_IBUF
    BUFGCTRL_X0Y0        BUFG (Prop_bufg_I_O)         0.026     5.884 f  clk_IBUF_BUFG_inst/O
                         net (fo=132, routed)         0.594     6.477    lcd1/clk_IBUF_BUFG
    SLICE_X4Y49          FDRE                                         r  lcd1/cnt_setup_reg[15]/C  (IS_INVERTED)
  -------------------------------------------------------------------    -------------------
    SLICE_X4Y49          FDRE (Prop_fdre_C_Q)         0.146     6.623 r  lcd1/cnt_setup_reg[15]/Q
                         net (fo=3, routed)           0.172     6.795    lcd1/cnt_setup_reg[15]
    SLICE_X4Y49          LUT2 (Prop_lut2_I0_O)        0.045     6.840 r  lcd1/cnt_setup[12]_i_2/O
                         net (fo=1, routed)           0.000     6.840    lcd1/cnt_setup[12]_i_2_n_0
    SLICE_X4Y49          CARRY4 (Prop_carry4_S[3]_CO[3])
                                                      0.115     6.955 r  lcd1/cnt_setup_reg[12]_i_1/CO[3]
                         net (fo=1, routed)           0.001     6.956    lcd1/cnt_setup_reg[12]_i_1_n_0
    SLICE_X4Y50          CARRY4 (Prop_carry4_CI_O[2])
                                                      0.065     7.021 r  lcd1/cnt_setup_reg[16]_i_1/O[2]
                         net (fo=1, routed)           0.000     7.021    lcd1/cnt_setup_reg[16]_i_1_n_5
    SLICE_X4Y50          FDRE                                         r  lcd1/cnt_setup_reg[18]/D
  -------------------------------------------------------------------    -------------------

                         (clock sys_clk_pin fall edge)
                                                      5.000     5.000 f  
    W5                                                0.000     5.000 f  clk (IN)
                         net (fo=0)                   0.000     5.000    clk
    W5                   IBUF (Prop_ibuf_I_O)         0.414     5.414 f  clk_IBUF_inst/O
                         net (fo=1, routed)           0.685     6.099    clk_IBUF
    BUFGCTRL_X0Y0        BUFG (Prop_bufg_I_O)         0.029     6.128 f  clk_IBUF_BUFG_inst/O
                         net (fo=132, routed)         0.863     6.990    lcd1/clk_IBUF_BUFG
    SLICE_X4Y50          FDRE                                         r  lcd1/cnt_setup_reg[18]/C  (IS_INVERTED)
                         clock pessimism             -0.244     6.746    
    SLICE_X4Y50          FDRE (Hold_fdre_C_D)         0.112     6.858    lcd1/cnt_setup_reg[18]
  -------------------------------------------------------------------
                         required time                         -6.858    
                         arrival time                           7.021    
  -------------------------------------------------------------------
                         slack                                  0.163    

Slack (MET) :             0.173ns  (arrival time - required time)
  Source:                 counter_reg[6]/C
                            (rising edge-triggered cell FDRE clocked by sys_clk_pin  {rise@0.000ns fall@5.000ns period=10.000ns})
  Destination:            counter_reg[13]/D
                            (rising edge-triggered cell FDRE clocked by sys_clk_pin  {rise@0.000ns fall@5.000ns period=10.000ns})
  Path Group:             sys_clk_pin
  Path Type:              Hold (Min at Fast Process Corner)
  Requirement:            0.000ns  (sys_clk_pin rise@0.000ns - sys_clk_pin rise@0.000ns)
  Data Path Delay:        0.576ns  (logic 0.449ns (77.923%)  route 0.127ns (22.077%))
  Logic Levels:           3  (CARRY4=3)
  Clock Path Skew:        0.269ns (DCD - SCD - CPR)
    Destination Clock Delay (DCD):    1.992ns
    Source Clock Delay      (SCD):    1.479ns
    Clock Pessimism Removal (CPR):    0.244ns

    Location             Delay type                Incr(ns)  Path(ns)    Netlist Resource(s)
  -------------------------------------------------------------------    -------------------
                         (clock sys_clk_pin rise edge)
                                                      0.000     0.000 r  
    W5                                                0.000     0.000 r  clk (IN)
                         net (fo=0)                   0.000     0.000    clk
    W5                   IBUF (Prop_ibuf_I_O)         0.226     0.226 r  clk_IBUF_inst/O
                         net (fo=1, routed)           0.631     0.858    clk_IBUF
    BUFGCTRL_X0Y0        BUFG (Prop_bufg_I_O)         0.026     0.884 r  clk_IBUF_BUFG_inst/O
                         net (fo=132, routed)         0.596     1.479    clk_IBUF_BUFG
    SLICE_X2Y48          FDRE                                         r  counter_reg[6]/C
  -------------------------------------------------------------------    -------------------
    SLICE_X2Y48          FDRE (Prop_fdre_C_Q)         0.164     1.643 r  counter_reg[6]/Q
                         net (fo=3, routed)           0.127     1.770    counter_reg[6]
    SLICE_X2Y48          CARRY4 (Prop_carry4_S[2]_CO[3])
                                                      0.156     1.926 r  counter_reg[4]_i_1/CO[3]
                         net (fo=1, routed)           0.000     1.926    counter_reg[4]_i_1_n_0
    SLICE_X2Y49          CARRY4 (Prop_carry4_CI_CO[3])
                                                      0.040     1.966 r  counter_reg[8]_i_1/CO[3]
                         net (fo=1, routed)           0.001     1.966    counter_reg[8]_i_1_n_0
    SLICE_X2Y50          CARRY4 (Prop_carry4_CI_O[1])
                                                      0.089     2.055 r  counter_reg[12]_i_1/O[1]
                         net (fo=1, routed)           0.000     2.055    counter_reg[12]_i_1_n_6
    SLICE_X2Y50          FDRE                                         r  counter_reg[13]/D
  -------------------------------------------------------------------    -------------------

                         (clock sys_clk_pin rise edge)
                                                      0.000     0.000 r  
    W5                                                0.000     0.000 r  clk (IN)
                         net (fo=0)                   0.000     0.000    clk
    W5                   IBUF (Prop_ibuf_I_O)         0.414     0.414 r  clk_IBUF_inst/O
                         net (fo=1, routed)           0.685     1.099    clk_IBUF
    BUFGCTRL_X0Y0        BUFG (Prop_bufg_I_O)         0.029     1.128 r  clk_IBUF_BUFG_inst/O
                         net (fo=132, routed)         0.864     1.992    clk_IBUF_BUFG
    SLICE_X2Y50          FDRE                                         r  counter_reg[13]/C
                         clock pessimism             -0.244     1.748    
    SLICE_X2Y50          FDRE (Hold_fdre_C_D)         0.134     1.882    counter_reg[13]
  -------------------------------------------------------------------
                         required time                         -1.882    
                         arrival time                           2.055    
  -------------------------------------------------------------------
                         slack                                  0.173    

Slack (MET) :             0.175ns  (arrival time - required time)
  Source:                 counter_reg[6]/C
                            (rising edge-triggered cell FDRE clocked by sys_clk_pin  {rise@0.000ns fall@5.000ns period=10.000ns})
  Destination:            counter_reg[15]/D
                            (rising edge-triggered cell FDRE clocked by sys_clk_pin  {rise@0.000ns fall@5.000ns period=10.000ns})
  Path Group:             sys_clk_pin
  Path Type:              Hold (Min at Fast Process Corner)
  Requirement:            0.000ns  (sys_clk_pin rise@0.000ns - sys_clk_pin rise@0.000ns)
  Data Path Delay:        0.578ns  (logic 0.451ns (78.000%)  route 0.127ns (22.000%))
  Logic Levels:           3  (CARRY4=3)
  Clock Path Skew:        0.269ns (DCD - SCD - CPR)
    Destination Clock Delay (DCD):    1.992ns
    Source Clock Delay      (SCD):    1.479ns
    Clock Pessimism Removal (CPR):    0.244ns

    Location             Delay type                Incr(ns)  Path(ns)    Netlist Resource(s)
  -------------------------------------------------------------------    -------------------
                         (clock sys_clk_pin rise edge)
                                                      0.000     0.000 r  
    W5                                                0.000     0.000 r  clk (IN)
                         net (fo=0)                   0.000     0.000    clk
    W5                   IBUF (Prop_ibuf_I_O)         0.226     0.226 r  clk_IBUF_inst/O
                         net (fo=1, routed)           0.631     0.858    clk_IBUF
    BUFGCTRL_X0Y0        BUFG (Prop_bufg_I_O)         0.026     0.884 r  clk_IBUF_BUFG_inst/O
                         net (fo=132, routed)         0.596     1.479    clk_IBUF_BUFG
    SLICE_X2Y48          FDRE                                         r  counter_reg[6]/C
  -------------------------------------------------------------------    -------------------
    SLICE_X2Y48          FDRE (Prop_fdre_C_Q)         0.164     1.643 r  counter_reg[6]/Q
                         net (fo=3, routed)           0.127     1.770    counter_reg[6]
    SLICE_X2Y48          CARRY4 (Prop_carry4_S[2]_CO[3])
                                                      0.156     1.926 r  counter_reg[4]_i_1/CO[3]
                         net (fo=1, routed)           0.000     1.926    counter_reg[4]_i_1_n_0
    SLICE_X2Y49          CARRY4 (Prop_carry4_CI_CO[3])
                                                      0.040     1.966 r  counter_reg[8]_i_1/CO[3]
                         net (fo=1, routed)           0.001     1.966    counter_reg[8]_i_1_n_0
    SLICE_X2Y50          CARRY4 (Prop_carry4_CI_O[3])
                                                      0.091     2.057 r  counter_reg[12]_i_1/O[3]
                         net (fo=1, routed)           0.000     2.057    counter_reg[12]_i_1_n_4
    SLICE_X2Y50          FDRE                                         r  counter_reg[15]/D
  -------------------------------------------------------------------    -------------------

                         (clock sys_clk_pin rise edge)
                                                      0.000     0.000 r  
    W5                                                0.000     0.000 r  clk (IN)
                         net (fo=0)                   0.000     0.000    clk
    W5                   IBUF (Prop_ibuf_I_O)         0.414     0.414 r  clk_IBUF_inst/O
                         net (fo=1, routed)           0.685     1.099    clk_IBUF
    BUFGCTRL_X0Y0        BUFG (Prop_bufg_I_O)         0.029     1.128 r  clk_IBUF_BUFG_inst/O
                         net (fo=132, routed)         0.864     1.992    clk_IBUF_BUFG
    SLICE_X2Y50          FDRE                                         r  counter_reg[15]/C
                         clock pessimism             -0.244     1.748    
    SLICE_X2Y50          FDRE (Hold_fdre_C_D)         0.134     1.882    counter_reg[15]
  -------------------------------------------------------------------
                         required time                         -1.882    
                         arrival time                           2.057    
  -------------------------------------------------------------------
                         slack                                  0.175    

Slack (MET) :             0.177ns  (arrival time - required time)
  Source:                 counter_reg[6]/C
                            (rising edge-triggered cell FDRE clocked by sys_clk_pin  {rise@0.000ns fall@5.000ns period=10.000ns})
  Destination:            counter_reg[16]/D
                            (rising edge-triggered cell FDRE clocked by sys_clk_pin  {rise@0.000ns fall@5.000ns period=10.000ns})
  Path Group:             sys_clk_pin
  Path Type:              Hold (Min at Fast Process Corner)
  Requirement:            0.000ns  (sys_clk_pin rise@0.000ns - sys_clk_pin rise@0.000ns)
  Data Path Delay:        0.580ns  (logic 0.453ns (78.075%)  route 0.127ns (21.924%))
  Logic Levels:           4  (CARRY4=4)
  Clock Path Skew:        0.269ns (DCD - SCD - CPR)
    Destination Clock Delay (DCD):    1.992ns
    Source Clock Delay      (SCD):    1.479ns
    Clock Pessimism Removal (CPR):    0.244ns

    Location             Delay type                Incr(ns)  Path(ns)    Netlist Resource(s)
  -------------------------------------------------------------------    -------------------
                         (clock sys_clk_pin rise edge)
                                                      0.000     0.000 r  
    W5                                                0.000     0.000 r  clk (IN)
                         net (fo=0)                   0.000     0.000    clk
    W5                   IBUF (Prop_ibuf_I_O)         0.226     0.226 r  clk_IBUF_inst/O
                         net (fo=1, routed)           0.631     0.858    clk_IBUF
    BUFGCTRL_X0Y0        BUFG (Prop_bufg_I_O)         0.026     0.884 r  clk_IBUF_BUFG_inst/O
                         net (fo=132, routed)         0.596     1.479    clk_IBUF_BUFG
    SLICE_X2Y48          FDRE                                         r  counter_reg[6]/C
  -------------------------------------------------------------------    -------------------
    SLICE_X2Y48          FDRE (Prop_fdre_C_Q)         0.164     1.643 r  counter_reg[6]/Q
                         net (fo=3, routed)           0.127     1.770    counter_reg[6]
    SLICE_X2Y48          CARRY4 (Prop_carry4_S[2]_CO[3])
                                                      0.156     1.926 r  counter_reg[4]_i_1/CO[3]
                         net (fo=1, routed)           0.000     1.926    counter_reg[4]_i_1_n_0
    SLICE_X2Y49          CARRY4 (Prop_carry4_CI_CO[3])
                                                      0.040     1.966 r  counter_reg[8]_i_1/CO[3]
                         net (fo=1, routed)           0.001     1.966    counter_reg[8]_i_1_n_0
    SLICE_X2Y50          CARRY4 (Prop_carry4_CI_CO[3])
                                                      0.040     2.006 r  counter_reg[12]_i_1/CO[3]
                         net (fo=1, routed)           0.000     2.006    counter_reg[12]_i_1_n_0
    SLICE_X2Y51          CARRY4 (Prop_carry4_CI_O[0])
                                                      0.053     2.059 r  counter_reg[16]_i_1/O[0]
                         net (fo=1, routed)           0.000     2.059    counter_reg[16]_i_1_n_7
    SLICE_X2Y51          FDRE                                         r  counter_reg[16]/D
  -------------------------------------------------------------------    -------------------

                         (clock sys_clk_pin rise edge)
                                                      0.000     0.000 r  
    W5                                                0.000     0.000 r  clk (IN)
                         net (fo=0)                   0.000     0.000    clk
    W5                   IBUF (Prop_ibuf_I_O)         0.414     0.414 r  clk_IBUF_inst/O
                         net (fo=1, routed)           0.685     1.099    clk_IBUF
    BUFGCTRL_X0Y0        BUFG (Prop_bufg_I_O)         0.029     1.128 r  clk_IBUF_BUFG_inst/O
                         net (fo=132, routed)         0.864     1.992    clk_IBUF_BUFG
    SLICE_X2Y51          FDRE                                         r  counter_reg[16]/C
                         clock pessimism             -0.244     1.748    
    SLICE_X2Y51          FDRE (Hold_fdre_C_D)         0.134     1.882    counter_reg[16]
  -------------------------------------------------------------------
                         required time                         -1.882    
                         arrival time                           2.059    
  -------------------------------------------------------------------
                         slack                                  0.177    

Slack (MET) :             0.188ns  (arrival time - required time)
  Source:                 lcd1/cnt_setup_reg[15]/C
                            (falling edge-triggered cell FDRE clocked by sys_clk_pin  {rise@0.000ns fall@5.000ns period=10.000ns})
  Destination:            lcd1/cnt_setup_reg[17]/D
                            (falling edge-triggered cell FDRE clocked by sys_clk_pin  {rise@0.000ns fall@5.000ns period=10.000ns})
  Path Group:             sys_clk_pin
  Path Type:              Hold (Min at Fast Process Corner)
  Requirement:            0.000ns  (sys_clk_pin fall@5.000ns - sys_clk_pin fall@5.000ns)
  Data Path Delay:        0.569ns  (logic 0.396ns (69.629%)  route 0.173ns (30.371%))
  Logic Levels:           3  (CARRY4=2 LUT2=1)
  Clock Path Skew:        0.269ns (DCD - SCD - CPR)
    Destination Clock Delay (DCD):    1.990ns = ( 6.990 - 5.000 ) 
    Source Clock Delay      (SCD):    1.477ns = ( 6.477 - 5.000 ) 
    Clock Pessimism Removal (CPR):    0.244ns

    Location             Delay type                Incr(ns)  Path(ns)    Netlist Resource(s)
  -------------------------------------------------------------------    -------------------
                         (clock sys_clk_pin fall edge)
                                                      5.000     5.000 f  
    W5                                                0.000     5.000 f  clk (IN)
                         net (fo=0)                   0.000     5.000    clk
    W5                   IBUF (Prop_ibuf_I_O)         0.226     5.226 f  clk_IBUF_inst/O
                         net (fo=1, routed)           0.631     5.858    clk_IBUF
    BUFGCTRL_X0Y0        BUFG (Prop_bufg_I_O)         0.026     5.884 f  clk_IBUF_BUFG_inst/O
                         net (fo=132, routed)         0.594     6.477    lcd1/clk_IBUF_BUFG
    SLICE_X4Y49          FDRE                                         r  lcd1/cnt_setup_reg[15]/C  (IS_INVERTED)
  -------------------------------------------------------------------    -------------------
    SLICE_X4Y49          FDRE (Prop_fdre_C_Q)         0.146     6.623 r  lcd1/cnt_setup_reg[15]/Q
                         net (fo=3, routed)           0.172     6.795    lcd1/cnt_setup_reg[15]
    SLICE_X4Y49          LUT2 (Prop_lut2_I0_O)        0.045     6.840 r  lcd1/cnt_setup[12]_i_2/O
                         net (fo=1, routed)           0.000     6.840    lcd1/cnt_setup[12]_i_2_n_0
    SLICE_X4Y49          CARRY4 (Prop_carry4_S[3]_CO[3])
                                                      0.115     6.955 r  lcd1/cnt_setup_reg[12]_i_1/CO[3]
                         net (fo=1, routed)           0.001     6.956    lcd1/cnt_setup_reg[12]_i_1_n_0
    SLICE_X4Y50          CARRY4 (Prop_carry4_CI_O[1])
                                                      0.090     7.046 r  lcd1/cnt_setup_reg[16]_i_1/O[1]
                         net (fo=1, routed)           0.000     7.046    lcd1/cnt_setup_reg[16]_i_1_n_6
    SLICE_X4Y50          FDRE                                         r  lcd1/cnt_setup_reg[17]/D
  -------------------------------------------------------------------    -------------------

                         (clock sys_clk_pin fall edge)
                                                      5.000     5.000 f  
    W5                                                0.000     5.000 f  clk (IN)
                         net (fo=0)                   0.000     5.000    clk
    W5                   IBUF (Prop_ibuf_I_O)         0.414     5.414 f  clk_IBUF_inst/O
                         net (fo=1, routed)           0.685     6.099    clk_IBUF
    BUFGCTRL_X0Y0        BUFG (Prop_bufg_I_O)         0.029     6.128 f  clk_IBUF_BUFG_inst/O
                         net (fo=132, routed)         0.863     6.990    lcd1/clk_IBUF_BUFG
    SLICE_X4Y50          FDRE                                         r  lcd1/cnt_setup_reg[17]/C  (IS_INVERTED)
                         clock pessimism             -0.244     6.746    
    SLICE_X4Y50          FDRE (Hold_fdre_C_D)         0.112     6.858    lcd1/cnt_setup_reg[17]
  -------------------------------------------------------------------
                         required time                         -6.858    
                         arrival time                           7.046    
  -------------------------------------------------------------------
                         slack                                  0.188    

Slack (MET) :             0.188ns  (arrival time - required time)
  Source:                 lcd1/cnt_setup_reg[15]/C
                            (falling edge-triggered cell FDRE clocked by sys_clk_pin  {rise@0.000ns fall@5.000ns period=10.000ns})
  Destination:            lcd1/cnt_setup_reg[19]/D
                            (falling edge-triggered cell FDRE clocked by sys_clk_pin  {rise@0.000ns fall@5.000ns period=10.000ns})
  Path Group:             sys_clk_pin
  Path Type:              Hold (Min at Fast Process Corner)
  Requirement:            0.000ns  (sys_clk_pin fall@5.000ns - sys_clk_pin fall@5.000ns)
  Data Path Delay:        0.569ns  (logic 0.396ns (69.629%)  route 0.173ns (30.371%))
  Logic Levels:           3  (CARRY4=2 LUT2=1)
  Clock Path Skew:        0.269ns (DCD - SCD - CPR)
    Destination Clock Delay (DCD):    1.990ns = ( 6.990 - 5.000 ) 
    Source Clock Delay      (SCD):    1.477ns = ( 6.477 - 5.000 ) 
    Clock Pessimism Removal (CPR):    0.244ns

    Location             Delay type                Incr(ns)  Path(ns)    Netlist Resource(s)
  -------------------------------------------------------------------    -------------------
                         (clock sys_clk_pin fall edge)
                                                      5.000     5.000 f  
    W5                                                0.000     5.000 f  clk (IN)
                         net (fo=0)                   0.000     5.000    clk
    W5                   IBUF (Prop_ibuf_I_O)         0.226     5.226 f  clk_IBUF_inst/O
                         net (fo=1, routed)           0.631     5.858    clk_IBUF
    BUFGCTRL_X0Y0        BUFG (Prop_bufg_I_O)         0.026     5.884 f  clk_IBUF_BUFG_inst/O
                         net (fo=132, routed)         0.594     6.477    lcd1/clk_IBUF_BUFG
    SLICE_X4Y49          FDRE                                         r  lcd1/cnt_setup_reg[15]/C  (IS_INVERTED)
  -------------------------------------------------------------------    -------------------
    SLICE_X4Y49          FDRE (Prop_fdre_C_Q)         0.146     6.623 r  lcd1/cnt_setup_reg[15]/Q
                         net (fo=3, routed)           0.172     6.795    lcd1/cnt_setup_reg[15]
    SLICE_X4Y49          LUT2 (Prop_lut2_I0_O)        0.045     6.840 r  lcd1/cnt_setup[12]_i_2/O
                         net (fo=1, routed)           0.000     6.840    lcd1/cnt_setup[12]_i_2_n_0
    SLICE_X4Y49          CARRY4 (Prop_carry4_S[3]_CO[3])
                                                      0.115     6.955 r  lcd1/cnt_setup_reg[12]_i_1/CO[3]
                         net (fo=1, routed)           0.001     6.956    lcd1/cnt_setup_reg[12]_i_1_n_0
    SLICE_X4Y50          CARRY4 (Prop_carry4_CI_O[3])
                                                      0.090     7.046 r  lcd1/cnt_setup_reg[16]_i_1/O[3]
                         net (fo=1, routed)           0.000     7.046    lcd1/cnt_setup_reg[16]_i_1_n_4
    SLICE_X4Y50          FDRE                                         r  lcd1/cnt_setup_reg[19]/D
  -------------------------------------------------------------------    -------------------

                         (clock sys_clk_pin fall edge)
                                                      5.000     5.000 f  
    W5                                                0.000     5.000 f  clk (IN)
                         net (fo=0)                   0.000     5.000    clk
    W5                   IBUF (Prop_ibuf_I_O)         0.414     5.414 f  clk_IBUF_inst/O
                         net (fo=1, routed)           0.685     6.099    clk_IBUF
    BUFGCTRL_X0Y0        BUFG (Prop_bufg_I_O)         0.029     6.128 f  clk_IBUF_BUFG_inst/O
                         net (fo=132, routed)         0.863     6.990    lcd1/clk_IBUF_BUFG
    SLICE_X4Y50          FDRE                                         r  lcd1/cnt_setup_reg[19]/C  (IS_INVERTED)
                         clock pessimism             -0.244     6.746    
    SLICE_X4Y50          FDRE (Hold_fdre_C_D)         0.112     6.858    lcd1/cnt_setup_reg[19]
  -------------------------------------------------------------------
                         required time                         -6.858    
                         arrival time                           7.046    
  -------------------------------------------------------------------
                         slack                                  0.188    





Pulse Width Checks
--------------------------------------------------------------------------------------
Clock Name:         sys_clk_pin
Waveform(ns):       { 0.000 5.000 }
Period(ns):         10.000
Sources:            { clk }

Check Type        Corner  Lib Pin  Reference Pin  Required(ns)  Actual(ns)  Slack(ns)  Location       Pin
Min Period        n/a     BUFG/I   n/a            2.155         10.000      7.845      BUFGCTRL_X0Y0  clk_IBUF_BUFG_inst/I
Min Period        n/a     FDRE/C   n/a            1.000         10.000      9.000      SLICE_X2Y47    counter_reg[0]/C
Min Period        n/a     FDRE/C   n/a            1.000         10.000      9.000      SLICE_X2Y49    counter_reg[10]/C
Min Period        n/a     FDRE/C   n/a            1.000         10.000      9.000      SLICE_X2Y49    counter_reg[11]/C
Min Period        n/a     FDRE/C   n/a            1.000         10.000      9.000      SLICE_X2Y50    counter_reg[12]/C
Min Period        n/a     FDRE/C   n/a            1.000         10.000      9.000      SLICE_X2Y51    counter_reg[16]/C
Min Period        n/a     FDRE/C   n/a            1.000         10.000      9.000      SLICE_X2Y51    counter_reg[17]/C
Min Period        n/a     FDRE/C   n/a            1.000         10.000      9.000      SLICE_X2Y51    counter_reg[18]/C
Min Period        n/a     FDRE/C   n/a            1.000         10.000      9.000      SLICE_X2Y51    counter_reg[19]/C
Min Period        n/a     FDRE/C   n/a            1.000         10.000      9.000      SLICE_X2Y47    counter_reg[1]/C
Low Pulse Width   Slow    FDRE/C   n/a            0.500         5.000       4.500      SLICE_X4Y57    data_in_reg[1]/C
Low Pulse Width   Slow    FDRE/C   n/a            0.500         5.000       4.500      SLICE_X4Y57    data_in_reg[3]/C
Low Pulse Width   Slow    FDRE/C   n/a            0.500         5.000       4.500      SLICE_X4Y57    data_in_reg[4]/C
Low Pulse Width   Slow    FDRE/C   n/a            0.500         5.000       4.500      SLICE_X5Y56    data_in_reg[2]/C
Low Pulse Width   Slow    FDRE/C   n/a            0.500         5.000       4.500      SLICE_X6Y56    data_in_reg[5]/C
Low Pulse Width   Slow    FDRE/C   n/a            0.500         5.000       4.500      SLICE_X6Y56    data_in_reg[6]/C
Low Pulse Width   Slow    FDRE/C   n/a            0.500         5.000       4.500      SLICE_X5Y54    data_reg[0][2]/C
Low Pulse Width   Slow    FDRE/C   n/a            0.500         5.000       4.500      SLICE_X4Y54    data_reg[1][2]/C
Low Pulse Width   Slow    FDRE/C   n/a            0.500         5.000       4.500      SLICE_X6Y54    data_reg[2][2]/C
Low Pulse Width   Slow    FDSE/C   n/a            0.500         5.000       4.500      SLICE_X5Y54    data_reg[3][6]/C
High Pulse Width  Slow    FDRE/C   n/a            0.500         5.000       4.500      SLICE_X6Y57    lcd1/FSM_sequential_state_reg[0]/C
High Pulse Width  Slow    FDRE/C   n/a            0.500         5.000       4.500      SLICE_X5Y57    lcd1/data_out_reg[0]/C
High Pulse Width  Slow    FDRE/C   n/a            0.500         5.000       4.500      SLICE_X7Y57    lcd1/data_out_reg[1]/C
High Pulse Width  Slow    FDRE/C   n/a            0.500         5.000       4.500      SLICE_X5Y57    lcd1/data_out_reg[2]/C
High Pulse Width  Slow    FDRE/C   n/a            0.500         5.000       4.500      SLICE_X7Y57    lcd1/data_out_reg[3]/C
High Pulse Width  Slow    FDRE/C   n/a            0.500         5.000       4.500      SLICE_X7Y57    lcd1/data_out_reg[4]/C
High Pulse Width  Slow    FDRE/C   n/a            0.500         5.000       4.500      SLICE_X7Y57    lcd1/data_out_reg[5]/C
High Pulse Width  Slow    FDRE/C   n/a            0.500         5.000       4.500      SLICE_X7Y57    lcd1/data_out_reg[6]/C
High Pulse Width  Slow    FDRE/C   n/a            0.500         5.000       4.500      SLICE_X2Y47    counter_reg[0]/C
High Pulse Width  Slow    FDRE/C   n/a            0.500         5.000       4.500      SLICE_X2Y49    counter_reg[10]/C



