Copyright 1986-2018 Xilinx, Inc. All Rights Reserved.
-----------------------------------------------------------------------------------------------------------------------------------------------------------------------------------------------------------------
| Tool Version : Vivado v.2018.3 (win64) Build 2405991 Thu Dec  6 23:38:27 MST 2018
| Date         : Fri Feb 27 17:31:10 2026
| Host         : BH610-DRZVK84 running 64-bit major release  (build 9200)
| Command      : report_timing_summary -max_paths 10 -file btnCounter_top_timing_summary_routed.rpt -pb btnCounter_top_timing_summary_routed.pb -rpx btnCounter_top_timing_summary_routed.rpx -warn_on_violation
| Design       : btnCounter_top
| Device       : 7a35t-cpg236
| Speed File   : -1  PRODUCTION 1.23 2018-06-13
-----------------------------------------------------------------------------------------------------------------------------------------------------------------------------------------------------------------

Timing Summary Report

------------------------------------------------------------------------------------------------
| Timer Settings
| --------------
------------------------------------------------------------------------------------------------

  Enable Multi Corner Analysis               :  Yes
  Enable Pessimism Removal                   :  Yes
  Pessimism Removal Resolution               :  Nearest Common Node
  Enable Input Delay Default Clock           :  No
  Enable Preset / Clear Arcs                 :  No
  Disable Flight Delays                      :  No
  Ignore I/O Paths                           :  No
  Timing Early Launch at Borrowing Latches   :  false

  Corner  Analyze    Analyze    
  Name    Max Paths  Min Paths  
  ------  ---------  ---------  
  Slow    Yes        Yes        
  Fast    Yes        Yes        



check_timing report

Table of Contents
-----------------
1. checking no_clock
2. checking constant_clock
3. checking pulse_width_clock
4. checking unconstrained_internal_endpoints
5. checking no_input_delay
6. checking no_output_delay
7. checking multiple_clock
8. checking generated_clocks
9. checking loops
10. checking partial_input_delay
11. checking partial_output_delay
12. checking latch_loops

1. checking no_clock
--------------------
 There are 0 register/latch pins with no clock.


2. checking constant_clock
--------------------------
 There are 0 register/latch pins with constant_clock.


3. checking pulse_width_clock
-----------------------------
 There are 0 register/latch pins which need pulse_width check


4. checking unconstrained_internal_endpoints
--------------------------------------------
 There are 0 pins that are not constrained for maximum delay.

 There are 0 pins that are not constrained for maximum delay due to constant clock.


5. checking no_input_delay
--------------------------
 There is 1 input port with no input delay specified. (HIGH)

 There are 0 input ports with no input delay but user has a false path constraint.


6. checking no_output_delay
---------------------------
 There are 9 ports with no output delay specified. (HIGH)

 There are 0 ports with no output delay but user has a false path constraint

 There are 0 ports with no output delay but with a timing clock defined on it or propagating through it


7. checking multiple_clock
--------------------------
 There are 0 register/latch pins with multiple clocks.


8. checking generated_clocks
----------------------------
 There are 0 generated clocks that are not connected to a clock source.


9. checking loops
-----------------
 There are 0 combinational loops in the design.


10. checking partial_input_delay
--------------------------------
 There are 0 input ports with partial input delay specified.


11. checking partial_output_delay
---------------------------------
 There are 0 ports with partial output delay specified.


12. checking latch_loops
------------------------
 There are 0 combinational latch loops in the design through latch input



------------------------------------------------------------------------------------------------
| Design Timing Summary
| ---------------------
------------------------------------------------------------------------------------------------

    WNS(ns)      TNS(ns)  TNS Failing Endpoints  TNS Total Endpoints      WHS(ns)      THS(ns)  THS Failing Endpoints  THS Total Endpoints     WPWS(ns)     TPWS(ns)  TPWS Failing Endpoints  TPWS Total Endpoints  
    -------      -------  ---------------------  -------------------      -------      -------  ---------------------  -------------------     --------     --------  ----------------------  --------------------  
      5.283        0.000                      0                  166        0.180        0.000                      0                  166        4.500        0.000                       0                    65  


All user specified timing constraints are met.


------------------------------------------------------------------------------------------------
| Clock Summary
| -------------
------------------------------------------------------------------------------------------------

Clock        Waveform(ns)       Period(ns)      Frequency(MHz)
-----        ------------       ----------      --------------
sys_clk_pin  {0.000 5.000}      10.000          100.000         


------------------------------------------------------------------------------------------------
| Intra Clock Table
| -----------------
------------------------------------------------------------------------------------------------

Clock             WNS(ns)      TNS(ns)  TNS Failing Endpoints  TNS Total Endpoints      WHS(ns)      THS(ns)  THS Failing Endpoints  THS Total Endpoints     WPWS(ns)     TPWS(ns)  TPWS Failing Endpoints  TPWS Total Endpoints  
-----             -------      -------  ---------------------  -------------------      -------      -------  ---------------------  -------------------     --------     --------  ----------------------  --------------------  
sys_clk_pin         5.283        0.000                      0                  166        0.180        0.000                      0                  166        4.500        0.000                       0                    65  


------------------------------------------------------------------------------------------------
| Inter Clock Table
| -----------------
------------------------------------------------------------------------------------------------

From Clock    To Clock          WNS(ns)      TNS(ns)  TNS Failing Endpoints  TNS Total Endpoints      WHS(ns)      THS(ns)  THS Failing Endpoints  THS Total Endpoints  
----------    --------          -------      -------  ---------------------  -------------------      -------      -------  ---------------------  -------------------  


------------------------------------------------------------------------------------------------
| Other Path Groups Table
| -----------------------
------------------------------------------------------------------------------------------------

Path Group    From Clock    To Clock          WNS(ns)      TNS(ns)  TNS Failing Endpoints  TNS Total Endpoints      WHS(ns)      THS(ns)  THS Failing Endpoints  THS Total Endpoints  
----------    ----------    --------          -------      -------  ---------------------  -------------------      -------      -------  ---------------------  -------------------  


------------------------------------------------------------------------------------------------
| Timing Details
| --------------
------------------------------------------------------------------------------------------------


---------------------------------------------------------------------------------------------------
From Clock:  sys_clk_pin
  To Clock:  sys_clk_pin

Setup :            0  Failing Endpoints,  Worst Slack        5.283ns,  Total Violation        0.000ns
Hold  :            0  Failing Endpoints,  Worst Slack        0.180ns,  Total Violation        0.000ns
PW    :            0  Failing Endpoints,  Worst Slack        4.500ns,  Total Violation        0.000ns
---------------------------------------------------------------------------------------------------


Max Delay Paths
--------------------------------------------------------------------------------------
Slack (MET) :             5.283ns  (required time - arrival time)
  Source:                 debounce_UT/count_reg[3]/C
                            (rising edge-triggered cell FDRE clocked by sys_clk_pin  {rise@0.000ns fall@5.000ns period=10.000ns})
  Destination:            debounce_UT/btn_clr_reg/D
                            (rising edge-triggered cell FDRE clocked by sys_clk_pin  {rise@0.000ns fall@5.000ns period=10.000ns})
  Path Group:             sys_clk_pin
  Path Type:              Setup (Max at Slow Process Corner)
  Requirement:            10.000ns  (sys_clk_pin rise@10.000ns - sys_clk_pin rise@0.000ns)
  Data Path Delay:        4.377ns  (logic 1.625ns (37.129%)  route 2.752ns (62.871%))
  Logic Levels:           6  (CARRY4=4 LUT2=1 LUT4=1)
  Clock Path Skew:        -0.021ns (DCD - SCD + CPR)
    Destination Clock Delay (DCD):    4.846ns = ( 14.846 - 10.000 ) 
    Source Clock Delay      (SCD):    5.141ns
    Clock Pessimism Removal (CPR):    0.274ns
  Clock Uncertainty:      0.035ns  ((TSJ^2 + TIJ^2)^1/2 + DJ) / 2 + PE
    Total System Jitter     (TSJ):    0.071ns
    Total Input Jitter      (TIJ):    0.000ns
    Discrete Jitter          (DJ):    0.000ns
    Phase Error              (PE):    0.000ns

    Location             Delay type                Incr(ns)  Path(ns)    Netlist Resource(s)
  -------------------------------------------------------------------    -------------------
                         (clock sys_clk_pin rise edge)
                                                      0.000     0.000 r  
    W5                                                0.000     0.000 r  clk (IN)
                         net (fo=0)                   0.000     0.000    clk
    W5                   IBUF (Prop_ibuf_I_O)         1.458     1.458 r  clk_IBUF_inst/O
                         net (fo=1, routed)           1.967     3.425    clk_IBUF
    BUFGCTRL_X0Y0        BUFG (Prop_bufg_I_O)         0.096     3.521 r  clk_IBUF_BUFG_inst/O
                         net (fo=64, routed)          1.620     5.141    debounce_UT/CLK
    SLICE_X62Y23         FDRE                                         r  debounce_UT/count_reg[3]/C
  -------------------------------------------------------------------    -------------------
    SLICE_X62Y23         FDRE (Prop_fdre_C_Q)         0.456     5.597 f  debounce_UT/count_reg[3]/Q
                         net (fo=3, routed)           0.996     6.593    debounce_UT/count_reg[3]
    SLICE_X63Y26         LUT2 (Prop_lut2_I1_O)        0.124     6.717 r  debounce_UT/count1_carry_i_6/O
                         net (fo=1, routed)           0.000     6.717    debounce_UT/count1_carry_i_6_n_0
    SLICE_X63Y26         CARRY4 (Prop_carry4_S[1]_CO[3])
                                                      0.550     7.267 r  debounce_UT/count1_carry/CO[3]
                         net (fo=1, routed)           0.000     7.267    debounce_UT/count1_carry_n_0
    SLICE_X63Y27         CARRY4 (Prop_carry4_CI_CO[3])
                                                      0.114     7.381 r  debounce_UT/count1_carry__0/CO[3]
                         net (fo=1, routed)           0.000     7.381    debounce_UT/count1_carry__0_n_0
    SLICE_X63Y28         CARRY4 (Prop_carry4_CI_CO[3])
                                                      0.114     7.495 r  debounce_UT/count1_carry__1/CO[3]
                         net (fo=1, routed)           0.000     7.495    debounce_UT/count1_carry__1_n_0
    SLICE_X63Y29         CARRY4 (Prop_carry4_CI_CO[3])
                                                      0.114     7.609 r  debounce_UT/count1_carry__2/CO[3]
                         net (fo=2, routed)           1.138     8.747    debounce_UT/count1_carry__2_n_0
    SLICE_X63Y22         LUT4 (Prop_lut4_I0_O)        0.153     8.900 r  debounce_UT/btn_clr_i_1/O
                         net (fo=1, routed)           0.617     9.518    debounce_UT/btn_clr_i_1_n_0
    SLICE_X62Y22         FDRE                                         r  debounce_UT/btn_clr_reg/D
  -------------------------------------------------------------------    -------------------

                         (clock sys_clk_pin rise edge)
                                                     10.000    10.000 r  
    W5                                                0.000    10.000 r  clk (IN)
                         net (fo=0)                   0.000    10.000    clk
    W5                   IBUF (Prop_ibuf_I_O)         1.388    11.388 r  clk_IBUF_inst/O
                         net (fo=1, routed)           1.862    13.250    clk_IBUF
    BUFGCTRL_X0Y0        BUFG (Prop_bufg_I_O)         0.091    13.341 r  clk_IBUF_BUFG_inst/O
                         net (fo=64, routed)          1.505    14.846    debounce_UT/CLK
    SLICE_X62Y22         FDRE                                         r  debounce_UT/btn_clr_reg/C
                         clock pessimism              0.274    15.120    
                         clock uncertainty           -0.035    15.085    
    SLICE_X62Y22         FDRE (Setup_fdre_C_D)       -0.284    14.801    debounce_UT/btn_clr_reg
  -------------------------------------------------------------------
                         required time                         14.801    
                         arrival time                          -9.518    
  -------------------------------------------------------------------
                         slack                                  5.283    

Slack (MET) :             5.555ns  (required time - arrival time)
  Source:                 debounce_UT/count_reg[3]/C
                            (rising edge-triggered cell FDRE clocked by sys_clk_pin  {rise@0.000ns fall@5.000ns period=10.000ns})
  Destination:            debounce_UT/count_reg[4]/CE
                            (rising edge-triggered cell FDRE clocked by sys_clk_pin  {rise@0.000ns fall@5.000ns period=10.000ns})
  Path Group:             sys_clk_pin
  Path Type:              Setup (Max at Slow Process Corner)
  Requirement:            10.000ns  (sys_clk_pin rise@10.000ns - sys_clk_pin rise@0.000ns)
  Data Path Delay:        4.181ns  (logic 1.596ns (38.176%)  route 2.585ns (61.824%))
  Logic Levels:           6  (CARRY4=4 LUT1=1 LUT2=1)
  Clock Path Skew:        -0.024ns (DCD - SCD + CPR)
    Destination Clock Delay (DCD):    4.843ns = ( 14.843 - 10.000 ) 
    Source Clock Delay      (SCD):    5.141ns
    Clock Pessimism Removal (CPR):    0.274ns
  Clock Uncertainty:      0.035ns  ((TSJ^2 + TIJ^2)^1/2 + DJ) / 2 + PE
    Total System Jitter     (TSJ):    0.071ns
    Total Input Jitter      (TIJ):    0.000ns
    Discrete Jitter          (DJ):    0.000ns
    Phase Error              (PE):    0.000ns

    Location             Delay type                Incr(ns)  Path(ns)    Netlist Resource(s)
  -------------------------------------------------------------------    -------------------
                         (clock sys_clk_pin rise edge)
                                                      0.000     0.000 r  
    W5                                                0.000     0.000 r  clk (IN)
                         net (fo=0)                   0.000     0.000    clk
    W5                   IBUF (Prop_ibuf_I_O)         1.458     1.458 r  clk_IBUF_inst/O
                         net (fo=1, routed)           1.967     3.425    clk_IBUF
    BUFGCTRL_X0Y0        BUFG (Prop_bufg_I_O)         0.096     3.521 r  clk_IBUF_BUFG_inst/O
                         net (fo=64, routed)          1.620     5.141    debounce_UT/CLK
    SLICE_X62Y23         FDRE                                         r  debounce_UT/count_reg[3]/C
  -------------------------------------------------------------------    -------------------
    SLICE_X62Y23         FDRE (Prop_fdre_C_Q)         0.456     5.597 f  debounce_UT/count_reg[3]/Q
                         net (fo=3, routed)           0.996     6.593    debounce_UT/count_reg[3]
    SLICE_X63Y26         LUT2 (Prop_lut2_I1_O)        0.124     6.717 r  debounce_UT/count1_carry_i_6/O
                         net (fo=1, routed)           0.000     6.717    debounce_UT/count1_carry_i_6_n_0
    SLICE_X63Y26         CARRY4 (Prop_carry4_S[1]_CO[3])
                                                      0.550     7.267 r  debounce_UT/count1_carry/CO[3]
                         net (fo=1, routed)           0.000     7.267    debounce_UT/count1_carry_n_0
    SLICE_X63Y27         CARRY4 (Prop_carry4_CI_CO[3])
                                                      0.114     7.381 r  debounce_UT/count1_carry__0/CO[3]
                         net (fo=1, routed)           0.000     7.381    debounce_UT/count1_carry__0_n_0
    SLICE_X63Y28         CARRY4 (Prop_carry4_CI_CO[3])
                                                      0.114     7.495 r  debounce_UT/count1_carry__1/CO[3]
                         net (fo=1, routed)           0.000     7.495    debounce_UT/count1_carry__1_n_0
    SLICE_X63Y29         CARRY4 (Prop_carry4_CI_CO[3])
                                                      0.114     7.609 f  debounce_UT/count1_carry__2/CO[3]
                         net (fo=2, routed)           0.758     8.367    debounce_UT/count1_carry__2_n_0
    SLICE_X63Y30         LUT1 (Prop_lut1_I0_O)        0.124     8.491 r  debounce_UT/count[0]_i_1/O
                         net (fo=32, routed)          0.830     9.322    debounce_UT/sel
    SLICE_X62Y24         FDRE                                         r  debounce_UT/count_reg[4]/CE
  -------------------------------------------------------------------    -------------------

                         (clock sys_clk_pin rise edge)
                                                     10.000    10.000 r  
    W5                                                0.000    10.000 r  clk (IN)
                         net (fo=0)                   0.000    10.000    clk
    W5                   IBUF (Prop_ibuf_I_O)         1.388    11.388 r  clk_IBUF_inst/O
                         net (fo=1, routed)           1.862    13.250    clk_IBUF
    BUFGCTRL_X0Y0        BUFG (Prop_bufg_I_O)         0.091    13.341 r  clk_IBUF_BUFG_inst/O
                         net (fo=64, routed)          1.502    14.843    debounce_UT/CLK
    SLICE_X62Y24         FDRE                                         r  debounce_UT/count_reg[4]/C
                         clock pessimism              0.274    15.117    
                         clock uncertainty           -0.035    15.082    
    SLICE_X62Y24         FDRE (Setup_fdre_C_CE)      -0.205    14.877    debounce_UT/count_reg[4]
  -------------------------------------------------------------------
                         required time                         14.877    
                         arrival time                          -9.322    
  -------------------------------------------------------------------
                         slack                                  5.555    

Slack (MET) :             5.555ns  (required time - arrival time)
  Source:                 debounce_UT/count_reg[3]/C
                            (rising edge-triggered cell FDRE clocked by sys_clk_pin  {rise@0.000ns fall@5.000ns period=10.000ns})
  Destination:            debounce_UT/count_reg[5]/CE
                            (rising edge-triggered cell FDRE clocked by sys_clk_pin  {rise@0.000ns fall@5.000ns period=10.000ns})
  Path Group:             sys_clk_pin
  Path Type:              Setup (Max at Slow Process Corner)
  Requirement:            10.000ns  (sys_clk_pin rise@10.000ns - sys_clk_pin rise@0.000ns)
  Data Path Delay:        4.181ns  (logic 1.596ns (38.176%)  route 2.585ns (61.824%))
  Logic Levels:           6  (CARRY4=4 LUT1=1 LUT2=1)
  Clock Path Skew:        -0.024ns (DCD - SCD + CPR)
    Destination Clock Delay (DCD):    4.843ns = ( 14.843 - 10.000 ) 
    Source Clock Delay      (SCD):    5.141ns
    Clock Pessimism Removal (CPR):    0.274ns
  Clock Uncertainty:      0.035ns  ((TSJ^2 + TIJ^2)^1/2 + DJ) / 2 + PE
    Total System Jitter     (TSJ):    0.071ns
    Total Input Jitter      (TIJ):    0.000ns
    Discrete Jitter          (DJ):    0.000ns
    Phase Error              (PE):    0.000ns

    Location             Delay type                Incr(ns)  Path(ns)    Netlist Resource(s)
  -------------------------------------------------------------------    -------------------
                         (clock sys_clk_pin rise edge)
                                                      0.000     0.000 r  
    W5                                                0.000     0.000 r  clk (IN)
                         net (fo=0)                   0.000     0.000    clk
    W5                   IBUF (Prop_ibuf_I_O)         1.458     1.458 r  clk_IBUF_inst/O
                         net (fo=1, routed)           1.967     3.425    clk_IBUF
    BUFGCTRL_X0Y0        BUFG (Prop_bufg_I_O)         0.096     3.521 r  clk_IBUF_BUFG_inst/O
                         net (fo=64, routed)          1.620     5.141    debounce_UT/CLK
    SLICE_X62Y23         FDRE                                         r  debounce_UT/count_reg[3]/C
  -------------------------------------------------------------------    -------------------
    SLICE_X62Y23         FDRE (Prop_fdre_C_Q)         0.456     5.597 f  debounce_UT/count_reg[3]/Q
                         net (fo=3, routed)           0.996     6.593    debounce_UT/count_reg[3]
    SLICE_X63Y26         LUT2 (Prop_lut2_I1_O)        0.124     6.717 r  debounce_UT/count1_carry_i_6/O
                         net (fo=1, routed)           0.000     6.717    debounce_UT/count1_carry_i_6_n_0
    SLICE_X63Y26         CARRY4 (Prop_carry4_S[1]_CO[3])
                                                      0.550     7.267 r  debounce_UT/count1_carry/CO[3]
                         net (fo=1, routed)           0.000     7.267    debounce_UT/count1_carry_n_0
    SLICE_X63Y27         CARRY4 (Prop_carry4_CI_CO[3])
                                                      0.114     7.381 r  debounce_UT/count1_carry__0/CO[3]
                         net (fo=1, routed)           0.000     7.381    debounce_UT/count1_carry__0_n_0
    SLICE_X63Y28         CARRY4 (Prop_carry4_CI_CO[3])
                                                      0.114     7.495 r  debounce_UT/count1_carry__1/CO[3]
                         net (fo=1, routed)           0.000     7.495    debounce_UT/count1_carry__1_n_0
    SLICE_X63Y29         CARRY4 (Prop_carry4_CI_CO[3])
                                                      0.114     7.609 f  debounce_UT/count1_carry__2/CO[3]
                         net (fo=2, routed)           0.758     8.367    debounce_UT/count1_carry__2_n_0
    SLICE_X63Y30         LUT1 (Prop_lut1_I0_O)        0.124     8.491 r  debounce_UT/count[0]_i_1/O
                         net (fo=32, routed)          0.830     9.322    debounce_UT/sel
    SLICE_X62Y24         FDRE                                         r  debounce_UT/count_reg[5]/CE
  -------------------------------------------------------------------    -------------------

                         (clock sys_clk_pin rise edge)
                                                     10.000    10.000 r  
    W5                                                0.000    10.000 r  clk (IN)
                         net (fo=0)                   0.000    10.000    clk
    W5                   IBUF (Prop_ibuf_I_O)         1.388    11.388 r  clk_IBUF_inst/O
                         net (fo=1, routed)           1.862    13.250    clk_IBUF
    BUFGCTRL_X0Y0        BUFG (Prop_bufg_I_O)         0.091    13.341 r  clk_IBUF_BUFG_inst/O
                         net (fo=64, routed)          1.502    14.843    debounce_UT/CLK
    SLICE_X62Y24         FDRE                                         r  debounce_UT/count_reg[5]/C
                         clock pessimism              0.274    15.117    
                         clock uncertainty           -0.035    15.082    
    SLICE_X62Y24         FDRE (Setup_fdre_C_CE)      -0.205    14.877    debounce_UT/count_reg[5]
  -------------------------------------------------------------------
                         required time                         14.877    
                         arrival time                          -9.322    
  -------------------------------------------------------------------
                         slack                                  5.555    

Slack (MET) :             5.555ns  (required time - arrival time)
  Source:                 debounce_UT/count_reg[3]/C
                            (rising edge-triggered cell FDRE clocked by sys_clk_pin  {rise@0.000ns fall@5.000ns period=10.000ns})
  Destination:            debounce_UT/count_reg[6]/CE
                            (rising edge-triggered cell FDRE clocked by sys_clk_pin  {rise@0.000ns fall@5.000ns period=10.000ns})
  Path Group:             sys_clk_pin
  Path Type:              Setup (Max at Slow Process Corner)
  Requirement:            10.000ns  (sys_clk_pin rise@10.000ns - sys_clk_pin rise@0.000ns)
  Data Path Delay:        4.181ns  (logic 1.596ns (38.176%)  route 2.585ns (61.824%))
  Logic Levels:           6  (CARRY4=4 LUT1=1 LUT2=1)
  Clock Path Skew:        -0.024ns (DCD - SCD + CPR)
    Destination Clock Delay (DCD):    4.843ns = ( 14.843 - 10.000 ) 
    Source Clock Delay      (SCD):    5.141ns
    Clock Pessimism Removal (CPR):    0.274ns
  Clock Uncertainty:      0.035ns  ((TSJ^2 + TIJ^2)^1/2 + DJ) / 2 + PE
    Total System Jitter     (TSJ):    0.071ns
    Total Input Jitter      (TIJ):    0.000ns
    Discrete Jitter          (DJ):    0.000ns
    Phase Error              (PE):    0.000ns

    Location             Delay type                Incr(ns)  Path(ns)    Netlist Resource(s)
  -------------------------------------------------------------------    -------------------
                         (clock sys_clk_pin rise edge)
                                                      0.000     0.000 r  
    W5                                                0.000     0.000 r  clk (IN)
                         net (fo=0)                   0.000     0.000    clk
    W5                   IBUF (Prop_ibuf_I_O)         1.458     1.458 r  clk_IBUF_inst/O
                         net (fo=1, routed)           1.967     3.425    clk_IBUF
    BUFGCTRL_X0Y0        BUFG (Prop_bufg_I_O)         0.096     3.521 r  clk_IBUF_BUFG_inst/O
                         net (fo=64, routed)          1.620     5.141    debounce_UT/CLK
    SLICE_X62Y23         FDRE                                         r  debounce_UT/count_reg[3]/C
  -------------------------------------------------------------------    -------------------
    SLICE_X62Y23         FDRE (Prop_fdre_C_Q)         0.456     5.597 f  debounce_UT/count_reg[3]/Q
                         net (fo=3, routed)           0.996     6.593    debounce_UT/count_reg[3]
    SLICE_X63Y26         LUT2 (Prop_lut2_I1_O)        0.124     6.717 r  debounce_UT/count1_carry_i_6/O
                         net (fo=1, routed)           0.000     6.717    debounce_UT/count1_carry_i_6_n_0
    SLICE_X63Y26         CARRY4 (Prop_carry4_S[1]_CO[3])
                                                      0.550     7.267 r  debounce_UT/count1_carry/CO[3]
                         net (fo=1, routed)           0.000     7.267    debounce_UT/count1_carry_n_0
    SLICE_X63Y27         CARRY4 (Prop_carry4_CI_CO[3])
                                                      0.114     7.381 r  debounce_UT/count1_carry__0/CO[3]
                         net (fo=1, routed)           0.000     7.381    debounce_UT/count1_carry__0_n_0
    SLICE_X63Y28         CARRY4 (Prop_carry4_CI_CO[3])
                                                      0.114     7.495 r  debounce_UT/count1_carry__1/CO[3]
                         net (fo=1, routed)           0.000     7.495    debounce_UT/count1_carry__1_n_0
    SLICE_X63Y29         CARRY4 (Prop_carry4_CI_CO[3])
                                                      0.114     7.609 f  debounce_UT/count1_carry__2/CO[3]
                         net (fo=2, routed)           0.758     8.367    debounce_UT/count1_carry__2_n_0
    SLICE_X63Y30         LUT1 (Prop_lut1_I0_O)        0.124     8.491 r  debounce_UT/count[0]_i_1/O
                         net (fo=32, routed)          0.830     9.322    debounce_UT/sel
    SLICE_X62Y24         FDRE                                         r  debounce_UT/count_reg[6]/CE
  -------------------------------------------------------------------    -------------------

                         (clock sys_clk_pin rise edge)
                                                     10.000    10.000 r  
    W5                                                0.000    10.000 r  clk (IN)
                         net (fo=0)                   0.000    10.000    clk
    W5                   IBUF (Prop_ibuf_I_O)         1.388    11.388 r  clk_IBUF_inst/O
                         net (fo=1, routed)           1.862    13.250    clk_IBUF
    BUFGCTRL_X0Y0        BUFG (Prop_bufg_I_O)         0.091    13.341 r  clk_IBUF_BUFG_inst/O
                         net (fo=64, routed)          1.502    14.843    debounce_UT/CLK
    SLICE_X62Y24         FDRE                                         r  debounce_UT/count_reg[6]/C
                         clock pessimism              0.274    15.117    
                         clock uncertainty           -0.035    15.082    
    SLICE_X62Y24         FDRE (Setup_fdre_C_CE)      -0.205    14.877    debounce_UT/count_reg[6]
  -------------------------------------------------------------------
                         required time                         14.877    
                         arrival time                          -9.322    
  -------------------------------------------------------------------
                         slack                                  5.555    

Slack (MET) :             5.555ns  (required time - arrival time)
  Source:                 debounce_UT/count_reg[3]/C
                            (rising edge-triggered cell FDRE clocked by sys_clk_pin  {rise@0.000ns fall@5.000ns period=10.000ns})
  Destination:            debounce_UT/count_reg[7]/CE
                            (rising edge-triggered cell FDRE clocked by sys_clk_pin  {rise@0.000ns fall@5.000ns period=10.000ns})
  Path Group:             sys_clk_pin
  Path Type:              Setup (Max at Slow Process Corner)
  Requirement:            10.000ns  (sys_clk_pin rise@10.000ns - sys_clk_pin rise@0.000ns)
  Data Path Delay:        4.181ns  (logic 1.596ns (38.176%)  route 2.585ns (61.824%))
  Logic Levels:           6  (CARRY4=4 LUT1=1 LUT2=1)
  Clock Path Skew:        -0.024ns (DCD - SCD + CPR)
    Destination Clock Delay (DCD):    4.843ns = ( 14.843 - 10.000 ) 
    Source Clock Delay      (SCD):    5.141ns
    Clock Pessimism Removal (CPR):    0.274ns
  Clock Uncertainty:      0.035ns  ((TSJ^2 + TIJ^2)^1/2 + DJ) / 2 + PE
    Total System Jitter     (TSJ):    0.071ns
    Total Input Jitter      (TIJ):    0.000ns
    Discrete Jitter          (DJ):    0.000ns
    Phase Error              (PE):    0.000ns

    Location             Delay type                Incr(ns)  Path(ns)    Netlist Resource(s)
  -------------------------------------------------------------------    -------------------
                         (clock sys_clk_pin rise edge)
                                                      0.000     0.000 r  
    W5                                                0.000     0.000 r  clk (IN)
                         net (fo=0)                   0.000     0.000    clk
    W5                   IBUF (Prop_ibuf_I_O)         1.458     1.458 r  clk_IBUF_inst/O
                         net (fo=1, routed)           1.967     3.425    clk_IBUF
    BUFGCTRL_X0Y0        BUFG (Prop_bufg_I_O)         0.096     3.521 r  clk_IBUF_BUFG_inst/O
                         net (fo=64, routed)          1.620     5.141    debounce_UT/CLK
    SLICE_X62Y23         FDRE                                         r  debounce_UT/count_reg[3]/C
  -------------------------------------------------------------------    -------------------
    SLICE_X62Y23         FDRE (Prop_fdre_C_Q)         0.456     5.597 f  debounce_UT/count_reg[3]/Q
                         net (fo=3, routed)           0.996     6.593    debounce_UT/count_reg[3]
    SLICE_X63Y26         LUT2 (Prop_lut2_I1_O)        0.124     6.717 r  debounce_UT/count1_carry_i_6/O
                         net (fo=1, routed)           0.000     6.717    debounce_UT/count1_carry_i_6_n_0
    SLICE_X63Y26         CARRY4 (Prop_carry4_S[1]_CO[3])
                                                      0.550     7.267 r  debounce_UT/count1_carry/CO[3]
                         net (fo=1, routed)           0.000     7.267    debounce_UT/count1_carry_n_0
    SLICE_X63Y27         CARRY4 (Prop_carry4_CI_CO[3])
                                                      0.114     7.381 r  debounce_UT/count1_carry__0/CO[3]
                         net (fo=1, routed)           0.000     7.381    debounce_UT/count1_carry__0_n_0
    SLICE_X63Y28         CARRY4 (Prop_carry4_CI_CO[3])
                                                      0.114     7.495 r  debounce_UT/count1_carry__1/CO[3]
                         net (fo=1, routed)           0.000     7.495    debounce_UT/count1_carry__1_n_0
    SLICE_X63Y29         CARRY4 (Prop_carry4_CI_CO[3])
                                                      0.114     7.609 f  debounce_UT/count1_carry__2/CO[3]
                         net (fo=2, routed)           0.758     8.367    debounce_UT/count1_carry__2_n_0
    SLICE_X63Y30         LUT1 (Prop_lut1_I0_O)        0.124     8.491 r  debounce_UT/count[0]_i_1/O
                         net (fo=32, routed)          0.830     9.322    debounce_UT/sel
    SLICE_X62Y24         FDRE                                         r  debounce_UT/count_reg[7]/CE
  -------------------------------------------------------------------    -------------------

                         (clock sys_clk_pin rise edge)
                                                     10.000    10.000 r  
    W5                                                0.000    10.000 r  clk (IN)
                         net (fo=0)                   0.000    10.000    clk
    W5                   IBUF (Prop_ibuf_I_O)         1.388    11.388 r  clk_IBUF_inst/O
                         net (fo=1, routed)           1.862    13.250    clk_IBUF
    BUFGCTRL_X0Y0        BUFG (Prop_bufg_I_O)         0.091    13.341 r  clk_IBUF_BUFG_inst/O
                         net (fo=64, routed)          1.502    14.843    debounce_UT/CLK
    SLICE_X62Y24         FDRE                                         r  debounce_UT/count_reg[7]/C
                         clock pessimism              0.274    15.117    
                         clock uncertainty           -0.035    15.082    
    SLICE_X62Y24         FDRE (Setup_fdre_C_CE)      -0.205    14.877    debounce_UT/count_reg[7]
  -------------------------------------------------------------------
                         required time                         14.877    
                         arrival time                          -9.322    
  -------------------------------------------------------------------
                         slack                                  5.555    

Slack (MET) :             5.567ns  (required time - arrival time)
  Source:                 debounce_UT/count_reg[3]/C
                            (rising edge-triggered cell FDRE clocked by sys_clk_pin  {rise@0.000ns fall@5.000ns period=10.000ns})
  Destination:            debounce_UT/count_reg[0]/CE
                            (rising edge-triggered cell FDRE clocked by sys_clk_pin  {rise@0.000ns fall@5.000ns period=10.000ns})
  Path Group:             sys_clk_pin
  Path Type:              Setup (Max at Slow Process Corner)
  Requirement:            10.000ns  (sys_clk_pin rise@10.000ns - sys_clk_pin rise@0.000ns)
  Data Path Delay:        4.193ns  (logic 1.596ns (38.064%)  route 2.597ns (61.936%))
  Logic Levels:           6  (CARRY4=4 LUT1=1 LUT2=1)
  Clock Path Skew:        0.000ns (DCD - SCD + CPR)
    Destination Clock Delay (DCD):    4.845ns = ( 14.845 - 10.000 ) 
    Source Clock Delay      (SCD):    5.141ns
    Clock Pessimism Removal (CPR):    0.296ns
  Clock Uncertainty:      0.035ns  ((TSJ^2 + TIJ^2)^1/2 + DJ) / 2 + PE
    Total System Jitter     (TSJ):    0.071ns
    Total Input Jitter      (TIJ):    0.000ns
    Discrete Jitter          (DJ):    0.000ns
    Phase Error              (PE):    0.000ns

    Location             Delay type                Incr(ns)  Path(ns)    Netlist Resource(s)
  -------------------------------------------------------------------    -------------------
                         (clock sys_clk_pin rise edge)
                                                      0.000     0.000 r  
    W5                                                0.000     0.000 r  clk (IN)
                         net (fo=0)                   0.000     0.000    clk
    W5                   IBUF (Prop_ibuf_I_O)         1.458     1.458 r  clk_IBUF_inst/O
                         net (fo=1, routed)           1.967     3.425    clk_IBUF
    BUFGCTRL_X0Y0        BUFG (Prop_bufg_I_O)         0.096     3.521 r  clk_IBUF_BUFG_inst/O
                         net (fo=64, routed)          1.620     5.141    debounce_UT/CLK
    SLICE_X62Y23         FDRE                                         r  debounce_UT/count_reg[3]/C
  -------------------------------------------------------------------    -------------------
    SLICE_X62Y23         FDRE (Prop_fdre_C_Q)         0.456     5.597 f  debounce_UT/count_reg[3]/Q
                         net (fo=3, routed)           0.996     6.593    debounce_UT/count_reg[3]
    SLICE_X63Y26         LUT2 (Prop_lut2_I1_O)        0.124     6.717 r  debounce_UT/count1_carry_i_6/O
                         net (fo=1, routed)           0.000     6.717    debounce_UT/count1_carry_i_6_n_0
    SLICE_X63Y26         CARRY4 (Prop_carry4_S[1]_CO[3])
                                                      0.550     7.267 r  debounce_UT/count1_carry/CO[3]
                         net (fo=1, routed)           0.000     7.267    debounce_UT/count1_carry_n_0
    SLICE_X63Y27         CARRY4 (Prop_carry4_CI_CO[3])
                                                      0.114     7.381 r  debounce_UT/count1_carry__0/CO[3]
                         net (fo=1, routed)           0.000     7.381    debounce_UT/count1_carry__0_n_0
    SLICE_X63Y28         CARRY4 (Prop_carry4_CI_CO[3])
                                                      0.114     7.495 r  debounce_UT/count1_carry__1/CO[3]
                         net (fo=1, routed)           0.000     7.495    debounce_UT/count1_carry__1_n_0
    SLICE_X63Y29         CARRY4 (Prop_carry4_CI_CO[3])
                                                      0.114     7.609 f  debounce_UT/count1_carry__2/CO[3]
                         net (fo=2, routed)           0.758     8.367    debounce_UT/count1_carry__2_n_0
    SLICE_X63Y30         LUT1 (Prop_lut1_I0_O)        0.124     8.491 r  debounce_UT/count[0]_i_1/O
                         net (fo=32, routed)          0.843     9.334    debounce_UT/sel
    SLICE_X62Y23         FDRE                                         r  debounce_UT/count_reg[0]/CE
  -------------------------------------------------------------------    -------------------

                         (clock sys_clk_pin rise edge)
                                                     10.000    10.000 r  
    W5                                                0.000    10.000 r  clk (IN)
                         net (fo=0)                   0.000    10.000    clk
    W5                   IBUF (Prop_ibuf_I_O)         1.388    11.388 r  clk_IBUF_inst/O
                         net (fo=1, routed)           1.862    13.250    clk_IBUF
    BUFGCTRL_X0Y0        BUFG (Prop_bufg_I_O)         0.091    13.341 r  clk_IBUF_BUFG_inst/O
                         net (fo=64, routed)          1.504    14.845    debounce_UT/CLK
    SLICE_X62Y23         FDRE                                         r  debounce_UT/count_reg[0]/C
                         clock pessimism              0.296    15.141    
                         clock uncertainty           -0.035    15.106    
    SLICE_X62Y23         FDRE (Setup_fdre_C_CE)      -0.205    14.901    debounce_UT/count_reg[0]
  -------------------------------------------------------------------
                         required time                         14.901    
                         arrival time                          -9.334    
  -------------------------------------------------------------------
                         slack                                  5.567    

Slack (MET) :             5.567ns  (required time - arrival time)
  Source:                 debounce_UT/count_reg[3]/C
                            (rising edge-triggered cell FDRE clocked by sys_clk_pin  {rise@0.000ns fall@5.000ns period=10.000ns})
  Destination:            debounce_UT/count_reg[1]/CE
                            (rising edge-triggered cell FDRE clocked by sys_clk_pin  {rise@0.000ns fall@5.000ns period=10.000ns})
  Path Group:             sys_clk_pin
  Path Type:              Setup (Max at Slow Process Corner)
  Requirement:            10.000ns  (sys_clk_pin rise@10.000ns - sys_clk_pin rise@0.000ns)
  Data Path Delay:        4.193ns  (logic 1.596ns (38.064%)  route 2.597ns (61.936%))
  Logic Levels:           6  (CARRY4=4 LUT1=1 LUT2=1)
  Clock Path Skew:        0.000ns (DCD - SCD + CPR)
    Destination Clock Delay (DCD):    4.845ns = ( 14.845 - 10.000 ) 
    Source Clock Delay      (SCD):    5.141ns
    Clock Pessimism Removal (CPR):    0.296ns
  Clock Uncertainty:      0.035ns  ((TSJ^2 + TIJ^2)^1/2 + DJ) / 2 + PE
    Total System Jitter     (TSJ):    0.071ns
    Total Input Jitter      (TIJ):    0.000ns
    Discrete Jitter          (DJ):    0.000ns
    Phase Error              (PE):    0.000ns

    Location             Delay type                Incr(ns)  Path(ns)    Netlist Resource(s)
  -------------------------------------------------------------------    -------------------
                         (clock sys_clk_pin rise edge)
                                                      0.000     0.000 r  
    W5                                                0.000     0.000 r  clk (IN)
                         net (fo=0)                   0.000     0.000    clk
    W5                   IBUF (Prop_ibuf_I_O)         1.458     1.458 r  clk_IBUF_inst/O
                         net (fo=1, routed)           1.967     3.425    clk_IBUF
    BUFGCTRL_X0Y0        BUFG (Prop_bufg_I_O)         0.096     3.521 r  clk_IBUF_BUFG_inst/O
                         net (fo=64, routed)          1.620     5.141    debounce_UT/CLK
    SLICE_X62Y23         FDRE                                         r  debounce_UT/count_reg[3]/C
  -------------------------------------------------------------------    -------------------
    SLICE_X62Y23         FDRE (Prop_fdre_C_Q)         0.456     5.597 f  debounce_UT/count_reg[3]/Q
                         net (fo=3, routed)           0.996     6.593    debounce_UT/count_reg[3]
    SLICE_X63Y26         LUT2 (Prop_lut2_I1_O)        0.124     6.717 r  debounce_UT/count1_carry_i_6/O
                         net (fo=1, routed)           0.000     6.717    debounce_UT/count1_carry_i_6_n_0
    SLICE_X63Y26         CARRY4 (Prop_carry4_S[1]_CO[3])
                                                      0.550     7.267 r  debounce_UT/count1_carry/CO[3]
                         net (fo=1, routed)           0.000     7.267    debounce_UT/count1_carry_n_0
    SLICE_X63Y27         CARRY4 (Prop_carry4_CI_CO[3])
                                                      0.114     7.381 r  debounce_UT/count1_carry__0/CO[3]
                         net (fo=1, routed)           0.000     7.381    debounce_UT/count1_carry__0_n_0
    SLICE_X63Y28         CARRY4 (Prop_carry4_CI_CO[3])
                                                      0.114     7.495 r  debounce_UT/count1_carry__1/CO[3]
                         net (fo=1, routed)           0.000     7.495    debounce_UT/count1_carry__1_n_0
    SLICE_X63Y29         CARRY4 (Prop_carry4_CI_CO[3])
                                                      0.114     7.609 f  debounce_UT/count1_carry__2/CO[3]
                         net (fo=2, routed)           0.758     8.367    debounce_UT/count1_carry__2_n_0
    SLICE_X63Y30         LUT1 (Prop_lut1_I0_O)        0.124     8.491 r  debounce_UT/count[0]_i_1/O
                         net (fo=32, routed)          0.843     9.334    debounce_UT/sel
    SLICE_X62Y23         FDRE                                         r  debounce_UT/count_reg[1]/CE
  -------------------------------------------------------------------    -------------------

                         (clock sys_clk_pin rise edge)
                                                     10.000    10.000 r  
    W5                                                0.000    10.000 r  clk (IN)
                         net (fo=0)                   0.000    10.000    clk
    W5                   IBUF (Prop_ibuf_I_O)         1.388    11.388 r  clk_IBUF_inst/O
                         net (fo=1, routed)           1.862    13.250    clk_IBUF
    BUFGCTRL_X0Y0        BUFG (Prop_bufg_I_O)         0.091    13.341 r  clk_IBUF_BUFG_inst/O
                         net (fo=64, routed)          1.504    14.845    debounce_UT/CLK
    SLICE_X62Y23         FDRE                                         r  debounce_UT/count_reg[1]/C
                         clock pessimism              0.296    15.141    
                         clock uncertainty           -0.035    15.106    
    SLICE_X62Y23         FDRE (Setup_fdre_C_CE)      -0.205    14.901    debounce_UT/count_reg[1]
  -------------------------------------------------------------------
                         required time                         14.901    
                         arrival time                          -9.334    
  -------------------------------------------------------------------
                         slack                                  5.567    

Slack (MET) :             5.567ns  (required time - arrival time)
  Source:                 debounce_UT/count_reg[3]/C
                            (rising edge-triggered cell FDRE clocked by sys_clk_pin  {rise@0.000ns fall@5.000ns period=10.000ns})
  Destination:            debounce_UT/count_reg[2]/CE
                            (rising edge-triggered cell FDRE clocked by sys_clk_pin  {rise@0.000ns fall@5.000ns period=10.000ns})
  Path Group:             sys_clk_pin
  Path Type:              Setup (Max at Slow Process Corner)
  Requirement:            10.000ns  (sys_clk_pin rise@10.000ns - sys_clk_pin rise@0.000ns)
  Data Path Delay:        4.193ns  (logic 1.596ns (38.064%)  route 2.597ns (61.936%))
  Logic Levels:           6  (CARRY4=4 LUT1=1 LUT2=1)
  Clock Path Skew:        0.000ns (DCD - SCD + CPR)
    Destination Clock Delay (DCD):    4.845ns = ( 14.845 - 10.000 ) 
    Source Clock Delay      (SCD):    5.141ns
    Clock Pessimism Removal (CPR):    0.296ns
  Clock Uncertainty:      0.035ns  ((TSJ^2 + TIJ^2)^1/2 + DJ) / 2 + PE
    Total System Jitter     (TSJ):    0.071ns
    Total Input Jitter      (TIJ):    0.000ns
    Discrete Jitter          (DJ):    0.000ns
    Phase Error              (PE):    0.000ns

    Location             Delay type                Incr(ns)  Path(ns)    Netlist Resource(s)
  -------------------------------------------------------------------    -------------------
                         (clock sys_clk_pin rise edge)
                                                      0.000     0.000 r  
    W5                                                0.000     0.000 r  clk (IN)
                         net (fo=0)                   0.000     0.000    clk
    W5                   IBUF (Prop_ibuf_I_O)         1.458     1.458 r  clk_IBUF_inst/O
                         net (fo=1, routed)           1.967     3.425    clk_IBUF
    BUFGCTRL_X0Y0        BUFG (Prop_bufg_I_O)         0.096     3.521 r  clk_IBUF_BUFG_inst/O
                         net (fo=64, routed)          1.620     5.141    debounce_UT/CLK
    SLICE_X62Y23         FDRE                                         r  debounce_UT/count_reg[3]/C
  -------------------------------------------------------------------    -------------------
    SLICE_X62Y23         FDRE (Prop_fdre_C_Q)         0.456     5.597 f  debounce_UT/count_reg[3]/Q
                         net (fo=3, routed)           0.996     6.593    debounce_UT/count_reg[3]
    SLICE_X63Y26         LUT2 (Prop_lut2_I1_O)        0.124     6.717 r  debounce_UT/count1_carry_i_6/O
                         net (fo=1, routed)           0.000     6.717    debounce_UT/count1_carry_i_6_n_0
    SLICE_X63Y26         CARRY4 (Prop_carry4_S[1]_CO[3])
                                                      0.550     7.267 r  debounce_UT/count1_carry/CO[3]
                         net (fo=1, routed)           0.000     7.267    debounce_UT/count1_carry_n_0
    SLICE_X63Y27         CARRY4 (Prop_carry4_CI_CO[3])
                                                      0.114     7.381 r  debounce_UT/count1_carry__0/CO[3]
                         net (fo=1, routed)           0.000     7.381    debounce_UT/count1_carry__0_n_0
    SLICE_X63Y28         CARRY4 (Prop_carry4_CI_CO[3])
                                                      0.114     7.495 r  debounce_UT/count1_carry__1/CO[3]
                         net (fo=1, routed)           0.000     7.495    debounce_UT/count1_carry__1_n_0
    SLICE_X63Y29         CARRY4 (Prop_carry4_CI_CO[3])
                                                      0.114     7.609 f  debounce_UT/count1_carry__2/CO[3]
                         net (fo=2, routed)           0.758     8.367    debounce_UT/count1_carry__2_n_0
    SLICE_X63Y30         LUT1 (Prop_lut1_I0_O)        0.124     8.491 r  debounce_UT/count[0]_i_1/O
                         net (fo=32, routed)          0.843     9.334    debounce_UT/sel
    SLICE_X62Y23         FDRE                                         r  debounce_UT/count_reg[2]/CE
  -------------------------------------------------------------------    -------------------

                         (clock sys_clk_pin rise edge)
                                                     10.000    10.000 r  
    W5                                                0.000    10.000 r  clk (IN)
                         net (fo=0)                   0.000    10.000    clk
    W5                   IBUF (Prop_ibuf_I_O)         1.388    11.388 r  clk_IBUF_inst/O
                         net (fo=1, routed)           1.862    13.250    clk_IBUF
    BUFGCTRL_X0Y0        BUFG (Prop_bufg_I_O)         0.091    13.341 r  clk_IBUF_BUFG_inst/O
                         net (fo=64, routed)          1.504    14.845    debounce_UT/CLK
    SLICE_X62Y23         FDRE                                         r  debounce_UT/count_reg[2]/C
                         clock pessimism              0.296    15.141    
                         clock uncertainty           -0.035    15.106    
    SLICE_X62Y23         FDRE (Setup_fdre_C_CE)      -0.205    14.901    debounce_UT/count_reg[2]
  -------------------------------------------------------------------
                         required time                         14.901    
                         arrival time                          -9.334    
  -------------------------------------------------------------------
                         slack                                  5.567    

Slack (MET) :             5.567ns  (required time - arrival time)
  Source:                 debounce_UT/count_reg[3]/C
                            (rising edge-triggered cell FDRE clocked by sys_clk_pin  {rise@0.000ns fall@5.000ns period=10.000ns})
  Destination:            debounce_UT/count_reg[3]/CE
                            (rising edge-triggered cell FDRE clocked by sys_clk_pin  {rise@0.000ns fall@5.000ns period=10.000ns})
  Path Group:             sys_clk_pin
  Path Type:              Setup (Max at Slow Process Corner)
  Requirement:            10.000ns  (sys_clk_pin rise@10.000ns - sys_clk_pin rise@0.000ns)
  Data Path Delay:        4.193ns  (logic 1.596ns (38.064%)  route 2.597ns (61.936%))
  Logic Levels:           6  (CARRY4=4 LUT1=1 LUT2=1)
  Clock Path Skew:        0.000ns (DCD - SCD + CPR)
    Destination Clock Delay (DCD):    4.845ns = ( 14.845 - 10.000 ) 
    Source Clock Delay      (SCD):    5.141ns
    Clock Pessimism Removal (CPR):    0.296ns
  Clock Uncertainty:      0.035ns  ((TSJ^2 + TIJ^2)^1/2 + DJ) / 2 + PE
    Total System Jitter     (TSJ):    0.071ns
    Total Input Jitter      (TIJ):    0.000ns
    Discrete Jitter          (DJ):    0.000ns
    Phase Error              (PE):    0.000ns

    Location             Delay type                Incr(ns)  Path(ns)    Netlist Resource(s)
  -------------------------------------------------------------------    -------------------
                         (clock sys_clk_pin rise edge)
                                                      0.000     0.000 r  
    W5                                                0.000     0.000 r  clk (IN)
                         net (fo=0)                   0.000     0.000    clk
    W5                   IBUF (Prop_ibuf_I_O)         1.458     1.458 r  clk_IBUF_inst/O
                         net (fo=1, routed)           1.967     3.425    clk_IBUF
    BUFGCTRL_X0Y0        BUFG (Prop_bufg_I_O)         0.096     3.521 r  clk_IBUF_BUFG_inst/O
                         net (fo=64, routed)          1.620     5.141    debounce_UT/CLK
    SLICE_X62Y23         FDRE                                         r  debounce_UT/count_reg[3]/C
  -------------------------------------------------------------------    -------------------
    SLICE_X62Y23         FDRE (Prop_fdre_C_Q)         0.456     5.597 f  debounce_UT/count_reg[3]/Q
                         net (fo=3, routed)           0.996     6.593    debounce_UT/count_reg[3]
    SLICE_X63Y26         LUT2 (Prop_lut2_I1_O)        0.124     6.717 r  debounce_UT/count1_carry_i_6/O
                         net (fo=1, routed)           0.000     6.717    debounce_UT/count1_carry_i_6_n_0
    SLICE_X63Y26         CARRY4 (Prop_carry4_S[1]_CO[3])
                                                      0.550     7.267 r  debounce_UT/count1_carry/CO[3]
                         net (fo=1, routed)           0.000     7.267    debounce_UT/count1_carry_n_0
    SLICE_X63Y27         CARRY4 (Prop_carry4_CI_CO[3])
                                                      0.114     7.381 r  debounce_UT/count1_carry__0/CO[3]
                         net (fo=1, routed)           0.000     7.381    debounce_UT/count1_carry__0_n_0
    SLICE_X63Y28         CARRY4 (Prop_carry4_CI_CO[3])
                                                      0.114     7.495 r  debounce_UT/count1_carry__1/CO[3]
                         net (fo=1, routed)           0.000     7.495    debounce_UT/count1_carry__1_n_0
    SLICE_X63Y29         CARRY4 (Prop_carry4_CI_CO[3])
                                                      0.114     7.609 f  debounce_UT/count1_carry__2/CO[3]
                         net (fo=2, routed)           0.758     8.367    debounce_UT/count1_carry__2_n_0
    SLICE_X63Y30         LUT1 (Prop_lut1_I0_O)        0.124     8.491 r  debounce_UT/count[0]_i_1/O
                         net (fo=32, routed)          0.843     9.334    debounce_UT/sel
    SLICE_X62Y23         FDRE                                         r  debounce_UT/count_reg[3]/CE
  -------------------------------------------------------------------    -------------------

                         (clock sys_clk_pin rise edge)
                                                     10.000    10.000 r  
    W5                                                0.000    10.000 r  clk (IN)
                         net (fo=0)                   0.000    10.000    clk
    W5                   IBUF (Prop_ibuf_I_O)         1.388    11.388 r  clk_IBUF_inst/O
                         net (fo=1, routed)           1.862    13.250    clk_IBUF
    BUFGCTRL_X0Y0        BUFG (Prop_bufg_I_O)         0.091    13.341 r  clk_IBUF_BUFG_inst/O
                         net (fo=64, routed)          1.504    14.845    debounce_UT/CLK
    SLICE_X62Y23         FDRE                                         r  debounce_UT/count_reg[3]/C
                         clock pessimism              0.296    15.141    
                         clock uncertainty           -0.035    15.106    
    SLICE_X62Y23         FDRE (Setup_fdre_C_CE)      -0.205    14.901    debounce_UT/count_reg[3]
  -------------------------------------------------------------------
                         required time                         14.901    
                         arrival time                          -9.334    
  -------------------------------------------------------------------
                         slack                                  5.567    

Slack (MET) :             5.701ns  (required time - arrival time)
  Source:                 debounce_UT/count_reg[3]/C
                            (rising edge-triggered cell FDRE clocked by sys_clk_pin  {rise@0.000ns fall@5.000ns period=10.000ns})
  Destination:            debounce_UT/count_reg[10]/CE
                            (rising edge-triggered cell FDRE clocked by sys_clk_pin  {rise@0.000ns fall@5.000ns period=10.000ns})
  Path Group:             sys_clk_pin
  Path Type:              Setup (Max at Slow Process Corner)
  Requirement:            10.000ns  (sys_clk_pin rise@10.000ns - sys_clk_pin rise@0.000ns)
  Data Path Delay:        4.020ns  (logic 1.596ns (39.700%)  route 2.424ns (60.300%))
  Logic Levels:           6  (CARRY4=4 LUT1=1 LUT2=1)
  Clock Path Skew:        -0.038ns (DCD - SCD + CPR)
    Destination Clock Delay (DCD):    4.843ns = ( 14.843 - 10.000 ) 
    Source Clock Delay      (SCD):    5.141ns
    Clock Pessimism Removal (CPR):    0.260ns
  Clock Uncertainty:      0.035ns  ((TSJ^2 + TIJ^2)^1/2 + DJ) / 2 + PE
    Total System Jitter     (TSJ):    0.071ns
    Total Input Jitter      (TIJ):    0.000ns
    Discrete Jitter          (DJ):    0.000ns
    Phase Error              (PE):    0.000ns

    Location             Delay type                Incr(ns)  Path(ns)    Netlist Resource(s)
  -------------------------------------------------------------------    -------------------
                         (clock sys_clk_pin rise edge)
                                                      0.000     0.000 r  
    W5                                                0.000     0.000 r  clk (IN)
                         net (fo=0)                   0.000     0.000    clk
    W5                   IBUF (Prop_ibuf_I_O)         1.458     1.458 r  clk_IBUF_inst/O
                         net (fo=1, routed)           1.967     3.425    clk_IBUF
    BUFGCTRL_X0Y0        BUFG (Prop_bufg_I_O)         0.096     3.521 r  clk_IBUF_BUFG_inst/O
                         net (fo=64, routed)          1.620     5.141    debounce_UT/CLK
    SLICE_X62Y23         FDRE                                         r  debounce_UT/count_reg[3]/C
  -------------------------------------------------------------------    -------------------
    SLICE_X62Y23         FDRE (Prop_fdre_C_Q)         0.456     5.597 f  debounce_UT/count_reg[3]/Q
                         net (fo=3, routed)           0.996     6.593    debounce_UT/count_reg[3]
    SLICE_X63Y26         LUT2 (Prop_lut2_I1_O)        0.124     6.717 r  debounce_UT/count1_carry_i_6/O
                         net (fo=1, routed)           0.000     6.717    debounce_UT/count1_carry_i_6_n_0
    SLICE_X63Y26         CARRY4 (Prop_carry4_S[1]_CO[3])
                                                      0.550     7.267 r  debounce_UT/count1_carry/CO[3]
                         net (fo=1, routed)           0.000     7.267    debounce_UT/count1_carry_n_0
    SLICE_X63Y27         CARRY4 (Prop_carry4_CI_CO[3])
                                                      0.114     7.381 r  debounce_UT/count1_carry__0/CO[3]
                         net (fo=1, routed)           0.000     7.381    debounce_UT/count1_carry__0_n_0
    SLICE_X63Y28         CARRY4 (Prop_carry4_CI_CO[3])
                                                      0.114     7.495 r  debounce_UT/count1_carry__1/CO[3]
                         net (fo=1, routed)           0.000     7.495    debounce_UT/count1_carry__1_n_0
    SLICE_X63Y29         CARRY4 (Prop_carry4_CI_CO[3])
                                                      0.114     7.609 f  debounce_UT/count1_carry__2/CO[3]
                         net (fo=2, routed)           0.758     8.367    debounce_UT/count1_carry__2_n_0
    SLICE_X63Y30         LUT1 (Prop_lut1_I0_O)        0.124     8.491 r  debounce_UT/count[0]_i_1/O
                         net (fo=32, routed)          0.670     9.161    debounce_UT/sel
    SLICE_X62Y25         FDRE                                         r  debounce_UT/count_reg[10]/CE
  -------------------------------------------------------------------    -------------------

                         (clock sys_clk_pin rise edge)
                                                     10.000    10.000 r  
    W5                                                0.000    10.000 r  clk (IN)
                         net (fo=0)                   0.000    10.000    clk
    W5                   IBUF (Prop_ibuf_I_O)         1.388    11.388 r  clk_IBUF_inst/O
                         net (fo=1, routed)           1.862    13.250    clk_IBUF
    BUFGCTRL_X0Y0        BUFG (Prop_bufg_I_O)         0.091    13.341 r  clk_IBUF_BUFG_inst/O
                         net (fo=64, routed)          1.502    14.843    debounce_UT/CLK
    SLICE_X62Y25         FDRE                                         r  debounce_UT/count_reg[10]/C
                         clock pessimism              0.260    15.103    
                         clock uncertainty           -0.035    15.068    
    SLICE_X62Y25         FDRE (Setup_fdre_C_CE)      -0.205    14.863    debounce_UT/count_reg[10]
  -------------------------------------------------------------------
                         required time                         14.863    
                         arrival time                          -9.161    
  -------------------------------------------------------------------
                         slack                                  5.701    





Min Delay Paths
--------------------------------------------------------------------------------------
Slack (MET) :             0.180ns  (arrival time - required time)
  Source:                 counter_UT/digit_reg[0]/C
                            (rising edge-triggered cell FDRE clocked by sys_clk_pin  {rise@0.000ns fall@5.000ns period=10.000ns})
  Destination:            display_UT/seg_reg[4]/D
                            (rising edge-triggered cell FDSE clocked by sys_clk_pin  {rise@0.000ns fall@5.000ns period=10.000ns})
  Path Group:             sys_clk_pin
  Path Type:              Hold (Min at Fast Process Corner)
  Requirement:            0.000ns  (sys_clk_pin rise@0.000ns - sys_clk_pin rise@0.000ns)
  Data Path Delay:        0.314ns  (logic 0.186ns (59.164%)  route 0.128ns (40.836%))
  Logic Levels:           1  (LUT4=1)
  Clock Path Skew:        0.013ns (DCD - SCD - CPR)
    Destination Clock Delay (DCD):    1.980ns
    Source Clock Delay      (SCD):    1.468ns
    Clock Pessimism Removal (CPR):    0.499ns

    Location             Delay type                Incr(ns)  Path(ns)    Netlist Resource(s)
  -------------------------------------------------------------------    -------------------
                         (clock sys_clk_pin rise edge)
                                                      0.000     0.000 r  
    W5                                                0.000     0.000 r  clk (IN)
                         net (fo=0)                   0.000     0.000    clk
    W5                   IBUF (Prop_ibuf_I_O)         0.226     0.226 r  clk_IBUF_inst/O
                         net (fo=1, routed)           0.631     0.858    clk_IBUF
    BUFGCTRL_X0Y0        BUFG (Prop_bufg_I_O)         0.026     0.884 r  clk_IBUF_BUFG_inst/O
                         net (fo=64, routed)          0.585     1.468    counter_UT/clk_IBUF_BUFG
    SLICE_X63Y22         FDRE                                         r  counter_UT/digit_reg[0]/C
  -------------------------------------------------------------------    -------------------
    SLICE_X63Y22         FDRE (Prop_fdre_C_Q)         0.141     1.609 r  counter_UT/digit_reg[0]/Q
                         net (fo=12, routed)          0.128     1.738    display_UT/digit[0]
    SLICE_X64Y22         LUT4 (Prop_lut4_I3_O)        0.045     1.783 r  display_UT/seg[4]_i_1/O
                         net (fo=1, routed)           0.000     1.783    display_UT/seg[4]
    SLICE_X64Y22         FDSE                                         r  display_UT/seg_reg[4]/D
  -------------------------------------------------------------------    -------------------

                         (clock sys_clk_pin rise edge)
                                                      0.000     0.000 r  
    W5                                                0.000     0.000 r  clk (IN)
                         net (fo=0)                   0.000     0.000    clk
    W5                   IBUF (Prop_ibuf_I_O)         0.414     0.414 r  clk_IBUF_inst/O
                         net (fo=1, routed)           0.685     1.099    clk_IBUF
    BUFGCTRL_X0Y0        BUFG (Prop_bufg_I_O)         0.029     1.128 r  clk_IBUF_BUFG_inst/O
                         net (fo=64, routed)          0.853     1.980    display_UT/CLK
    SLICE_X64Y22         FDSE                                         r  display_UT/seg_reg[4]/C
                         clock pessimism             -0.499     1.481    
    SLICE_X64Y22         FDSE (Hold_fdse_C_D)         0.121     1.602    display_UT/seg_reg[4]
  -------------------------------------------------------------------
                         required time                         -1.602    
                         arrival time                           1.783    
  -------------------------------------------------------------------
                         slack                                  0.180    

Slack (MET) :             0.230ns  (arrival time - required time)
  Source:                 counter_UT/digit_reg[2]/C
                            (rising edge-triggered cell FDRE clocked by sys_clk_pin  {rise@0.000ns fall@5.000ns period=10.000ns})
  Destination:            display_UT/seg_reg[3]/D
                            (rising edge-triggered cell FDSE clocked by sys_clk_pin  {rise@0.000ns fall@5.000ns period=10.000ns})
  Path Group:             sys_clk_pin
  Path Type:              Hold (Min at Fast Process Corner)
  Requirement:            0.000ns  (sys_clk_pin rise@0.000ns - sys_clk_pin rise@0.000ns)
  Data Path Delay:        0.374ns  (logic 0.189ns (50.496%)  route 0.185ns (49.504%))
  Logic Levels:           1  (LUT4=1)
  Clock Path Skew:        0.013ns (DCD - SCD - CPR)
    Destination Clock Delay (DCD):    1.980ns
    Source Clock Delay      (SCD):    1.468ns
    Clock Pessimism Removal (CPR):    0.499ns

    Location             Delay type                Incr(ns)  Path(ns)    Netlist Resource(s)
  -------------------------------------------------------------------    -------------------
                         (clock sys_clk_pin rise edge)
                                                      0.000     0.000 r  
    W5                                                0.000     0.000 r  clk (IN)
                         net (fo=0)                   0.000     0.000    clk
    W5                   IBUF (Prop_ibuf_I_O)         0.226     0.226 r  clk_IBUF_inst/O
                         net (fo=1, routed)           0.631     0.858    clk_IBUF
    BUFGCTRL_X0Y0        BUFG (Prop_bufg_I_O)         0.026     0.884 r  clk_IBUF_BUFG_inst/O
                         net (fo=64, routed)          0.585     1.468    counter_UT/clk_IBUF_BUFG
    SLICE_X63Y22         FDRE                                         r  counter_UT/digit_reg[2]/C
  -------------------------------------------------------------------    -------------------
    SLICE_X63Y22         FDRE (Prop_fdre_C_Q)         0.141     1.609 r  counter_UT/digit_reg[2]/Q
                         net (fo=10, routed)          0.185     1.794    display_UT/digit[2]
    SLICE_X64Y22         LUT4 (Prop_lut4_I1_O)        0.048     1.842 r  display_UT/seg[3]_i_1/O
                         net (fo=1, routed)           0.000     1.842    display_UT/seg[3]
    SLICE_X64Y22         FDSE                                         r  display_UT/seg_reg[3]/D
  -------------------------------------------------------------------    -------------------

                         (clock sys_clk_pin rise edge)
                                                      0.000     0.000 r  
    W5                                                0.000     0.000 r  clk (IN)
                         net (fo=0)                   0.000     0.000    clk
    W5                   IBUF (Prop_ibuf_I_O)         0.414     0.414 r  clk_IBUF_inst/O
                         net (fo=1, routed)           0.685     1.099    clk_IBUF
    BUFGCTRL_X0Y0        BUFG (Prop_bufg_I_O)         0.029     1.128 r  clk_IBUF_BUFG_inst/O
                         net (fo=64, routed)          0.853     1.980    display_UT/CLK
    SLICE_X64Y22         FDSE                                         r  display_UT/seg_reg[3]/C
                         clock pessimism             -0.499     1.481    
    SLICE_X64Y22         FDSE (Hold_fdse_C_D)         0.131     1.612    display_UT/seg_reg[3]
  -------------------------------------------------------------------
                         required time                         -1.612    
                         arrival time                           1.842    
  -------------------------------------------------------------------
                         slack                                  0.230    

Slack (MET) :             0.237ns  (arrival time - required time)
  Source:                 counter_UT/digit_reg[2]/C
                            (rising edge-triggered cell FDRE clocked by sys_clk_pin  {rise@0.000ns fall@5.000ns period=10.000ns})
  Destination:            display_UT/seg_reg[2]/D
                            (rising edge-triggered cell FDSE clocked by sys_clk_pin  {rise@0.000ns fall@5.000ns period=10.000ns})
  Path Group:             sys_clk_pin
  Path Type:              Hold (Min at Fast Process Corner)
  Requirement:            0.000ns  (sys_clk_pin rise@0.000ns - sys_clk_pin rise@0.000ns)
  Data Path Delay:        0.371ns  (logic 0.186ns (50.096%)  route 0.185ns (49.904%))
  Logic Levels:           1  (LUT4=1)
  Clock Path Skew:        0.013ns (DCD - SCD - CPR)
    Destination Clock Delay (DCD):    1.980ns
    Source Clock Delay      (SCD):    1.468ns
    Clock Pessimism Removal (CPR):    0.499ns

    Location             Delay type                Incr(ns)  Path(ns)    Netlist Resource(s)
  -------------------------------------------------------------------    -------------------
                         (clock sys_clk_pin rise edge)
                                                      0.000     0.000 r  
    W5                                                0.000     0.000 r  clk (IN)
                         net (fo=0)                   0.000     0.000    clk
    W5                   IBUF (Prop_ibuf_I_O)         0.226     0.226 r  clk_IBUF_inst/O
                         net (fo=1, routed)           0.631     0.858    clk_IBUF
    BUFGCTRL_X0Y0        BUFG (Prop_bufg_I_O)         0.026     0.884 r  clk_IBUF_BUFG_inst/O
                         net (fo=64, routed)          0.585     1.468    counter_UT/clk_IBUF_BUFG
    SLICE_X63Y22         FDRE                                         r  counter_UT/digit_reg[2]/C
  -------------------------------------------------------------------    -------------------
    SLICE_X63Y22         FDRE (Prop_fdre_C_Q)         0.141     1.609 r  counter_UT/digit_reg[2]/Q
                         net (fo=10, routed)          0.185     1.794    display_UT/digit[2]
    SLICE_X64Y22         LUT4 (Prop_lut4_I3_O)        0.045     1.839 r  display_UT/seg[2]_i_1/O
                         net (fo=1, routed)           0.000     1.839    display_UT/seg[2]
    SLICE_X64Y22         FDSE                                         r  display_UT/seg_reg[2]/D
  -------------------------------------------------------------------    -------------------

                         (clock sys_clk_pin rise edge)
                                                      0.000     0.000 r  
    W5                                                0.000     0.000 r  clk (IN)
                         net (fo=0)                   0.000     0.000    clk
    W5                   IBUF (Prop_ibuf_I_O)         0.414     0.414 r  clk_IBUF_inst/O
                         net (fo=1, routed)           0.685     1.099    clk_IBUF
    BUFGCTRL_X0Y0        BUFG (Prop_bufg_I_O)         0.029     1.128 r  clk_IBUF_BUFG_inst/O
                         net (fo=64, routed)          0.853     1.980    display_UT/CLK
    SLICE_X64Y22         FDSE                                         r  display_UT/seg_reg[2]/C
                         clock pessimism             -0.499     1.481    
    SLICE_X64Y22         FDSE (Hold_fdse_C_D)         0.121     1.602    display_UT/seg_reg[2]
  -------------------------------------------------------------------
                         required time                         -1.602    
                         arrival time                           1.839    
  -------------------------------------------------------------------
                         slack                                  0.237    

Slack (MET) :             0.254ns  (arrival time - required time)
  Source:                 display_UT/cnt_reg[2]/C
                            (rising edge-triggered cell FDRE clocked by sys_clk_pin  {rise@0.000ns fall@5.000ns period=10.000ns})
  Destination:            display_UT/cnt_reg[2]/D
                            (rising edge-triggered cell FDRE clocked by sys_clk_pin  {rise@0.000ns fall@5.000ns period=10.000ns})
  Path Group:             sys_clk_pin
  Path Type:              Hold (Min at Fast Process Corner)
  Requirement:            0.000ns  (sys_clk_pin rise@0.000ns - sys_clk_pin rise@0.000ns)
  Data Path Delay:        0.388ns  (logic 0.274ns (70.550%)  route 0.114ns (29.450%))
  Logic Levels:           1  (CARRY4=1)
  Clock Path Skew:        0.000ns (DCD - SCD - CPR)
    Destination Clock Delay (DCD):    1.983ns
    Source Clock Delay      (SCD):    1.470ns
    Clock Pessimism Removal (CPR):    0.513ns

    Location             Delay type                Incr(ns)  Path(ns)    Netlist Resource(s)
  -------------------------------------------------------------------    -------------------
                         (clock sys_clk_pin rise edge)
                                                      0.000     0.000 r  
    W5                                                0.000     0.000 r  clk (IN)
                         net (fo=0)                   0.000     0.000    clk
    W5                   IBUF (Prop_ibuf_I_O)         0.226     0.226 r  clk_IBUF_inst/O
                         net (fo=1, routed)           0.631     0.858    clk_IBUF
    BUFGCTRL_X0Y0        BUFG (Prop_bufg_I_O)         0.026     0.884 r  clk_IBUF_BUFG_inst/O
                         net (fo=64, routed)          0.587     1.470    display_UT/CLK
    SLICE_X64Y30         FDRE                                         r  display_UT/cnt_reg[2]/C
  -------------------------------------------------------------------    -------------------
    SLICE_X64Y30         FDRE (Prop_fdre_C_Q)         0.164     1.634 r  display_UT/cnt_reg[2]/Q
                         net (fo=1, routed)           0.114     1.749    display_UT/cnt_reg_n_0_[2]
    SLICE_X64Y30         CARRY4 (Prop_carry4_S[2]_O[2])
                                                      0.110     1.859 r  display_UT/cnt_reg[0]_i_2/O[2]
                         net (fo=1, routed)           0.000     1.859    display_UT/cnt_reg[0]_i_2_n_5
    SLICE_X64Y30         FDRE                                         r  display_UT/cnt_reg[2]/D
  -------------------------------------------------------------------    -------------------

                         (clock sys_clk_pin rise edge)
                                                      0.000     0.000 r  
    W5                                                0.000     0.000 r  clk (IN)
                         net (fo=0)                   0.000     0.000    clk
    W5                   IBUF (Prop_ibuf_I_O)         0.414     0.414 r  clk_IBUF_inst/O
                         net (fo=1, routed)           0.685     1.099    clk_IBUF
    BUFGCTRL_X0Y0        BUFG (Prop_bufg_I_O)         0.029     1.128 r  clk_IBUF_BUFG_inst/O
                         net (fo=64, routed)          0.856     1.983    display_UT/CLK
    SLICE_X64Y30         FDRE                                         r  display_UT/cnt_reg[2]/C
                         clock pessimism             -0.513     1.470    
    SLICE_X64Y30         FDRE (Hold_fdre_C_D)         0.134     1.604    display_UT/cnt_reg[2]
  -------------------------------------------------------------------
                         required time                         -1.604    
                         arrival time                           1.859    
  -------------------------------------------------------------------
                         slack                                  0.254    

Slack (MET) :             0.259ns  (arrival time - required time)
  Source:                 counter_UT/digit_reg[0]/C
                            (rising edge-triggered cell FDRE clocked by sys_clk_pin  {rise@0.000ns fall@5.000ns period=10.000ns})
  Destination:            display_UT/seg_reg[1]/D
                            (rising edge-triggered cell FDSE clocked by sys_clk_pin  {rise@0.000ns fall@5.000ns period=10.000ns})
  Path Group:             sys_clk_pin
  Path Type:              Hold (Min at Fast Process Corner)
  Requirement:            0.000ns  (sys_clk_pin rise@0.000ns - sys_clk_pin rise@0.000ns)
  Data Path Delay:        0.403ns  (logic 0.187ns (46.358%)  route 0.216ns (53.642%))
  Logic Levels:           1  (LUT4=1)
  Clock Path Skew:        0.013ns (DCD - SCD - CPR)
    Destination Clock Delay (DCD):    1.980ns
    Source Clock Delay      (SCD):    1.468ns
    Clock Pessimism Removal (CPR):    0.499ns

    Location             Delay type                Incr(ns)  Path(ns)    Netlist Resource(s)
  -------------------------------------------------------------------    -------------------
                         (clock sys_clk_pin rise edge)
                                                      0.000     0.000 r  
    W5                                                0.000     0.000 r  clk (IN)
                         net (fo=0)                   0.000     0.000    clk
    W5                   IBUF (Prop_ibuf_I_O)         0.226     0.226 r  clk_IBUF_inst/O
                         net (fo=1, routed)           0.631     0.858    clk_IBUF
    BUFGCTRL_X0Y0        BUFG (Prop_bufg_I_O)         0.026     0.884 r  clk_IBUF_BUFG_inst/O
                         net (fo=64, routed)          0.585     1.468    counter_UT/clk_IBUF_BUFG
    SLICE_X63Y22         FDRE                                         r  counter_UT/digit_reg[0]/C
  -------------------------------------------------------------------    -------------------
    SLICE_X63Y22         FDRE (Prop_fdre_C_Q)         0.141     1.609 r  counter_UT/digit_reg[0]/Q
                         net (fo=12, routed)          0.216     1.826    display_UT/digit[0]
    SLICE_X64Y22         LUT4 (Prop_lut4_I3_O)        0.046     1.872 r  display_UT/seg[1]_i_1/O
                         net (fo=1, routed)           0.000     1.872    display_UT/seg[1]
    SLICE_X64Y22         FDSE                                         r  display_UT/seg_reg[1]/D
  -------------------------------------------------------------------    -------------------

                         (clock sys_clk_pin rise edge)
                                                      0.000     0.000 r  
    W5                                                0.000     0.000 r  clk (IN)
                         net (fo=0)                   0.000     0.000    clk
    W5                   IBUF (Prop_ibuf_I_O)         0.414     0.414 r  clk_IBUF_inst/O
                         net (fo=1, routed)           0.685     1.099    clk_IBUF
    BUFGCTRL_X0Y0        BUFG (Prop_bufg_I_O)         0.029     1.128 r  clk_IBUF_BUFG_inst/O
                         net (fo=64, routed)          0.853     1.980    display_UT/CLK
    SLICE_X64Y22         FDSE                                         r  display_UT/seg_reg[1]/C
                         clock pessimism             -0.499     1.481    
    SLICE_X64Y22         FDSE (Hold_fdse_C_D)         0.131     1.612    display_UT/seg_reg[1]
  -------------------------------------------------------------------
                         required time                         -1.612    
                         arrival time                           1.872    
  -------------------------------------------------------------------
                         slack                                  0.259    

Slack (MET) :             0.265ns  (arrival time - required time)
  Source:                 display_UT/cnt_reg[10]/C
                            (rising edge-triggered cell FDRE clocked by sys_clk_pin  {rise@0.000ns fall@5.000ns period=10.000ns})
  Destination:            display_UT/cnt_reg[10]/D
                            (rising edge-triggered cell FDRE clocked by sys_clk_pin  {rise@0.000ns fall@5.000ns period=10.000ns})
  Path Group:             sys_clk_pin
  Path Type:              Hold (Min at Fast Process Corner)
  Requirement:            0.000ns  (sys_clk_pin rise@0.000ns - sys_clk_pin rise@0.000ns)
  Data Path Delay:        0.399ns  (logic 0.274ns (68.589%)  route 0.125ns (31.411%))
  Logic Levels:           1  (CARRY4=1)
  Clock Path Skew:        0.000ns (DCD - SCD - CPR)
    Destination Clock Delay (DCD):    1.985ns
    Source Clock Delay      (SCD):    1.472ns
    Clock Pessimism Removal (CPR):    0.513ns

    Location             Delay type                Incr(ns)  Path(ns)    Netlist Resource(s)
  -------------------------------------------------------------------    -------------------
                         (clock sys_clk_pin rise edge)
                                                      0.000     0.000 r  
    W5                                                0.000     0.000 r  clk (IN)
                         net (fo=0)                   0.000     0.000    clk
    W5                   IBUF (Prop_ibuf_I_O)         0.226     0.226 r  clk_IBUF_inst/O
                         net (fo=1, routed)           0.631     0.858    clk_IBUF
    BUFGCTRL_X0Y0        BUFG (Prop_bufg_I_O)         0.026     0.884 r  clk_IBUF_BUFG_inst/O
                         net (fo=64, routed)          0.589     1.472    display_UT/CLK
    SLICE_X64Y32         FDRE                                         r  display_UT/cnt_reg[10]/C
  -------------------------------------------------------------------    -------------------
    SLICE_X64Y32         FDRE (Prop_fdre_C_Q)         0.164     1.636 r  display_UT/cnt_reg[10]/Q
                         net (fo=2, routed)           0.125     1.762    display_UT/cnt_reg[10]
    SLICE_X64Y32         CARRY4 (Prop_carry4_S[2]_O[2])
                                                      0.110     1.872 r  display_UT/cnt_reg[8]_i_1/O[2]
                         net (fo=1, routed)           0.000     1.872    display_UT/cnt_reg[8]_i_1_n_5
    SLICE_X64Y32         FDRE                                         r  display_UT/cnt_reg[10]/D
  -------------------------------------------------------------------    -------------------

                         (clock sys_clk_pin rise edge)
                                                      0.000     0.000 r  
    W5                                                0.000     0.000 r  clk (IN)
                         net (fo=0)                   0.000     0.000    clk
    W5                   IBUF (Prop_ibuf_I_O)         0.414     0.414 r  clk_IBUF_inst/O
                         net (fo=1, routed)           0.685     1.099    clk_IBUF
    BUFGCTRL_X0Y0        BUFG (Prop_bufg_I_O)         0.029     1.128 r  clk_IBUF_BUFG_inst/O
                         net (fo=64, routed)          0.858     1.985    display_UT/CLK
    SLICE_X64Y32         FDRE                                         r  display_UT/cnt_reg[10]/C
                         clock pessimism             -0.513     1.472    
    SLICE_X64Y32         FDRE (Hold_fdre_C_D)         0.134     1.606    display_UT/cnt_reg[10]
  -------------------------------------------------------------------
                         required time                         -1.606    
                         arrival time                           1.872    
  -------------------------------------------------------------------
                         slack                                  0.265    

Slack (MET) :             0.265ns  (arrival time - required time)
  Source:                 display_UT/cnt_reg[6]/C
                            (rising edge-triggered cell FDRE clocked by sys_clk_pin  {rise@0.000ns fall@5.000ns period=10.000ns})
  Destination:            display_UT/cnt_reg[6]/D
                            (rising edge-triggered cell FDRE clocked by sys_clk_pin  {rise@0.000ns fall@5.000ns period=10.000ns})
  Path Group:             sys_clk_pin
  Path Type:              Hold (Min at Fast Process Corner)
  Requirement:            0.000ns  (sys_clk_pin rise@0.000ns - sys_clk_pin rise@0.000ns)
  Data Path Delay:        0.399ns  (logic 0.274ns (68.589%)  route 0.125ns (31.411%))
  Logic Levels:           1  (CARRY4=1)
  Clock Path Skew:        0.000ns (DCD - SCD - CPR)
    Destination Clock Delay (DCD):    1.984ns
    Source Clock Delay      (SCD):    1.471ns
    Clock Pessimism Removal (CPR):    0.513ns

    Location             Delay type                Incr(ns)  Path(ns)    Netlist Resource(s)
  -------------------------------------------------------------------    -------------------
                         (clock sys_clk_pin rise edge)
                                                      0.000     0.000 r  
    W5                                                0.000     0.000 r  clk (IN)
                         net (fo=0)                   0.000     0.000    clk
    W5                   IBUF (Prop_ibuf_I_O)         0.226     0.226 r  clk_IBUF_inst/O
                         net (fo=1, routed)           0.631     0.858    clk_IBUF
    BUFGCTRL_X0Y0        BUFG (Prop_bufg_I_O)         0.026     0.884 r  clk_IBUF_BUFG_inst/O
                         net (fo=64, routed)          0.588     1.471    display_UT/CLK
    SLICE_X64Y31         FDRE                                         r  display_UT/cnt_reg[6]/C
  -------------------------------------------------------------------    -------------------
    SLICE_X64Y31         FDRE (Prop_fdre_C_Q)         0.164     1.635 r  display_UT/cnt_reg[6]/Q
                         net (fo=2, routed)           0.125     1.761    display_UT/cnt_reg[6]
    SLICE_X64Y31         CARRY4 (Prop_carry4_S[2]_O[2])
                                                      0.110     1.871 r  display_UT/cnt_reg[4]_i_1/O[2]
                         net (fo=1, routed)           0.000     1.871    display_UT/cnt_reg[4]_i_1_n_5
    SLICE_X64Y31         FDRE                                         r  display_UT/cnt_reg[6]/D
  -------------------------------------------------------------------    -------------------

                         (clock sys_clk_pin rise edge)
                                                      0.000     0.000 r  
    W5                                                0.000     0.000 r  clk (IN)
                         net (fo=0)                   0.000     0.000    clk
    W5                   IBUF (Prop_ibuf_I_O)         0.414     0.414 r  clk_IBUF_inst/O
                         net (fo=1, routed)           0.685     1.099    clk_IBUF
    BUFGCTRL_X0Y0        BUFG (Prop_bufg_I_O)         0.029     1.128 r  clk_IBUF_BUFG_inst/O
                         net (fo=64, routed)          0.857     1.984    display_UT/CLK
    SLICE_X64Y31         FDRE                                         r  display_UT/cnt_reg[6]/C
                         clock pessimism             -0.513     1.471    
    SLICE_X64Y31         FDRE (Hold_fdre_C_D)         0.134     1.605    display_UT/cnt_reg[6]
  -------------------------------------------------------------------
                         required time                         -1.605    
                         arrival time                           1.871    
  -------------------------------------------------------------------
                         slack                                  0.265    

Slack (MET) :             0.266ns  (arrival time - required time)
  Source:                 display_UT/an_reg[0]/C
                            (rising edge-triggered cell FDRE clocked by sys_clk_pin  {rise@0.000ns fall@5.000ns period=10.000ns})
  Destination:            display_UT/an_reg[1]/D
                            (rising edge-triggered cell FDRE clocked by sys_clk_pin  {rise@0.000ns fall@5.000ns period=10.000ns})
  Path Group:             sys_clk_pin
  Path Type:              Hold (Min at Fast Process Corner)
  Requirement:            0.000ns  (sys_clk_pin rise@0.000ns - sys_clk_pin rise@0.000ns)
  Data Path Delay:        0.373ns  (logic 0.183ns (49.003%)  route 0.190ns (50.997%))
  Logic Levels:           1  (LUT3=1)
  Clock Path Skew:        0.000ns (DCD - SCD - CPR)
    Destination Clock Delay (DCD):    1.982ns
    Source Clock Delay      (SCD):    1.469ns
    Clock Pessimism Removal (CPR):    0.513ns

    Location             Delay type                Incr(ns)  Path(ns)    Netlist Resource(s)
  -------------------------------------------------------------------    -------------------
                         (clock sys_clk_pin rise edge)
                                                      0.000     0.000 r  
    W5                                                0.000     0.000 r  clk (IN)
                         net (fo=0)                   0.000     0.000    clk
    W5                   IBUF (Prop_ibuf_I_O)         0.226     0.226 r  clk_IBUF_inst/O
                         net (fo=1, routed)           0.631     0.858    clk_IBUF
    BUFGCTRL_X0Y0        BUFG (Prop_bufg_I_O)         0.026     0.884 r  clk_IBUF_BUFG_inst/O
                         net (fo=64, routed)          0.586     1.469    display_UT/CLK
    SLICE_X65Y29         FDRE                                         r  display_UT/an_reg[0]/C
  -------------------------------------------------------------------    -------------------
    SLICE_X65Y29         FDRE (Prop_fdre_C_Q)         0.141     1.610 r  display_UT/an_reg[0]/Q
                         net (fo=5, routed)           0.190     1.801    display_UT/an_OBUF[0]
    SLICE_X65Y29         LUT3 (Prop_lut3_I0_O)        0.042     1.843 r  display_UT/an[1]_i_1/O
                         net (fo=1, routed)           0.000     1.843    display_UT/an[1]_i_1_n_0
    SLICE_X65Y29         FDRE                                         r  display_UT/an_reg[1]/D
  -------------------------------------------------------------------    -------------------

                         (clock sys_clk_pin rise edge)
                                                      0.000     0.000 r  
    W5                                                0.000     0.000 r  clk (IN)
                         net (fo=0)                   0.000     0.000    clk
    W5                   IBUF (Prop_ibuf_I_O)         0.414     0.414 r  clk_IBUF_inst/O
                         net (fo=1, routed)           0.685     1.099    clk_IBUF
    BUFGCTRL_X0Y0        BUFG (Prop_bufg_I_O)         0.029     1.128 r  clk_IBUF_BUFG_inst/O
                         net (fo=64, routed)          0.855     1.982    display_UT/CLK
    SLICE_X65Y29         FDRE                                         r  display_UT/an_reg[1]/C
                         clock pessimism             -0.513     1.469    
    SLICE_X65Y29         FDRE (Hold_fdre_C_D)         0.107     1.576    display_UT/an_reg[1]
  -------------------------------------------------------------------
                         required time                         -1.576    
                         arrival time                           1.843    
  -------------------------------------------------------------------
                         slack                                  0.266    

Slack (MET) :             0.267ns  (arrival time - required time)
  Source:                 display_UT/cnt_reg[14]/C
                            (rising edge-triggered cell FDRE clocked by sys_clk_pin  {rise@0.000ns fall@5.000ns period=10.000ns})
  Destination:            display_UT/cnt_reg[14]/D
                            (rising edge-triggered cell FDRE clocked by sys_clk_pin  {rise@0.000ns fall@5.000ns period=10.000ns})
  Path Group:             sys_clk_pin
  Path Type:              Hold (Min at Fast Process Corner)
  Requirement:            0.000ns  (sys_clk_pin rise@0.000ns - sys_clk_pin rise@0.000ns)
  Data Path Delay:        0.401ns  (logic 0.274ns (68.412%)  route 0.127ns (31.588%))
  Logic Levels:           1  (CARRY4=1)
  Clock Path Skew:        0.000ns (DCD - SCD - CPR)
    Destination Clock Delay (DCD):    1.986ns
    Source Clock Delay      (SCD):    1.473ns
    Clock Pessimism Removal (CPR):    0.513ns

    Location             Delay type                Incr(ns)  Path(ns)    Netlist Resource(s)
  -------------------------------------------------------------------    -------------------
                         (clock sys_clk_pin rise edge)
                                                      0.000     0.000 r  
    W5                                                0.000     0.000 r  clk (IN)
                         net (fo=0)                   0.000     0.000    clk
    W5                   IBUF (Prop_ibuf_I_O)         0.226     0.226 r  clk_IBUF_inst/O
                         net (fo=1, routed)           0.631     0.858    clk_IBUF
    BUFGCTRL_X0Y0        BUFG (Prop_bufg_I_O)         0.026     0.884 r  clk_IBUF_BUFG_inst/O
                         net (fo=64, routed)          0.590     1.473    display_UT/CLK
    SLICE_X64Y33         FDRE                                         r  display_UT/cnt_reg[14]/C
  -------------------------------------------------------------------    -------------------
    SLICE_X64Y33         FDRE (Prop_fdre_C_Q)         0.164     1.637 r  display_UT/cnt_reg[14]/Q
                         net (fo=2, routed)           0.127     1.764    display_UT/cnt_reg[14]
    SLICE_X64Y33         CARRY4 (Prop_carry4_S[2]_O[2])
                                                      0.110     1.874 r  display_UT/cnt_reg[12]_i_1/O[2]
                         net (fo=1, routed)           0.000     1.874    display_UT/cnt_reg[12]_i_1_n_5
    SLICE_X64Y33         FDRE                                         r  display_UT/cnt_reg[14]/D
  -------------------------------------------------------------------    -------------------

                         (clock sys_clk_pin rise edge)
                                                      0.000     0.000 r  
    W5                                                0.000     0.000 r  clk (IN)
                         net (fo=0)                   0.000     0.000    clk
    W5                   IBUF (Prop_ibuf_I_O)         0.414     0.414 r  clk_IBUF_inst/O
                         net (fo=1, routed)           0.685     1.099    clk_IBUF
    BUFGCTRL_X0Y0        BUFG (Prop_bufg_I_O)         0.029     1.128 r  clk_IBUF_BUFG_inst/O
                         net (fo=64, routed)          0.859     1.986    display_UT/CLK
    SLICE_X64Y33         FDRE                                         r  display_UT/cnt_reg[14]/C
                         clock pessimism             -0.513     1.473    
    SLICE_X64Y33         FDRE (Hold_fdre_C_D)         0.134     1.607    display_UT/cnt_reg[14]
  -------------------------------------------------------------------
                         required time                         -1.607    
                         arrival time                           1.874    
  -------------------------------------------------------------------
                         slack                                  0.267    

Slack (MET) :             0.269ns  (arrival time - required time)
  Source:                 counter_UT/digit_reg[0]/C
                            (rising edge-triggered cell FDRE clocked by sys_clk_pin  {rise@0.000ns fall@5.000ns period=10.000ns})
  Destination:            display_UT/seg_reg[0]/D
                            (rising edge-triggered cell FDSE clocked by sys_clk_pin  {rise@0.000ns fall@5.000ns period=10.000ns})
  Path Group:             sys_clk_pin
  Path Type:              Hold (Min at Fast Process Corner)
  Requirement:            0.000ns  (sys_clk_pin rise@0.000ns - sys_clk_pin rise@0.000ns)
  Data Path Delay:        0.402ns  (logic 0.186ns (46.225%)  route 0.216ns (53.775%))
  Logic Levels:           1  (LUT4=1)
  Clock Path Skew:        0.013ns (DCD - SCD - CPR)
    Destination Clock Delay (DCD):    1.980ns
    Source Clock Delay      (SCD):    1.468ns
    Clock Pessimism Removal (CPR):    0.499ns

    Location             Delay type                Incr(ns)  Path(ns)    Netlist Resource(s)
  -------------------------------------------------------------------    -------------------
                         (clock sys_clk_pin rise edge)
                                                      0.000     0.000 r  
    W5                                                0.000     0.000 r  clk (IN)
                         net (fo=0)                   0.000     0.000    clk
    W5                   IBUF (Prop_ibuf_I_O)         0.226     0.226 r  clk_IBUF_inst/O
                         net (fo=1, routed)           0.631     0.858    clk_IBUF
    BUFGCTRL_X0Y0        BUFG (Prop_bufg_I_O)         0.026     0.884 r  clk_IBUF_BUFG_inst/O
                         net (fo=64, routed)          0.585     1.468    counter_UT/clk_IBUF_BUFG
    SLICE_X63Y22         FDRE                                         r  counter_UT/digit_reg[0]/C
  -------------------------------------------------------------------    -------------------
    SLICE_X63Y22         FDRE (Prop_fdre_C_Q)         0.141     1.609 r  counter_UT/digit_reg[0]/Q
                         net (fo=12, routed)          0.216     1.826    display_UT/digit[0]
    SLICE_X64Y22         LUT4 (Prop_lut4_I2_O)        0.045     1.871 r  display_UT/seg[0]_i_1/O
                         net (fo=1, routed)           0.000     1.871    display_UT/seg[0]
    SLICE_X64Y22         FDSE                                         r  display_UT/seg_reg[0]/D
  -------------------------------------------------------------------    -------------------

                         (clock sys_clk_pin rise edge)
                                                      0.000     0.000 r  
    W5                                                0.000     0.000 r  clk (IN)
                         net (fo=0)                   0.000     0.000    clk
    W5                   IBUF (Prop_ibuf_I_O)         0.414     0.414 r  clk_IBUF_inst/O
                         net (fo=1, routed)           0.685     1.099    clk_IBUF
    BUFGCTRL_X0Y0        BUFG (Prop_bufg_I_O)         0.029     1.128 r  clk_IBUF_BUFG_inst/O
                         net (fo=64, routed)          0.853     1.980    display_UT/CLK
    SLICE_X64Y22         FDSE                                         r  display_UT/seg_reg[0]/C
                         clock pessimism             -0.499     1.481    
    SLICE_X64Y22         FDSE (Hold_fdse_C_D)         0.120     1.601    display_UT/seg_reg[0]
  -------------------------------------------------------------------
                         required time                         -1.601    
                         arrival time                           1.871    
  -------------------------------------------------------------------
                         slack                                  0.269    





Pulse Width Checks
--------------------------------------------------------------------------------------
Clock Name:         sys_clk_pin
Waveform(ns):       { 0.000 5.000 }
Period(ns):         10.000
Sources:            { clk }

Check Type        Corner  Lib Pin  Reference Pin  Required(ns)  Actual(ns)  Slack(ns)  Location       Pin
Min Period        n/a     BUFG/I   n/a            2.155         10.000      7.845      BUFGCTRL_X0Y0  clk_IBUF_BUFG_inst/I
Min Period        n/a     FDRE/C   n/a            1.000         10.000      9.000      SLICE_X62Y22   counter_UT/btn_prev_reg/C
Min Period        n/a     FDRE/C   n/a            1.000         10.000      9.000      SLICE_X63Y22   counter_UT/digit_reg[0]/C
Min Period        n/a     FDRE/C   n/a            1.000         10.000      9.000      SLICE_X63Y22   counter_UT/digit_reg[1]/C
Min Period        n/a     FDRE/C   n/a            1.000         10.000      9.000      SLICE_X63Y22   counter_UT/digit_reg[2]/C
Min Period        n/a     FDRE/C   n/a            1.000         10.000      9.000      SLICE_X63Y22   counter_UT/digit_reg[3]/C
Min Period        n/a     FDRE/C   n/a            1.000         10.000      9.000      SLICE_X62Y22   debounce_UT/btn_clr_reg/C
Min Period        n/a     FDRE/C   n/a            1.000         10.000      9.000      SLICE_X62Y23   debounce_UT/count_reg[0]/C
Min Period        n/a     FDRE/C   n/a            1.000         10.000      9.000      SLICE_X62Y25   debounce_UT/count_reg[10]/C
Min Period        n/a     FDRE/C   n/a            1.000         10.000      9.000      SLICE_X62Y25   debounce_UT/count_reg[11]/C
Low Pulse Width   Fast    FDRE/C   n/a            0.500         5.000       4.500      SLICE_X62Y22   counter_UT/btn_prev_reg/C
Low Pulse Width   Fast    FDRE/C   n/a            0.500         5.000       4.500      SLICE_X63Y22   counter_UT/digit_reg[0]/C
Low Pulse Width   Fast    FDRE/C   n/a            0.500         5.000       4.500      SLICE_X63Y22   counter_UT/digit_reg[1]/C
Low Pulse Width   Fast    FDRE/C   n/a            0.500         5.000       4.500      SLICE_X63Y22   counter_UT/digit_reg[2]/C
Low Pulse Width   Fast    FDRE/C   n/a            0.500         5.000       4.500      SLICE_X63Y22   counter_UT/digit_reg[3]/C
Low Pulse Width   Fast    FDRE/C   n/a            0.500         5.000       4.500      SLICE_X62Y22   debounce_UT/btn_clr_reg/C
Low Pulse Width   Fast    FDRE/C   n/a            0.500         5.000       4.500      SLICE_X62Y23   debounce_UT/count_reg[0]/C
Low Pulse Width   Fast    FDRE/C   n/a            0.500         5.000       4.500      SLICE_X62Y25   debounce_UT/count_reg[10]/C
Low Pulse Width   Fast    FDRE/C   n/a            0.500         5.000       4.500      SLICE_X62Y25   debounce_UT/count_reg[11]/C
Low Pulse Width   Fast    FDRE/C   n/a            0.500         5.000       4.500      SLICE_X62Y26   debounce_UT/count_reg[12]/C
High Pulse Width  Slow    FDRE/C   n/a            0.500         5.000       4.500      SLICE_X62Y22   counter_UT/btn_prev_reg/C
High Pulse Width  Slow    FDRE/C   n/a            0.500         5.000       4.500      SLICE_X63Y22   counter_UT/digit_reg[0]/C
High Pulse Width  Slow    FDRE/C   n/a            0.500         5.000       4.500      SLICE_X63Y22   counter_UT/digit_reg[1]/C
High Pulse Width  Slow    FDRE/C   n/a            0.500         5.000       4.500      SLICE_X63Y22   counter_UT/digit_reg[2]/C
High Pulse Width  Slow    FDRE/C   n/a            0.500         5.000       4.500      SLICE_X63Y22   counter_UT/digit_reg[3]/C
High Pulse Width  Slow    FDRE/C   n/a            0.500         5.000       4.500      SLICE_X62Y22   debounce_UT/btn_clr_reg/C
High Pulse Width  Slow    FDRE/C   n/a            0.500         5.000       4.500      SLICE_X62Y23   debounce_UT/count_reg[0]/C
High Pulse Width  Slow    FDRE/C   n/a            0.500         5.000       4.500      SLICE_X62Y25   debounce_UT/count_reg[10]/C
High Pulse Width  Slow    FDRE/C   n/a            0.500         5.000       4.500      SLICE_X62Y25   debounce_UT/count_reg[11]/C
High Pulse Width  Slow    FDRE/C   n/a            0.500         5.000       4.500      SLICE_X62Y26   debounce_UT/count_reg[12]/C



