#-----------------------------------------------------------
# Vivado v2018.3 (64-bit)
# SW Build 2405991 on Thu Dec  6 23:38:27 MST 2018
# IP Build 2404404 on Fri Dec  7 01:43:56 MST 2018
# Start of session at: Mon Mar 30 13:57:39 2026
# Process ID: 17196
# Current directory: C:/Users/lebray/Vivado-Workflow-Scripts/HW7/T2
# Command line: vivado.exe -mode batch -source C:\Users\lebray\Vivado-Workflow-Scripts\HW7\T2\run_hardware.tcl
# Log file: C:/Users/lebray/Vivado-Workflow-Scripts/HW7/T2/vivado.log
# Journal file: C:/Users/lebray/Vivado-Workflow-Scripts/HW7/T2\vivado.jou
#-----------------------------------------------------------
source {C:\Users\lebray\Vivado-Workflow-Scripts\HW7\T2\run_hardware.tcl}
# create_project T2 {C:\Users\lebray\Vivado-Workflow-Scripts\HW7\T2\vivado_project} -part xc7a35tcpg236-1 -force
# if {[catch {set_property board_part digilentinc.com:basys3:part0:1.2 [current_project]}]} {
#     puts "Note: Board part not available, using part only"
# }
Note: Board part not available, using part only
# set_property target_language Verilog [current_project]
# add_files -norecurse {C:\Users\lebray\Vivado-Workflow-Scripts\HW7\T2\als_rom.v}
# add_files -norecurse {C:\Users\lebray\Vivado-Workflow-Scripts\HW7\T2\als_top.v}
# add_files -norecurse {C:\Users\lebray\Vivado-Workflow-Scripts\HW7\T2\kcpsm6.v}
# add_files -norecurse {C:\Users\lebray\Vivado-Workflow-Scripts\HW7\T2\ROM_form.v}
# add_files -norecurse {C:\Users\lebray\Vivado-Workflow-Scripts\HW7\T2\spi_als_reader.v}
# add_files -fileset constrs_1 -norecurse {C:\Users\lebray\Vivado-Workflow-Scripts\Basys3_Master.xdc}
# set_property top als_top [current_fileset]
# update_compile_order -fileset sources_1
# reset_run synth_1
# launch_runs synth_1
[Mon Mar 30 13:57:45 2026] Launched synth_1...
Run output will be captured here: C:/Users/lebray/Vivado-Workflow-Scripts/HW7/T2/vivado_project/T2.runs/synth_1/runme.log
# wait_on_run synth_1
[Mon Mar 30 13:57:45 2026] Waiting for synth_1 to finish...

*** Running vivado
    with args -log als_top.vds -m64 -product Vivado -mode batch -messageDb vivado.pb -notrace -source als_top.tcl


****** Vivado v2018.3 (64-bit)
  **** SW Build 2405991 on Thu Dec  6 23:38:27 MST 2018
  **** IP Build 2404404 on Fri Dec  7 01:43:56 MST 2018
    ** Copyright 1986-2018 Xilinx, Inc. All Rights Reserved.

source als_top.tcl -notrace
Command: synth_design -top als_top -part xc7a35tcpg236-1
Starting synth_design
Attempting to get a license for feature 'Synthesis' and/or device 'xc7a35t'
INFO: [Common 17-349] Got license for feature 'Synthesis' and/or device 'xc7a35t'
INFO: Launching helper process for spawning children vivado processes
INFO: Helper process launched with PID 12632 
---------------------------------------------------------------------------------
Starting RTL Elaboration : Time (s): cpu = 00:00:01 ; elapsed = 00:00:01 . Memory (MB): peak = 357.012 ; gain = 94.199
---------------------------------------------------------------------------------
INFO: [Synth 8-6157] synthesizing module 'als_top' [C:/Users/lebray/Vivado-Workflow-Scripts/HW7/T2/als_top.v:6]
INFO: [Synth 8-6157] synthesizing module 'spi_als_reader' [C:/Users/lebray/Vivado-Workflow-Scripts/HW7/T2/spi_als_reader.v:16]
	Parameter IDLE bound to: 2'b00 
	Parameter START bound to: 2'b01 
	Parameter READ bound to: 2'b10 
	Parameter DONE bound to: 2'b11 
INFO: [Synth 8-6155] done synthesizing module 'spi_als_reader' (1#1) [C:/Users/lebray/Vivado-Workflow-Scripts/HW7/T2/spi_als_reader.v:16]
INFO: [Synth 8-6157] synthesizing module 'kcpsm6' [C:/Users/lebray/Vivado-Workflow-Scripts/HW7/T2/kcpsm6.v:77]
	Parameter hwbuild bound to: 8'b00000000 
	Parameter interrupt_vector bound to: 12'b001111111111 
	Parameter scratch_pad_memory_size bound to: 64 - type: integer 
INFO: [Synth 8-6157] synthesizing module 'LUT6_2' [C:/Xilinx/Vivado/2018.3/scripts/rt/data/unisim_comp.v:26647]
	Parameter INIT bound to: 64'b1111111100000000111100001111000011001100110011001010101010101010 
INFO: [Synth 8-6155] done synthesizing module 'LUT6_2' (2#1) [C:/Xilinx/Vivado/2018.3/scripts/rt/data/unisim_comp.v:26647]
INFO: [Synth 8-6157] synthesizing module 'LUT6' [C:/Xilinx/Vivado/2018.3/scripts/rt/data/unisim_comp.v:26626]
	Parameter INIT bound to: 64'b0000000010101010000000001111111100110011110011000000111100000000 
INFO: [Synth 8-6155] done synthesizing module 'LUT6' (3#1) [C:/Xilinx/Vivado/2018.3/scripts/rt/data/unisim_comp.v:26626]
INFO: [Synth 8-6157] synthesizing module 'XORCY' [C:/Xilinx/Vivado/2018.3/scripts/rt/data/unisim_comp.v:53711]
INFO: [Synth 8-6155] done synthesizing module 'XORCY' (4#1) [C:/Xilinx/Vivado/2018.3/scripts/rt/data/unisim_comp.v:53711]
INFO: [Synth 8-6157] synthesizing module 'MUXCY' [C:/Xilinx/Vivado/2018.3/scripts/rt/data/unisim_comp.v:27571]
INFO: [Synth 8-6155] done synthesizing module 'MUXCY' (5#1) [C:/Xilinx/Vivado/2018.3/scripts/rt/data/unisim_comp.v:27571]
INFO: [Synth 8-6157] synthesizing module 'FD' [C:/Xilinx/Vivado/2018.3/scripts/rt/data/unisim_comp.v:3730]
	Parameter INIT bound to: 1'b0 
INFO: [Synth 8-6155] done synthesizing module 'FD' (6#1) [C:/Xilinx/Vivado/2018.3/scripts/rt/data/unisim_comp.v:3730]
INFO: [Synth 8-6157] synthesizing module 'FDRE' [C:/Xilinx/Vivado/2018.3/scripts/rt/data/unisim_comp.v:3971]
	Parameter INIT bound to: 1'b0 
	Parameter IS_C_INVERTED bound to: 1'b0 
	Parameter IS_D_INVERTED bound to: 1'b0 
	Parameter IS_R_INVERTED bound to: 1'b0 
INFO: [Synth 8-6155] done synthesizing module 'FDRE' (7#1) [C:/Xilinx/Vivado/2018.3/scripts/rt/data/unisim_comp.v:3971]
INFO: [Synth 8-6157] synthesizing module 'LUT6__parameterized0' [C:/Xilinx/Vivado/2018.3/scripts/rt/data/unisim_comp.v:26626]
	Parameter INIT bound to: 64'b0000000010101010000000001111111111001100110011001111000000000000 
INFO: [Synth 8-6155] done synthesizing module 'LUT6__parameterized0' (7#1) [C:/Xilinx/Vivado/2018.3/scripts/rt/data/unisim_comp.v:26626]
INFO: [Synth 8-6157] synthesizing module 'LUT6__parameterized1' [C:/Xilinx/Vivado/2018.3/scripts/rt/data/unisim_comp.v:26626]
	Parameter INIT bound to: 64'b0000000010101010000000000000000011001100110011001111000000000000 
INFO: [Synth 8-6155] done synthesizing module 'LUT6__parameterized1' (7#1) [C:/Xilinx/Vivado/2018.3/scripts/rt/data/unisim_comp.v:26626]
INFO: [Synth 8-6157] synthesizing module 'FDR' [C:/Xilinx/Vivado/2018.3/scripts/rt/data/unisim_comp.v:3958]
	Parameter INIT bound to: 1'b0 
INFO: [Synth 8-6155] done synthesizing module 'FDR' (8#1) [C:/Xilinx/Vivado/2018.3/scripts/rt/data/unisim_comp.v:3958]
INFO: [Synth 8-6157] synthesizing module 'LUT6_2__parameterized0' [C:/Xilinx/Vivado/2018.3/scripts/rt/data/unisim_comp.v:26647]
	Parameter INIT bound to: 64'b0000000000010101001010011010101010101010101010101010101010101010 
INFO: [Synth 8-6155] done synthesizing module 'LUT6_2__parameterized0' (8#1) [C:/Xilinx/Vivado/2018.3/scripts/rt/data/unisim_comp.v:26647]
INFO: [Synth 8-6157] synthesizing module 'LUT6_2__parameterized1' [C:/Xilinx/Vivado/2018.3/scripts/rt/data/unisim_comp.v:26647]
	Parameter INIT bound to: 64'b0000000000101010001001010010101010101010101010101010101010101010 
INFO: [Synth 8-6155] done synthesizing module 'LUT6_2__parameterized1' (8#1) [C:/Xilinx/Vivado/2018.3/scripts/rt/data/unisim_comp.v:26647]
INFO: [Synth 8-6157] synthesizing module 'LUT6__parameterized2' [C:/Xilinx/Vivado/2018.3/scripts/rt/data/unisim_comp.v:26626]
	Parameter INIT bound to: 64'b1011111110111100100011111000110010110011101100001000001110000000 
INFO: [Synth 8-6155] done synthesizing module 'LUT6__parameterized2' (8#1) [C:/Xilinx/Vivado/2018.3/scripts/rt/data/unisim_comp.v:26626]
INFO: [Synth 8-6157] synthesizing module 'RAM64M' [C:/Xilinx/Vivado/2018.3/scripts/rt/data/unisim_comp.v:45429]
	Parameter INIT_A bound to: 64'b0000000000000000000000000000000000000000000000000000000000000000 
	Parameter INIT_B bound to: 64'b0000000000000000000000000000000000000000000000000000000000000000 
	Parameter INIT_C bound to: 64'b0000000000000000000000000000000000000000000000000000000000000000 
	Parameter INIT_D bound to: 64'b0000000000000000000000000000000000000000000000000000000000000000 
	Parameter IS_WCLK_INVERTED bound to: 1'b0 
INFO: [Synth 8-6155] done synthesizing module 'RAM64M' (9#1) [C:/Xilinx/Vivado/2018.3/scripts/rt/data/unisim_comp.v:45429]
INFO: [Synth 8-6157] synthesizing module 'LUT6_2__parameterized2' [C:/Xilinx/Vivado/2018.3/scripts/rt/data/unisim_comp.v:26647]
	Parameter INIT bound to: 64'b0110100101101001011011101000101011001100110011000000000000000000 
INFO: [Synth 8-6155] done synthesizing module 'LUT6_2__parameterized2' (9#1) [C:/Xilinx/Vivado/2018.3/scripts/rt/data/unisim_comp.v:26647]
INFO: [Synth 8-6157] synthesizing module 'LUT6__parameterized3' [C:/Xilinx/Vivado/2018.3/scripts/rt/data/unisim_comp.v:26626]
	Parameter INIT bound to: 64'b1111111100000000111100001111000011001100110011001010101010101010 
INFO: [Synth 8-6155] done synthesizing module 'LUT6__parameterized3' (9#1) [C:/Xilinx/Vivado/2018.3/scripts/rt/data/unisim_comp.v:26626]
INFO: [Synth 8-6157] synthesizing module 'LUT6_2__parameterized3' [C:/Xilinx/Vivado/2018.3/scripts/rt/data/unisim_comp.v:26647]
	Parameter INIT bound to: 64'b1111111111111111111101010101010100000000000000000000111011101110 
INFO: [Synth 8-6155] done synthesizing module 'LUT6_2__parameterized3' (9#1) [C:/Xilinx/Vivado/2018.3/scripts/rt/data/unisim_comp.v:26647]
INFO: [Synth 8-6157] synthesizing module 'LUT6_2__parameterized4' [C:/Xilinx/Vivado/2018.3/scripts/rt/data/unisim_comp.v:26647]
	Parameter INIT bound to: 64'b0000000010000011000000000000101100000000110001000000000001001100 
INFO: [Synth 8-6155] done synthesizing module 'LUT6_2__parameterized4' (9#1) [C:/Xilinx/Vivado/2018.3/scripts/rt/data/unisim_comp.v:26647]
INFO: [Synth 8-6157] synthesizing module 'LUT6_2__parameterized5' [C:/Xilinx/Vivado/2018.3/scripts/rt/data/unisim_comp.v:26647]
	Parameter INIT bound to: 64'b0000000000010000000000000000000000000000000000000000100000000000 
INFO: [Synth 8-6155] done synthesizing module 'LUT6_2__parameterized5' (9#1) [C:/Xilinx/Vivado/2018.3/scripts/rt/data/unisim_comp.v:26647]
INFO: [Synth 8-6157] synthesizing module 'LUT6__parameterized4' [C:/Xilinx/Vivado/2018.3/scripts/rt/data/unisim_comp.v:26626]
	Parameter INIT bound to: 64'b0000000000000000000000000000000000000000000000001100101010101010 
INFO: [Synth 8-6155] done synthesizing module 'LUT6__parameterized4' (9#1) [C:/Xilinx/Vivado/2018.3/scripts/rt/data/unisim_comp.v:26626]
INFO: [Synth 8-6157] synthesizing module 'LUT6_2__parameterized6' [C:/Xilinx/Vivado/2018.3/scripts/rt/data/unisim_comp.v:26647]
	Parameter INIT bound to: 64'b1100110000110011111111110000000010000000100000001000000010000000 
INFO: [Synth 8-6155] done synthesizing module 'LUT6_2__parameterized6' (9#1) [C:/Xilinx/Vivado/2018.3/scripts/rt/data/unisim_comp.v:26647]
INFO: [Synth 8-6157] synthesizing module 'LUT6__parameterized5' [C:/Xilinx/Vivado/2018.3/scripts/rt/data/unisim_comp.v:26626]
	Parameter INIT bound to: 64'b0101101000111100111111111111111100000000000000000000000000000000 
INFO: [Synth 8-6155] done synthesizing module 'LUT6__parameterized5' (9#1) [C:/Xilinx/Vivado/2018.3/scripts/rt/data/unisim_comp.v:26626]
INFO: [Synth 8-6157] synthesizing module 'LUT6_2__parameterized7' [C:/Xilinx/Vivado/2018.3/scripts/rt/data/unisim_comp.v:26647]
	Parameter INIT bound to: 64'b0111011101110111000000100111011100000000000000000000001000000000 
INFO: [Synth 8-6155] done synthesizing module 'LUT6_2__parameterized7' (9#1) [C:/Xilinx/Vivado/2018.3/scripts/rt/data/unisim_comp.v:26647]
INFO: [Synth 8-6157] synthesizing module 'LUT6_2__parameterized8' [C:/Xilinx/Vivado/2018.3/scripts/rt/data/unisim_comp.v:26647]
	Parameter INIT bound to: 64'b0000000000000000111100000000000000000000000000000010001111111111 
INFO: [Synth 8-6155] done synthesizing module 'LUT6_2__parameterized8' (9#1) [C:/Xilinx/Vivado/2018.3/scripts/rt/data/unisim_comp.v:26647]
INFO: [Synth 8-6157] synthesizing module 'LUT6__parameterized6' [C:/Xilinx/Vivado/2018.3/scripts/rt/data/unisim_comp.v:26626]
	Parameter INIT bound to: 64'b1111111111111111111111111111111100000000000001000000000000000000 
INFO: [Synth 8-6155] done synthesizing module 'LUT6__parameterized6' (9#1) [C:/Xilinx/Vivado/2018.3/scripts/rt/data/unisim_comp.v:26626]
INFO: [Synth 8-6157] synthesizing module 'LUT6_2__parameterized9' [C:/Xilinx/Vivado/2018.3/scripts/rt/data/unisim_comp.v:26647]
	Parameter INIT bound to: 64'b1111111111111111000100000000000000000000000000000010000000000000 
INFO: [Synth 8-6155] done synthesizing module 'LUT6_2__parameterized9' (9#1) [C:/Xilinx/Vivado/2018.3/scripts/rt/data/unisim_comp.v:26647]
INFO: [Synth 8-6157] synthesizing module 'LUT6_2__parameterized10' [C:/Xilinx/Vivado/2018.3/scripts/rt/data/unisim_comp.v:26647]
	Parameter INIT bound to: 64'b0000001111001010000000000000000000000100001000000000000000000000 
INFO: [Synth 8-6155] done synthesizing module 'LUT6_2__parameterized10' (9#1) [C:/Xilinx/Vivado/2018.3/scripts/rt/data/unisim_comp.v:26647]
INFO: [Synth 8-6157] synthesizing module 'LUT6_2__parameterized11' [C:/Xilinx/Vivado/2018.3/scripts/rt/data/unisim_comp.v:26647]
	Parameter INIT bound to: 64'b0111011100001000000000000000000000000000000000000000111100000000 
INFO: [Synth 8-6155] done synthesizing module 'LUT6_2__parameterized11' (9#1) [C:/Xilinx/Vivado/2018.3/scripts/rt/data/unisim_comp.v:26647]
INFO: [Synth 8-6157] synthesizing module 'LUT6_2__parameterized12' [C:/Xilinx/Vivado/2018.3/scripts/rt/data/unisim_comp.v:26647]
	Parameter INIT bound to: 64'b1101000000000000000000000000000000000010000000000000000000000000 
INFO: [Synth 8-6155] done synthesizing module 'LUT6_2__parameterized12' (9#1) [C:/Xilinx/Vivado/2018.3/scripts/rt/data/unisim_comp.v:26647]
INFO: [Synth 8-6157] synthesizing module 'LUT6_2__parameterized13' [C:/Xilinx/Vivado/2018.3/scripts/rt/data/unisim_comp.v:26647]
	Parameter INIT bound to: 64'b0000000000000001001111110011111100000000000100001111011111001110 
INFO: [Synth 8-6155] done synthesizing module 'LUT6_2__parameterized13' (9#1) [C:/Xilinx/Vivado/2018.3/scripts/rt/data/unisim_comp.v:26647]
INFO: [Synth 8-6157] synthesizing module 'LUT6_2__parameterized14' [C:/Xilinx/Vivado/2018.3/scripts/rt/data/unisim_comp.v:26647]
	Parameter INIT bound to: 64'b1100000011001100000000000000000010100000101010100000000000000000 
INFO: [Synth 8-6155] done synthesizing module 'LUT6_2__parameterized14' (9#1) [C:/Xilinx/Vivado/2018.3/scripts/rt/data/unisim_comp.v:26647]
INFO: [Synth 8-6157] synthesizing module 'LUT6_2__parameterized15' [C:/Xilinx/Vivado/2018.3/scripts/rt/data/unisim_comp.v:26647]
	Parameter INIT bound to: 64'b1000000000000000000000000000000000100000000000000000000000000000 
INFO: [Synth 8-6155] done synthesizing module 'LUT6_2__parameterized15' (9#1) [C:/Xilinx/Vivado/2018.3/scripts/rt/data/unisim_comp.v:26647]
INFO: [Synth 8-6157] synthesizing module 'LUT6_2__parameterized16' [C:/Xilinx/Vivado/2018.3/scripts/rt/data/unisim_comp.v:26647]
	Parameter INIT bound to: 64'b0100000000000000000000000000000000000001000000000000000000000000 
INFO: [Synth 8-6155] done synthesizing module 'LUT6_2__parameterized16' (9#1) [C:/Xilinx/Vivado/2018.3/scripts/rt/data/unisim_comp.v:26647]
INFO: [Synth 8-6157] synthesizing module 'LUT6__parameterized7' [C:/Xilinx/Vivado/2018.3/scripts/rt/data/unisim_comp.v:26626]
	Parameter INIT bound to: 64'b0000000010000000000000100000000000000000000000000000000000000000 
INFO: [Synth 8-6155] done synthesizing module 'LUT6__parameterized7' (9#1) [C:/Xilinx/Vivado/2018.3/scripts/rt/data/unisim_comp.v:26626]
INFO: [Synth 8-6157] synthesizing module 'LUT6__parameterized8' [C:/Xilinx/Vivado/2018.3/scripts/rt/data/unisim_comp.v:26626]
	Parameter INIT bound to: 64'b1010110010101100111111110000000011111111000000001111111100000000 
INFO: [Synth 8-6155] done synthesizing module 'LUT6__parameterized8' (9#1) [C:/Xilinx/Vivado/2018.3/scripts/rt/data/unisim_comp.v:26626]
INFO: [Synth 8-6157] synthesizing module 'LUT6_2__parameterized17' [C:/Xilinx/Vivado/2018.3/scripts/rt/data/unisim_comp.v:26647]
	Parameter INIT bound to: 64'b0000000000000000000000000000000010000111011110000000000000000000 
INFO: [Synth 8-6155] done synthesizing module 'LUT6_2__parameterized17' (9#1) [C:/Xilinx/Vivado/2018.3/scripts/rt/data/unisim_comp.v:26647]
INFO: [Synth 8-6157] synthesizing module 'LUT6__parameterized9' [C:/Xilinx/Vivado/2018.3/scripts/rt/data/unisim_comp.v:26626]
	Parameter INIT bound to: 64'b0110100110010110100101100110100110010110011010010110100110010110 
INFO: [Synth 8-6155] done synthesizing module 'LUT6__parameterized9' (9#1) [C:/Xilinx/Vivado/2018.3/scripts/rt/data/unisim_comp.v:26626]
INFO: [Synth 8-6157] synthesizing module 'LUT6__parameterized10' [C:/Xilinx/Vivado/2018.3/scripts/rt/data/unisim_comp.v:26626]
	Parameter INIT bound to: 64'b1111111111111111101010101100110011110000111100001111000011110000 
INFO: [Synth 8-6155] done synthesizing module 'LUT6__parameterized10' (9#1) [C:/Xilinx/Vivado/2018.3/scripts/rt/data/unisim_comp.v:26626]
INFO: [Synth 8-6157] synthesizing module 'LUT6_2__parameterized18' [C:/Xilinx/Vivado/2018.3/scripts/rt/data/unisim_comp.v:26647]
	Parameter INIT bound to: 64'b0011001100110011101010101100110011110000101010100000000000000000 
INFO: [Synth 8-6155] done synthesizing module 'LUT6_2__parameterized18' (9#1) [C:/Xilinx/Vivado/2018.3/scripts/rt/data/unisim_comp.v:26647]
INFO: [Synth 8-6157] synthesizing module 'LUT6_2__parameterized19' [C:/Xilinx/Vivado/2018.3/scripts/rt/data/unisim_comp.v:26647]
	Parameter INIT bound to: 64'b1010001010000000000000000000000000000000111100000000000011110000 
INFO: [Synth 8-6155] done synthesizing module 'LUT6_2__parameterized19' (9#1) [C:/Xilinx/Vivado/2018.3/scripts/rt/data/unisim_comp.v:26647]
INFO: [Synth 8-6157] synthesizing module 'LUT6_2__parameterized20' [C:/Xilinx/Vivado/2018.3/scripts/rt/data/unisim_comp.v:26647]
	Parameter INIT bound to: 64'b0000000000000000000000000000000000000000000000000000000000000001 
INFO: [Synth 8-6155] done synthesizing module 'LUT6_2__parameterized20' (9#1) [C:/Xilinx/Vivado/2018.3/scripts/rt/data/unisim_comp.v:26647]
INFO: [Synth 8-6157] synthesizing module 'LUT6_2__parameterized21' [C:/Xilinx/Vivado/2018.3/scripts/rt/data/unisim_comp.v:26647]
	Parameter INIT bound to: 64'b0000000000000000000000000000110100000000000000000000000000000000 
INFO: [Synth 8-6155] done synthesizing module 'LUT6_2__parameterized21' (9#1) [C:/Xilinx/Vivado/2018.3/scripts/rt/data/unisim_comp.v:26647]
INFO: [Synth 8-6157] synthesizing module 'LUT6__parameterized11' [C:/Xilinx/Vivado/2018.3/scripts/rt/data/unisim_comp.v:26626]
	Parameter INIT bound to: 64'b1111101111111111000000000000000000000000000000000000000000000000 
INFO: [Synth 8-6155] done synthesizing module 'LUT6__parameterized11' (9#1) [C:/Xilinx/Vivado/2018.3/scripts/rt/data/unisim_comp.v:26626]
INFO: [Synth 8-6157] synthesizing module 'RAM32M' [C:/Xilinx/Vivado/2018.3/scripts/rt/data/unisim_comp.v:45120]
	Parameter INIT_A bound to: 64'b0000000000000000000000000000000000000000000000000000000000000000 
	Parameter INIT_B bound to: 64'b0000000000000000000000000000000000000000000000000000000000000000 
	Parameter INIT_C bound to: 64'b0000000000000000000000000000000000000000000000000000000000000000 
	Parameter INIT_D bound to: 64'b0000000000000000000000000000000000000000000000000000000000000000 
	Parameter IS_WCLK_INVERTED bound to: 1'b0 
INFO: [Synth 8-6155] done synthesizing module 'RAM32M' (10#1) [C:/Xilinx/Vivado/2018.3/scripts/rt/data/unisim_comp.v:45120]
INFO: [Synth 8-6155] done synthesizing module 'kcpsm6' (11#1) [C:/Users/lebray/Vivado-Workflow-Scripts/HW7/T2/kcpsm6.v:77]
INFO: [Synth 8-6157] synthesizing module 'als_rom' [C:/Users/lebray/Vivado-Workflow-Scripts/HW7/T2/als_rom.v:104]
	Parameter C_JTAG_LOADER_ENABLE bound to: 1 - type: integer 
	Parameter C_FAMILY bound to: 7S - type: string 
	Parameter C_RAM_SIZE_KWORDS bound to: 1 - type: integer 
	Parameter BRAM_ADDRESS_WIDTH bound to: 10 - type: integer 
INFO: [Synth 8-6157] synthesizing module 'RAMB18E1' [C:/Xilinx/Vivado/2018.3/scripts/rt/data/unisim_comp.v:49848]
	Parameter DOA_REG bound to: 0 - type: integer 
	Parameter DOB_REG bound to: 0 - type: integer 
	Parameter INITP_00 bound to: 256'b0000000000000000000000000000000000000000000000000000000000000000000000000000000000000000000000000000000000000000000000000000000000000000000000000000000000000000000000000000000000000000000010101010110101011101010101010000001000101100001010100000101010101010 
	Parameter INITP_01 bound to: 256'b0000000000000000000000000000000000000000000000000000000000000000000000000000000000000000000000000000000000000000000000000000000000000000000000000000000000000000000000000000000000000000000000000000000000000000000000000000000000000000000000000000000000000000 
	Parameter INITP_02 bound to: 256'b0000000000000000000000000000000000000000000000000000000000000000000000000000000000000000000000000000000000000000000000000000000000000000000000000000000000000000000000000000000000000000000000000000000000000000000000000000000000000000000000000000000000000000 
	Parameter INITP_03 bound to: 256'b0000000000000000000000000000000000000000000000000000000000000000000000000000000000000000000000000000000000000000000000000000000000000000000000000000000000000000000000000000000000000000000000000000000000000000000000000000000000000000000000000000000000000000 
	Parameter INITP_04 bound to: 256'b0000000000000000000000000000000000000000000000000000000000000000000000000000000000000000000000000000000000000000000000000000000000000000000000000000000000000000000000000000000000000000000000000000000000000000000000000000000000000000000000000000000000000000 
	Parameter INITP_05 bound to: 256'b0000000000000000000000000000000000000000000000000000000000000000000000000000000000000000000000000000000000000000000000000000000000000000000000000000000000000000000000000000000000000000000000000000000000000000000000000000000000000000000000000000000000000000 
	Parameter INITP_06 bound to: 256'b0000000000000000000000000000000000000000000000000000000000000000000000000000000000000000000000000000000000000000000000000000000000000000000000000000000000000000000000000000000000000000000000000000000000000000000000000000000000000000000000000000000000000000 
	Parameter INITP_07 bound to: 256'b0000000000000000000000000000000000000000000000000000000000000000000000000000000000000000000000000000000000000000000000000000000000000000000000000000000000000000000000000000000000000000000000000000000000000000000000000000000000000000000000000000000000000000 
	Parameter INIT_00 bound to: 256'b1001001000000001010100000000000000100000000010111101010000000001100101000000000001010000000000001101000100000001110100000000000000010001111111110001000011111111001000000000000100000000000111110000000000010001000000000000111100000000000010110000000000000110 
	Parameter INIT_01 bound to: 256'b1101000000000000010100000000000001100000000110101001001100000001010000000000100001000001000011100010000000011110110100110000000001000011000011100100001100001110010000110000111001000011000011100000001100100000000100001111111100010001111111110101000000000000 
	Parameter INIT_02 bound to: 256'b0000000000000000000000000000000000000000000000000000000000000000000000000000000000000000000000000000000000000000000000000000000000000000000000000000000000000000000000000000000000000000000000000000000000000000000000000000000001010000000000001101000100000001 
	Parameter INIT_03 bound to: 256'b0000000000000000000000000000000000000000000000000000000000000000000000000000000000000000000000000000000000000000000000000000000000000000000000000000000000000000000000000000000000000000000000000000000000000000000000000000000000000000000000000000000000000000 
	Parameter INIT_04 bound to: 256'b0000000000000000000000000000000000000000000000000000000000000000000000000000000000000000000000000000000000000000000000000000000000000000000000000000000000000000000000000000000000000000000000000000000000000000000000000000000000000000000000000000000000000000 
	Parameter INIT_05 bound to: 256'b0000000000000000000000000000000000000000000000000000000000000000000000000000000000000000000000000000000000000000000000000000000000000000000000000000000000000000000000000000000000000000000000000000000000000000000000000000000000000000000000000000000000000000 
	Parameter INIT_06 bound to: 256'b0000000000000000000000000000000000000000000000000000000000000000000000000000000000000000000000000000000000000000000000000000000000000000000000000000000000000000000000000000000000000000000000000000000000000000000000000000000000000000000000000000000000000000 
	Parameter INIT_07 bound to: 256'b0000000000000000000000000000000000000000000000000000000000000000000000000000000000000000000000000000000000000000000000000000000000000000000000000000000000000000000000000000000000000000000000000000000000000000000000000000000000000000000000000000000000000000 
	Parameter INIT_08 bound to: 256'b0000000000000000000000000000000000000000000000000000000000000000000000000000000000000000000000000000000000000000000000000000000000000000000000000000000000000000000000000000000000000000000000000000000000000000000000000000000000000000000000000000000000000000 
	Parameter INIT_09 bound to: 256'b0000000000000000000000000000000000000000000000000000000000000000000000000000000000000000000000000000000000000000000000000000000000000000000000000000000000000000000000000000000000000000000000000000000000000000000000000000000000000000000000000000000000000000 
	Parameter INIT_0A bound to: 256'b0000000000000000000000000000000000000000000000000000000000000000000000000000000000000000000000000000000000000000000000000000000000000000000000000000000000000000000000000000000000000000000000000000000000000000000000000000000000000000000000000000000000000000 
	Parameter INIT_0B bound to: 256'b0000000000000000000000000000000000000000000000000000000000000000000000000000000000000000000000000000000000000000000000000000000000000000000000000000000000000000000000000000000000000000000000000000000000000000000000000000000000000000000000000000000000000000 
	Parameter INIT_0C bound to: 256'b0000000000000000000000000000000000000000000000000000000000000000000000000000000000000000000000000000000000000000000000000000000000000000000000000000000000000000000000000000000000000000000000000000000000000000000000000000000000000000000000000000000000000000 
	Parameter INIT_0D bound to: 256'b0000000000000000000000000000000000000000000000000000000000000000000000000000000000000000000000000000000000000000000000000000000000000000000000000000000000000000000000000000000000000000000000000000000000000000000000000000000000000000000000000000000000000000 
	Parameter INIT_0E bound to: 256'b0000000000000000000000000000000000000000000000000000000000000000000000000000000000000000000000000000000000000000000000000000000000000000000000000000000000000000000000000000000000000000000000000000000000000000000000000000000000000000000000000000000000000000 
	Parameter INIT_0F bound to: 256'b0000000000000000000000000000000000000000000000000000000000000000000000000000000000000000000000000000000000000000000000000000000000000000000000000000000000000000000000000000000000000000000000000000000000000000000000000000000000000000000000000000000000000000 
	Parameter INIT_10 bound to: 256'b0000000000000000000000000000000000000000000000000000000000000000000000000000000000000000000000000000000000000000000000000000000000000000000000000000000000000000000000000000000000000000000000000000000000000000000000000000000000000000000000000000000000000000 
	Parameter INIT_11 bound to: 256'b0000000000000000000000000000000000000000000000000000000000000000000000000000000000000000000000000000000000000000000000000000000000000000000000000000000000000000000000000000000000000000000000000000000000000000000000000000000000000000000000000000000000000000 
	Parameter INIT_12 bound to: 256'b0000000000000000000000000000000000000000000000000000000000000000000000000000000000000000000000000000000000000000000000000000000000000000000000000000000000000000000000000000000000000000000000000000000000000000000000000000000000000000000000000000000000000000 
	Parameter INIT_13 bound to: 256'b0000000000000000000000000000000000000000000000000000000000000000000000000000000000000000000000000000000000000000000000000000000000000000000000000000000000000000000000000000000000000000000000000000000000000000000000000000000000000000000000000000000000000000 
	Parameter INIT_14 bound to: 256'b0000000000000000000000000000000000000000000000000000000000000000000000000000000000000000000000000000000000000000000000000000000000000000000000000000000000000000000000000000000000000000000000000000000000000000000000000000000000000000000000000000000000000000 
	Parameter INIT_15 bound to: 256'b0000000000000000000000000000000000000000000000000000000000000000000000000000000000000000000000000000000000000000000000000000000000000000000000000000000000000000000000000000000000000000000000000000000000000000000000000000000000000000000000000000000000000000 
	Parameter INIT_16 bound to: 256'b0000000000000000000000000000000000000000000000000000000000000000000000000000000000000000000000000000000000000000000000000000000000000000000000000000000000000000000000000000000000000000000000000000000000000000000000000000000000000000000000000000000000000000 
	Parameter INIT_17 bound to: 256'b0000000000000000000000000000000000000000000000000000000000000000000000000000000000000000000000000000000000000000000000000000000000000000000000000000000000000000000000000000000000000000000000000000000000000000000000000000000000000000000000000000000000000000 
	Parameter INIT_18 bound to: 256'b0000000000000000000000000000000000000000000000000000000000000000000000000000000000000000000000000000000000000000000000000000000000000000000000000000000000000000000000000000000000000000000000000000000000000000000000000000000000000000000000000000000000000000 
	Parameter INIT_19 bound to: 256'b0000000000000000000000000000000000000000000000000000000000000000000000000000000000000000000000000000000000000000000000000000000000000000000000000000000000000000000000000000000000000000000000000000000000000000000000000000000000000000000000000000000000000000 
	Parameter INIT_1A bound to: 256'b0000000000000000000000000000000000000000000000000000000000000000000000000000000000000000000000000000000000000000000000000000000000000000000000000000000000000000000000000000000000000000000000000000000000000000000000000000000000000000000000000000000000000000 
	Parameter INIT_1B bound to: 256'b0000000000000000000000000000000000000000000000000000000000000000000000000000000000000000000000000000000000000000000000000000000000000000000000000000000000000000000000000000000000000000000000000000000000000000000000000000000000000000000000000000000000000000 
	Parameter INIT_1C bound to: 256'b0000000000000000000000000000000000000000000000000000000000000000000000000000000000000000000000000000000000000000000000000000000000000000000000000000000000000000000000000000000000000000000000000000000000000000000000000000000000000000000000000000000000000000 
	Parameter INIT_1D bound to: 256'b0000000000000000000000000000000000000000000000000000000000000000000000000000000000000000000000000000000000000000000000000000000000000000000000000000000000000000000000000000000000000000000000000000000000000000000000000000000000000000000000000000000000000000 
	Parameter INIT_1E bound to: 256'b0000000000000000000000000000000000000000000000000000000000000000000000000000000000000000000000000000000000000000000000000000000000000000000000000000000000000000000000000000000000000000000000000000000000000000000000000000000000000000000000000000000000000000 
	Parameter INIT_1F bound to: 256'b0000000000000000000000000000000000000000000000000000000000000000000000000000000000000000000000000000000000000000000000000000000000000000000000000000000000000000000000000000000000000000000000000000000000000000000000000000000000000000000000000000000000000000 
	Parameter INIT_20 bound to: 256'b0000000000000000000000000000000000000000000000000000000000000000000000000000000000000000000000000000000000000000000000000000000000000000000000000000000000000000000000000000000000000000000000000000000000000000000000000000000000000000000000000000000000000000 
	Parameter INIT_21 bound to: 256'b0000000000000000000000000000000000000000000000000000000000000000000000000000000000000000000000000000000000000000000000000000000000000000000000000000000000000000000000000000000000000000000000000000000000000000000000000000000000000000000000000000000000000000 
	Parameter INIT_22 bound to: 256'b0000000000000000000000000000000000000000000000000000000000000000000000000000000000000000000000000000000000000000000000000000000000000000000000000000000000000000000000000000000000000000000000000000000000000000000000000000000000000000000000000000000000000000 
	Parameter INIT_23 bound to: 256'b0000000000000000000000000000000000000000000000000000000000000000000000000000000000000000000000000000000000000000000000000000000000000000000000000000000000000000000000000000000000000000000000000000000000000000000000000000000000000000000000000000000000000000 
	Parameter INIT_24 bound to: 256'b0000000000000000000000000000000000000000000000000000000000000000000000000000000000000000000000000000000000000000000000000000000000000000000000000000000000000000000000000000000000000000000000000000000000000000000000000000000000000000000000000000000000000000 
	Parameter INIT_25 bound to: 256'b0000000000000000000000000000000000000000000000000000000000000000000000000000000000000000000000000000000000000000000000000000000000000000000000000000000000000000000000000000000000000000000000000000000000000000000000000000000000000000000000000000000000000000 
	Parameter INIT_26 bound to: 256'b0000000000000000000000000000000000000000000000000000000000000000000000000000000000000000000000000000000000000000000000000000000000000000000000000000000000000000000000000000000000000000000000000000000000000000000000000000000000000000000000000000000000000000 
	Parameter INIT_27 bound to: 256'b0000000000000000000000000000000000000000000000000000000000000000000000000000000000000000000000000000000000000000000000000000000000000000000000000000000000000000000000000000000000000000000000000000000000000000000000000000000000000000000000000000000000000000 
	Parameter INIT_28 bound to: 256'b0000000000000000000000000000000000000000000000000000000000000000000000000000000000000000000000000000000000000000000000000000000000000000000000000000000000000000000000000000000000000000000000000000000000000000000000000000000000000000000000000000000000000000 
	Parameter INIT_29 bound to: 256'b0000000000000000000000000000000000000000000000000000000000000000000000000000000000000000000000000000000000000000000000000000000000000000000000000000000000000000000000000000000000000000000000000000000000000000000000000000000000000000000000000000000000000000 
	Parameter INIT_2A bound to: 256'b0000000000000000000000000000000000000000000000000000000000000000000000000000000000000000000000000000000000000000000000000000000000000000000000000000000000000000000000000000000000000000000000000000000000000000000000000000000000000000000000000000000000000000 
	Parameter INIT_2B bound to: 256'b0000000000000000000000000000000000000000000000000000000000000000000000000000000000000000000000000000000000000000000000000000000000000000000000000000000000000000000000000000000000000000000000000000000000000000000000000000000000000000000000000000000000000000 
	Parameter INIT_2C bound to: 256'b0000000000000000000000000000000000000000000000000000000000000000000000000000000000000000000000000000000000000000000000000000000000000000000000000000000000000000000000000000000000000000000000000000000000000000000000000000000000000000000000000000000000000000 
	Parameter INIT_2D bound to: 256'b0000000000000000000000000000000000000000000000000000000000000000000000000000000000000000000000000000000000000000000000000000000000000000000000000000000000000000000000000000000000000000000000000000000000000000000000000000000000000000000000000000000000000000 
	Parameter INIT_2E bound to: 256'b0000000000000000000000000000000000000000000000000000000000000000000000000000000000000000000000000000000000000000000000000000000000000000000000000000000000000000000000000000000000000000000000000000000000000000000000000000000000000000000000000000000000000000 
	Parameter INIT_2F bound to: 256'b0000000000000000000000000000000000000000000000000000000000000000000000000000000000000000000000000000000000000000000000000000000000000000000000000000000000000000000000000000000000000000000000000000000000000000000000000000000000000000000000000000000000000000 
	Parameter INIT_30 bound to: 256'b0000000000000000000000000000000000000000000000000000000000000000000000000000000000000000000000000000000000000000000000000000000000000000000000000000000000000000000000000000000000000000000000000000000000000000000000000000000000000000000000000000000000000000 
	Parameter INIT_31 bound to: 256'b0000000000000000000000000000000000000000000000000000000000000000000000000000000000000000000000000000000000000000000000000000000000000000000000000000000000000000000000000000000000000000000000000000000000000000000000000000000000000000000000000000000000000000 
	Parameter INIT_32 bound to: 256'b0000000000000000000000000000000000000000000000000000000000000000000000000000000000000000000000000000000000000000000000000000000000000000000000000000000000000000000000000000000000000000000000000000000000000000000000000000000000000000000000000000000000000000 
	Parameter INIT_33 bound to: 256'b0000000000000000000000000000000000000000000000000000000000000000000000000000000000000000000000000000000000000000000000000000000000000000000000000000000000000000000000000000000000000000000000000000000000000000000000000000000000000000000000000000000000000000 
	Parameter INIT_34 bound to: 256'b0000000000000000000000000000000000000000000000000000000000000000000000000000000000000000000000000000000000000000000000000000000000000000000000000000000000000000000000000000000000000000000000000000000000000000000000000000000000000000000000000000000000000000 
	Parameter INIT_35 bound to: 256'b0000000000000000000000000000000000000000000000000000000000000000000000000000000000000000000000000000000000000000000000000000000000000000000000000000000000000000000000000000000000000000000000000000000000000000000000000000000000000000000000000000000000000000 
	Parameter INIT_36 bound to: 256'b0000000000000000000000000000000000000000000000000000000000000000000000000000000000000000000000000000000000000000000000000000000000000000000000000000000000000000000000000000000000000000000000000000000000000000000000000000000000000000000000000000000000000000 
	Parameter INIT_37 bound to: 256'b0000000000000000000000000000000000000000000000000000000000000000000000000000000000000000000000000000000000000000000000000000000000000000000000000000000000000000000000000000000000000000000000000000000000000000000000000000000000000000000000000000000000000000 
	Parameter INIT_38 bound to: 256'b0000000000000000000000000000000000000000000000000000000000000000000000000000000000000000000000000000000000000000000000000000000000000000000000000000000000000000000000000000000000000000000000000000000000000000000000000000000000000000000000000000000000000000 
	Parameter INIT_39 bound to: 256'b0000000000000000000000000000000000000000000000000000000000000000000000000000000000000000000000000000000000000000000000000000000000000000000000000000000000000000000000000000000000000000000000000000000000000000000000000000000000000000000000000000000000000000 
	Parameter INIT_3A bound to: 256'b0000000000000000000000000000000000000000000000000000000000000000000000000000000000000000000000000000000000000000000000000000000000000000000000000000000000000000000000000000000000000000000000000000000000000000000000000000000000000000000000000000000000000000 
	Parameter INIT_3B bound to: 256'b0000000000000000000000000000000000000000000000000000000000000000000000000000000000000000000000000000000000000000000000000000000000000000000000000000000000000000000000000000000000000000000000000000000000000000000000000000000000000000000000000000000000000000 
	Parameter INIT_3C bound to: 256'b0000000000000000000000000000000000000000000000000000000000000000000000000000000000000000000000000000000000000000000000000000000000000000000000000000000000000000000000000000000000000000000000000000000000000000000000000000000000000000000000000000000000000000 
	Parameter INIT_3D bound to: 256'b0000000000000000000000000000000000000000000000000000000000000000000000000000000000000000000000000000000000000000000000000000000000000000000000000000000000000000000000000000000000000000000000000000000000000000000000000000000000000000000000000000000000000000 
	Parameter INIT_3E bound to: 256'b0000000000000000000000000000000000000000000000000000000000000000000000000000000000000000000000000000000000000000000000000000000000000000000000000000000000000000000000000000000000000000000000000000000000000000000000000000000000000000000000000000000000000000 
	Parameter INIT_3F bound to: 256'b0000000000000000000000000000000000000000000000000000000000000000000000000000000000000000000000000000000000000000000000000000000000000000000000000000000000000000000000000000000000000000000000000000000000000000000000000000000000000000000000000000000000000000 
	Parameter INIT_A bound to: 18'b000000000000000000 
	Parameter INIT_B bound to: 18'b000000000000000000 
	Parameter INIT_FILE bound to: NONE - type: string 
	Parameter IS_CLKARDCLK_INVERTED bound to: 1'b0 
	Parameter IS_CLKBWRCLK_INVERTED bound to: 1'b0 
	Parameter IS_ENARDEN_INVERTED bound to: 1'b0 
	Parameter IS_ENBWREN_INVERTED bound to: 1'b0 
	Parameter IS_RSTRAMARSTRAM_INVERTED bound to: 1'b0 
	Parameter IS_RSTRAMB_INVERTED bound to: 1'b0 
	Parameter IS_RSTREGARSTREG_INVERTED bound to: 1'b0 
	Parameter IS_RSTREGB_INVERTED bound to: 1'b0 
	Parameter RAM_MODE bound to: TDP - type: string 
	Parameter RDADDR_COLLISION_HWCONFIG bound to: DELAYED_WRITE - type: string 
	Parameter READ_WIDTH_A bound to: 18 - type: integer 
	Parameter READ_WIDTH_B bound to: 18 - type: integer 
	Parameter RSTREG_PRIORITY_A bound to: REGCE - type: string 
	Parameter RSTREG_PRIORITY_B bound to: REGCE - type: string 
	Parameter SIM_COLLISION_CHECK bound to: ALL - type: string 
	Parameter SIM_DEVICE bound to: 7SERIES - type: string 
	Parameter SRVAL_A bound to: 18'b000000000000000000 
	Parameter SRVAL_B bound to: 18'b000000000000000000 
	Parameter WRITE_MODE_A bound to: WRITE_FIRST - type: string 
	Parameter WRITE_MODE_B bound to: WRITE_FIRST - type: string 
	Parameter WRITE_WIDTH_A bound to: 18 - type: integer 
	Parameter WRITE_WIDTH_B bound to: 18 - type: integer 
INFO: [Synth 8-6155] done synthesizing module 'RAMB18E1' (12#1) [C:/Xilinx/Vivado/2018.3/scripts/rt/data/unisim_comp.v:49848]
INFO: [Synth 8-6157] synthesizing module 'jtag_loader_6' [C:/Users/lebray/Vivado-Workflow-Scripts/HW7/T2/als_rom.v:2897]
	Parameter C_JTAG_LOADER_ENABLE bound to: 1 - type: integer 
	Parameter C_FAMILY bound to: 7S - type: string 
	Parameter C_NUM_PICOBLAZE bound to: 1 - type: integer 
	Parameter C_BRAM_MAX_ADDR_WIDTH bound to: 10 - type: integer 
	Parameter C_PICOBLAZE_INSTRUCTION_DATA_WIDTH bound to: 18 - type: integer 
	Parameter C_JTAG_CHAIN bound to: 2 - type: integer 
	Parameter C_ADDR_WIDTH_0 bound to: 10 - type: integer 
	Parameter C_ADDR_WIDTH_1 bound to: 5'b01010 
	Parameter C_ADDR_WIDTH_2 bound to: 5'b01010 
	Parameter C_ADDR_WIDTH_3 bound to: 5'b01010 
	Parameter C_ADDR_WIDTH_4 bound to: 5'b01010 
	Parameter C_ADDR_WIDTH_5 bound to: 5'b01010 
	Parameter C_ADDR_WIDTH_6 bound to: 5'b01010 
	Parameter C_ADDR_WIDTH_7 bound to: 5'b01010 
INFO: [Synth 8-6157] synthesizing module 'BSCANE2' [C:/Xilinx/Vivado/2018.3/scripts/rt/data/unisim_comp.v:424]
	Parameter DISABLE_JTAG bound to: FALSE - type: string 
	Parameter JTAG_CHAIN bound to: 2 - type: integer 
INFO: [Synth 8-6155] done synthesizing module 'BSCANE2' (13#1) [C:/Xilinx/Vivado/2018.3/scripts/rt/data/unisim_comp.v:424]
INFO: [Synth 8-6157] synthesizing module 'BUFG' [C:/Xilinx/Vivado/2018.3/scripts/rt/data/unisim_comp.v:609]
INFO: [Synth 8-6155] done synthesizing module 'BUFG' (14#1) [C:/Xilinx/Vivado/2018.3/scripts/rt/data/unisim_comp.v:609]
INFO: [Synth 8-6155] done synthesizing module 'jtag_loader_6' (15#1) [C:/Users/lebray/Vivado-Workflow-Scripts/HW7/T2/als_rom.v:2897]
INFO: [Synth 8-6155] done synthesizing module 'als_rom' (16#1) [C:/Users/lebray/Vivado-Workflow-Scripts/HW7/T2/als_rom.v:104]
INFO: [Synth 8-6155] done synthesizing module 'als_top' (17#1) [C:/Users/lebray/Vivado-Workflow-Scripts/HW7/T2/als_top.v:6]
WARNING: [Synth 8-3331] design jtag_loader_6 has unconnected port jtag_dout_1[17]
WARNING: [Synth 8-3331] design jtag_loader_6 has unconnected port jtag_dout_1[16]
WARNING: [Synth 8-3331] design jtag_loader_6 has unconnected port jtag_dout_1[15]
WARNING: [Synth 8-3331] design jtag_loader_6 has unconnected port jtag_dout_1[14]
WARNING: [Synth 8-3331] design jtag_loader_6 has unconnected port jtag_dout_1[13]
WARNING: [Synth 8-3331] design jtag_loader_6 has unconnected port jtag_dout_1[12]
WARNING: [Synth 8-3331] design jtag_loader_6 has unconnected port jtag_dout_1[11]
WARNING: [Synth 8-3331] design jtag_loader_6 has unconnected port jtag_dout_1[10]
WARNING: [Synth 8-3331] design jtag_loader_6 has unconnected port jtag_dout_1[9]
WARNING: [Synth 8-3331] design jtag_loader_6 has unconnected port jtag_dout_1[8]
WARNING: [Synth 8-3331] design jtag_loader_6 has unconnected port jtag_dout_1[7]
WARNING: [Synth 8-3331] design jtag_loader_6 has unconnected port jtag_dout_1[6]
WARNING: [Synth 8-3331] design jtag_loader_6 has unconnected port jtag_dout_1[5]
WARNING: [Synth 8-3331] design jtag_loader_6 has unconnected port jtag_dout_1[4]
WARNING: [Synth 8-3331] design jtag_loader_6 has unconnected port jtag_dout_1[3]
WARNING: [Synth 8-3331] design jtag_loader_6 has unconnected port jtag_dout_1[2]
WARNING: [Synth 8-3331] design jtag_loader_6 has unconnected port jtag_dout_1[1]
WARNING: [Synth 8-3331] design jtag_loader_6 has unconnected port jtag_dout_1[0]
WARNING: [Synth 8-3331] design jtag_loader_6 has unconnected port jtag_dout_2[17]
WARNING: [Synth 8-3331] design jtag_loader_6 has unconnected port jtag_dout_2[16]
WARNING: [Synth 8-3331] design jtag_loader_6 has unconnected port jtag_dout_2[15]
WARNING: [Synth 8-3331] design jtag_loader_6 has unconnected port jtag_dout_2[14]
WARNING: [Synth 8-3331] design jtag_loader_6 has unconnected port jtag_dout_2[13]
WARNING: [Synth 8-3331] design jtag_loader_6 has unconnected port jtag_dout_2[12]
WARNING: [Synth 8-3331] design jtag_loader_6 has unconnected port jtag_dout_2[11]
WARNING: [Synth 8-3331] design jtag_loader_6 has unconnected port jtag_dout_2[10]
WARNING: [Synth 8-3331] design jtag_loader_6 has unconnected port jtag_dout_2[9]
WARNING: [Synth 8-3331] design jtag_loader_6 has unconnected port jtag_dout_2[8]
WARNING: [Synth 8-3331] design jtag_loader_6 has unconnected port jtag_dout_2[7]
WARNING: [Synth 8-3331] design jtag_loader_6 has unconnected port jtag_dout_2[6]
WARNING: [Synth 8-3331] design jtag_loader_6 has unconnected port jtag_dout_2[5]
WARNING: [Synth 8-3331] design jtag_loader_6 has unconnected port jtag_dout_2[4]
WARNING: [Synth 8-3331] design jtag_loader_6 has unconnected port jtag_dout_2[3]
WARNING: [Synth 8-3331] design jtag_loader_6 has unconnected port jtag_dout_2[2]
WARNING: [Synth 8-3331] design jtag_loader_6 has unconnected port jtag_dout_2[1]
WARNING: [Synth 8-3331] design jtag_loader_6 has unconnected port jtag_dout_2[0]
WARNING: [Synth 8-3331] design jtag_loader_6 has unconnected port jtag_dout_3[17]
WARNING: [Synth 8-3331] design jtag_loader_6 has unconnected port jtag_dout_3[16]
WARNING: [Synth 8-3331] design jtag_loader_6 has unconnected port jtag_dout_3[15]
WARNING: [Synth 8-3331] design jtag_loader_6 has unconnected port jtag_dout_3[14]
WARNING: [Synth 8-3331] design jtag_loader_6 has unconnected port jtag_dout_3[13]
WARNING: [Synth 8-3331] design jtag_loader_6 has unconnected port jtag_dout_3[12]
WARNING: [Synth 8-3331] design jtag_loader_6 has unconnected port jtag_dout_3[11]
WARNING: [Synth 8-3331] design jtag_loader_6 has unconnected port jtag_dout_3[10]
WARNING: [Synth 8-3331] design jtag_loader_6 has unconnected port jtag_dout_3[9]
WARNING: [Synth 8-3331] design jtag_loader_6 has unconnected port jtag_dout_3[8]
WARNING: [Synth 8-3331] design jtag_loader_6 has unconnected port jtag_dout_3[7]
WARNING: [Synth 8-3331] design jtag_loader_6 has unconnected port jtag_dout_3[6]
WARNING: [Synth 8-3331] design jtag_loader_6 has unconnected port jtag_dout_3[5]
WARNING: [Synth 8-3331] design jtag_loader_6 has unconnected port jtag_dout_3[4]
WARNING: [Synth 8-3331] design jtag_loader_6 has unconnected port jtag_dout_3[3]
WARNING: [Synth 8-3331] design jtag_loader_6 has unconnected port jtag_dout_3[2]
WARNING: [Synth 8-3331] design jtag_loader_6 has unconnected port jtag_dout_3[1]
WARNING: [Synth 8-3331] design jtag_loader_6 has unconnected port jtag_dout_3[0]
WARNING: [Synth 8-3331] design jtag_loader_6 has unconnected port jtag_dout_4[17]
WARNING: [Synth 8-3331] design jtag_loader_6 has unconnected port jtag_dout_4[16]
WARNING: [Synth 8-3331] design jtag_loader_6 has unconnected port jtag_dout_4[15]
WARNING: [Synth 8-3331] design jtag_loader_6 has unconnected port jtag_dout_4[14]
WARNING: [Synth 8-3331] design jtag_loader_6 has unconnected port jtag_dout_4[13]
WARNING: [Synth 8-3331] design jtag_loader_6 has unconnected port jtag_dout_4[12]
WARNING: [Synth 8-3331] design jtag_loader_6 has unconnected port jtag_dout_4[11]
WARNING: [Synth 8-3331] design jtag_loader_6 has unconnected port jtag_dout_4[10]
WARNING: [Synth 8-3331] design jtag_loader_6 has unconnected port jtag_dout_4[9]
WARNING: [Synth 8-3331] design jtag_loader_6 has unconnected port jtag_dout_4[8]
WARNING: [Synth 8-3331] design jtag_loader_6 has unconnected port jtag_dout_4[7]
WARNING: [Synth 8-3331] design jtag_loader_6 has unconnected port jtag_dout_4[6]
WARNING: [Synth 8-3331] design jtag_loader_6 has unconnected port jtag_dout_4[5]
WARNING: [Synth 8-3331] design jtag_loader_6 has unconnected port jtag_dout_4[4]
WARNING: [Synth 8-3331] design jtag_loader_6 has unconnected port jtag_dout_4[3]
WARNING: [Synth 8-3331] design jtag_loader_6 has unconnected port jtag_dout_4[2]
WARNING: [Synth 8-3331] design jtag_loader_6 has unconnected port jtag_dout_4[1]
WARNING: [Synth 8-3331] design jtag_loader_6 has unconnected port jtag_dout_4[0]
WARNING: [Synth 8-3331] design jtag_loader_6 has unconnected port jtag_dout_5[17]
WARNING: [Synth 8-3331] design jtag_loader_6 has unconnected port jtag_dout_5[16]
WARNING: [Synth 8-3331] design jtag_loader_6 has unconnected port jtag_dout_5[15]
WARNING: [Synth 8-3331] design jtag_loader_6 has unconnected port jtag_dout_5[14]
WARNING: [Synth 8-3331] design jtag_loader_6 has unconnected port jtag_dout_5[13]
WARNING: [Synth 8-3331] design jtag_loader_6 has unconnected port jtag_dout_5[12]
WARNING: [Synth 8-3331] design jtag_loader_6 has unconnected port jtag_dout_5[11]
WARNING: [Synth 8-3331] design jtag_loader_6 has unconnected port jtag_dout_5[10]
WARNING: [Synth 8-3331] design jtag_loader_6 has unconnected port jtag_dout_5[9]
WARNING: [Synth 8-3331] design jtag_loader_6 has unconnected port jtag_dout_5[8]
WARNING: [Synth 8-3331] design jtag_loader_6 has unconnected port jtag_dout_5[7]
WARNING: [Synth 8-3331] design jtag_loader_6 has unconnected port jtag_dout_5[6]
WARNING: [Synth 8-3331] design jtag_loader_6 has unconnected port jtag_dout_5[5]
WARNING: [Synth 8-3331] design jtag_loader_6 has unconnected port jtag_dout_5[4]
WARNING: [Synth 8-3331] design jtag_loader_6 has unconnected port jtag_dout_5[3]
WARNING: [Synth 8-3331] design jtag_loader_6 has unconnected port jtag_dout_5[2]
WARNING: [Synth 8-3331] design jtag_loader_6 has unconnected port jtag_dout_5[1]
WARNING: [Synth 8-3331] design jtag_loader_6 has unconnected port jtag_dout_5[0]
WARNING: [Synth 8-3331] design jtag_loader_6 has unconnected port jtag_dout_6[17]
WARNING: [Synth 8-3331] design jtag_loader_6 has unconnected port jtag_dout_6[16]
WARNING: [Synth 8-3331] design jtag_loader_6 has unconnected port jtag_dout_6[15]
WARNING: [Synth 8-3331] design jtag_loader_6 has unconnected port jtag_dout_6[14]
WARNING: [Synth 8-3331] design jtag_loader_6 has unconnected port jtag_dout_6[13]
WARNING: [Synth 8-3331] design jtag_loader_6 has unconnected port jtag_dout_6[12]
WARNING: [Synth 8-3331] design jtag_loader_6 has unconnected port jtag_dout_6[11]
WARNING: [Synth 8-3331] design jtag_loader_6 has unconnected port jtag_dout_6[10]
WARNING: [Synth 8-3331] design jtag_loader_6 has unconnected port jtag_dout_6[9]
WARNING: [Synth 8-3331] design jtag_loader_6 has unconnected port jtag_dout_6[8]
INFO: [Common 17-14] Message 'Synth 8-3331' appears 100 times and further instances of the messages will be disabled. Use the Tcl command set_msg_config to change the current settings.
---------------------------------------------------------------------------------
Finished RTL Elaboration : Time (s): cpu = 00:00:01 ; elapsed = 00:00:02 . Memory (MB): peak = 414.191 ; gain = 151.379
---------------------------------------------------------------------------------

Report Check Netlist: 
+------+------------------+-------+---------+-------+------------------+
|      |Item              |Errors |Warnings |Status |Description       |
+------+------------------+-------+---------+-------+------------------+
|1     |multi_driven_nets |      0|        0|Passed |Multi driven nets |
+------+------------------+-------+---------+-------+------------------+
---------------------------------------------------------------------------------
Start Handling Custom Attributes
---------------------------------------------------------------------------------
---------------------------------------------------------------------------------
Finished Handling Custom Attributes : Time (s): cpu = 00:00:01 ; elapsed = 00:00:02 . Memory (MB): peak = 414.191 ; gain = 151.379
---------------------------------------------------------------------------------
---------------------------------------------------------------------------------
Finished RTL Optimization Phase 1 : Time (s): cpu = 00:00:01 ; elapsed = 00:00:02 . Memory (MB): peak = 414.191 ; gain = 151.379
---------------------------------------------------------------------------------
INFO: [Netlist 29-17] Analyzing 181 Unisim elements for replacement
INFO: [Netlist 29-28] Unisim Transformation completed in 0 CPU seconds
INFO: [Device 21-403] Loading part xc7a35tcpg236-1
INFO: [Project 1-570] Preparing netlist for logic optimization

Processing XDC Constraints
Initializing timing engine
Parsing XDC File [C:/Users/lebray/Vivado-Workflow-Scripts/Basys3_Master.xdc]
WARNING: [Vivado 12-584] No ports matched 'sw[0]'. [C:/Users/lebray/Vivado-Workflow-Scripts/Basys3_Master.xdc:12]
CRITICAL WARNING: [Common 17-55] 'set_property' expects at least one object. [C:/Users/lebray/Vivado-Workflow-Scripts/Basys3_Master.xdc:12]
Resolution: If [get_<value>] was used to populate the object, check to make sure this command returns at least one valid object.
WARNING: [Vivado 12-584] No ports matched 'sw[0]'. [C:/Users/lebray/Vivado-Workflow-Scripts/Basys3_Master.xdc:13]
CRITICAL WARNING: [Common 17-55] 'set_property' expects at least one object. [C:/Users/lebray/Vivado-Workflow-Scripts/Basys3_Master.xdc:13]
Resolution: If [get_<value>] was used to populate the object, check to make sure this command returns at least one valid object.
WARNING: [Vivado 12-584] No ports matched 'sw[1]'. [C:/Users/lebray/Vivado-Workflow-Scripts/Basys3_Master.xdc:14]
CRITICAL WARNING: [Common 17-55] 'set_property' expects at least one object. [C:/Users/lebray/Vivado-Workflow-Scripts/Basys3_Master.xdc:14]
Resolution: If [get_<value>] was used to populate the object, check to make sure this command returns at least one valid object.
WARNING: [Vivado 12-584] No ports matched 'sw[1]'. [C:/Users/lebray/Vivado-Workflow-Scripts/Basys3_Master.xdc:15]
CRITICAL WARNING: [Common 17-55] 'set_property' expects at least one object. [C:/Users/lebray/Vivado-Workflow-Scripts/Basys3_Master.xdc:15]
Resolution: If [get_<value>] was used to populate the object, check to make sure this command returns at least one valid object.
WARNING: [Vivado 12-584] No ports matched 'sw[2]'. [C:/Users/lebray/Vivado-Workflow-Scripts/Basys3_Master.xdc:16]
CRITICAL WARNING: [Common 17-55] 'set_property' expects at least one object. [C:/Users/lebray/Vivado-Workflow-Scripts/Basys3_Master.xdc:16]
Resolution: If [get_<value>] was used to populate the object, check to make sure this command returns at least one valid object.
WARNING: [Vivado 12-584] No ports matched 'sw[2]'. [C:/Users/lebray/Vivado-Workflow-Scripts/Basys3_Master.xdc:17]
CRITICAL WARNING: [Common 17-55] 'set_property' expects at least one object. [C:/Users/lebray/Vivado-Workflow-Scripts/Basys3_Master.xdc:17]
Resolution: If [get_<value>] was used to populate the object, check to make sure this command returns at least one valid object.
WARNING: [Vivado 12-584] No ports matched 'sw[3]'. [C:/Users/lebray/Vivado-Workflow-Scripts/Basys3_Master.xdc:18]
CRITICAL WARNING: [Common 17-55] 'set_property' expects at least one object. [C:/Users/lebray/Vivado-Workflow-Scripts/Basys3_Master.xdc:18]
Resolution: If [get_<value>] was used to populate the object, check to make sure this command returns at least one valid object.
WARNING: [Vivado 12-584] No ports matched 'sw[3]'. [C:/Users/lebray/Vivado-Workflow-Scripts/Basys3_Master.xdc:19]
CRITICAL WARNING: [Common 17-55] 'set_property' expects at least one object. [C:/Users/lebray/Vivado-Workflow-Scripts/Basys3_Master.xdc:19]
Resolution: If [get_<value>] was used to populate the object, check to make sure this command returns at least one valid object.
WARNING: [Vivado 12-584] No ports matched 'sw[4]'. [C:/Users/lebray/Vivado-Workflow-Scripts/Basys3_Master.xdc:20]
CRITICAL WARNING: [Common 17-55] 'set_property' expects at least one object. [C:/Users/lebray/Vivado-Workflow-Scripts/Basys3_Master.xdc:20]
Resolution: If [get_<value>] was used to populate the object, check to make sure this command returns at least one valid object.
WARNING: [Vivado 12-584] No ports matched 'sw[4]'. [C:/Users/lebray/Vivado-Workflow-Scripts/Basys3_Master.xdc:21]
CRITICAL WARNING: [Common 17-55] 'set_property' expects at least one object. [C:/Users/lebray/Vivado-Workflow-Scripts/Basys3_Master.xdc:21]
Resolution: If [get_<value>] was used to populate the object, check to make sure this command returns at least one valid object.
WARNING: [Vivado 12-584] No ports matched 'sw[5]'. [C:/Users/lebray/Vivado-Workflow-Scripts/Basys3_Master.xdc:22]
CRITICAL WARNING: [Common 17-55] 'set_property' expects at least one object. [C:/Users/lebray/Vivado-Workflow-Scripts/Basys3_Master.xdc:22]
Resolution: If [get_<value>] was used to populate the object, check to make sure this command returns at least one valid object.
WARNING: [Vivado 12-584] No ports matched 'sw[5]'. [C:/Users/lebray/Vivado-Workflow-Scripts/Basys3_Master.xdc:23]
CRITICAL WARNING: [Common 17-55] 'set_property' expects at least one object. [C:/Users/lebray/Vivado-Workflow-Scripts/Basys3_Master.xdc:23]
Resolution: If [get_<value>] was used to populate the object, check to make sure this command returns at least one valid object.
WARNING: [Vivado 12-584] No ports matched 'sw[6]'. [C:/Users/lebray/Vivado-Workflow-Scripts/Basys3_Master.xdc:24]
CRITICAL WARNING: [Common 17-55] 'set_property' expects at least one object. [C:/Users/lebray/Vivado-Workflow-Scripts/Basys3_Master.xdc:24]
Resolution: If [get_<value>] was used to populate the object, check to make sure this command returns at least one valid object.
WARNING: [Vivado 12-584] No ports matched 'sw[6]'. [C:/Users/lebray/Vivado-Workflow-Scripts/Basys3_Master.xdc:25]
CRITICAL WARNING: [Common 17-55] 'set_property' expects at least one object. [C:/Users/lebray/Vivado-Workflow-Scripts/Basys3_Master.xdc:25]
Resolution: If [get_<value>] was used to populate the object, check to make sure this command returns at least one valid object.
WARNING: [Vivado 12-584] No ports matched 'sw[7]'. [C:/Users/lebray/Vivado-Workflow-Scripts/Basys3_Master.xdc:26]
CRITICAL WARNING: [Common 17-55] 'set_property' expects at least one object. [C:/Users/lebray/Vivado-Workflow-Scripts/Basys3_Master.xdc:26]
Resolution: If [get_<value>] was used to populate the object, check to make sure this command returns at least one valid object.
WARNING: [Vivado 12-584] No ports matched 'sw[7]'. [C:/Users/lebray/Vivado-Workflow-Scripts/Basys3_Master.xdc:27]
CRITICAL WARNING: [Common 17-55] 'set_property' expects at least one object. [C:/Users/lebray/Vivado-Workflow-Scripts/Basys3_Master.xdc:27]
Resolution: If [get_<value>] was used to populate the object, check to make sure this command returns at least one valid object.
WARNING: [Vivado 12-584] No ports matched 'sw[8]'. [C:/Users/lebray/Vivado-Workflow-Scripts/Basys3_Master.xdc:28]
CRITICAL WARNING: [Common 17-55] 'set_property' expects at least one object. [C:/Users/lebray/Vivado-Workflow-Scripts/Basys3_Master.xdc:28]
Resolution: If [get_<value>] was used to populate the object, check to make sure this command returns at least one valid object.
WARNING: [Vivado 12-584] No ports matched 'sw[8]'. [C:/Users/lebray/Vivado-Workflow-Scripts/Basys3_Master.xdc:29]
CRITICAL WARNING: [Common 17-55] 'set_property' expects at least one object. [C:/Users/lebray/Vivado-Workflow-Scripts/Basys3_Master.xdc:29]
Resolution: If [get_<value>] was used to populate the object, check to make sure this command returns at least one valid object.
WARNING: [Vivado 12-584] No ports matched 'sw[9]'. [C:/Users/lebray/Vivado-Workflow-Scripts/Basys3_Master.xdc:30]
CRITICAL WARNING: [Common 17-55] 'set_property' expects at least one object. [C:/Users/lebray/Vivado-Workflow-Scripts/Basys3_Master.xdc:30]
Resolution: If [get_<value>] was used to populate the object, check to make sure this command returns at least one valid object.
WARNING: [Vivado 12-584] No ports matched 'sw[9]'. [C:/Users/lebray/Vivado-Workflow-Scripts/Basys3_Master.xdc:31]
CRITICAL WARNING: [Common 17-55] 'set_property' expects at least one object. [C:/Users/lebray/Vivado-Workflow-Scripts/Basys3_Master.xdc:31]
Resolution: If [get_<value>] was used to populate the object, check to make sure this command returns at least one valid object.
WARNING: [Vivado 12-584] No ports matched 'sw[10]'. [C:/Users/lebray/Vivado-Workflow-Scripts/Basys3_Master.xdc:32]
CRITICAL WARNING: [Common 17-55] 'set_property' expects at least one object. [C:/Users/lebray/Vivado-Workflow-Scripts/Basys3_Master.xdc:32]
Resolution: If [get_<value>] was used to populate the object, check to make sure this command returns at least one valid object.
WARNING: [Vivado 12-584] No ports matched 'sw[10]'. [C:/Users/lebray/Vivado-Workflow-Scripts/Basys3_Master.xdc:33]
CRITICAL WARNING: [Common 17-55] 'set_property' expects at least one object. [C:/Users/lebray/Vivado-Workflow-Scripts/Basys3_Master.xdc:33]
Resolution: If [get_<value>] was used to populate the object, check to make sure this command returns at least one valid object.
WARNING: [Vivado 12-584] No ports matched 'sw[11]'. [C:/Users/lebray/Vivado-Workflow-Scripts/Basys3_Master.xdc:34]
CRITICAL WARNING: [Common 17-55] 'set_property' expects at least one object. [C:/Users/lebray/Vivado-Workflow-Scripts/Basys3_Master.xdc:34]
Resolution: If [get_<value>] was used to populate the object, check to make sure this command returns at least one valid object.
WARNING: [Vivado 12-584] No ports matched 'sw[11]'. [C:/Users/lebray/Vivado-Workflow-Scripts/Basys3_Master.xdc:35]
CRITICAL WARNING: [Common 17-55] 'set_property' expects at least one object. [C:/Users/lebray/Vivado-Workflow-Scripts/Basys3_Master.xdc:35]
Resolution: If [get_<value>] was used to populate the object, check to make sure this command returns at least one valid object.
WARNING: [Vivado 12-584] No ports matched 'sw[12]'. [C:/Users/lebray/Vivado-Workflow-Scripts/Basys3_Master.xdc:36]
CRITICAL WARNING: [Common 17-55] 'set_property' expects at least one object. [C:/Users/lebray/Vivado-Workflow-Scripts/Basys3_Master.xdc:36]
Resolution: If [get_<value>] was used to populate the object, check to make sure this command returns at least one valid object.
WARNING: [Vivado 12-584] No ports matched 'sw[12]'. [C:/Users/lebray/Vivado-Workflow-Scripts/Basys3_Master.xdc:37]
CRITICAL WARNING: [Common 17-55] 'set_property' expects at least one object. [C:/Users/lebray/Vivado-Workflow-Scripts/Basys3_Master.xdc:37]
Resolution: If [get_<value>] was used to populate the object, check to make sure this command returns at least one valid object.
WARNING: [Vivado 12-584] No ports matched 'sw[13]'. [C:/Users/lebray/Vivado-Workflow-Scripts/Basys3_Master.xdc:38]
CRITICAL WARNING: [Common 17-55] 'set_property' expects at least one object. [C:/Users/lebray/Vivado-Workflow-Scripts/Basys3_Master.xdc:38]
Resolution: If [get_<value>] was used to populate the object, check to make sure this command returns at least one valid object.
WARNING: [Vivado 12-584] No ports matched 'sw[13]'. [C:/Users/lebray/Vivado-Workflow-Scripts/Basys3_Master.xdc:39]
CRITICAL WARNING: [Common 17-55] 'set_property' expects at least one object. [C:/Users/lebray/Vivado-Workflow-Scripts/Basys3_Master.xdc:39]
Resolution: If [get_<value>] was used to populate the object, check to make sure this command returns at least one valid object.
WARNING: [Vivado 12-584] No ports matched 'sw[14]'. [C:/Users/lebray/Vivado-Workflow-Scripts/Basys3_Master.xdc:40]
CRITICAL WARNING: [Common 17-55] 'set_property' expects at least one object. [C:/Users/lebray/Vivado-Workflow-Scripts/Basys3_Master.xdc:40]
Resolution: If [get_<value>] was used to populate the object, check to make sure this command returns at least one valid object.
WARNING: [Vivado 12-584] No ports matched 'sw[14]'. [C:/Users/lebray/Vivado-Workflow-Scripts/Basys3_Master.xdc:41]
CRITICAL WARNING: [Common 17-55] 'set_property' expects at least one object. [C:/Users/lebray/Vivado-Workflow-Scripts/Basys3_Master.xdc:41]
Resolution: If [get_<value>] was used to populate the object, check to make sure this command returns at least one valid object.
WARNING: [Vivado 12-584] No ports matched 'sw[15]'. [C:/Users/lebray/Vivado-Workflow-Scripts/Basys3_Master.xdc:42]
CRITICAL WARNING: [Common 17-55] 'set_property' expects at least one object. [C:/Users/lebray/Vivado-Workflow-Scripts/Basys3_Master.xdc:42]
Resolution: If [get_<value>] was used to populate the object, check to make sure this command returns at least one valid object.
WARNING: [Vivado 12-584] No ports matched 'sw[15]'. [C:/Users/lebray/Vivado-Workflow-Scripts/Basys3_Master.xdc:43]
CRITICAL WARNING: [Common 17-55] 'set_property' expects at least one object. [C:/Users/lebray/Vivado-Workflow-Scripts/Basys3_Master.xdc:43]
Resolution: If [get_<value>] was used to populate the object, check to make sure this command returns at least one valid object.
WARNING: [Vivado 12-584] No ports matched 'seg[0]'. [C:/Users/lebray/Vivado-Workflow-Scripts/Basys3_Master.xdc:82]
CRITICAL WARNING: [Common 17-55] 'set_property' expects at least one object. [C:/Users/lebray/Vivado-Workflow-Scripts/Basys3_Master.xdc:82]
Resolution: If [get_<value>] was used to populate the object, check to make sure this command returns at least one valid object.
WARNING: [Vivado 12-584] No ports matched 'seg[0]'. [C:/Users/lebray/Vivado-Workflow-Scripts/Basys3_Master.xdc:83]
CRITICAL WARNING: [Common 17-55] 'set_property' expects at least one object. [C:/Users/lebray/Vivado-Workflow-Scripts/Basys3_Master.xdc:83]
Resolution: If [get_<value>] was used to populate the object, check to make sure this command returns at least one valid object.
WARNING: [Vivado 12-584] No ports matched 'seg[1]'. [C:/Users/lebray/Vivado-Workflow-Scripts/Basys3_Master.xdc:84]
CRITICAL WARNING: [Common 17-55] 'set_property' expects at least one object. [C:/Users/lebray/Vivado-Workflow-Scripts/Basys3_Master.xdc:84]
Resolution: If [get_<value>] was used to populate the object, check to make sure this command returns at least one valid object.
WARNING: [Vivado 12-584] No ports matched 'seg[1]'. [C:/Users/lebray/Vivado-Workflow-Scripts/Basys3_Master.xdc:85]
CRITICAL WARNING: [Common 17-55] 'set_property' expects at least one object. [C:/Users/lebray/Vivado-Workflow-Scripts/Basys3_Master.xdc:85]
Resolution: If [get_<value>] was used to populate the object, check to make sure this command returns at least one valid object.
WARNING: [Vivado 12-584] No ports matched 'seg[2]'. [C:/Users/lebray/Vivado-Workflow-Scripts/Basys3_Master.xdc:86]
CRITICAL WARNING: [Common 17-55] 'set_property' expects at least one object. [C:/Users/lebray/Vivado-Workflow-Scripts/Basys3_Master.xdc:86]
Resolution: If [get_<value>] was used to populate the object, check to make sure this command returns at least one valid object.
WARNING: [Vivado 12-584] No ports matched 'seg[2]'. [C:/Users/lebray/Vivado-Workflow-Scripts/Basys3_Master.xdc:87]
CRITICAL WARNING: [Common 17-55] 'set_property' expects at least one object. [C:/Users/lebray/Vivado-Workflow-Scripts/Basys3_Master.xdc:87]
Resolution: If [get_<value>] was used to populate the object, check to make sure this command returns at least one valid object.
WARNING: [Vivado 12-584] No ports matched 'seg[3]'. [C:/Users/lebray/Vivado-Workflow-Scripts/Basys3_Master.xdc:88]
CRITICAL WARNING: [Common 17-55] 'set_property' expects at least one object. [C:/Users/lebray/Vivado-Workflow-Scripts/Basys3_Master.xdc:88]
Resolution: If [get_<value>] was used to populate the object, check to make sure this command returns at least one valid object.
WARNING: [Vivado 12-584] No ports matched 'seg[3]'. [C:/Users/lebray/Vivado-Workflow-Scripts/Basys3_Master.xdc:89]
CRITICAL WARNING: [Common 17-55] 'set_property' expects at least one object. [C:/Users/lebray/Vivado-Workflow-Scripts/Basys3_Master.xdc:89]
Resolution: If [get_<value>] was used to populate the object, check to make sure this command returns at least one valid object.
WARNING: [Vivado 12-584] No ports matched 'seg[4]'. [C:/Users/lebray/Vivado-Workflow-Scripts/Basys3_Master.xdc:90]
CRITICAL WARNING: [Common 17-55] 'set_property' expects at least one object. [C:/Users/lebray/Vivado-Workflow-Scripts/Basys3_Master.xdc:90]
Resolution: If [get_<value>] was used to populate the object, check to make sure this command returns at least one valid object.
WARNING: [Vivado 12-584] No ports matched 'seg[4]'. [C:/Users/lebray/Vivado-Workflow-Scripts/Basys3_Master.xdc:91]
CRITICAL WARNING: [Common 17-55] 'set_property' expects at least one object. [C:/Users/lebray/Vivado-Workflow-Scripts/Basys3_Master.xdc:91]
Resolution: If [get_<value>] was used to populate the object, check to make sure this command returns at least one valid object.
WARNING: [Vivado 12-584] No ports matched 'seg[5]'. [C:/Users/lebray/Vivado-Workflow-Scripts/Basys3_Master.xdc:92]
CRITICAL WARNING: [Common 17-55] 'set_property' expects at least one object. [C:/Users/lebray/Vivado-Workflow-Scripts/Basys3_Master.xdc:92]
Resolution: If [get_<value>] was used to populate the object, check to make sure this command returns at least one valid object.
WARNING: [Vivado 12-584] No ports matched 'seg[5]'. [C:/Users/lebray/Vivado-Workflow-Scripts/Basys3_Master.xdc:93]
CRITICAL WARNING: [Common 17-55] 'set_property' expects at least one object. [C:/Users/lebray/Vivado-Workflow-Scripts/Basys3_Master.xdc:93]
Resolution: If [get_<value>] was used to populate the object, check to make sure this command returns at least one valid object.
WARNING: [Vivado 12-584] No ports matched 'seg[6]'. [C:/Users/lebray/Vivado-Workflow-Scripts/Basys3_Master.xdc:94]
CRITICAL WARNING: [Common 17-55] 'set_property' expects at least one object. [C:/Users/lebray/Vivado-Workflow-Scripts/Basys3_Master.xdc:94]
Resolution: If [get_<value>] was used to populate the object, check to make sure this command returns at least one valid object.
WARNING: [Vivado 12-584] No ports matched 'seg[6]'. [C:/Users/lebray/Vivado-Workflow-Scripts/Basys3_Master.xdc:95]
CRITICAL WARNING: [Common 17-55] 'set_property' expects at least one object. [C:/Users/lebray/Vivado-Workflow-Scripts/Basys3_Master.xdc:95]
Resolution: If [get_<value>] was used to populate the object, check to make sure this command returns at least one valid object.
WARNING: [Vivado 12-584] No ports matched 'dp'. [C:/Users/lebray/Vivado-Workflow-Scripts/Basys3_Master.xdc:97]
CRITICAL WARNING: [Common 17-55] 'set_property' expects at least one object. [C:/Users/lebray/Vivado-Workflow-Scripts/Basys3_Master.xdc:97]
Resolution: If [get_<value>] was used to populate the object, check to make sure this command returns at least one valid object.
WARNING: [Vivado 12-584] No ports matched 'dp'. [C:/Users/lebray/Vivado-Workflow-Scripts/Basys3_Master.xdc:98]
CRITICAL WARNING: [Common 17-55] 'set_property' expects at least one object. [C:/Users/lebray/Vivado-Workflow-Scripts/Basys3_Master.xdc:98]
Resolution: If [get_<value>] was used to populate the object, check to make sure this command returns at least one valid object.
WARNING: [Vivado 12-584] No ports matched 'an[0]'. [C:/Users/lebray/Vivado-Workflow-Scripts/Basys3_Master.xdc:100]
CRITICAL WARNING: [Common 17-55] 'set_property' expects at least one object. [C:/Users/lebray/Vivado-Workflow-Scripts/Basys3_Master.xdc:100]
Resolution: If [get_<value>] was used to populate the object, check to make sure this command returns at least one valid object.
WARNING: [Vivado 12-584] No ports matched 'an[0]'. [C:/Users/lebray/Vivado-Workflow-Scripts/Basys3_Master.xdc:101]
CRITICAL WARNING: [Common 17-55] 'set_property' expects at least one object. [C:/Users/lebray/Vivado-Workflow-Scripts/Basys3_Master.xdc:101]
Resolution: If [get_<value>] was used to populate the object, check to make sure this command returns at least one valid object.
WARNING: [Vivado 12-584] No ports matched 'an[1]'. [C:/Users/lebray/Vivado-Workflow-Scripts/Basys3_Master.xdc:102]
CRITICAL WARNING: [Common 17-55] 'set_property' expects at least one object. [C:/Users/lebray/Vivado-Workflow-Scripts/Basys3_Master.xdc:102]
Resolution: If [get_<value>] was used to populate the object, check to make sure this command returns at least one valid object.
WARNING: [Vivado 12-584] No ports matched 'an[1]'. [C:/Users/lebray/Vivado-Workflow-Scripts/Basys3_Master.xdc:103]
CRITICAL WARNING: [Common 17-55] 'set_property' expects at least one object. [C:/Users/lebray/Vivado-Workflow-Scripts/Basys3_Master.xdc:103]
Resolution: If [get_<value>] was used to populate the object, check to make sure this command returns at least one valid object.
WARNING: [Vivado 12-584] No ports matched 'an[2]'. [C:/Users/lebray/Vivado-Workflow-Scripts/Basys3_Master.xdc:104]
CRITICAL WARNING: [Common 17-55] 'set_property' expects at least one object. [C:/Users/lebray/Vivado-Workflow-Scripts/Basys3_Master.xdc:104]
Resolution: If [get_<value>] was used to populate the object, check to make sure this command returns at least one valid object.
WARNING: [Vivado 12-584] No ports matched 'an[2]'. [C:/Users/lebray/Vivado-Workflow-Scripts/Basys3_Master.xdc:105]
CRITICAL WARNING: [Common 17-55] 'set_property' expects at least one object. [C:/Users/lebray/Vivado-Workflow-Scripts/Basys3_Master.xdc:105]
Resolution: If [get_<value>] was used to populate the object, check to make sure this command returns at least one valid object.
WARNING: [Vivado 12-584] No ports matched 'an[3]'. [C:/Users/lebray/Vivado-Workflow-Scripts/Basys3_Master.xdc:106]
CRITICAL WARNING: [Common 17-55] 'set_property' expects at least one object. [C:/Users/lebray/Vivado-Workflow-Scripts/Basys3_Master.xdc:106]
Resolution: If [get_<value>] was used to populate the object, check to make sure this command returns at least one valid object.
WARNING: [Vivado 12-584] No ports matched 'an[3]'. [C:/Users/lebray/Vivado-Workflow-Scripts/Basys3_Master.xdc:107]
CRITICAL WARNING: [Common 17-55] 'set_property' expects at least one object. [C:/Users/lebray/Vivado-Workflow-Scripts/Basys3_Master.xdc:107]
Resolution: If [get_<value>] was used to populate the object, check to make sure this command returns at least one valid object.
WARNING: [Vivado 12-584] No ports matched 'btnU'. [C:/Users/lebray/Vivado-Workflow-Scripts/Basys3_Master.xdc:113]
CRITICAL WARNING: [Common 17-55] 'set_property' expects at least one object. [C:/Users/lebray/Vivado-Workflow-Scripts/Basys3_Master.xdc:113]
Resolution: If [get_<value>] was used to populate the object, check to make sure this command returns at least one valid object.
WARNING: [Vivado 12-584] No ports matched 'btnU'. [C:/Users/lebray/Vivado-Workflow-Scripts/Basys3_Master.xdc:114]
CRITICAL WARNING: [Common 17-55] 'set_property' expects at least one object. [C:/Users/lebray/Vivado-Workflow-Scripts/Basys3_Master.xdc:114]
Resolution: If [get_<value>] was used to populate the object, check to make sure this command returns at least one valid object.
WARNING: [Vivado 12-584] No ports matched 'btnL'. [C:/Users/lebray/Vivado-Workflow-Scripts/Basys3_Master.xdc:115]
CRITICAL WARNING: [Common 17-55] 'set_property' expects at least one object. [C:/Users/lebray/Vivado-Workflow-Scripts/Basys3_Master.xdc:115]
Resolution: If [get_<value>] was used to populate the object, check to make sure this command returns at least one valid object.
WARNING: [Vivado 12-584] No ports matched 'btnL'. [C:/Users/lebray/Vivado-Workflow-Scripts/Basys3_Master.xdc:116]
CRITICAL WARNING: [Common 17-55] 'set_property' expects at least one object. [C:/Users/lebray/Vivado-Workflow-Scripts/Basys3_Master.xdc:116]
Resolution: If [get_<value>] was used to populate the object, check to make sure this command returns at least one valid object.
WARNING: [Vivado 12-584] No ports matched 'btnR'. [C:/Users/lebray/Vivado-Workflow-Scripts/Basys3_Master.xdc:117]
CRITICAL WARNING: [Common 17-55] 'set_property' expects at least one object. [C:/Users/lebray/Vivado-Workflow-Scripts/Basys3_Master.xdc:117]
Resolution: If [get_<value>] was used to populate the object, check to make sure this command returns at least one valid object.
WARNING: [Vivado 12-584] No ports matched 'btnR'. [C:/Users/lebray/Vivado-Workflow-Scripts/Basys3_Master.xdc:118]
CRITICAL WARNING: [Common 17-55] 'set_property' expects at least one object. [C:/Users/lebray/Vivado-Workflow-Scripts/Basys3_Master.xdc:118]
Resolution: If [get_<value>] was used to populate the object, check to make sure this command returns at least one valid object.
WARNING: [Vivado 12-584] No ports matched 'btnD'. [C:/Users/lebray/Vivado-Workflow-Scripts/Basys3_Master.xdc:119]
CRITICAL WARNING: [Common 17-55] 'set_property' expects at least one object. [C:/Users/lebray/Vivado-Workflow-Scripts/Basys3_Master.xdc:119]
Resolution: If [get_<value>] was used to populate the object, check to make sure this command returns at least one valid object.
WARNING: [Vivado 12-584] No ports matched 'btnD'. [C:/Users/lebray/Vivado-Workflow-Scripts/Basys3_Master.xdc:120]
CRITICAL WARNING: [Common 17-55] 'set_property' expects at least one object. [C:/Users/lebray/Vivado-Workflow-Scripts/Basys3_Master.xdc:120]
Resolution: If [get_<value>] was used to populate the object, check to make sure this command returns at least one valid object.
WARNING: [Vivado 12-584] No ports matched 'JA[0]'. [C:/Users/lebray/Vivado-Workflow-Scripts/Basys3_Master.xdc:126]
CRITICAL WARNING: [Common 17-55] 'set_property' expects at least one object. [C:/Users/lebray/Vivado-Workflow-Scripts/Basys3_Master.xdc:126]
Resolution: If [get_<value>] was used to populate the object, check to make sure this command returns at least one valid object.
WARNING: [Vivado 12-584] No ports matched 'JA[0]'. [C:/Users/lebray/Vivado-Workflow-Scripts/Basys3_Master.xdc:127]
CRITICAL WARNING: [Common 17-55] 'set_property' expects at least one object. [C:/Users/lebray/Vivado-Workflow-Scripts/Basys3_Master.xdc:127]
Resolution: If [get_<value>] was used to populate the object, check to make sure this command returns at least one valid object.
WARNING: [Vivado 12-584] No ports matched 'JA[1]'. [C:/Users/lebray/Vivado-Workflow-Scripts/Basys3_Master.xdc:129]
CRITICAL WARNING: [Common 17-55] 'set_property' expects at least one object. [C:/Users/lebray/Vivado-Workflow-Scripts/Basys3_Master.xdc:129]
Resolution: If [get_<value>] was used to populate the object, check to make sure this command returns at least one valid object.
WARNING: [Vivado 12-584] No ports matched 'JA[1]'. [C:/Users/lebray/Vivado-Workflow-Scripts/Basys3_Master.xdc:130]
CRITICAL WARNING: [Common 17-55] 'set_property' expects at least one object. [C:/Users/lebray/Vivado-Workflow-Scripts/Basys3_Master.xdc:130]
Resolution: If [get_<value>] was used to populate the object, check to make sure this command returns at least one valid object.
WARNING: [Vivado 12-584] No ports matched 'JA[2]'. [C:/Users/lebray/Vivado-Workflow-Scripts/Basys3_Master.xdc:132]
CRITICAL WARNING: [Common 17-55] 'set_property' expects at least one object. [C:/Users/lebray/Vivado-Workflow-Scripts/Basys3_Master.xdc:132]
Resolution: If [get_<value>] was used to populate the object, check to make sure this command returns at least one valid object.
WARNING: [Vivado 12-584] No ports matched 'JA[2]'. [C:/Users/lebray/Vivado-Workflow-Scripts/Basys3_Master.xdc:133]
CRITICAL WARNING: [Common 17-55] 'set_property' expects at least one object. [C:/Users/lebray/Vivado-Workflow-Scripts/Basys3_Master.xdc:133]
Resolution: If [get_<value>] was used to populate the object, check to make sure this command returns at least one valid object.
WARNING: [Vivado 12-584] No ports matched 'JA[3]'. [C:/Users/lebray/Vivado-Workflow-Scripts/Basys3_Master.xdc:135]
CRITICAL WARNING: [Common 17-55] 'set_property' expects at least one object. [C:/Users/lebray/Vivado-Workflow-Scripts/Basys3_Master.xdc:135]
Resolution: If [get_<value>] was used to populate the object, check to make sure this command returns at least one valid object.
WARNING: [Vivado 12-584] No ports matched 'JA[3]'. [C:/Users/lebray/Vivado-Workflow-Scripts/Basys3_Master.xdc:136]
CRITICAL WARNING: [Common 17-55] 'set_property' expects at least one object. [C:/Users/lebray/Vivado-Workflow-Scripts/Basys3_Master.xdc:136]
Resolution: If [get_<value>] was used to populate the object, check to make sure this command returns at least one valid object.
WARNING: [Vivado 12-584] No ports matched 'JA[4]'. [C:/Users/lebray/Vivado-Workflow-Scripts/Basys3_Master.xdc:138]
CRITICAL WARNING: [Common 17-55] 'set_property' expects at least one object. [C:/Users/lebray/Vivado-Workflow-Scripts/Basys3_Master.xdc:138]
Resolution: If [get_<value>] was used to populate the object, check to make sure this command returns at least one valid object.
WARNING: [Vivado 12-584] No ports matched 'JA[4]'. [C:/Users/lebray/Vivado-Workflow-Scripts/Basys3_Master.xdc:139]
CRITICAL WARNING: [Common 17-55] 'set_property' expects at least one object. [C:/Users/lebray/Vivado-Workflow-Scripts/Basys3_Master.xdc:139]
Resolution: If [get_<value>] was used to populate the object, check to make sure this command returns at least one valid object.
WARNING: [Vivado 12-584] No ports matched 'JA[5]'. [C:/Users/lebray/Vivado-Workflow-Scripts/Basys3_Master.xdc:141]
CRITICAL WARNING: [Common 17-55] 'set_property' expects at least one object. [C:/Users/lebray/Vivado-Workflow-Scripts/Basys3_Master.xdc:141]
Resolution: If [get_<value>] was used to populate the object, check to make sure this command returns at least one valid object.
WARNING: [Vivado 12-584] No ports matched 'JA[5]'. [C:/Users/lebray/Vivado-Workflow-Scripts/Basys3_Master.xdc:142]
CRITICAL WARNING: [Common 17-55] 'set_property' expects at least one object. [C:/Users/lebray/Vivado-Workflow-Scripts/Basys3_Master.xdc:142]
Resolution: If [get_<value>] was used to populate the object, check to make sure this command returns at least one valid object.
WARNING: [Vivado 12-584] No ports matched 'JA[6]'. [C:/Users/lebray/Vivado-Workflow-Scripts/Basys3_Master.xdc:144]
CRITICAL WARNING: [Common 17-55] 'set_property' expects at least one object. [C:/Users/lebray/Vivado-Workflow-Scripts/Basys3_Master.xdc:144]
Resolution: If [get_<value>] was used to populate the object, check to make sure this command returns at least one valid object.
WARNING: [Vivado 12-584] No ports matched 'JA[6]'. [C:/Users/lebray/Vivado-Workflow-Scripts/Basys3_Master.xdc:145]
CRITICAL WARNING: [Common 17-55] 'set_property' expects at least one object. [C:/Users/lebray/Vivado-Workflow-Scripts/Basys3_Master.xdc:145]
Resolution: If [get_<value>] was used to populate the object, check to make sure this command returns at least one valid object.
WARNING: [Vivado 12-584] No ports matched 'JA[7]'. [C:/Users/lebray/Vivado-Workflow-Scripts/Basys3_Master.xdc:147]
CRITICAL WARNING: [Common 17-55] 'set_property' expects at least one object. [C:/Users/lebray/Vivado-Workflow-Scripts/Basys3_Master.xdc:147]
Resolution: If [get_<value>] was used to populate the object, check to make sure this command returns at least one valid object.
WARNING: [Vivado 12-584] No ports matched 'JA[7]'. [C:/Users/lebray/Vivado-Workflow-Scripts/Basys3_Master.xdc:148]
CRITICAL WARNING: [Common 17-55] 'set_property' expects at least one object. [C:/Users/lebray/Vivado-Workflow-Scripts/Basys3_Master.xdc:148]
Resolution: If [get_<value>] was used to populate the object, check to make sure this command returns at least one valid object.
WARNING: [Vivado 12-584] No ports matched 'JB[3]'. [C:/Users/lebray/Vivado-Workflow-Scripts/Basys3_Master.xdc:163]
CRITICAL WARNING: [Common 17-55] 'set_property' expects at least one object. [C:/Users/lebray/Vivado-Workflow-Scripts/Basys3_Master.xdc:163]
Resolution: If [get_<value>] was used to populate the object, check to make sure this command returns at least one valid object.
WARNING: [Vivado 12-584] No ports matched 'JB[3]'. [C:/Users/lebray/Vivado-Workflow-Scripts/Basys3_Master.xdc:164]
CRITICAL WARNING: [Common 17-55] 'set_property' expects at least one object. [C:/Users/lebray/Vivado-Workflow-Scripts/Basys3_Master.xdc:164]
Resolution: If [get_<value>] was used to populate the object, check to make sure this command returns at least one valid object.
WARNING: [Vivado 12-584] No ports matched 'JB[4]'. [C:/Users/lebray/Vivado-Workflow-Scripts/Basys3_Master.xdc:166]
CRITICAL WARNING: [Common 17-55] 'set_property' expects at least one object. [C:/Users/lebray/Vivado-Workflow-Scripts/Basys3_Master.xdc:166]
Resolution: If [get_<value>] was used to populate the object, check to make sure this command returns at least one valid object.
WARNING: [Vivado 12-584] No ports matched 'JB[4]'. [C:/Users/lebray/Vivado-Workflow-Scripts/Basys3_Master.xdc:167]
CRITICAL WARNING: [Common 17-55] 'set_property' expects at least one object. [C:/Users/lebray/Vivado-Workflow-Scripts/Basys3_Master.xdc:167]
Resolution: If [get_<value>] was used to populate the object, check to make sure this command returns at least one valid object.
WARNING: [Vivado 12-584] No ports matched 'JB[5]'. [C:/Users/lebray/Vivado-Workflow-Scripts/Basys3_Master.xdc:169]
CRITICAL WARNING: [Common 17-55] 'set_property' expects at least one object. [C:/Users/lebray/Vivado-Workflow-Scripts/Basys3_Master.xdc:169]
Resolution: If [get_<value>] was used to populate the object, check to make sure this command returns at least one valid object.
WARNING: [Vivado 12-584] No ports matched 'JB[5]'. [C:/Users/lebray/Vivado-Workflow-Scripts/Basys3_Master.xdc:170]
CRITICAL WARNING: [Common 17-55] 'set_property' expects at least one object. [C:/Users/lebray/Vivado-Workflow-Scripts/Basys3_Master.xdc:170]
Resolution: If [get_<value>] was used to populate the object, check to make sure this command returns at least one valid object.
WARNING: [Vivado 12-584] No ports matched 'JB[6]'. [C:/Users/lebray/Vivado-Workflow-Scripts/Basys3_Master.xdc:172]
CRITICAL WARNING: [Common 17-55] 'set_property' expects at least one object. [C:/Users/lebray/Vivado-Workflow-Scripts/Basys3_Master.xdc:172]
Resolution: If [get_<value>] was used to populate the object, check to make sure this command returns at least one valid object.
WARNING: [Vivado 12-584] No ports matched 'JB[6]'. [C:/Users/lebray/Vivado-Workflow-Scripts/Basys3_Master.xdc:173]
CRITICAL WARNING: [Common 17-55] 'set_property' expects at least one object. [C:/Users/lebray/Vivado-Workflow-Scripts/Basys3_Master.xdc:173]
Resolution: If [get_<value>] was used to populate the object, check to make sure this command returns at least one valid object.
WARNING: [Vivado 12-584] No ports matched 'JB[7]'. [C:/Users/lebray/Vivado-Workflow-Scripts/Basys3_Master.xdc:175]
CRITICAL WARNING: [Common 17-55] 'set_property' expects at least one object. [C:/Users/lebray/Vivado-Workflow-Scripts/Basys3_Master.xdc:175]
Resolution: If [get_<value>] was used to populate the object, check to make sure this command returns at least one valid object.
WARNING: [Vivado 12-584] No ports matched 'JB[7]'. [C:/Users/lebray/Vivado-Workflow-Scripts/Basys3_Master.xdc:176]
CRITICAL WARNING: [Common 17-55] 'set_property' expects at least one object. [C:/Users/lebray/Vivado-Workflow-Scripts/Basys3_Master.xdc:176]
Resolution: If [get_<value>] was used to populate the object, check to make sure this command returns at least one valid object.
WARNING: [Vivado 12-584] No ports matched 'RsRx'. [C:/Users/lebray/Vivado-Workflow-Scripts/Basys3_Master.xdc:267]
CRITICAL WARNING: [Common 17-55] 'set_property' expects at least one object. [C:/Users/lebray/Vivado-Workflow-Scripts/Basys3_Master.xdc:267]
Resolution: If [get_<value>] was used to populate the object, check to make sure this command returns at least one valid object.
WARNING: [Vivado 12-584] No ports matched 'RsRx'. [C:/Users/lebray/Vivado-Workflow-Scripts/Basys3_Master.xdc:268]
CRITICAL WARNING: [Common 17-55] 'set_property' expects at least one object. [C:/Users/lebray/Vivado-Workflow-Scripts/Basys3_Master.xdc:268]
Resolution: If [get_<value>] was used to populate the object, check to make sure this command returns at least one valid object.
WARNING: [Vivado 12-584] No ports matched 'RsTx'. [C:/Users/lebray/Vivado-Workflow-Scripts/Basys3_Master.xdc:269]
CRITICAL WARNING: [Common 17-55] 'set_property' expects at least one object. [C:/Users/lebray/Vivado-Workflow-Scripts/Basys3_Master.xdc:269]
Resolution: If [get_<value>] was used to populate the object, check to make sure this command returns at least one valid object.
WARNING: [Vivado 12-584] No ports matched 'RsTx'. [C:/Users/lebray/Vivado-Workflow-Scripts/Basys3_Master.xdc:270]
CRITICAL WARNING: [Common 17-55] 'set_property' expects at least one object. [C:/Users/lebray/Vivado-Workflow-Scripts/Basys3_Master.xdc:270]
Resolution: If [get_<value>] was used to populate the object, check to make sure this command returns at least one valid object.
WARNING: [Vivado 12-584] No ports matched 'PS2Clk'. [C:/Users/lebray/Vivado-Workflow-Scripts/Basys3_Master.xdc:274]
CRITICAL WARNING: [Common 17-55] 'set_property' expects at least one object. [C:/Users/lebray/Vivado-Workflow-Scripts/Basys3_Master.xdc:274]
Resolution: If [get_<value>] was used to populate the object, check to make sure this command returns at least one valid object.
WARNING: [Vivado 12-584] No ports matched 'PS2Clk'. [C:/Users/lebray/Vivado-Workflow-Scripts/Basys3_Master.xdc:275]
CRITICAL WARNING: [Common 17-55] 'set_property' expects at least one object. [C:/Users/lebray/Vivado-Workflow-Scripts/Basys3_Master.xdc:275]
Resolution: If [get_<value>] was used to populate the object, check to make sure this command returns at least one valid object.
WARNING: [Vivado 12-584] No ports matched 'PS2Clk'. [C:/Users/lebray/Vivado-Workflow-Scripts/Basys3_Master.xdc:276]
CRITICAL WARNING: [Common 17-55] 'set_property' expects at least one object. [C:/Users/lebray/Vivado-Workflow-Scripts/Basys3_Master.xdc:276]
Resolution: If [get_<value>] was used to populate the object, check to make sure this command returns at least one valid object.
WARNING: [Vivado 12-584] No ports matched 'PS2Data'. [C:/Users/lebray/Vivado-Workflow-Scripts/Basys3_Master.xdc:277]
CRITICAL WARNING: [Common 17-55] 'set_property' expects at least one object. [C:/Users/lebray/Vivado-Workflow-Scripts/Basys3_Master.xdc:277]
Resolution: If [get_<value>] was used to populate the object, check to make sure this command returns at least one valid object.
WARNING: [Vivado 12-584] No ports matched 'PS2Data'. [C:/Users/lebray/Vivado-Workflow-Scripts/Basys3_Master.xdc:278]
CRITICAL WARNING: [Common 17-55] 'set_property' expects at least one object. [C:/Users/lebray/Vivado-Workflow-Scripts/Basys3_Master.xdc:278]
Resolution: If [get_<value>] was used to populate the object, check to make sure this command returns at least one valid object.
WARNING: [Vivado 12-584] No ports matched 'PS2Data'. [C:/Users/lebray/Vivado-Workflow-Scripts/Basys3_Master.xdc:279]
INFO: [Common 17-14] Message 'Vivado 12-584' appears 100 times and further instances of the messages will be disabled. Use the Tcl command set_msg_config to change the current settings. [C:/Users/lebray/Vivado-Workflow-Scripts/Basys3_Master.xdc:279]
CRITICAL WARNING: [Common 17-55] 'set_property' expects at least one object. [C:/Users/lebray/Vivado-Workflow-Scripts/Basys3_Master.xdc:279]
Resolution: If [get_<value>] was used to populate the object, check to make sure this command returns at least one valid object.
Finished Parsing XDC File [C:/Users/lebray/Vivado-Workflow-Scripts/Basys3_Master.xdc]
INFO: [Project 1-236] Implementation specific constraints were found while reading constraint file [C:/Users/lebray/Vivado-Workflow-Scripts/Basys3_Master.xdc]. These constraints will be ignored for synthesis but will be used in implementation. Impacted constraints are listed in the file [.Xil/als_top_propImpl.xdc].
Resolution: To avoid this warning, move constraints listed in [.Xil/als_top_propImpl.xdc] to another XDC file and exclude this new file from synthesis with the used_in_synthesis property (File Properties dialog in GUI) and re-run elaboration/synthesis.
Netlist sorting complete. Time (s): cpu = 00:00:00 ; elapsed = 00:00:00 . Memory (MB): peak = 744.895 ; gain = 0.000
Completed Processing XDC Constraints

Netlist sorting complete. Time (s): cpu = 00:00:00 ; elapsed = 00:00:00.001 . Memory (MB): peak = 744.902 ; gain = 0.000
INFO: [Project 1-111] Unisim Transformation Summary:
  A total of 124 instances were transformed.
  FD => FDRE: 48 instances
  FDR => FDRE: 20 instances
  LUT6_2 => LUT6_2 (LUT5, LUT6): 50 instances
  RAM32M => RAM32M (RAMD32, RAMD32, RAMD32, RAMD32, RAMD32, RAMD32, RAMS32, RAMS32): 4 instances
  RAM64M => RAM64M (RAMD64E, RAMD64E, RAMD64E, RAMD64E): 2 instances

Netlist sorting complete. Time (s): cpu = 00:00:00 ; elapsed = 00:00:00 . Memory (MB): peak = 744.902 ; gain = 0.000
Constraint Validation Runtime : Time (s): cpu = 00:00:00 ; elapsed = 00:00:00.003 . Memory (MB): peak = 744.902 ; gain = 0.000
---------------------------------------------------------------------------------
Finished Constraint Validation : Time (s): cpu = 00:00:05 ; elapsed = 00:00:06 . Memory (MB): peak = 744.902 ; gain = 482.090
---------------------------------------------------------------------------------
---------------------------------------------------------------------------------
Start Loading Part and Timing Information
---------------------------------------------------------------------------------
Loading part: xc7a35tcpg236-1
---------------------------------------------------------------------------------
Finished Loading Part and Timing Information : Time (s): cpu = 00:00:05 ; elapsed = 00:00:06 . Memory (MB): peak = 744.902 ; gain = 482.090
---------------------------------------------------------------------------------
---------------------------------------------------------------------------------
Start Applying 'set_property' XDC Constraints
---------------------------------------------------------------------------------
---------------------------------------------------------------------------------
Finished applying 'set_property' XDC Constraints : Time (s): cpu = 00:00:05 ; elapsed = 00:00:06 . Memory (MB): peak = 744.902 ; gain = 482.090
---------------------------------------------------------------------------------
INFO: [Synth 8-802] inferred FSM for state register 'state_reg' in module 'spi_als_reader'
INFO: [Synth 8-5546] ROM "sck_int" won't be mapped to RAM because it is too sparse
INFO: [Synth 8-5546] ROM "trigger" won't be mapped to RAM because it is too sparse
INFO: [Synth 8-5546] ROM "bit_cnt" won't be mapped to RAM because it is too sparse
INFO: [Synth 8-5546] ROM "state" won't be mapped to RAM because it is too sparse
INFO: [Synth 8-5544] ROM "ready" won't be mapped to Block RAM because address size (2) smaller than threshold (5)
INFO: [Synth 8-5544] ROM "cs0" won't be mapped to Block RAM because address size (2) smaller than threshold (5)
INFO: [Synth 8-5544] ROM "state" won't be mapped to Block RAM because address size (2) smaller than threshold (5)
---------------------------------------------------------------------------------------------------
                   State |                     New Encoding |                Previous Encoding 
---------------------------------------------------------------------------------------------------
                    IDLE |                             0010 |                               00
                   START |                             1000 |                               01
                    READ |                             0100 |                               10
                    DONE |                             0001 |                               11
---------------------------------------------------------------------------------------------------
INFO: [Synth 8-3354] encoded FSM with state register 'state_reg' using encoding 'one-hot' in module 'spi_als_reader'
---------------------------------------------------------------------------------
Finished RTL Optimization Phase 2 : Time (s): cpu = 00:00:05 ; elapsed = 00:00:06 . Memory (MB): peak = 744.902 ; gain = 482.090
---------------------------------------------------------------------------------

Report RTL Partitions: 
+-+--------------+------------+----------+
| |RTL Partition |Replication |Instances |
+-+--------------+------------+----------+
+-+--------------+------------+----------+
---------------------------------------------------------------------------------
Start RTL Component Statistics 
---------------------------------------------------------------------------------
Detailed RTL Component Info : 
+---Adders : 
	   2 Input     24 Bit       Adders := 1     
	   2 Input      8 Bit       Adders := 1     
	   2 Input      5 Bit       Adders := 1     
+---Registers : 
	               24 Bit    Registers := 1     
	                8 Bit    Registers := 6     
	                5 Bit    Registers := 1     
	                1 Bit    Registers := 37    
+---Muxes : 
	   2 Input     24 Bit        Muxes := 1     
	   2 Input     18 Bit        Muxes := 1     
	   2 Input      8 Bit        Muxes := 2     
	  11 Input      8 Bit        Muxes := 1     
	   4 Input      5 Bit        Muxes := 1     
	   2 Input      1 Bit        Muxes := 26    
	   4 Input      1 Bit        Muxes := 3     
	   3 Input      1 Bit        Muxes := 1     
---------------------------------------------------------------------------------
Finished RTL Component Statistics 
---------------------------------------------------------------------------------
---------------------------------------------------------------------------------
Start RTL Hierarchical Component Statistics 
---------------------------------------------------------------------------------
Hierarchical RTL Component report 
Module als_top 
Detailed RTL Component Info : 
+---Registers : 
	                8 Bit    Registers := 3     
	                1 Bit    Registers := 1     
+---Muxes : 
	   2 Input      8 Bit        Muxes := 1     
Module spi_als_reader 
Detailed RTL Component Info : 
+---Adders : 
	   2 Input     24 Bit       Adders := 1     
	   2 Input      8 Bit       Adders := 1     
	   2 Input      5 Bit       Adders := 1     
+---Registers : 
	               24 Bit    Registers := 1     
	                8 Bit    Registers := 2     
	                5 Bit    Registers := 1     
	                1 Bit    Registers := 4     
+---Muxes : 
	   2 Input     24 Bit        Muxes := 1     
	   2 Input      8 Bit        Muxes := 1     
	   4 Input      5 Bit        Muxes := 1     
	   2 Input      1 Bit        Muxes := 5     
	   4 Input      1 Bit        Muxes := 3     
	   3 Input      1 Bit        Muxes := 1     
Module jtag_loader_6 
Detailed RTL Component Info : 
+---Registers : 
	                8 Bit    Registers := 1     
	                1 Bit    Registers := 32    
+---Muxes : 
	   2 Input     18 Bit        Muxes := 1     
	  11 Input      8 Bit        Muxes := 1     
	   2 Input      1 Bit        Muxes := 21    
---------------------------------------------------------------------------------
Finished RTL Hierarchical Component Statistics
---------------------------------------------------------------------------------
---------------------------------------------------------------------------------
Start Part Resource Summary
---------------------------------------------------------------------------------
Part Resources:
DSPs: 90 (col length:60)
BRAMs: 100 (col length: RAMB18 60 RAMB36 30)
---------------------------------------------------------------------------------
Finished Part Resource Summary
---------------------------------------------------------------------------------
---------------------------------------------------------------------------------
Start Cross Boundary and Area Optimization
---------------------------------------------------------------------------------
Warning: Parallel synthesis criteria is not met 
INFO: [Synth 8-5546] ROM "als_reader/bit_cnt" won't be mapped to RAM because it is too sparse
INFO: [Synth 8-5546] ROM "als_reader/state" won't be mapped to RAM because it is too sparse
INFO: [Synth 8-5546] ROM "als_reader/sck_int" won't be mapped to RAM because it is too sparse
INFO: [Synth 8-5546] ROM "als_reader/trigger" won't be mapped to RAM because it is too sparse
INFO: [Synth 8-3333] propagating constant 0 across sequential element (\processor/sync_sleep_flop )
INFO: [Synth 8-3333] propagating constant 0 across sequential element (\processor/sync_interrupt_flop )
INFO: [Synth 8-3886] merging instance 'program_rom/instantiate_loader.jtag_loader_6_inst/jtag_loader_gen.control_dout_int_reg[6]' (FDR) to 'program_rom/instantiate_loader.jtag_loader_6_inst/jtag_loader_gen.control_dout_int_reg[5]'
INFO: [Synth 8-3886] merging instance 'program_rom/instantiate_loader.jtag_loader_6_inst/jtag_loader_gen.control_dout_int_reg[1]' (FDR) to 'program_rom/instantiate_loader.jtag_loader_6_inst/jtag_loader_gen.control_dout_int_reg[5]'
INFO: [Synth 8-3886] merging instance 'program_rom/instantiate_loader.jtag_loader_6_inst/jtag_loader_gen.control_dout_int_reg[2]' (FDR) to 'program_rom/instantiate_loader.jtag_loader_6_inst/jtag_loader_gen.control_dout_int_reg[5]'
INFO: [Synth 8-3333] propagating constant 0 across sequential element (\program_rom/instantiate_loader.jtag_loader_6_inst/jtag_loader_gen.control_dout_int_reg[5] )
WARNING: [Synth 8-3332] Sequential element (processor/sync_sleep_flop) is unused and will be removed from module als_top.
WARNING: [Synth 8-3332] Sequential element (processor/sync_interrupt_flop) is unused and will be removed from module als_top.
WARNING: [Synth 8-3332] Sequential element (processor/interrupt_ack_flop) is unused and will be removed from module als_top.
WARNING: [Synth 8-3332] Sequential element (processor/k_write_strobe_flop) is unused and will be removed from module als_top.
WARNING: [Synth 8-3332] Sequential element (processor/read_strobe_flop) is unused and will be removed from module als_top.
---------------------------------------------------------------------------------
Finished Cross Boundary and Area Optimization : Time (s): cpu = 00:00:05 ; elapsed = 00:00:07 . Memory (MB): peak = 744.902 ; gain = 482.090
---------------------------------------------------------------------------------

Report RTL Partitions: 
+-+--------------+------------+----------+
| |RTL Partition |Replication |Instances |
+-+--------------+------------+----------+
+-+--------------+------------+----------+
---------------------------------------------------------------------------------
Start Applying XDC Timing Constraints
---------------------------------------------------------------------------------
---------------------------------------------------------------------------------
Finished Applying XDC Timing Constraints : Time (s): cpu = 00:00:09 ; elapsed = 00:00:10 . Memory (MB): peak = 744.902 ; gain = 482.090
---------------------------------------------------------------------------------
---------------------------------------------------------------------------------
Start Timing Optimization
---------------------------------------------------------------------------------
---------------------------------------------------------------------------------
Finished Timing Optimization : Time (s): cpu = 00:00:09 ; elapsed = 00:00:10 . Memory (MB): peak = 744.902 ; gain = 482.090
---------------------------------------------------------------------------------

Report RTL Partitions: 
+-+--------------+------------+----------+
| |RTL Partition |Replication |Instances |
+-+--------------+------------+----------+
+-+--------------+------------+----------+
---------------------------------------------------------------------------------
Start Technology Mapping
---------------------------------------------------------------------------------
---------------------------------------------------------------------------------
Finished Technology Mapping : Time (s): cpu = 00:00:09 ; elapsed = 00:00:10 . Memory (MB): peak = 753.426 ; gain = 490.613
---------------------------------------------------------------------------------

Report RTL Partitions: 
+-+--------------+------------+----------+
| |RTL Partition |Replication |Instances |
+-+--------------+------------+----------+
+-+--------------+------------+----------+
---------------------------------------------------------------------------------
Start IO Insertion
---------------------------------------------------------------------------------
---------------------------------------------------------------------------------
Start Flattening Before IO Insertion
---------------------------------------------------------------------------------
---------------------------------------------------------------------------------
Finished Flattening Before IO Insertion
---------------------------------------------------------------------------------
---------------------------------------------------------------------------------
Start Final Netlist Cleanup
---------------------------------------------------------------------------------
---------------------------------------------------------------------------------
Finished Final Netlist Cleanup
---------------------------------------------------------------------------------
---------------------------------------------------------------------------------
Finished IO Insertion : Time (s): cpu = 00:00:09 ; elapsed = 00:00:11 . Memory (MB): peak = 753.426 ; gain = 490.613
---------------------------------------------------------------------------------
CRITICAL WARNING: [Synth 8-6859] multi-driven net on pin als_reader/shift[11] with 1st driver pin 'als_reader/shift_reg[11]/Q' [C:/Users/lebray/Vivado-Workflow-Scripts/HW7/T2/spi_als_reader.v:104]
CRITICAL WARNING: [Synth 8-6859] multi-driven net on pin als_reader/shift[11] with 2nd driver pin 'als_reader/shift_reg[11]__0/Q' [C:/Users/lebray/Vivado-Workflow-Scripts/HW7/T2/spi_als_reader.v:76]
CRITICAL WARNING: [Synth 8-6859] multi-driven net on pin als_reader/shift[10] with 1st driver pin 'als_reader/shift_reg[10]/Q' [C:/Users/lebray/Vivado-Workflow-Scripts/HW7/T2/spi_als_reader.v:104]
CRITICAL WARNING: [Synth 8-6859] multi-driven net on pin als_reader/shift[10] with 2nd driver pin 'als_reader/shift_reg[10]__0/Q' [C:/Users/lebray/Vivado-Workflow-Scripts/HW7/T2/spi_als_reader.v:76]
CRITICAL WARNING: [Synth 8-6859] multi-driven net on pin als_reader/shift[9] with 1st driver pin 'als_reader/shift_reg[9]/Q' [C:/Users/lebray/Vivado-Workflow-Scripts/HW7/T2/spi_als_reader.v:104]
CRITICAL WARNING: [Synth 8-6859] multi-driven net on pin als_reader/shift[9] with 2nd driver pin 'als_reader/shift_reg[9]__0/Q' [C:/Users/lebray/Vivado-Workflow-Scripts/HW7/T2/spi_als_reader.v:76]
CRITICAL WARNING: [Synth 8-6859] multi-driven net on pin als_reader/shift[8] with 1st driver pin 'als_reader/shift_reg[8]/Q' [C:/Users/lebray/Vivado-Workflow-Scripts/HW7/T2/spi_als_reader.v:104]
CRITICAL WARNING: [Synth 8-6859] multi-driven net on pin als_reader/shift[8] with 2nd driver pin 'als_reader/shift_reg[8]__0/Q' [C:/Users/lebray/Vivado-Workflow-Scripts/HW7/T2/spi_als_reader.v:76]
CRITICAL WARNING: [Synth 8-6859] multi-driven net on pin als_reader/shift[7] with 1st driver pin 'als_reader/shift_reg[7]/Q' [C:/Users/lebray/Vivado-Workflow-Scripts/HW7/T2/spi_als_reader.v:104]
CRITICAL WARNING: [Synth 8-6859] multi-driven net on pin als_reader/shift[7] with 2nd driver pin 'als_reader/shift_reg[7]__0/Q' [C:/Users/lebray/Vivado-Workflow-Scripts/HW7/T2/spi_als_reader.v:76]
CRITICAL WARNING: [Synth 8-6859] multi-driven net on pin als_reader/shift[6] with 1st driver pin 'als_reader/shift_reg[6]/Q' [C:/Users/lebray/Vivado-Workflow-Scripts/HW7/T2/spi_als_reader.v:104]
CRITICAL WARNING: [Synth 8-6859] multi-driven net on pin als_reader/shift[6] with 2nd driver pin 'als_reader/shift_reg[6]__0/Q' [C:/Users/lebray/Vivado-Workflow-Scripts/HW7/T2/spi_als_reader.v:76]
CRITICAL WARNING: [Synth 8-6859] multi-driven net on pin als_reader/shift[5] with 1st driver pin 'als_reader/shift_reg[5]/Q' [C:/Users/lebray/Vivado-Workflow-Scripts/HW7/T2/spi_als_reader.v:104]
CRITICAL WARNING: [Synth 8-6859] multi-driven net on pin als_reader/shift[5] with 2nd driver pin 'als_reader/shift_reg[5]__0/Q' [C:/Users/lebray/Vivado-Workflow-Scripts/HW7/T2/spi_als_reader.v:76]
CRITICAL WARNING: [Synth 8-6859] multi-driven net on pin als_reader/shift[4] with 1st driver pin 'als_reader/shift_reg[4]/Q' [C:/Users/lebray/Vivado-Workflow-Scripts/HW7/T2/spi_als_reader.v:104]
CRITICAL WARNING: [Synth 8-6859] multi-driven net on pin als_reader/shift[4] with 2nd driver pin 'als_reader/shift_reg[4]__0/Q' [C:/Users/lebray/Vivado-Workflow-Scripts/HW7/T2/spi_als_reader.v:76]
CRITICAL WARNING: [Synth 8-6859] multi-driven net on pin als_reader/shift[3] with 1st driver pin 'als_reader/shift_reg[3]/Q' [C:/Users/lebray/Vivado-Workflow-Scripts/HW7/T2/spi_als_reader.v:104]
CRITICAL WARNING: [Synth 8-6859] multi-driven net on pin als_reader/shift[3] with 2nd driver pin 'als_reader/shift_reg[3]__0/Q' [C:/Users/lebray/Vivado-Workflow-Scripts/HW7/T2/spi_als_reader.v:76]
CRITICAL WARNING: [Synth 8-6859] multi-driven net on pin als_reader/shift[2] with 1st driver pin 'als_reader/shift_reg[2]/Q' [C:/Users/lebray/Vivado-Workflow-Scripts/HW7/T2/spi_als_reader.v:104]
CRITICAL WARNING: [Synth 8-6859] multi-driven net on pin als_reader/shift[2] with 2nd driver pin 'als_reader/shift_reg[2]__0/Q' [C:/Users/lebray/Vivado-Workflow-Scripts/HW7/T2/spi_als_reader.v:76]
CRITICAL WARNING: [Synth 8-6859] multi-driven net on pin als_reader/shift[1] with 1st driver pin 'als_reader/shift_reg[1]/Q' [C:/Users/lebray/Vivado-Workflow-Scripts/HW7/T2/spi_als_reader.v:104]
CRITICAL WARNING: [Synth 8-6859] multi-driven net on pin als_reader/shift[1] with 2nd driver pin 'als_reader/shift_reg[1]__0/Q' [C:/Users/lebray/Vivado-Workflow-Scripts/HW7/T2/spi_als_reader.v:76]
CRITICAL WARNING: [Synth 8-6859] multi-driven net on pin als_reader/shift[0] with 1st driver pin 'als_reader/shift_reg[0]/Q' [C:/Users/lebray/Vivado-Workflow-Scripts/HW7/T2/spi_als_reader.v:104]
CRITICAL WARNING: [Synth 8-6859] multi-driven net on pin als_reader/shift[0] with 2nd driver pin 'als_reader/shift_reg[0]__0/Q' [C:/Users/lebray/Vivado-Workflow-Scripts/HW7/T2/spi_als_reader.v:76]

Report Check Netlist: 
+------+------------------+-------+---------+-------+------------------+
|      |Item              |Errors |Warnings |Status |Description       |
+------+------------------+-------+---------+-------+------------------+
|1     |multi_driven_nets |      0|       12|Failed |Multi driven nets |
+------+------------------+-------+---------+-------+------------------+
---------------------------------------------------------------------------------
Start Renaming Generated Instances
---------------------------------------------------------------------------------
---------------------------------------------------------------------------------
Finished Renaming Generated Instances : Time (s): cpu = 00:00:09 ; elapsed = 00:00:11 . Memory (MB): peak = 753.426 ; gain = 490.613
---------------------------------------------------------------------------------

Report RTL Partitions: 
+-+--------------+------------+----------+
| |RTL Partition |Replication |Instances |
+-+--------------+------------+----------+
+-+--------------+------------+----------+
---------------------------------------------------------------------------------
Start Rebuilding User Hierarchy
---------------------------------------------------------------------------------
---------------------------------------------------------------------------------
Finished Rebuilding User Hierarchy : Time (s): cpu = 00:00:09 ; elapsed = 00:00:11 . Memory (MB): peak = 753.426 ; gain = 490.613
---------------------------------------------------------------------------------
---------------------------------------------------------------------------------
Start Renaming Generated Ports
---------------------------------------------------------------------------------
---------------------------------------------------------------------------------
Finished Renaming Generated Ports : Time (s): cpu = 00:00:09 ; elapsed = 00:00:11 . Memory (MB): peak = 753.426 ; gain = 490.613
---------------------------------------------------------------------------------
---------------------------------------------------------------------------------
Start Handling Custom Attributes
---------------------------------------------------------------------------------
---------------------------------------------------------------------------------
Finished Handling Custom Attributes : Time (s): cpu = 00:00:09 ; elapsed = 00:00:11 . Memory (MB): peak = 753.426 ; gain = 490.613
---------------------------------------------------------------------------------
---------------------------------------------------------------------------------
Start Renaming Generated Nets
---------------------------------------------------------------------------------
---------------------------------------------------------------------------------
Finished Renaming Generated Nets : Time (s): cpu = 00:00:09 ; elapsed = 00:00:11 . Memory (MB): peak = 753.426 ; gain = 490.613
---------------------------------------------------------------------------------
---------------------------------------------------------------------------------
Start Writing Synthesis Report
---------------------------------------------------------------------------------

Report BlackBoxes: 
+-+--------------+----------+
| |BlackBox name |Instances |
+-+--------------+----------+
+-+--------------+----------+

Report Cell Usage: 
+------+---------+------+
|      |Cell     |Count |
+------+---------+------+
|1     |BSCANE2  |     1|
|2     |BUFG     |     3|
|3     |CARRY4   |     6|
|4     |LUT1     |     1|
|5     |LUT2     |    11|
|6     |LUT3     |     7|
|7     |LUT4     |    14|
|8     |LUT5     |    21|
|9     |LUT6     |    45|
|10    |LUT6_2   |    50|
|11    |MUXCY    |    29|
|12    |RAM32M   |     4|
|13    |RAM64M   |     2|
|14    |RAMB18E1 |     1|
|15    |XORCY    |    27|
|16    |FD       |    45|
|17    |FDR      |    18|
|18    |FDRE     |   151|
|19    |FDSE     |     1|
|20    |IBUF     |     2|
|21    |OBUF     |    18|
+------+---------+------+

Report Instance Areas: 
+------+--------------------------------------------+---------------+------+
|      |Instance                                    |Module         |Cells |
+------+--------------------------------------------+---------------+------+
|1     |top                                         |               |   457|
|2     |  als_reader                                |spi_als_reader |   115|
|3     |  processor                                 |kcpsm6         |   229|
|4     |  program_rom                               |als_rom        |    66|
|5     |    \instantiate_loader.jtag_loader_6_inst  |jtag_loader_6  |    65|
+------+--------------------------------------------+---------------+------+
---------------------------------------------------------------------------------
Finished Writing Synthesis Report : Time (s): cpu = 00:00:09 ; elapsed = 00:00:11 . Memory (MB): peak = 753.426 ; gain = 490.613
---------------------------------------------------------------------------------
Synthesis finished with 0 errors, 24 critical warnings and 8 warnings.
Synthesis Optimization Runtime : Time (s): cpu = 00:00:05 ; elapsed = 00:00:07 . Memory (MB): peak = 753.426 ; gain = 159.902
Synthesis Optimization Complete : Time (s): cpu = 00:00:09 ; elapsed = 00:00:11 . Memory (MB): peak = 753.426 ; gain = 490.613
INFO: [Project 1-571] Translating synthesized netlist
INFO: [Netlist 29-17] Analyzing 182 Unisim elements for replacement
INFO: [Netlist 29-28] Unisim Transformation completed in 0 CPU seconds
INFO: [Project 1-570] Preparing netlist for logic optimization
INFO: [Opt 31-138] Pushed 0 inverter(s) to 0 load pin(s).
Netlist sorting complete. Time (s): cpu = 00:00:00 ; elapsed = 00:00:00 . Memory (MB): peak = 754.234 ; gain = 0.000
INFO: [Project 1-111] Unisim Transformation Summary:
  A total of 129 instances were transformed.
  (MUXCY,XORCY) => CARRY4: 10 instances
  FD => FDRE: 45 instances
  FDR => FDRE: 18 instances
  LUT6_2 => LUT6_2 (LUT5, LUT6): 50 instances
  RAM32M => RAM32M (RAMD32, RAMD32, RAMD32, RAMD32, RAMD32, RAMD32, RAMS32, RAMS32): 4 instances
  RAM64M => RAM64M (RAMD64E, RAMD64E, RAMD64E, RAMD64E): 2 instances

INFO: [Common 17-83] Releasing license: Synthesis
137 Infos, 205 Warnings, 124 Critical Warnings and 0 Errors encountered.
synth_design completed successfully
synth_design: Time (s): cpu = 00:00:11 ; elapsed = 00:00:12 . Memory (MB): peak = 754.234 ; gain = 491.422
Netlist sorting complete. Time (s): cpu = 00:00:00 ; elapsed = 00:00:00 . Memory (MB): peak = 754.234 ; gain = 0.000
WARNING: [Constraints 18-5210] No constraints selected for write.
Resolution: This message can indicate that there are no constraints for the design, or it can indicate that the used_in flags are set such that the constraints are ignored. This later case is used when running synth_design to not write synthesis constraints to the resulting checkpoint. Instead, project constraints are read when the synthesized design is opened.
INFO: [Common 17-1381] The checkpoint 'C:/Users/lebray/Vivado-Workflow-Scripts/HW7/T2/vivado_project/T2.runs/synth_1/als_top.dcp' has been generated.
INFO: [runtcl-4] Executing : report_utilization -file als_top_utilization_synth.rpt -pb als_top_utilization_synth.pb
INFO: [Common 17-206] Exiting Vivado at Mon Mar 30 13:58:01 2026...
[Mon Mar 30 13:58:05 2026] synth_1 finished
wait_on_run: Time (s): cpu = 00:00:00 ; elapsed = 00:00:20 . Memory (MB): peak = 262.520 ; gain = 0.000
# set synth_status [get_property STATUS [get_runs synth_1]]
# if {$synth_status != "synth_design Complete!"} {
#     puts "ERROR: Synthesis failed: $synth_status"
#     exit 1
# }
# reset_run impl_1
# launch_runs impl_1
[Mon Mar 30 13:58:05 2026] Launched impl_1...
Run output will be captured here: C:/Users/lebray/Vivado-Workflow-Scripts/HW7/T2/vivado_project/T2.runs/impl_1/runme.log
# wait_on_run impl_1
[Mon Mar 30 13:58:05 2026] Waiting for impl_1 to finish...

*** Running vivado
    with args -log als_top.vdi -applog -m64 -product Vivado -messageDb vivado.pb -mode batch -source als_top.tcl -notrace


****** Vivado v2018.3 (64-bit)
  **** SW Build 2405991 on Thu Dec  6 23:38:27 MST 2018
  **** IP Build 2404404 on Fri Dec  7 01:43:56 MST 2018
    ** Copyright 1986-2018 Xilinx, Inc. All Rights Reserved.

source als_top.tcl -notrace
Command: link_design -top als_top -part xc7a35tcpg236-1
Design is defaulting to srcset: sources_1
Design is defaulting to constrset: constrs_1
INFO: [Netlist 29-17] Analyzing 73 Unisim elements for replacement
INFO: [Netlist 29-28] Unisim Transformation completed in 0 CPU seconds
INFO: [Project 1-479] Netlist was created with Vivado 2018.3
INFO: [Device 21-403] Loading part xc7a35tcpg236-1
INFO: [Project 1-570] Preparing netlist for logic optimization
Parsing XDC File [C:/Users/lebray/Vivado-Workflow-Scripts/Basys3_Master.xdc]
WARNING: [Vivado 12-584] No ports matched 'sw[0]'. [C:/Users/lebray/Vivado-Workflow-Scripts/Basys3_Master.xdc:12]
CRITICAL WARNING: [Common 17-55] 'set_property' expects at least one object. [C:/Users/lebray/Vivado-Workflow-Scripts/Basys3_Master.xdc:12]
Resolution: If [get_<value>] was used to populate the object, check to make sure this command returns at least one valid object.
WARNING: [Vivado 12-584] No ports matched 'sw[0]'. [C:/Users/lebray/Vivado-Workflow-Scripts/Basys3_Master.xdc:13]
CRITICAL WARNING: [Common 17-55] 'set_property' expects at least one object. [C:/Users/lebray/Vivado-Workflow-Scripts/Basys3_Master.xdc:13]
Resolution: If [get_<value>] was used to populate the object, check to make sure this command returns at least one valid object.
WARNING: [Vivado 12-584] No ports matched 'sw[1]'. [C:/Users/lebray/Vivado-Workflow-Scripts/Basys3_Master.xdc:14]
CRITICAL WARNING: [Common 17-55] 'set_property' expects at least one object. [C:/Users/lebray/Vivado-Workflow-Scripts/Basys3_Master.xdc:14]
Resolution: If [get_<value>] was used to populate the object, check to make sure this command returns at least one valid object.
WARNING: [Vivado 12-584] No ports matched 'sw[1]'. [C:/Users/lebray/Vivado-Workflow-Scripts/Basys3_Master.xdc:15]
CRITICAL WARNING: [Common 17-55] 'set_property' expects at least one object. [C:/Users/lebray/Vivado-Workflow-Scripts/Basys3_Master.xdc:15]
Resolution: If [get_<value>] was used to populate the object, check to make sure this command returns at least one valid object.
WARNING: [Vivado 12-584] No ports matched 'sw[2]'. [C:/Users/lebray/Vivado-Workflow-Scripts/Basys3_Master.xdc:16]
CRITICAL WARNING: [Common 17-55] 'set_property' expects at least one object. [C:/Users/lebray/Vivado-Workflow-Scripts/Basys3_Master.xdc:16]
Resolution: If [get_<value>] was used to populate the object, check to make sure this command returns at least one valid object.
WARNING: [Vivado 12-584] No ports matched 'sw[2]'. [C:/Users/lebray/Vivado-Workflow-Scripts/Basys3_Master.xdc:17]
CRITICAL WARNING: [Common 17-55] 'set_property' expects at least one object. [C:/Users/lebray/Vivado-Workflow-Scripts/Basys3_Master.xdc:17]
Resolution: If [get_<value>] was used to populate the object, check to make sure this command returns at least one valid object.
WARNING: [Vivado 12-584] No ports matched 'sw[3]'. [C:/Users/lebray/Vivado-Workflow-Scripts/Basys3_Master.xdc:18]
CRITICAL WARNING: [Common 17-55] 'set_property' expects at least one object. [C:/Users/lebray/Vivado-Workflow-Scripts/Basys3_Master.xdc:18]
Resolution: If [get_<value>] was used to populate the object, check to make sure this command returns at least one valid object.
WARNING: [Vivado 12-584] No ports matched 'sw[3]'. [C:/Users/lebray/Vivado-Workflow-Scripts/Basys3_Master.xdc:19]
CRITICAL WARNING: [Common 17-55] 'set_property' expects at least one object. [C:/Users/lebray/Vivado-Workflow-Scripts/Basys3_Master.xdc:19]
Resolution: If [get_<value>] was used to populate the object, check to make sure this command returns at least one valid object.
WARNING: [Vivado 12-584] No ports matched 'sw[4]'. [C:/Users/lebray/Vivado-Workflow-Scripts/Basys3_Master.xdc:20]
CRITICAL WARNING: [Common 17-55] 'set_property' expects at least one object. [C:/Users/lebray/Vivado-Workflow-Scripts/Basys3_Master.xdc:20]
Resolution: If [get_<value>] was used to populate the object, check to make sure this command returns at least one valid object.
WARNING: [Vivado 12-584] No ports matched 'sw[4]'. [C:/Users/lebray/Vivado-Workflow-Scripts/Basys3_Master.xdc:21]
CRITICAL WARNING: [Common 17-55] 'set_property' expects at least one object. [C:/Users/lebray/Vivado-Workflow-Scripts/Basys3_Master.xdc:21]
Resolution: If [get_<value>] was used to populate the object, check to make sure this command returns at least one valid object.
WARNING: [Vivado 12-584] No ports matched 'sw[5]'. [C:/Users/lebray/Vivado-Workflow-Scripts/Basys3_Master.xdc:22]
CRITICAL WARNING: [Common 17-55] 'set_property' expects at least one object. [C:/Users/lebray/Vivado-Workflow-Scripts/Basys3_Master.xdc:22]
Resolution: If [get_<value>] was used to populate the object, check to make sure this command returns at least one valid object.
WARNING: [Vivado 12-584] No ports matched 'sw[5]'. [C:/Users/lebray/Vivado-Workflow-Scripts/Basys3_Master.xdc:23]
CRITICAL WARNING: [Common 17-55] 'set_property' expects at least one object. [C:/Users/lebray/Vivado-Workflow-Scripts/Basys3_Master.xdc:23]
Resolution: If [get_<value>] was used to populate the object, check to make sure this command returns at least one valid object.
WARNING: [Vivado 12-584] No ports matched 'sw[6]'. [C:/Users/lebray/Vivado-Workflow-Scripts/Basys3_Master.xdc:24]
CRITICAL WARNING: [Common 17-55] 'set_property' expects at least one object. [C:/Users/lebray/Vivado-Workflow-Scripts/Basys3_Master.xdc:24]
Resolution: If [get_<value>] was used to populate the object, check to make sure this command returns at least one valid object.
WARNING: [Vivado 12-584] No ports matched 'sw[6]'. [C:/Users/lebray/Vivado-Workflow-Scripts/Basys3_Master.xdc:25]
CRITICAL WARNING: [Common 17-55] 'set_property' expects at least one object. [C:/Users/lebray/Vivado-Workflow-Scripts/Basys3_Master.xdc:25]
Resolution: If [get_<value>] was used to populate the object, check to make sure this command returns at least one valid object.
WARNING: [Vivado 12-584] No ports matched 'sw[7]'. [C:/Users/lebray/Vivado-Workflow-Scripts/Basys3_Master.xdc:26]
CRITICAL WARNING: [Common 17-55] 'set_property' expects at least one object. [C:/Users/lebray/Vivado-Workflow-Scripts/Basys3_Master.xdc:26]
Resolution: If [get_<value>] was used to populate the object, check to make sure this command returns at least one valid object.
WARNING: [Vivado 12-584] No ports matched 'sw[7]'. [C:/Users/lebray/Vivado-Workflow-Scripts/Basys3_Master.xdc:27]
CRITICAL WARNING: [Common 17-55] 'set_property' expects at least one object. [C:/Users/lebray/Vivado-Workflow-Scripts/Basys3_Master.xdc:27]
Resolution: If [get_<value>] was used to populate the object, check to make sure this command returns at least one valid object.
WARNING: [Vivado 12-584] No ports matched 'sw[8]'. [C:/Users/lebray/Vivado-Workflow-Scripts/Basys3_Master.xdc:28]
CRITICAL WARNING: [Common 17-55] 'set_property' expects at least one object. [C:/Users/lebray/Vivado-Workflow-Scripts/Basys3_Master.xdc:28]
Resolution: If [get_<value>] was used to populate the object, check to make sure this command returns at least one valid object.
WARNING: [Vivado 12-584] No ports matched 'sw[8]'. [C:/Users/lebray/Vivado-Workflow-Scripts/Basys3_Master.xdc:29]
CRITICAL WARNING: [Common 17-55] 'set_property' expects at least one object. [C:/Users/lebray/Vivado-Workflow-Scripts/Basys3_Master.xdc:29]
Resolution: If [get_<value>] was used to populate the object, check to make sure this command returns at least one valid object.
WARNING: [Vivado 12-584] No ports matched 'sw[9]'. [C:/Users/lebray/Vivado-Workflow-Scripts/Basys3_Master.xdc:30]
CRITICAL WARNING: [Common 17-55] 'set_property' expects at least one object. [C:/Users/lebray/Vivado-Workflow-Scripts/Basys3_Master.xdc:30]
Resolution: If [get_<value>] was used to populate the object, check to make sure this command returns at least one valid object.
WARNING: [Vivado 12-584] No ports matched 'sw[9]'. [C:/Users/lebray/Vivado-Workflow-Scripts/Basys3_Master.xdc:31]
CRITICAL WARNING: [Common 17-55] 'set_property' expects at least one object. [C:/Users/lebray/Vivado-Workflow-Scripts/Basys3_Master.xdc:31]
Resolution: If [get_<value>] was used to populate the object, check to make sure this command returns at least one valid object.
WARNING: [Vivado 12-584] No ports matched 'sw[10]'. [C:/Users/lebray/Vivado-Workflow-Scripts/Basys3_Master.xdc:32]
CRITICAL WARNING: [Common 17-55] 'set_property' expects at least one object. [C:/Users/lebray/Vivado-Workflow-Scripts/Basys3_Master.xdc:32]
Resolution: If [get_<value>] was used to populate the object, check to make sure this command returns at least one valid object.
WARNING: [Vivado 12-584] No ports matched 'sw[10]'. [C:/Users/lebray/Vivado-Workflow-Scripts/Basys3_Master.xdc:33]
CRITICAL WARNING: [Common 17-55] 'set_property' expects at least one object. [C:/Users/lebray/Vivado-Workflow-Scripts/Basys3_Master.xdc:33]
Resolution: If [get_<value>] was used to populate the object, check to make sure this command returns at least one valid object.
WARNING: [Vivado 12-584] No ports matched 'sw[11]'. [C:/Users/lebray/Vivado-Workflow-Scripts/Basys3_Master.xdc:34]
CRITICAL WARNING: [Common 17-55] 'set_property' expects at least one object. [C:/Users/lebray/Vivado-Workflow-Scripts/Basys3_Master.xdc:34]
Resolution: If [get_<value>] was used to populate the object, check to make sure this command returns at least one valid object.
WARNING: [Vivado 12-584] No ports matched 'sw[11]'. [C:/Users/lebray/Vivado-Workflow-Scripts/Basys3_Master.xdc:35]
CRITICAL WARNING: [Common 17-55] 'set_property' expects at least one object. [C:/Users/lebray/Vivado-Workflow-Scripts/Basys3_Master.xdc:35]
Resolution: If [get_<value>] was used to populate the object, check to make sure this command returns at least one valid object.
WARNING: [Vivado 12-584] No ports matched 'sw[12]'. [C:/Users/lebray/Vivado-Workflow-Scripts/Basys3_Master.xdc:36]
CRITICAL WARNING: [Common 17-55] 'set_property' expects at least one object. [C:/Users/lebray/Vivado-Workflow-Scripts/Basys3_Master.xdc:36]
Resolution: If [get_<value>] was used to populate the object, check to make sure this command returns at least one valid object.
WARNING: [Vivado 12-584] No ports matched 'sw[12]'. [C:/Users/lebray/Vivado-Workflow-Scripts/Basys3_Master.xdc:37]
CRITICAL WARNING: [Common 17-55] 'set_property' expects at least one object. [C:/Users/lebray/Vivado-Workflow-Scripts/Basys3_Master.xdc:37]
Resolution: If [get_<value>] was used to populate the object, check to make sure this command returns at least one valid object.
WARNING: [Vivado 12-584] No ports matched 'sw[13]'. [C:/Users/lebray/Vivado-Workflow-Scripts/Basys3_Master.xdc:38]
CRITICAL WARNING: [Common 17-55] 'set_property' expects at least one object. [C:/Users/lebray/Vivado-Workflow-Scripts/Basys3_Master.xdc:38]
Resolution: If [get_<value>] was used to populate the object, check to make sure this command returns at least one valid object.
WARNING: [Vivado 12-584] No ports matched 'sw[13]'. [C:/Users/lebray/Vivado-Workflow-Scripts/Basys3_Master.xdc:39]
CRITICAL WARNING: [Common 17-55] 'set_property' expects at least one object. [C:/Users/lebray/Vivado-Workflow-Scripts/Basys3_Master.xdc:39]
Resolution: If [get_<value>] was used to populate the object, check to make sure this command returns at least one valid object.
WARNING: [Vivado 12-584] No ports matched 'sw[14]'. [C:/Users/lebray/Vivado-Workflow-Scripts/Basys3_Master.xdc:40]
CRITICAL WARNING: [Common 17-55] 'set_property' expects at least one object. [C:/Users/lebray/Vivado-Workflow-Scripts/Basys3_Master.xdc:40]
Resolution: If [get_<value>] was used to populate the object, check to make sure this command returns at least one valid object.
WARNING: [Vivado 12-584] No ports matched 'sw[14]'. [C:/Users/lebray/Vivado-Workflow-Scripts/Basys3_Master.xdc:41]
CRITICAL WARNING: [Common 17-55] 'set_property' expects at least one object. [C:/Users/lebray/Vivado-Workflow-Scripts/Basys3_Master.xdc:41]
Resolution: If [get_<value>] was used to populate the object, check to make sure this command returns at least one valid object.
WARNING: [Vivado 12-584] No ports matched 'sw[15]'. [C:/Users/lebray/Vivado-Workflow-Scripts/Basys3_Master.xdc:42]
CRITICAL WARNING: [Common 17-55] 'set_property' expects at least one object. [C:/Users/lebray/Vivado-Workflow-Scripts/Basys3_Master.xdc:42]
Resolution: If [get_<value>] was used to populate the object, check to make sure this command returns at least one valid object.
WARNING: [Vivado 12-584] No ports matched 'sw[15]'. [C:/Users/lebray/Vivado-Workflow-Scripts/Basys3_Master.xdc:43]
CRITICAL WARNING: [Common 17-55] 'set_property' expects at least one object. [C:/Users/lebray/Vivado-Workflow-Scripts/Basys3_Master.xdc:43]
Resolution: If [get_<value>] was used to populate the object, check to make sure this command returns at least one valid object.
WARNING: [Vivado 12-584] No ports matched 'seg[0]'. [C:/Users/lebray/Vivado-Workflow-Scripts/Basys3_Master.xdc:82]
CRITICAL WARNING: [Common 17-55] 'set_property' expects at least one object. [C:/Users/lebray/Vivado-Workflow-Scripts/Basys3_Master.xdc:82]
Resolution: If [get_<value>] was used to populate the object, check to make sure this command returns at least one valid object.
WARNING: [Vivado 12-584] No ports matched 'seg[0]'. [C:/Users/lebray/Vivado-Workflow-Scripts/Basys3_Master.xdc:83]
CRITICAL WARNING: [Common 17-55] 'set_property' expects at least one object. [C:/Users/lebray/Vivado-Workflow-Scripts/Basys3_Master.xdc:83]
Resolution: If [get_<value>] was used to populate the object, check to make sure this command returns at least one valid object.
WARNING: [Vivado 12-584] No ports matched 'seg[1]'. [C:/Users/lebray/Vivado-Workflow-Scripts/Basys3_Master.xdc:84]
CRITICAL WARNING: [Common 17-55] 'set_property' expects at least one object. [C:/Users/lebray/Vivado-Workflow-Scripts/Basys3_Master.xdc:84]
Resolution: If [get_<value>] was used to populate the object, check to make sure this command returns at least one valid object.
WARNING: [Vivado 12-584] No ports matched 'seg[1]'. [C:/Users/lebray/Vivado-Workflow-Scripts/Basys3_Master.xdc:85]
CRITICAL WARNING: [Common 17-55] 'set_property' expects at least one object. [C:/Users/lebray/Vivado-Workflow-Scripts/Basys3_Master.xdc:85]
Resolution: If [get_<value>] was used to populate the object, check to make sure this command returns at least one valid object.
WARNING: [Vivado 12-584] No ports matched 'seg[2]'. [C:/Users/lebray/Vivado-Workflow-Scripts/Basys3_Master.xdc:86]
CRITICAL WARNING: [Common 17-55] 'set_property' expects at least one object. [C:/Users/lebray/Vivado-Workflow-Scripts/Basys3_Master.xdc:86]
Resolution: If [get_<value>] was used to populate the object, check to make sure this command returns at least one valid object.
WARNING: [Vivado 12-584] No ports matched 'seg[2]'. [C:/Users/lebray/Vivado-Workflow-Scripts/Basys3_Master.xdc:87]
CRITICAL WARNING: [Common 17-55] 'set_property' expects at least one object. [C:/Users/lebray/Vivado-Workflow-Scripts/Basys3_Master.xdc:87]
Resolution: If [get_<value>] was used to populate the object, check to make sure this command returns at least one valid object.
WARNING: [Vivado 12-584] No ports matched 'seg[3]'. [C:/Users/lebray/Vivado-Workflow-Scripts/Basys3_Master.xdc:88]
CRITICAL WARNING: [Common 17-55] 'set_property' expects at least one object. [C:/Users/lebray/Vivado-Workflow-Scripts/Basys3_Master.xdc:88]
Resolution: If [get_<value>] was used to populate the object, check to make sure this command returns at least one valid object.
WARNING: [Vivado 12-584] No ports matched 'seg[3]'. [C:/Users/lebray/Vivado-Workflow-Scripts/Basys3_Master.xdc:89]
CRITICAL WARNING: [Common 17-55] 'set_property' expects at least one object. [C:/Users/lebray/Vivado-Workflow-Scripts/Basys3_Master.xdc:89]
Resolution: If [get_<value>] was used to populate the object, check to make sure this command returns at least one valid object.
WARNING: [Vivado 12-584] No ports matched 'seg[4]'. [C:/Users/lebray/Vivado-Workflow-Scripts/Basys3_Master.xdc:90]
CRITICAL WARNING: [Common 17-55] 'set_property' expects at least one object. [C:/Users/lebray/Vivado-Workflow-Scripts/Basys3_Master.xdc:90]
Resolution: If [get_<value>] was used to populate the object, check to make sure this command returns at least one valid object.
WARNING: [Vivado 12-584] No ports matched 'seg[4]'. [C:/Users/lebray/Vivado-Workflow-Scripts/Basys3_Master.xdc:91]
CRITICAL WARNING: [Common 17-55] 'set_property' expects at least one object. [C:/Users/lebray/Vivado-Workflow-Scripts/Basys3_Master.xdc:91]
Resolution: If [get_<value>] was used to populate the object, check to make sure this command returns at least one valid object.
WARNING: [Vivado 12-584] No ports matched 'seg[5]'. [C:/Users/lebray/Vivado-Workflow-Scripts/Basys3_Master.xdc:92]
CRITICAL WARNING: [Common 17-55] 'set_property' expects at least one object. [C:/Users/lebray/Vivado-Workflow-Scripts/Basys3_Master.xdc:92]
Resolution: If [get_<value>] was used to populate the object, check to make sure this command returns at least one valid object.
WARNING: [Vivado 12-584] No ports matched 'seg[5]'. [C:/Users/lebray/Vivado-Workflow-Scripts/Basys3_Master.xdc:93]
CRITICAL WARNING: [Common 17-55] 'set_property' expects at least one object. [C:/Users/lebray/Vivado-Workflow-Scripts/Basys3_Master.xdc:93]
Resolution: If [get_<value>] was used to populate the object, check to make sure this command returns at least one valid object.
WARNING: [Vivado 12-584] No ports matched 'seg[6]'. [C:/Users/lebray/Vivado-Workflow-Scripts/Basys3_Master.xdc:94]
CRITICAL WARNING: [Common 17-55] 'set_property' expects at least one object. [C:/Users/lebray/Vivado-Workflow-Scripts/Basys3_Master.xdc:94]
Resolution: If [get_<value>] was used to populate the object, check to make sure this command returns at least one valid object.
WARNING: [Vivado 12-584] No ports matched 'seg[6]'. [C:/Users/lebray/Vivado-Workflow-Scripts/Basys3_Master.xdc:95]
CRITICAL WARNING: [Common 17-55] 'set_property' expects at least one object. [C:/Users/lebray/Vivado-Workflow-Scripts/Basys3_Master.xdc:95]
Resolution: If [get_<value>] was used to populate the object, check to make sure this command returns at least one valid object.
WARNING: [Vivado 12-584] No ports matched 'dp'. [C:/Users/lebray/Vivado-Workflow-Scripts/Basys3_Master.xdc:97]
CRITICAL WARNING: [Common 17-55] 'set_property' expects at least one object. [C:/Users/lebray/Vivado-Workflow-Scripts/Basys3_Master.xdc:97]
Resolution: If [get_<value>] was used to populate the object, check to make sure this command returns at least one valid object.
WARNING: [Vivado 12-584] No ports matched 'dp'. [C:/Users/lebray/Vivado-Workflow-Scripts/Basys3_Master.xdc:98]
CRITICAL WARNING: [Common 17-55] 'set_property' expects at least one object. [C:/Users/lebray/Vivado-Workflow-Scripts/Basys3_Master.xdc:98]
Resolution: If [get_<value>] was used to populate the object, check to make sure this command returns at least one valid object.
WARNING: [Vivado 12-584] No ports matched 'an[0]'. [C:/Users/lebray/Vivado-Workflow-Scripts/Basys3_Master.xdc:100]
CRITICAL WARNING: [Common 17-55] 'set_property' expects at least one object. [C:/Users/lebray/Vivado-Workflow-Scripts/Basys3_Master.xdc:100]
Resolution: If [get_<value>] was used to populate the object, check to make sure this command returns at least one valid object.
WARNING: [Vivado 12-584] No ports matched 'an[0]'. [C:/Users/lebray/Vivado-Workflow-Scripts/Basys3_Master.xdc:101]
CRITICAL WARNING: [Common 17-55] 'set_property' expects at least one object. [C:/Users/lebray/Vivado-Workflow-Scripts/Basys3_Master.xdc:101]
Resolution: If [get_<value>] was used to populate the object, check to make sure this command returns at least one valid object.
WARNING: [Vivado 12-584] No ports matched 'an[1]'. [C:/Users/lebray/Vivado-Workflow-Scripts/Basys3_Master.xdc:102]
CRITICAL WARNING: [Common 17-55] 'set_property' expects at least one object. [C:/Users/lebray/Vivado-Workflow-Scripts/Basys3_Master.xdc:102]
Resolution: If [get_<value>] was used to populate the object, check to make sure this command returns at least one valid object.
WARNING: [Vivado 12-584] No ports matched 'an[1]'. [C:/Users/lebray/Vivado-Workflow-Scripts/Basys3_Master.xdc:103]
CRITICAL WARNING: [Common 17-55] 'set_property' expects at least one object. [C:/Users/lebray/Vivado-Workflow-Scripts/Basys3_Master.xdc:103]
Resolution: If [get_<value>] was used to populate the object, check to make sure this command returns at least one valid object.
WARNING: [Vivado 12-584] No ports matched 'an[2]'. [C:/Users/lebray/Vivado-Workflow-Scripts/Basys3_Master.xdc:104]
CRITICAL WARNING: [Common 17-55] 'set_property' expects at least one object. [C:/Users/lebray/Vivado-Workflow-Scripts/Basys3_Master.xdc:104]
Resolution: If [get_<value>] was used to populate the object, check to make sure this command returns at least one valid object.
WARNING: [Vivado 12-584] No ports matched 'an[2]'. [C:/Users/lebray/Vivado-Workflow-Scripts/Basys3_Master.xdc:105]
CRITICAL WARNING: [Common 17-55] 'set_property' expects at least one object. [C:/Users/lebray/Vivado-Workflow-Scripts/Basys3_Master.xdc:105]
Resolution: If [get_<value>] was used to populate the object, check to make sure this command returns at least one valid object.
WARNING: [Vivado 12-584] No ports matched 'an[3]'. [C:/Users/lebray/Vivado-Workflow-Scripts/Basys3_Master.xdc:106]
CRITICAL WARNING: [Common 17-55] 'set_property' expects at least one object. [C:/Users/lebray/Vivado-Workflow-Scripts/Basys3_Master.xdc:106]
Resolution: If [get_<value>] was used to populate the object, check to make sure this command returns at least one valid object.
WARNING: [Vivado 12-584] No ports matched 'an[3]'. [C:/Users/lebray/Vivado-Workflow-Scripts/Basys3_Master.xdc:107]
CRITICAL WARNING: [Common 17-55] 'set_property' expects at least one object. [C:/Users/lebray/Vivado-Workflow-Scripts/Basys3_Master.xdc:107]
Resolution: If [get_<value>] was used to populate the object, check to make sure this command returns at least one valid object.
WARNING: [Vivado 12-584] No ports matched 'btnU'. [C:/Users/lebray/Vivado-Workflow-Scripts/Basys3_Master.xdc:113]
CRITICAL WARNING: [Common 17-55] 'set_property' expects at least one object. [C:/Users/lebray/Vivado-Workflow-Scripts/Basys3_Master.xdc:113]
Resolution: If [get_<value>] was used to populate the object, check to make sure this command returns at least one valid object.
WARNING: [Vivado 12-584] No ports matched 'btnU'. [C:/Users/lebray/Vivado-Workflow-Scripts/Basys3_Master.xdc:114]
CRITICAL WARNING: [Common 17-55] 'set_property' expects at least one object. [C:/Users/lebray/Vivado-Workflow-Scripts/Basys3_Master.xdc:114]
Resolution: If [get_<value>] was used to populate the object, check to make sure this command returns at least one valid object.
WARNING: [Vivado 12-584] No ports matched 'btnL'. [C:/Users/lebray/Vivado-Workflow-Scripts/Basys3_Master.xdc:115]
CRITICAL WARNING: [Common 17-55] 'set_property' expects at least one object. [C:/Users/lebray/Vivado-Workflow-Scripts/Basys3_Master.xdc:115]
Resolution: If [get_<value>] was used to populate the object, check to make sure this command returns at least one valid object.
WARNING: [Vivado 12-584] No ports matched 'btnL'. [C:/Users/lebray/Vivado-Workflow-Scripts/Basys3_Master.xdc:116]
CRITICAL WARNING: [Common 17-55] 'set_property' expects at least one object. [C:/Users/lebray/Vivado-Workflow-Scripts/Basys3_Master.xdc:116]
Resolution: If [get_<value>] was used to populate the object, check to make sure this command returns at least one valid object.
WARNING: [Vivado 12-584] No ports matched 'btnR'. [C:/Users/lebray/Vivado-Workflow-Scripts/Basys3_Master.xdc:117]
CRITICAL WARNING: [Common 17-55] 'set_property' expects at least one object. [C:/Users/lebray/Vivado-Workflow-Scripts/Basys3_Master.xdc:117]
Resolution: If [get_<value>] was used to populate the object, check to make sure this command returns at least one valid object.
WARNING: [Vivado 12-584] No ports matched 'btnR'. [C:/Users/lebray/Vivado-Workflow-Scripts/Basys3_Master.xdc:118]
CRITICAL WARNING: [Common 17-55] 'set_property' expects at least one object. [C:/Users/lebray/Vivado-Workflow-Scripts/Basys3_Master.xdc:118]
Resolution: If [get_<value>] was used to populate the object, check to make sure this command returns at least one valid object.
WARNING: [Vivado 12-584] No ports matched 'btnD'. [C:/Users/lebray/Vivado-Workflow-Scripts/Basys3_Master.xdc:119]
CRITICAL WARNING: [Common 17-55] 'set_property' expects at least one object. [C:/Users/lebray/Vivado-Workflow-Scripts/Basys3_Master.xdc:119]
Resolution: If [get_<value>] was used to populate the object, check to make sure this command returns at least one valid object.
WARNING: [Vivado 12-584] No ports matched 'btnD'. [C:/Users/lebray/Vivado-Workflow-Scripts/Basys3_Master.xdc:120]
CRITICAL WARNING: [Common 17-55] 'set_property' expects at least one object. [C:/Users/lebray/Vivado-Workflow-Scripts/Basys3_Master.xdc:120]
Resolution: If [get_<value>] was used to populate the object, check to make sure this command returns at least one valid object.
WARNING: [Vivado 12-584] No ports matched 'JA[0]'. [C:/Users/lebray/Vivado-Workflow-Scripts/Basys3_Master.xdc:126]
CRITICAL WARNING: [Common 17-55] 'set_property' expects at least one object. [C:/Users/lebray/Vivado-Workflow-Scripts/Basys3_Master.xdc:126]
Resolution: If [get_<value>] was used to populate the object, check to make sure this command returns at least one valid object.
WARNING: [Vivado 12-584] No ports matched 'JA[0]'. [C:/Users/lebray/Vivado-Workflow-Scripts/Basys3_Master.xdc:127]
CRITICAL WARNING: [Common 17-55] 'set_property' expects at least one object. [C:/Users/lebray/Vivado-Workflow-Scripts/Basys3_Master.xdc:127]
Resolution: If [get_<value>] was used to populate the object, check to make sure this command returns at least one valid object.
WARNING: [Vivado 12-584] No ports matched 'JA[1]'. [C:/Users/lebray/Vivado-Workflow-Scripts/Basys3_Master.xdc:129]
CRITICAL WARNING: [Common 17-55] 'set_property' expects at least one object. [C:/Users/lebray/Vivado-Workflow-Scripts/Basys3_Master.xdc:129]
Resolution: If [get_<value>] was used to populate the object, check to make sure this command returns at least one valid object.
WARNING: [Vivado 12-584] No ports matched 'JA[1]'. [C:/Users/lebray/Vivado-Workflow-Scripts/Basys3_Master.xdc:130]
CRITICAL WARNING: [Common 17-55] 'set_property' expects at least one object. [C:/Users/lebray/Vivado-Workflow-Scripts/Basys3_Master.xdc:130]
Resolution: If [get_<value>] was used to populate the object, check to make sure this command returns at least one valid object.
WARNING: [Vivado 12-584] No ports matched 'JA[2]'. [C:/Users/lebray/Vivado-Workflow-Scripts/Basys3_Master.xdc:132]
CRITICAL WARNING: [Common 17-55] 'set_property' expects at least one object. [C:/Users/lebray/Vivado-Workflow-Scripts/Basys3_Master.xdc:132]
Resolution: If [get_<value>] was used to populate the object, check to make sure this command returns at least one valid object.
WARNING: [Vivado 12-584] No ports matched 'JA[2]'. [C:/Users/lebray/Vivado-Workflow-Scripts/Basys3_Master.xdc:133]
CRITICAL WARNING: [Common 17-55] 'set_property' expects at least one object. [C:/Users/lebray/Vivado-Workflow-Scripts/Basys3_Master.xdc:133]
Resolution: If [get_<value>] was used to populate the object, check to make sure this command returns at least one valid object.
WARNING: [Vivado 12-584] No ports matched 'JA[3]'. [C:/Users/lebray/Vivado-Workflow-Scripts/Basys3_Master.xdc:135]
CRITICAL WARNING: [Common 17-55] 'set_property' expects at least one object. [C:/Users/lebray/Vivado-Workflow-Scripts/Basys3_Master.xdc:135]
Resolution: If [get_<value>] was used to populate the object, check to make sure this command returns at least one valid object.
WARNING: [Vivado 12-584] No ports matched 'JA[3]'. [C:/Users/lebray/Vivado-Workflow-Scripts/Basys3_Master.xdc:136]
CRITICAL WARNING: [Common 17-55] 'set_property' expects at least one object. [C:/Users/lebray/Vivado-Workflow-Scripts/Basys3_Master.xdc:136]
Resolution: If [get_<value>] was used to populate the object, check to make sure this command returns at least one valid object.
WARNING: [Vivado 12-584] No ports matched 'JA[4]'. [C:/Users/lebray/Vivado-Workflow-Scripts/Basys3_Master.xdc:138]
CRITICAL WARNING: [Common 17-55] 'set_property' expects at least one object. [C:/Users/lebray/Vivado-Workflow-Scripts/Basys3_Master.xdc:138]
Resolution: If [get_<value>] was used to populate the object, check to make sure this command returns at least one valid object.
WARNING: [Vivado 12-584] No ports matched 'JA[4]'. [C:/Users/lebray/Vivado-Workflow-Scripts/Basys3_Master.xdc:139]
CRITICAL WARNING: [Common 17-55] 'set_property' expects at least one object. [C:/Users/lebray/Vivado-Workflow-Scripts/Basys3_Master.xdc:139]
Resolution: If [get_<value>] was used to populate the object, check to make sure this command returns at least one valid object.
WARNING: [Vivado 12-584] No ports matched 'JA[5]'. [C:/Users/lebray/Vivado-Workflow-Scripts/Basys3_Master.xdc:141]
CRITICAL WARNING: [Common 17-55] 'set_property' expects at least one object. [C:/Users/lebray/Vivado-Workflow-Scripts/Basys3_Master.xdc:141]
Resolution: If [get_<value>] was used to populate the object, check to make sure this command returns at least one valid object.
WARNING: [Vivado 12-584] No ports matched 'JA[5]'. [C:/Users/lebray/Vivado-Workflow-Scripts/Basys3_Master.xdc:142]
CRITICAL WARNING: [Common 17-55] 'set_property' expects at least one object. [C:/Users/lebray/Vivado-Workflow-Scripts/Basys3_Master.xdc:142]
Resolution: If [get_<value>] was used to populate the object, check to make sure this command returns at least one valid object.
WARNING: [Vivado 12-584] No ports matched 'JA[6]'. [C:/Users/lebray/Vivado-Workflow-Scripts/Basys3_Master.xdc:144]
CRITICAL WARNING: [Common 17-55] 'set_property' expects at least one object. [C:/Users/lebray/Vivado-Workflow-Scripts/Basys3_Master.xdc:144]
Resolution: If [get_<value>] was used to populate the object, check to make sure this command returns at least one valid object.
WARNING: [Vivado 12-584] No ports matched 'JA[6]'. [C:/Users/lebray/Vivado-Workflow-Scripts/Basys3_Master.xdc:145]
CRITICAL WARNING: [Common 17-55] 'set_property' expects at least one object. [C:/Users/lebray/Vivado-Workflow-Scripts/Basys3_Master.xdc:145]
Resolution: If [get_<value>] was used to populate the object, check to make sure this command returns at least one valid object.
WARNING: [Vivado 12-584] No ports matched 'JA[7]'. [C:/Users/lebray/Vivado-Workflow-Scripts/Basys3_Master.xdc:147]
CRITICAL WARNING: [Common 17-55] 'set_property' expects at least one object. [C:/Users/lebray/Vivado-Workflow-Scripts/Basys3_Master.xdc:147]
Resolution: If [get_<value>] was used to populate the object, check to make sure this command returns at least one valid object.
WARNING: [Vivado 12-584] No ports matched 'JA[7]'. [C:/Users/lebray/Vivado-Workflow-Scripts/Basys3_Master.xdc:148]
CRITICAL WARNING: [Common 17-55] 'set_property' expects at least one object. [C:/Users/lebray/Vivado-Workflow-Scripts/Basys3_Master.xdc:148]
Resolution: If [get_<value>] was used to populate the object, check to make sure this command returns at least one valid object.
WARNING: [Vivado 12-584] No ports matched 'JB[3]'. [C:/Users/lebray/Vivado-Workflow-Scripts/Basys3_Master.xdc:163]
CRITICAL WARNING: [Common 17-55] 'set_property' expects at least one object. [C:/Users/lebray/Vivado-Workflow-Scripts/Basys3_Master.xdc:163]
Resolution: If [get_<value>] was used to populate the object, check to make sure this command returns at least one valid object.
WARNING: [Vivado 12-584] No ports matched 'JB[3]'. [C:/Users/lebray/Vivado-Workflow-Scripts/Basys3_Master.xdc:164]
CRITICAL WARNING: [Common 17-55] 'set_property' expects at least one object. [C:/Users/lebray/Vivado-Workflow-Scripts/Basys3_Master.xdc:164]
Resolution: If [get_<value>] was used to populate the object, check to make sure this command returns at least one valid object.
WARNING: [Vivado 12-584] No ports matched 'JB[4]'. [C:/Users/lebray/Vivado-Workflow-Scripts/Basys3_Master.xdc:166]
CRITICAL WARNING: [Common 17-55] 'set_property' expects at least one object. [C:/Users/lebray/Vivado-Workflow-Scripts/Basys3_Master.xdc:166]
Resolution: If [get_<value>] was used to populate the object, check to make sure this command returns at least one valid object.
WARNING: [Vivado 12-584] No ports matched 'JB[4]'. [C:/Users/lebray/Vivado-Workflow-Scripts/Basys3_Master.xdc:167]
CRITICAL WARNING: [Common 17-55] 'set_property' expects at least one object. [C:/Users/lebray/Vivado-Workflow-Scripts/Basys3_Master.xdc:167]
Resolution: If [get_<value>] was used to populate the object, check to make sure this command returns at least one valid object.
WARNING: [Vivado 12-584] No ports matched 'JB[5]'. [C:/Users/lebray/Vivado-Workflow-Scripts/Basys3_Master.xdc:169]
CRITICAL WARNING: [Common 17-55] 'set_property' expects at least one object. [C:/Users/lebray/Vivado-Workflow-Scripts/Basys3_Master.xdc:169]
Resolution: If [get_<value>] was used to populate the object, check to make sure this command returns at least one valid object.
WARNING: [Vivado 12-584] No ports matched 'JB[5]'. [C:/Users/lebray/Vivado-Workflow-Scripts/Basys3_Master.xdc:170]
CRITICAL WARNING: [Common 17-55] 'set_property' expects at least one object. [C:/Users/lebray/Vivado-Workflow-Scripts/Basys3_Master.xdc:170]
Resolution: If [get_<value>] was used to populate the object, check to make sure this command returns at least one valid object.
WARNING: [Vivado 12-584] No ports matched 'JB[6]'. [C:/Users/lebray/Vivado-Workflow-Scripts/Basys3_Master.xdc:172]
CRITICAL WARNING: [Common 17-55] 'set_property' expects at least one object. [C:/Users/lebray/Vivado-Workflow-Scripts/Basys3_Master.xdc:172]
Resolution: If [get_<value>] was used to populate the object, check to make sure this command returns at least one valid object.
WARNING: [Vivado 12-584] No ports matched 'JB[6]'. [C:/Users/lebray/Vivado-Workflow-Scripts/Basys3_Master.xdc:173]
CRITICAL WARNING: [Common 17-55] 'set_property' expects at least one object. [C:/Users/lebray/Vivado-Workflow-Scripts/Basys3_Master.xdc:173]
Resolution: If [get_<value>] was used to populate the object, check to make sure this command returns at least one valid object.
WARNING: [Vivado 12-584] No ports matched 'JB[7]'. [C:/Users/lebray/Vivado-Workflow-Scripts/Basys3_Master.xdc:175]
CRITICAL WARNING: [Common 17-55] 'set_property' expects at least one object. [C:/Users/lebray/Vivado-Workflow-Scripts/Basys3_Master.xdc:175]
Resolution: If [get_<value>] was used to populate the object, check to make sure this command returns at least one valid object.
WARNING: [Vivado 12-584] No ports matched 'JB[7]'. [C:/Users/lebray/Vivado-Workflow-Scripts/Basys3_Master.xdc:176]
CRITICAL WARNING: [Common 17-55] 'set_property' expects at least one object. [C:/Users/lebray/Vivado-Workflow-Scripts/Basys3_Master.xdc:176]
Resolution: If [get_<value>] was used to populate the object, check to make sure this command returns at least one valid object.
WARNING: [Vivado 12-584] No ports matched 'RsRx'. [C:/Users/lebray/Vivado-Workflow-Scripts/Basys3_Master.xdc:267]
CRITICAL WARNING: [Common 17-55] 'set_property' expects at least one object. [C:/Users/lebray/Vivado-Workflow-Scripts/Basys3_Master.xdc:267]
Resolution: If [get_<value>] was used to populate the object, check to make sure this command returns at least one valid object.
WARNING: [Vivado 12-584] No ports matched 'RsRx'. [C:/Users/lebray/Vivado-Workflow-Scripts/Basys3_Master.xdc:268]
CRITICAL WARNING: [Common 17-55] 'set_property' expects at least one object. [C:/Users/lebray/Vivado-Workflow-Scripts/Basys3_Master.xdc:268]
Resolution: If [get_<value>] was used to populate the object, check to make sure this command returns at least one valid object.
WARNING: [Vivado 12-584] No ports matched 'RsTx'. [C:/Users/lebray/Vivado-Workflow-Scripts/Basys3_Master.xdc:269]
CRITICAL WARNING: [Common 17-55] 'set_property' expects at least one object. [C:/Users/lebray/Vivado-Workflow-Scripts/Basys3_Master.xdc:269]
Resolution: If [get_<value>] was used to populate the object, check to make sure this command returns at least one valid object.
WARNING: [Vivado 12-584] No ports matched 'RsTx'. [C:/Users/lebray/Vivado-Workflow-Scripts/Basys3_Master.xdc:270]
CRITICAL WARNING: [Common 17-55] 'set_property' expects at least one object. [C:/Users/lebray/Vivado-Workflow-Scripts/Basys3_Master.xdc:270]
Resolution: If [get_<value>] was used to populate the object, check to make sure this command returns at least one valid object.
WARNING: [Vivado 12-584] No ports matched 'PS2Clk'. [C:/Users/lebray/Vivado-Workflow-Scripts/Basys3_Master.xdc:274]
CRITICAL WARNING: [Common 17-55] 'set_property' expects at least one object. [C:/Users/lebray/Vivado-Workflow-Scripts/Basys3_Master.xdc:274]
Resolution: If [get_<value>] was used to populate the object, check to make sure this command returns at least one valid object.
WARNING: [Vivado 12-584] No ports matched 'PS2Clk'. [C:/Users/lebray/Vivado-Workflow-Scripts/Basys3_Master.xdc:275]
CRITICAL WARNING: [Common 17-55] 'set_property' expects at least one object. [C:/Users/lebray/Vivado-Workflow-Scripts/Basys3_Master.xdc:275]
Resolution: If [get_<value>] was used to populate the object, check to make sure this command returns at least one valid object.
WARNING: [Vivado 12-584] No ports matched 'PS2Clk'. [C:/Users/lebray/Vivado-Workflow-Scripts/Basys3_Master.xdc:276]
CRITICAL WARNING: [Common 17-55] 'set_property' expects at least one object. [C:/Users/lebray/Vivado-Workflow-Scripts/Basys3_Master.xdc:276]
Resolution: If [get_<value>] was used to populate the object, check to make sure this command returns at least one valid object.
WARNING: [Vivado 12-584] No ports matched 'PS2Data'. [C:/Users/lebray/Vivado-Workflow-Scripts/Basys3_Master.xdc:277]
CRITICAL WARNING: [Common 17-55] 'set_property' expects at least one object. [C:/Users/lebray/Vivado-Workflow-Scripts/Basys3_Master.xdc:277]
Resolution: If [get_<value>] was used to populate the object, check to make sure this command returns at least one valid object.
WARNING: [Vivado 12-584] No ports matched 'PS2Data'. [C:/Users/lebray/Vivado-Workflow-Scripts/Basys3_Master.xdc:278]
CRITICAL WARNING: [Common 17-55] 'set_property' expects at least one object. [C:/Users/lebray/Vivado-Workflow-Scripts/Basys3_Master.xdc:278]
Resolution: If [get_<value>] was used to populate the object, check to make sure this command returns at least one valid object.
WARNING: [Vivado 12-584] No ports matched 'PS2Data'. [C:/Users/lebray/Vivado-Workflow-Scripts/Basys3_Master.xdc:279]
INFO: [Common 17-14] Message 'Vivado 12-584' appears 100 times and further instances of the messages will be disabled. Use the Tcl command set_msg_config to change the current settings. [C:/Users/lebray/Vivado-Workflow-Scripts/Basys3_Master.xdc:279]
CRITICAL WARNING: [Common 17-55] 'set_property' expects at least one object. [C:/Users/lebray/Vivado-Workflow-Scripts/Basys3_Master.xdc:279]
Resolution: If [get_<value>] was used to populate the object, check to make sure this command returns at least one valid object.
INFO: [Common 17-14] Message 'Common 17-55' appears 100 times and further instances of the messages will be disabled. Use the Tcl command set_msg_config to change the current settings. [C:/Users/lebray/Vivado-Workflow-Scripts/Basys3_Master.xdc:279]
Finished Parsing XDC File [C:/Users/lebray/Vivado-Workflow-Scripts/Basys3_Master.xdc]
INFO: [Opt 31-138] Pushed 0 inverter(s) to 0 load pin(s).
Netlist sorting complete. Time (s): cpu = 00:00:00 ; elapsed = 00:00:00 . Memory (MB): peak = 566.734 ; gain = 0.000
INFO: [Project 1-111] Unisim Transformation Summary:
  A total of 56 instances were transformed.
  LUT6_2 => LUT6_2 (LUT5, LUT6): 50 instances
  RAM32M => RAM32M (RAMD32, RAMD32, RAMD32, RAMD32, RAMD32, RAMD32, RAMS32, RAMS32): 4 instances
  RAM64M => RAM64M (RAMD64E, RAMD64E, RAMD64E, RAMD64E): 2 instances

9 Infos, 100 Warnings, 100 Critical Warnings and 0 Errors encountered.
link_design completed successfully
Command: opt_design
Attempting to get a license for feature 'Implementation' and/or device 'xc7a35t'
INFO: [Common 17-349] Got license for feature 'Implementation' and/or device 'xc7a35t'
Running DRC as a precondition to command opt_design

Starting DRC Task
INFO: [DRC 23-27] Running DRC with 2 threads
ERROR: [DRC MDRV-1] Multiple Driver Nets: Net als_reader/shift[0] has multiple drivers: als_reader/shift_reg[0]__0/Q, and als_reader/shift_reg[0]/Q.
ERROR: [DRC MDRV-1] Multiple Driver Nets: Net als_reader/shift[10] has multiple drivers: als_reader/shift_reg[10]/Q, and als_reader/shift_reg[10]__0/Q.
ERROR: [DRC MDRV-1] Multiple Driver Nets: Net als_reader/shift[11] has multiple drivers: als_reader/shift_reg[11]/Q, and als_reader/shift_reg[11]__0/Q.
ERROR: [DRC MDRV-1] Multiple Driver Nets: Net als_reader/shift[1] has multiple drivers: als_reader/shift_reg[1]/Q, and als_reader/shift_reg[1]__0/Q.
ERROR: [DRC MDRV-1] Multiple Driver Nets: Net als_reader/shift[2] has multiple drivers: als_reader/shift_reg[2]__0/Q, and als_reader/shift_reg[2]/Q.
ERROR: [DRC MDRV-1] Multiple Driver Nets: Net als_reader/shift[3] has multiple drivers: als_reader/shift_reg[3]__0/Q, and als_reader/shift_reg[3]/Q.
ERROR: [DRC MDRV-1] Multiple Driver Nets: Net als_reader/shift[4] has multiple drivers: als_reader/shift_reg[4]/Q, and als_reader/shift_reg[4]__0/Q.
ERROR: [DRC MDRV-1] Multiple Driver Nets: Net als_reader/shift[5] has multiple drivers: als_reader/shift_reg[5]/Q, and als_reader/shift_reg[5]__0/Q.
ERROR: [DRC MDRV-1] Multiple Driver Nets: Net als_reader/shift[6] has multiple drivers: als_reader/shift_reg[6]/Q, and als_reader/shift_reg[6]__0/Q.
ERROR: [DRC MDRV-1] Multiple Driver Nets: Net als_reader/shift[7] has multiple drivers: als_reader/shift_reg[7]__0/Q, and als_reader/shift_reg[7]/Q.
ERROR: [DRC MDRV-1] Multiple Driver Nets: Net als_reader/shift[8] has multiple drivers: als_reader/shift_reg[8]/Q, and als_reader/shift_reg[8]__0/Q.
ERROR: [DRC MDRV-1] Multiple Driver Nets: Net als_reader/shift[9] has multiple drivers: als_reader/shift_reg[9]/Q, and als_reader/shift_reg[9]__0/Q.
INFO: [Project 1-461] DRC finished with 12 Errors
INFO: [Project 1-462] Please refer to the DRC report (report_drc) for more information.
ERROR: [Vivado_Tcl 4-78] Error(s) found during DRC. Opt_design not run.

Time (s): cpu = 00:00:00 ; elapsed = 00:00:00.272 . Memory (MB): peak = 580.676 ; gain = 13.941
INFO: [Common 17-83] Releasing license: Implementation
14 Infos, 100 Warnings, 100 Critical Warnings and 13 Errors encountered.
opt_design failed
ERROR: [Common 17-39] 'opt_design' failed due to earlier errors.

INFO: [Common 17-206] Exiting Vivado at Mon Mar 30 13:58:18 2026...
[Mon Mar 30 13:58:20 2026] impl_1 finished
wait_on_run: Time (s): cpu = 00:00:00 ; elapsed = 00:00:15 . Memory (MB): peak = 262.520 ; gain = 0.000
# set impl_status [get_property STATUS [get_runs impl_1]]
# if {$impl_status != "route_design Complete!"} {
#     puts "ERROR: Implementation failed: $impl_status"
#     exit 1
# }
ERROR: Implementation failed: opt_design ERROR
INFO: [Common 17-206] Exiting Vivado at Mon Mar 30 13:58:20 2026...
