#-----------------------------------------------------------
# Vivado v2018.3 (64-bit)
# SW Build 2405991 on Thu Dec  6 23:38:27 MST 2018
# IP Build 2404404 on Fri Dec  7 01:43:56 MST 2018
# Start of session at: Mon Mar 30 14:29:21 2026
# Process ID: 14576
# Current directory: C:/Users/lebray/Vivado-Workflow-Scripts/HW7/T2
# Command line: vivado.exe -mode batch -source C:\Users\lebray\Vivado-Workflow-Scripts\HW7\T2\run_hardware.tcl
# Log file: C:/Users/lebray/Vivado-Workflow-Scripts/HW7/T2/vivado.log
# Journal file: C:/Users/lebray/Vivado-Workflow-Scripts/HW7/T2\vivado.jou
#-----------------------------------------------------------
source {C:\Users\lebray\Vivado-Workflow-Scripts\HW7\T2\run_hardware.tcl}
# create_project T2 {C:\Users\lebray\Vivado-Workflow-Scripts\HW7\T2\vivado_project} -part xc7a35tcpg236-1 -force
# if {[catch {set_property board_part digilentinc.com:basys3:part0:1.2 [current_project]}]} {
#     puts "Note: Board part not available, using part only"
# }
Note: Board part not available, using part only
# set_property target_language Verilog [current_project]
# add_files -norecurse {C:\Users\lebray\Vivado-Workflow-Scripts\HW7\T2\als_rom.v}
# add_files -norecurse {C:\Users\lebray\Vivado-Workflow-Scripts\HW7\T2\als_top.v}
# add_files -norecurse {C:\Users\lebray\Vivado-Workflow-Scripts\HW7\T2\kcpsm6.v}
# add_files -norecurse {C:\Users\lebray\Vivado-Workflow-Scripts\HW7\T2\ROM_form.v}
# add_files -norecurse {C:\Users\lebray\Vivado-Workflow-Scripts\HW7\T2\spi_als_reader.v}
# add_files -fileset constrs_1 -norecurse {C:\Users\lebray\Vivado-Workflow-Scripts\Basys3_Master.xdc}
# set_property top als_top [current_fileset]
# update_compile_order -fileset sources_1
# reset_run synth_1
# launch_runs synth_1
[Mon Mar 30 14:29:30 2026] Launched synth_1...
Run output will be captured here: C:/Users/lebray/Vivado-Workflow-Scripts/HW7/T2/vivado_project/T2.runs/synth_1/runme.log
# wait_on_run synth_1
[Mon Mar 30 14:29:30 2026] Waiting for synth_1 to finish...

*** Running vivado
    with args -log als_top.vds -m64 -product Vivado -mode batch -messageDb vivado.pb -notrace -source als_top.tcl


****** Vivado v2018.3 (64-bit)
  **** SW Build 2405991 on Thu Dec  6 23:38:27 MST 2018
  **** IP Build 2404404 on Fri Dec  7 01:43:56 MST 2018
    ** Copyright 1986-2018 Xilinx, Inc. All Rights Reserved.

source als_top.tcl -notrace
Command: synth_design -top als_top -part xc7a35tcpg236-1
Starting synth_design
Attempting to get a license for feature 'Synthesis' and/or device 'xc7a35t'
INFO: [Common 17-349] Got license for feature 'Synthesis' and/or device 'xc7a35t'
INFO: Launching helper process for spawning children vivado processes
INFO: Helper process launched with PID 26448 
---------------------------------------------------------------------------------
Starting RTL Elaboration : Time (s): cpu = 00:00:01 ; elapsed = 00:00:01 . Memory (MB): peak = 356.422 ; gain = 93.824
---------------------------------------------------------------------------------
INFO: [Synth 8-6157] synthesizing module 'als_top' [C:/Users/lebray/Vivado-Workflow-Scripts/HW7/T2/als_top.v:6]
INFO: [Synth 8-6157] synthesizing module 'spi_als_reader' [C:/Users/lebray/Vivado-Workflow-Scripts/HW7/T2/spi_als_reader.v:17]
	Parameter IDLE bound to: 2'b00 
	Parameter ACTIVE bound to: 2'b01 
	Parameter DONE bound to: 2'b10 
INFO: [Synth 8-155] case statement is not full and has no default [C:/Users/lebray/Vivado-Workflow-Scripts/HW7/T2/spi_als_reader.v:64]
INFO: [Synth 8-6155] done synthesizing module 'spi_als_reader' (1#1) [C:/Users/lebray/Vivado-Workflow-Scripts/HW7/T2/spi_als_reader.v:17]
INFO: [Synth 8-6157] synthesizing module 'kcpsm6' [C:/Users/lebray/Vivado-Workflow-Scripts/HW7/T2/kcpsm6.v:77]
	Parameter hwbuild bound to: 8'b00000000 
	Parameter interrupt_vector bound to: 12'b001111111111 
	Parameter scratch_pad_memory_size bound to: 64 - type: integer 
INFO: [Synth 8-6157] synthesizing module 'LUT6_2' [C:/Xilinx/Vivado/2018.3/scripts/rt/data/unisim_comp.v:26647]
	Parameter INIT bound to: 64'b1111111100000000111100001111000011001100110011001010101010101010 
INFO: [Synth 8-6155] done synthesizing module 'LUT6_2' (2#1) [C:/Xilinx/Vivado/2018.3/scripts/rt/data/unisim_comp.v:26647]
INFO: [Synth 8-6157] synthesizing module 'LUT6' [C:/Xilinx/Vivado/2018.3/scripts/rt/data/unisim_comp.v:26626]
	Parameter INIT bound to: 64'b0000000010101010000000001111111100110011110011000000111100000000 
INFO: [Synth 8-6155] done synthesizing module 'LUT6' (3#1) [C:/Xilinx/Vivado/2018.3/scripts/rt/data/unisim_comp.v:26626]
INFO: [Synth 8-6157] synthesizing module 'XORCY' [C:/Xilinx/Vivado/2018.3/scripts/rt/data/unisim_comp.v:53711]
INFO: [Synth 8-6155] done synthesizing module 'XORCY' (4#1) [C:/Xilinx/Vivado/2018.3/scripts/rt/data/unisim_comp.v:53711]
INFO: [Synth 8-6157] synthesizing module 'MUXCY' [C:/Xilinx/Vivado/2018.3/scripts/rt/data/unisim_comp.v:27571]
INFO: [Synth 8-6155] done synthesizing module 'MUXCY' (5#1) [C:/Xilinx/Vivado/2018.3/scripts/rt/data/unisim_comp.v:27571]
INFO: [Synth 8-6157] synthesizing module 'FD' [C:/Xilinx/Vivado/2018.3/scripts/rt/data/unisim_comp.v:3730]
	Parameter INIT bound to: 1'b0 
INFO: [Synth 8-6155] done synthesizing module 'FD' (6#1) [C:/Xilinx/Vivado/2018.3/scripts/rt/data/unisim_comp.v:3730]
INFO: [Synth 8-6157] synthesizing module 'FDRE' [C:/Xilinx/Vivado/2018.3/scripts/rt/data/unisim_comp.v:3971]
	Parameter INIT bound to: 1'b0 
	Parameter IS_C_INVERTED bound to: 1'b0 
	Parameter IS_D_INVERTED bound to: 1'b0 
	Parameter IS_R_INVERTED bound to: 1'b0 
INFO: [Synth 8-6155] done synthesizing module 'FDRE' (7#1) [C:/Xilinx/Vivado/2018.3/scripts/rt/data/unisim_comp.v:3971]
INFO: [Synth 8-6157] synthesizing module 'LUT6__parameterized0' [C:/Xilinx/Vivado/2018.3/scripts/rt/data/unisim_comp.v:26626]
	Parameter INIT bound to: 64'b0000000010101010000000001111111111001100110011001111000000000000 
INFO: [Synth 8-6155] done synthesizing module 'LUT6__parameterized0' (7#1) [C:/Xilinx/Vivado/2018.3/scripts/rt/data/unisim_comp.v:26626]
INFO: [Synth 8-6157] synthesizing module 'LUT6__parameterized1' [C:/Xilinx/Vivado/2018.3/scripts/rt/data/unisim_comp.v:26626]
	Parameter INIT bound to: 64'b0000000010101010000000000000000011001100110011001111000000000000 
INFO: [Synth 8-6155] done synthesizing module 'LUT6__parameterized1' (7#1) [C:/Xilinx/Vivado/2018.3/scripts/rt/data/unisim_comp.v:26626]
INFO: [Synth 8-6157] synthesizing module 'FDR' [C:/Xilinx/Vivado/2018.3/scripts/rt/data/unisim_comp.v:3958]
	Parameter INIT bound to: 1'b0 
INFO: [Synth 8-6155] done synthesizing module 'FDR' (8#1) [C:/Xilinx/Vivado/2018.3/scripts/rt/data/unisim_comp.v:3958]
INFO: [Synth 8-6157] synthesizing module 'LUT6_2__parameterized0' [C:/Xilinx/Vivado/2018.3/scripts/rt/data/unisim_comp.v:26647]
	Parameter INIT bound to: 64'b0000000000010101001010011010101010101010101010101010101010101010 
INFO: [Synth 8-6155] done synthesizing module 'LUT6_2__parameterized0' (8#1) [C:/Xilinx/Vivado/2018.3/scripts/rt/data/unisim_comp.v:26647]
INFO: [Synth 8-6157] synthesizing module 'LUT6_2__parameterized1' [C:/Xilinx/Vivado/2018.3/scripts/rt/data/unisim_comp.v:26647]
	Parameter INIT bound to: 64'b0000000000101010001001010010101010101010101010101010101010101010 
INFO: [Synth 8-6155] done synthesizing module 'LUT6_2__parameterized1' (8#1) [C:/Xilinx/Vivado/2018.3/scripts/rt/data/unisim_comp.v:26647]
INFO: [Synth 8-6157] synthesizing module 'LUT6__parameterized2' [C:/Xilinx/Vivado/2018.3/scripts/rt/data/unisim_comp.v:26626]
	Parameter INIT bound to: 64'b1011111110111100100011111000110010110011101100001000001110000000 
INFO: [Synth 8-6155] done synthesizing module 'LUT6__parameterized2' (8#1) [C:/Xilinx/Vivado/2018.3/scripts/rt/data/unisim_comp.v:26626]
INFO: [Synth 8-6157] synthesizing module 'RAM64M' [C:/Xilinx/Vivado/2018.3/scripts/rt/data/unisim_comp.v:45429]
	Parameter INIT_A bound to: 64'b0000000000000000000000000000000000000000000000000000000000000000 
	Parameter INIT_B bound to: 64'b0000000000000000000000000000000000000000000000000000000000000000 
	Parameter INIT_C bound to: 64'b0000000000000000000000000000000000000000000000000000000000000000 
	Parameter INIT_D bound to: 64'b0000000000000000000000000000000000000000000000000000000000000000 
	Parameter IS_WCLK_INVERTED bound to: 1'b0 
INFO: [Synth 8-6155] done synthesizing module 'RAM64M' (9#1) [C:/Xilinx/Vivado/2018.3/scripts/rt/data/unisim_comp.v:45429]
INFO: [Synth 8-6157] synthesizing module 'LUT6_2__parameterized2' [C:/Xilinx/Vivado/2018.3/scripts/rt/data/unisim_comp.v:26647]
	Parameter INIT bound to: 64'b0110100101101001011011101000101011001100110011000000000000000000 
INFO: [Synth 8-6155] done synthesizing module 'LUT6_2__parameterized2' (9#1) [C:/Xilinx/Vivado/2018.3/scripts/rt/data/unisim_comp.v:26647]
INFO: [Synth 8-6157] synthesizing module 'LUT6__parameterized3' [C:/Xilinx/Vivado/2018.3/scripts/rt/data/unisim_comp.v:26626]
	Parameter INIT bound to: 64'b1111111100000000111100001111000011001100110011001010101010101010 
INFO: [Synth 8-6155] done synthesizing module 'LUT6__parameterized3' (9#1) [C:/Xilinx/Vivado/2018.3/scripts/rt/data/unisim_comp.v:26626]
INFO: [Synth 8-6157] synthesizing module 'LUT6_2__parameterized3' [C:/Xilinx/Vivado/2018.3/scripts/rt/data/unisim_comp.v:26647]
	Parameter INIT bound to: 64'b1111111111111111111101010101010100000000000000000000111011101110 
INFO: [Synth 8-6155] done synthesizing module 'LUT6_2__parameterized3' (9#1) [C:/Xilinx/Vivado/2018.3/scripts/rt/data/unisim_comp.v:26647]
INFO: [Synth 8-6157] synthesizing module 'LUT6_2__parameterized4' [C:/Xilinx/Vivado/2018.3/scripts/rt/data/unisim_comp.v:26647]
	Parameter INIT bound to: 64'b0000000010000011000000000000101100000000110001000000000001001100 
INFO: [Synth 8-6155] done synthesizing module 'LUT6_2__parameterized4' (9#1) [C:/Xilinx/Vivado/2018.3/scripts/rt/data/unisim_comp.v:26647]
INFO: [Synth 8-6157] synthesizing module 'LUT6_2__parameterized5' [C:/Xilinx/Vivado/2018.3/scripts/rt/data/unisim_comp.v:26647]
	Parameter INIT bound to: 64'b0000000000010000000000000000000000000000000000000000100000000000 
INFO: [Synth 8-6155] done synthesizing module 'LUT6_2__parameterized5' (9#1) [C:/Xilinx/Vivado/2018.3/scripts/rt/data/unisim_comp.v:26647]
INFO: [Synth 8-6157] synthesizing module 'LUT6__parameterized4' [C:/Xilinx/Vivado/2018.3/scripts/rt/data/unisim_comp.v:26626]
	Parameter INIT bound to: 64'b0000000000000000000000000000000000000000000000001100101010101010 
INFO: [Synth 8-6155] done synthesizing module 'LUT6__parameterized4' (9#1) [C:/Xilinx/Vivado/2018.3/scripts/rt/data/unisim_comp.v:26626]
INFO: [Synth 8-6157] synthesizing module 'LUT6_2__parameterized6' [C:/Xilinx/Vivado/2018.3/scripts/rt/data/unisim_comp.v:26647]
	Parameter INIT bound to: 64'b1100110000110011111111110000000010000000100000001000000010000000 
INFO: [Synth 8-6155] done synthesizing module 'LUT6_2__parameterized6' (9#1) [C:/Xilinx/Vivado/2018.3/scripts/rt/data/unisim_comp.v:26647]
INFO: [Synth 8-6157] synthesizing module 'LUT6__parameterized5' [C:/Xilinx/Vivado/2018.3/scripts/rt/data/unisim_comp.v:26626]
	Parameter INIT bound to: 64'b0101101000111100111111111111111100000000000000000000000000000000 
INFO: [Synth 8-6155] done synthesizing module 'LUT6__parameterized5' (9#1) [C:/Xilinx/Vivado/2018.3/scripts/rt/data/unisim_comp.v:26626]
INFO: [Synth 8-6157] synthesizing module 'LUT6_2__parameterized7' [C:/Xilinx/Vivado/2018.3/scripts/rt/data/unisim_comp.v:26647]
	Parameter INIT bound to: 64'b0111011101110111000000100111011100000000000000000000001000000000 
INFO: [Synth 8-6155] done synthesizing module 'LUT6_2__parameterized7' (9#1) [C:/Xilinx/Vivado/2018.3/scripts/rt/data/unisim_comp.v:26647]
INFO: [Synth 8-6157] synthesizing module 'LUT6_2__parameterized8' [C:/Xilinx/Vivado/2018.3/scripts/rt/data/unisim_comp.v:26647]
	Parameter INIT bound to: 64'b0000000000000000111100000000000000000000000000000010001111111111 
INFO: [Synth 8-6155] done synthesizing module 'LUT6_2__parameterized8' (9#1) [C:/Xilinx/Vivado/2018.3/scripts/rt/data/unisim_comp.v:26647]
INFO: [Synth 8-6157] synthesizing module 'LUT6__parameterized6' [C:/Xilinx/Vivado/2018.3/scripts/rt/data/unisim_comp.v:26626]
	Parameter INIT bound to: 64'b1111111111111111111111111111111100000000000001000000000000000000 
INFO: [Synth 8-6155] done synthesizing module 'LUT6__parameterized6' (9#1) [C:/Xilinx/Vivado/2018.3/scripts/rt/data/unisim_comp.v:26626]
INFO: [Synth 8-6157] synthesizing module 'LUT6_2__parameterized9' [C:/Xilinx/Vivado/2018.3/scripts/rt/data/unisim_comp.v:26647]
	Parameter INIT bound to: 64'b1111111111111111000100000000000000000000000000000010000000000000 
INFO: [Synth 8-6155] done synthesizing module 'LUT6_2__parameterized9' (9#1) [C:/Xilinx/Vivado/2018.3/scripts/rt/data/unisim_comp.v:26647]
INFO: [Synth 8-6157] synthesizing module 'LUT6_2__parameterized10' [C:/Xilinx/Vivado/2018.3/scripts/rt/data/unisim_comp.v:26647]
	Parameter INIT bound to: 64'b0000001111001010000000000000000000000100001000000000000000000000 
INFO: [Synth 8-6155] done synthesizing module 'LUT6_2__parameterized10' (9#1) [C:/Xilinx/Vivado/2018.3/scripts/rt/data/unisim_comp.v:26647]
INFO: [Synth 8-6157] synthesizing module 'LUT6_2__parameterized11' [C:/Xilinx/Vivado/2018.3/scripts/rt/data/unisim_comp.v:26647]
	Parameter INIT bound to: 64'b0111011100001000000000000000000000000000000000000000111100000000 
INFO: [Synth 8-6155] done synthesizing module 'LUT6_2__parameterized11' (9#1) [C:/Xilinx/Vivado/2018.3/scripts/rt/data/unisim_comp.v:26647]
INFO: [Synth 8-6157] synthesizing module 'LUT6_2__parameterized12' [C:/Xilinx/Vivado/2018.3/scripts/rt/data/unisim_comp.v:26647]
	Parameter INIT bound to: 64'b1101000000000000000000000000000000000010000000000000000000000000 
INFO: [Synth 8-6155] done synthesizing module 'LUT6_2__parameterized12' (9#1) [C:/Xilinx/Vivado/2018.3/scripts/rt/data/unisim_comp.v:26647]
INFO: [Synth 8-6157] synthesizing module 'LUT6_2__parameterized13' [C:/Xilinx/Vivado/2018.3/scripts/rt/data/unisim_comp.v:26647]
	Parameter INIT bound to: 64'b0000000000000001001111110011111100000000000100001111011111001110 
INFO: [Synth 8-6155] done synthesizing module 'LUT6_2__parameterized13' (9#1) [C:/Xilinx/Vivado/2018.3/scripts/rt/data/unisim_comp.v:26647]
INFO: [Synth 8-6157] synthesizing module 'LUT6_2__parameterized14' [C:/Xilinx/Vivado/2018.3/scripts/rt/data/unisim_comp.v:26647]
	Parameter INIT bound to: 64'b1100000011001100000000000000000010100000101010100000000000000000 
INFO: [Synth 8-6155] done synthesizing module 'LUT6_2__parameterized14' (9#1) [C:/Xilinx/Vivado/2018.3/scripts/rt/data/unisim_comp.v:26647]
INFO: [Synth 8-6157] synthesizing module 'LUT6_2__parameterized15' [C:/Xilinx/Vivado/2018.3/scripts/rt/data/unisim_comp.v:26647]
	Parameter INIT bound to: 64'b1000000000000000000000000000000000100000000000000000000000000000 
INFO: [Synth 8-6155] done synthesizing module 'LUT6_2__parameterized15' (9#1) [C:/Xilinx/Vivado/2018.3/scripts/rt/data/unisim_comp.v:26647]
INFO: [Synth 8-6157] synthesizing module 'LUT6_2__parameterized16' [C:/Xilinx/Vivado/2018.3/scripts/rt/data/unisim_comp.v:26647]
	Parameter INIT bound to: 64'b0100000000000000000000000000000000000001000000000000000000000000 
INFO: [Synth 8-6155] done synthesizing module 'LUT6_2__parameterized16' (9#1) [C:/Xilinx/Vivado/2018.3/scripts/rt/data/unisim_comp.v:26647]
INFO: [Synth 8-6157] synthesizing module 'LUT6__parameterized7' [C:/Xilinx/Vivado/2018.3/scripts/rt/data/unisim_comp.v:26626]
	Parameter INIT bound to: 64'b0000000010000000000000100000000000000000000000000000000000000000 
INFO: [Synth 8-6155] done synthesizing module 'LUT6__parameterized7' (9#1) [C:/Xilinx/Vivado/2018.3/scripts/rt/data/unisim_comp.v:26626]
INFO: [Synth 8-6157] synthesizing module 'LUT6__parameterized8' [C:/Xilinx/Vivado/2018.3/scripts/rt/data/unisim_comp.v:26626]
	Parameter INIT bound to: 64'b1010110010101100111111110000000011111111000000001111111100000000 
INFO: [Synth 8-6155] done synthesizing module 'LUT6__parameterized8' (9#1) [C:/Xilinx/Vivado/2018.3/scripts/rt/data/unisim_comp.v:26626]
INFO: [Synth 8-6157] synthesizing module 'LUT6_2__parameterized17' [C:/Xilinx/Vivado/2018.3/scripts/rt/data/unisim_comp.v:26647]
	Parameter INIT bound to: 64'b0000000000000000000000000000000010000111011110000000000000000000 
INFO: [Synth 8-6155] done synthesizing module 'LUT6_2__parameterized17' (9#1) [C:/Xilinx/Vivado/2018.3/scripts/rt/data/unisim_comp.v:26647]
INFO: [Synth 8-6157] synthesizing module 'LUT6__parameterized9' [C:/Xilinx/Vivado/2018.3/scripts/rt/data/unisim_comp.v:26626]
	Parameter INIT bound to: 64'b0110100110010110100101100110100110010110011010010110100110010110 
INFO: [Synth 8-6155] done synthesizing module 'LUT6__parameterized9' (9#1) [C:/Xilinx/Vivado/2018.3/scripts/rt/data/unisim_comp.v:26626]
INFO: [Synth 8-6157] synthesizing module 'LUT6__parameterized10' [C:/Xilinx/Vivado/2018.3/scripts/rt/data/unisim_comp.v:26626]
	Parameter INIT bound to: 64'b1111111111111111101010101100110011110000111100001111000011110000 
INFO: [Synth 8-6155] done synthesizing module 'LUT6__parameterized10' (9#1) [C:/Xilinx/Vivado/2018.3/scripts/rt/data/unisim_comp.v:26626]
INFO: [Synth 8-6157] synthesizing module 'LUT6_2__parameterized18' [C:/Xilinx/Vivado/2018.3/scripts/rt/data/unisim_comp.v:26647]
	Parameter INIT bound to: 64'b0011001100110011101010101100110011110000101010100000000000000000 
INFO: [Synth 8-6155] done synthesizing module 'LUT6_2__parameterized18' (9#1) [C:/Xilinx/Vivado/2018.3/scripts/rt/data/unisim_comp.v:26647]
INFO: [Synth 8-6157] synthesizing module 'LUT6_2__parameterized19' [C:/Xilinx/Vivado/2018.3/scripts/rt/data/unisim_comp.v:26647]
	Parameter INIT bound to: 64'b1010001010000000000000000000000000000000111100000000000011110000 
INFO: [Synth 8-6155] done synthesizing module 'LUT6_2__parameterized19' (9#1) [C:/Xilinx/Vivado/2018.3/scripts/rt/data/unisim_comp.v:26647]
INFO: [Synth 8-6157] synthesizing module 'LUT6_2__parameterized20' [C:/Xilinx/Vivado/2018.3/scripts/rt/data/unisim_comp.v:26647]
	Parameter INIT bound to: 64'b0000000000000000000000000000000000000000000000000000000000000001 
INFO: [Synth 8-6155] done synthesizing module 'LUT6_2__parameterized20' (9#1) [C:/Xilinx/Vivado/2018.3/scripts/rt/data/unisim_comp.v:26647]
INFO: [Synth 8-6157] synthesizing module 'LUT6_2__parameterized21' [C:/Xilinx/Vivado/2018.3/scripts/rt/data/unisim_comp.v:26647]
	Parameter INIT bound to: 64'b0000000000000000000000000000110100000000000000000000000000000000 
INFO: [Synth 8-6155] done synthesizing module 'LUT6_2__parameterized21' (9#1) [C:/Xilinx/Vivado/2018.3/scripts/rt/data/unisim_comp.v:26647]
INFO: [Synth 8-6157] synthesizing module 'LUT6__parameterized11' [C:/Xilinx/Vivado/2018.3/scripts/rt/data/unisim_comp.v:26626]
	Parameter INIT bound to: 64'b1111101111111111000000000000000000000000000000000000000000000000 
INFO: [Synth 8-6155] done synthesizing module 'LUT6__parameterized11' (9#1) [C:/Xilinx/Vivado/2018.3/scripts/rt/data/unisim_comp.v:26626]
INFO: [Synth 8-6157] synthesizing module 'RAM32M' [C:/Xilinx/Vivado/2018.3/scripts/rt/data/unisim_comp.v:45120]
	Parameter INIT_A bound to: 64'b0000000000000000000000000000000000000000000000000000000000000000 
	Parameter INIT_B bound to: 64'b0000000000000000000000000000000000000000000000000000000000000000 
	Parameter INIT_C bound to: 64'b0000000000000000000000000000000000000000000000000000000000000000 
	Parameter INIT_D bound to: 64'b0000000000000000000000000000000000000000000000000000000000000000 
	Parameter IS_WCLK_INVERTED bound to: 1'b0 
INFO: [Synth 8-6155] done synthesizing module 'RAM32M' (10#1) [C:/Xilinx/Vivado/2018.3/scripts/rt/data/unisim_comp.v:45120]
INFO: [Synth 8-6155] done synthesizing module 'kcpsm6' (11#1) [C:/Users/lebray/Vivado-Workflow-Scripts/HW7/T2/kcpsm6.v:77]
INFO: [Synth 8-6157] synthesizing module 'als_rom' [C:/Users/lebray/Vivado-Workflow-Scripts/HW7/T2/als_rom.v:104]
	Parameter C_JTAG_LOADER_ENABLE bound to: 1 - type: integer 
	Parameter C_FAMILY bound to: 7S - type: string 
	Parameter C_RAM_SIZE_KWORDS bound to: 1 - type: integer 
	Parameter BRAM_ADDRESS_WIDTH bound to: 10 - type: integer 
INFO: [Synth 8-6157] synthesizing module 'RAMB18E1' [C:/Xilinx/Vivado/2018.3/scripts/rt/data/unisim_comp.v:49848]
	Parameter DOA_REG bound to: 0 - type: integer 
	Parameter DOB_REG bound to: 0 - type: integer 
	Parameter INITP_00 bound to: 256'b0000000000000000000000000000000000000000000000000000000000000000000000000000000000000000000000000000000000000000000000000000000000000000000000000000000000000000000000000000000000000000000010101010110101011101010101010000001000101100001010100000101010101010 
	Parameter INITP_01 bound to: 256'b0000000000000000000000000000000000000000000000000000000000000000000000000000000000000000000000000000000000000000000000000000000000000000000000000000000000000000000000000000000000000000000000000000000000000000000000000000000000000000000000000000000000000000 
	Parameter INITP_02 bound to: 256'b0000000000000000000000000000000000000000000000000000000000000000000000000000000000000000000000000000000000000000000000000000000000000000000000000000000000000000000000000000000000000000000000000000000000000000000000000000000000000000000000000000000000000000 
	Parameter INITP_03 bound to: 256'b0000000000000000000000000000000000000000000000000000000000000000000000000000000000000000000000000000000000000000000000000000000000000000000000000000000000000000000000000000000000000000000000000000000000000000000000000000000000000000000000000000000000000000 
	Parameter INITP_04 bound to: 256'b0000000000000000000000000000000000000000000000000000000000000000000000000000000000000000000000000000000000000000000000000000000000000000000000000000000000000000000000000000000000000000000000000000000000000000000000000000000000000000000000000000000000000000 
	Parameter INITP_05 bound to: 256'b0000000000000000000000000000000000000000000000000000000000000000000000000000000000000000000000000000000000000000000000000000000000000000000000000000000000000000000000000000000000000000000000000000000000000000000000000000000000000000000000000000000000000000 
	Parameter INITP_06 bound to: 256'b0000000000000000000000000000000000000000000000000000000000000000000000000000000000000000000000000000000000000000000000000000000000000000000000000000000000000000000000000000000000000000000000000000000000000000000000000000000000000000000000000000000000000000 
	Parameter INITP_07 bound to: 256'b0000000000000000000000000000000000000000000000000000000000000000000000000000000000000000000000000000000000000000000000000000000000000000000000000000000000000000000000000000000000000000000000000000000000000000000000000000000000000000000000000000000000000000 
	Parameter INIT_00 bound to: 256'b1001001000000001010100000000000000100000000010111101010000000001100101000000000001010000000000001101000100000001110100000000000000010001111111110001000011111111001000000000000100000000000111110000000000010001000000000000111100000000000010110000000000000110 
	Parameter INIT_01 bound to: 256'b1101000000000000010100000000000001100000000110101001001100000001010000000000100001000001000011100010000000011110110100110000000001000011000011100100001100001110010000110000111001000011000011100000001100100000000100001111111100010001111111110101000000000000 
	Parameter INIT_02 bound to: 256'b0000000000000000000000000000000000000000000000000000000000000000000000000000000000000000000000000000000000000000000000000000000000000000000000000000000000000000000000000000000000000000000000000000000000000000000000000000000001010000000000001101000100000001 
	Parameter INIT_03 bound to: 256'b0000000000000000000000000000000000000000000000000000000000000000000000000000000000000000000000000000000000000000000000000000000000000000000000000000000000000000000000000000000000000000000000000000000000000000000000000000000000000000000000000000000000000000 
	Parameter INIT_04 bound to: 256'b0000000000000000000000000000000000000000000000000000000000000000000000000000000000000000000000000000000000000000000000000000000000000000000000000000000000000000000000000000000000000000000000000000000000000000000000000000000000000000000000000000000000000000 
	Parameter INIT_05 bound to: 256'b0000000000000000000000000000000000000000000000000000000000000000000000000000000000000000000000000000000000000000000000000000000000000000000000000000000000000000000000000000000000000000000000000000000000000000000000000000000000000000000000000000000000000000 
	Parameter INIT_06 bound to: 256'b0000000000000000000000000000000000000000000000000000000000000000000000000000000000000000000000000000000000000000000000000000000000000000000000000000000000000000000000000000000000000000000000000000000000000000000000000000000000000000000000000000000000000000 
	Parameter INIT_07 bound to: 256'b0000000000000000000000000000000000000000000000000000000000000000000000000000000000000000000000000000000000000000000000000000000000000000000000000000000000000000000000000000000000000000000000000000000000000000000000000000000000000000000000000000000000000000 
	Parameter INIT_08 bound to: 256'b0000000000000000000000000000000000000000000000000000000000000000000000000000000000000000000000000000000000000000000000000000000000000000000000000000000000000000000000000000000000000000000000000000000000000000000000000000000000000000000000000000000000000000 
	Parameter INIT_09 bound to: 256'b0000000000000000000000000000000000000000000000000000000000000000000000000000000000000000000000000000000000000000000000000000000000000000000000000000000000000000000000000000000000000000000000000000000000000000000000000000000000000000000000000000000000000000 
	Parameter INIT_0A bound to: 256'b0000000000000000000000000000000000000000000000000000000000000000000000000000000000000000000000000000000000000000000000000000000000000000000000000000000000000000000000000000000000000000000000000000000000000000000000000000000000000000000000000000000000000000 
	Parameter INIT_0B bound to: 256'b0000000000000000000000000000000000000000000000000000000000000000000000000000000000000000000000000000000000000000000000000000000000000000000000000000000000000000000000000000000000000000000000000000000000000000000000000000000000000000000000000000000000000000 
	Parameter INIT_0C bound to: 256'b0000000000000000000000000000000000000000000000000000000000000000000000000000000000000000000000000000000000000000000000000000000000000000000000000000000000000000000000000000000000000000000000000000000000000000000000000000000000000000000000000000000000000000 
	Parameter INIT_0D bound to: 256'b0000000000000000000000000000000000000000000000000000000000000000000000000000000000000000000000000000000000000000000000000000000000000000000000000000000000000000000000000000000000000000000000000000000000000000000000000000000000000000000000000000000000000000 
	Parameter INIT_0E bound to: 256'b0000000000000000000000000000000000000000000000000000000000000000000000000000000000000000000000000000000000000000000000000000000000000000000000000000000000000000000000000000000000000000000000000000000000000000000000000000000000000000000000000000000000000000 
	Parameter INIT_0F bound to: 256'b0000000000000000000000000000000000000000000000000000000000000000000000000000000000000000000000000000000000000000000000000000000000000000000000000000000000000000000000000000000000000000000000000000000000000000000000000000000000000000000000000000000000000000 
	Parameter INIT_10 bound to: 256'b0000000000000000000000000000000000000000000000000000000000000000000000000000000000000000000000000000000000000000000000000000000000000000000000000000000000000000000000000000000000000000000000000000000000000000000000000000000000000000000000000000000000000000 
	Parameter INIT_11 bound to: 256'b0000000000000000000000000000000000000000000000000000000000000000000000000000000000000000000000000000000000000000000000000000000000000000000000000000000000000000000000000000000000000000000000000000000000000000000000000000000000000000000000000000000000000000 
	Parameter INIT_12 bound to: 256'b0000000000000000000000000000000000000000000000000000000000000000000000000000000000000000000000000000000000000000000000000000000000000000000000000000000000000000000000000000000000000000000000000000000000000000000000000000000000000000000000000000000000000000 
	Parameter INIT_13 bound to: 256'b0000000000000000000000000000000000000000000000000000000000000000000000000000000000000000000000000000000000000000000000000000000000000000000000000000000000000000000000000000000000000000000000000000000000000000000000000000000000000000000000000000000000000000 
	Parameter INIT_14 bound to: 256'b0000000000000000000000000000000000000000000000000000000000000000000000000000000000000000000000000000000000000000000000000000000000000000000000000000000000000000000000000000000000000000000000000000000000000000000000000000000000000000000000000000000000000000 
	Parameter INIT_15 bound to: 256'b0000000000000000000000000000000000000000000000000000000000000000000000000000000000000000000000000000000000000000000000000000000000000000000000000000000000000000000000000000000000000000000000000000000000000000000000000000000000000000000000000000000000000000 
	Parameter INIT_16 bound to: 256'b0000000000000000000000000000000000000000000000000000000000000000000000000000000000000000000000000000000000000000000000000000000000000000000000000000000000000000000000000000000000000000000000000000000000000000000000000000000000000000000000000000000000000000 
	Parameter INIT_17 bound to: 256'b0000000000000000000000000000000000000000000000000000000000000000000000000000000000000000000000000000000000000000000000000000000000000000000000000000000000000000000000000000000000000000000000000000000000000000000000000000000000000000000000000000000000000000 
	Parameter INIT_18 bound to: 256'b0000000000000000000000000000000000000000000000000000000000000000000000000000000000000000000000000000000000000000000000000000000000000000000000000000000000000000000000000000000000000000000000000000000000000000000000000000000000000000000000000000000000000000 
	Parameter INIT_19 bound to: 256'b0000000000000000000000000000000000000000000000000000000000000000000000000000000000000000000000000000000000000000000000000000000000000000000000000000000000000000000000000000000000000000000000000000000000000000000000000000000000000000000000000000000000000000 
	Parameter INIT_1A bound to: 256'b0000000000000000000000000000000000000000000000000000000000000000000000000000000000000000000000000000000000000000000000000000000000000000000000000000000000000000000000000000000000000000000000000000000000000000000000000000000000000000000000000000000000000000 
	Parameter INIT_1B bound to: 256'b0000000000000000000000000000000000000000000000000000000000000000000000000000000000000000000000000000000000000000000000000000000000000000000000000000000000000000000000000000000000000000000000000000000000000000000000000000000000000000000000000000000000000000 
	Parameter INIT_1C bound to: 256'b0000000000000000000000000000000000000000000000000000000000000000000000000000000000000000000000000000000000000000000000000000000000000000000000000000000000000000000000000000000000000000000000000000000000000000000000000000000000000000000000000000000000000000 
	Parameter INIT_1D bound to: 256'b0000000000000000000000000000000000000000000000000000000000000000000000000000000000000000000000000000000000000000000000000000000000000000000000000000000000000000000000000000000000000000000000000000000000000000000000000000000000000000000000000000000000000000 
	Parameter INIT_1E bound to: 256'b0000000000000000000000000000000000000000000000000000000000000000000000000000000000000000000000000000000000000000000000000000000000000000000000000000000000000000000000000000000000000000000000000000000000000000000000000000000000000000000000000000000000000000 
	Parameter INIT_1F bound to: 256'b0000000000000000000000000000000000000000000000000000000000000000000000000000000000000000000000000000000000000000000000000000000000000000000000000000000000000000000000000000000000000000000000000000000000000000000000000000000000000000000000000000000000000000 
	Parameter INIT_20 bound to: 256'b0000000000000000000000000000000000000000000000000000000000000000000000000000000000000000000000000000000000000000000000000000000000000000000000000000000000000000000000000000000000000000000000000000000000000000000000000000000000000000000000000000000000000000 
	Parameter INIT_21 bound to: 256'b0000000000000000000000000000000000000000000000000000000000000000000000000000000000000000000000000000000000000000000000000000000000000000000000000000000000000000000000000000000000000000000000000000000000000000000000000000000000000000000000000000000000000000 
	Parameter INIT_22 bound to: 256'b0000000000000000000000000000000000000000000000000000000000000000000000000000000000000000000000000000000000000000000000000000000000000000000000000000000000000000000000000000000000000000000000000000000000000000000000000000000000000000000000000000000000000000 
	Parameter INIT_23 bound to: 256'b0000000000000000000000000000000000000000000000000000000000000000000000000000000000000000000000000000000000000000000000000000000000000000000000000000000000000000000000000000000000000000000000000000000000000000000000000000000000000000000000000000000000000000 
	Parameter INIT_24 bound to: 256'b0000000000000000000000000000000000000000000000000000000000000000000000000000000000000000000000000000000000000000000000000000000000000000000000000000000000000000000000000000000000000000000000000000000000000000000000000000000000000000000000000000000000000000 
	Parameter INIT_25 bound to: 256'b0000000000000000000000000000000000000000000000000000000000000000000000000000000000000000000000000000000000000000000000000000000000000000000000000000000000000000000000000000000000000000000000000000000000000000000000000000000000000000000000000000000000000000 
	Parameter INIT_26 bound to: 256'b0000000000000000000000000000000000000000000000000000000000000000000000000000000000000000000000000000000000000000000000000000000000000000000000000000000000000000000000000000000000000000000000000000000000000000000000000000000000000000000000000000000000000000 
	Parameter INIT_27 bound to: 256'b0000000000000000000000000000000000000000000000000000000000000000000000000000000000000000000000000000000000000000000000000000000000000000000000000000000000000000000000000000000000000000000000000000000000000000000000000000000000000000000000000000000000000000 
	Parameter INIT_28 bound to: 256'b0000000000000000000000000000000000000000000000000000000000000000000000000000000000000000000000000000000000000000000000000000000000000000000000000000000000000000000000000000000000000000000000000000000000000000000000000000000000000000000000000000000000000000 
	Parameter INIT_29 bound to: 256'b0000000000000000000000000000000000000000000000000000000000000000000000000000000000000000000000000000000000000000000000000000000000000000000000000000000000000000000000000000000000000000000000000000000000000000000000000000000000000000000000000000000000000000 
	Parameter INIT_2A bound to: 256'b0000000000000000000000000000000000000000000000000000000000000000000000000000000000000000000000000000000000000000000000000000000000000000000000000000000000000000000000000000000000000000000000000000000000000000000000000000000000000000000000000000000000000000 
	Parameter INIT_2B bound to: 256'b0000000000000000000000000000000000000000000000000000000000000000000000000000000000000000000000000000000000000000000000000000000000000000000000000000000000000000000000000000000000000000000000000000000000000000000000000000000000000000000000000000000000000000 
	Parameter INIT_2C bound to: 256'b0000000000000000000000000000000000000000000000000000000000000000000000000000000000000000000000000000000000000000000000000000000000000000000000000000000000000000000000000000000000000000000000000000000000000000000000000000000000000000000000000000000000000000 
	Parameter INIT_2D bound to: 256'b0000000000000000000000000000000000000000000000000000000000000000000000000000000000000000000000000000000000000000000000000000000000000000000000000000000000000000000000000000000000000000000000000000000000000000000000000000000000000000000000000000000000000000 
	Parameter INIT_2E bound to: 256'b0000000000000000000000000000000000000000000000000000000000000000000000000000000000000000000000000000000000000000000000000000000000000000000000000000000000000000000000000000000000000000000000000000000000000000000000000000000000000000000000000000000000000000 
	Parameter INIT_2F bound to: 256'b0000000000000000000000000000000000000000000000000000000000000000000000000000000000000000000000000000000000000000000000000000000000000000000000000000000000000000000000000000000000000000000000000000000000000000000000000000000000000000000000000000000000000000 
	Parameter INIT_30 bound to: 256'b0000000000000000000000000000000000000000000000000000000000000000000000000000000000000000000000000000000000000000000000000000000000000000000000000000000000000000000000000000000000000000000000000000000000000000000000000000000000000000000000000000000000000000 
	Parameter INIT_31 bound to: 256'b0000000000000000000000000000000000000000000000000000000000000000000000000000000000000000000000000000000000000000000000000000000000000000000000000000000000000000000000000000000000000000000000000000000000000000000000000000000000000000000000000000000000000000 
	Parameter INIT_32 bound to: 256'b0000000000000000000000000000000000000000000000000000000000000000000000000000000000000000000000000000000000000000000000000000000000000000000000000000000000000000000000000000000000000000000000000000000000000000000000000000000000000000000000000000000000000000 
	Parameter INIT_33 bound to: 256'b0000000000000000000000000000000000000000000000000000000000000000000000000000000000000000000000000000000000000000000000000000000000000000000000000000000000000000000000000000000000000000000000000000000000000000000000000000000000000000000000000000000000000000 
	Parameter INIT_34 bound to: 256'b0000000000000000000000000000000000000000000000000000000000000000000000000000000000000000000000000000000000000000000000000000000000000000000000000000000000000000000000000000000000000000000000000000000000000000000000000000000000000000000000000000000000000000 
	Parameter INIT_35 bound to: 256'b0000000000000000000000000000000000000000000000000000000000000000000000000000000000000000000000000000000000000000000000000000000000000000000000000000000000000000000000000000000000000000000000000000000000000000000000000000000000000000000000000000000000000000 
	Parameter INIT_36 bound to: 256'b0000000000000000000000000000000000000000000000000000000000000000000000000000000000000000000000000000000000000000000000000000000000000000000000000000000000000000000000000000000000000000000000000000000000000000000000000000000000000000000000000000000000000000 
	Parameter INIT_37 bound to: 256'b0000000000000000000000000000000000000000000000000000000000000000000000000000000000000000000000000000000000000000000000000000000000000000000000000000000000000000000000000000000000000000000000000000000000000000000000000000000000000000000000000000000000000000 
	Parameter INIT_38 bound to: 256'b0000000000000000000000000000000000000000000000000000000000000000000000000000000000000000000000000000000000000000000000000000000000000000000000000000000000000000000000000000000000000000000000000000000000000000000000000000000000000000000000000000000000000000 
	Parameter INIT_39 bound to: 256'b0000000000000000000000000000000000000000000000000000000000000000000000000000000000000000000000000000000000000000000000000000000000000000000000000000000000000000000000000000000000000000000000000000000000000000000000000000000000000000000000000000000000000000 
	Parameter INIT_3A bound to: 256'b0000000000000000000000000000000000000000000000000000000000000000000000000000000000000000000000000000000000000000000000000000000000000000000000000000000000000000000000000000000000000000000000000000000000000000000000000000000000000000000000000000000000000000 
	Parameter INIT_3B bound to: 256'b0000000000000000000000000000000000000000000000000000000000000000000000000000000000000000000000000000000000000000000000000000000000000000000000000000000000000000000000000000000000000000000000000000000000000000000000000000000000000000000000000000000000000000 
	Parameter INIT_3C bound to: 256'b0000000000000000000000000000000000000000000000000000000000000000000000000000000000000000000000000000000000000000000000000000000000000000000000000000000000000000000000000000000000000000000000000000000000000000000000000000000000000000000000000000000000000000 
	Parameter INIT_3D bound to: 256'b0000000000000000000000000000000000000000000000000000000000000000000000000000000000000000000000000000000000000000000000000000000000000000000000000000000000000000000000000000000000000000000000000000000000000000000000000000000000000000000000000000000000000000 
	Parameter INIT_3E bound to: 256'b0000000000000000000000000000000000000000000000000000000000000000000000000000000000000000000000000000000000000000000000000000000000000000000000000000000000000000000000000000000000000000000000000000000000000000000000000000000000000000000000000000000000000000 
	Parameter INIT_3F bound to: 256'b0000000000000000000000000000000000000000000000000000000000000000000000000000000000000000000000000000000000000000000000000000000000000000000000000000000000000000000000000000000000000000000000000000000000000000000000000000000000000000000000000000000000000000 
	Parameter INIT_A bound to: 18'b000000000000000000 
	Parameter INIT_B bound to: 18'b000000000000000000 
	Parameter INIT_FILE bound to: NONE - type: string 
	Parameter IS_CLKARDCLK_INVERTED bound to: 1'b0 
	Parameter IS_CLKBWRCLK_INVERTED bound to: 1'b0 
	Parameter IS_ENARDEN_INVERTED bound to: 1'b0 
	Parameter IS_ENBWREN_INVERTED bound to: 1'b0 
	Parameter IS_RSTRAMARSTRAM_INVERTED bound to: 1'b0 
	Parameter IS_RSTRAMB_INVERTED bound to: 1'b0 
	Parameter IS_RSTREGARSTREG_INVERTED bound to: 1'b0 
	Parameter IS_RSTREGB_INVERTED bound to: 1'b0 
	Parameter RAM_MODE bound to: TDP - type: string 
	Parameter RDADDR_COLLISION_HWCONFIG bound to: DELAYED_WRITE - type: string 
	Parameter READ_WIDTH_A bound to: 18 - type: integer 
	Parameter READ_WIDTH_B bound to: 18 - type: integer 
	Parameter RSTREG_PRIORITY_A bound to: REGCE - type: string 
	Parameter RSTREG_PRIORITY_B bound to: REGCE - type: string 
	Parameter SIM_COLLISION_CHECK bound to: ALL - type: string 
	Parameter SIM_DEVICE bound to: 7SERIES - type: string 
	Parameter SRVAL_A bound to: 18'b000000000000000000 
	Parameter SRVAL_B bound to: 18'b000000000000000000 
	Parameter WRITE_MODE_A bound to: WRITE_FIRST - type: string 
	Parameter WRITE_MODE_B bound to: WRITE_FIRST - type: string 
	Parameter WRITE_WIDTH_A bound to: 18 - type: integer 
	Parameter WRITE_WIDTH_B bound to: 18 - type: integer 
INFO: [Synth 8-6155] done synthesizing module 'RAMB18E1' (12#1) [C:/Xilinx/Vivado/2018.3/scripts/rt/data/unisim_comp.v:49848]
INFO: [Synth 8-6157] synthesizing module 'jtag_loader_6' [C:/Users/lebray/Vivado-Workflow-Scripts/HW7/T2/als_rom.v:2897]
	Parameter C_JTAG_LOADER_ENABLE bound to: 1 - type: integer 
	Parameter C_FAMILY bound to: 7S - type: string 
	Parameter C_NUM_PICOBLAZE bound to: 1 - type: integer 
	Parameter C_BRAM_MAX_ADDR_WIDTH bound to: 10 - type: integer 
	Parameter C_PICOBLAZE_INSTRUCTION_DATA_WIDTH bound to: 18 - type: integer 
	Parameter C_JTAG_CHAIN bound to: 2 - type: integer 
	Parameter C_ADDR_WIDTH_0 bound to: 10 - type: integer 
	Parameter C_ADDR_WIDTH_1 bound to: 5'b01010 
	Parameter C_ADDR_WIDTH_2 bound to: 5'b01010 
	Parameter C_ADDR_WIDTH_3 bound to: 5'b01010 
	Parameter C_ADDR_WIDTH_4 bound to: 5'b01010 
	Parameter C_ADDR_WIDTH_5 bound to: 5'b01010 
	Parameter C_ADDR_WIDTH_6 bound to: 5'b01010 
	Parameter C_ADDR_WIDTH_7 bound to: 5'b01010 
INFO: [Synth 8-6157] synthesizing module 'BSCANE2' [C:/Xilinx/Vivado/2018.3/scripts/rt/data/unisim_comp.v:424]
	Parameter DISABLE_JTAG bound to: FALSE - type: string 
	Parameter JTAG_CHAIN bound to: 2 - type: integer 
INFO: [Synth 8-6155] done synthesizing module 'BSCANE2' (13#1) [C:/Xilinx/Vivado/2018.3/scripts/rt/data/unisim_comp.v:424]
INFO: [Synth 8-6157] synthesizing module 'BUFG' [C:/Xilinx/Vivado/2018.3/scripts/rt/data/unisim_comp.v:609]
INFO: [Synth 8-6155] done synthesizing module 'BUFG' (14#1) [C:/Xilinx/Vivado/2018.3/scripts/rt/data/unisim_comp.v:609]
INFO: [Synth 8-6155] done synthesizing module 'jtag_loader_6' (15#1) [C:/Users/lebray/Vivado-Workflow-Scripts/HW7/T2/als_rom.v:2897]
INFO: [Synth 8-6155] done synthesizing module 'als_rom' (16#1) [C:/Users/lebray/Vivado-Workflow-Scripts/HW7/T2/als_rom.v:104]
INFO: [Synth 8-6155] done synthesizing module 'als_top' (17#1) [C:/Users/lebray/Vivado-Workflow-Scripts/HW7/T2/als_top.v:6]
WARNING: [Synth 8-3331] design jtag_loader_6 has unconnected port jtag_dout_1[17]
WARNING: [Synth 8-3331] design jtag_loader_6 has unconnected port jtag_dout_1[16]
WARNING: [Synth 8-3331] design jtag_loader_6 has unconnected port jtag_dout_1[15]
WARNING: [Synth 8-3331] design jtag_loader_6 has unconnected port jtag_dout_1[14]
WARNING: [Synth 8-3331] design jtag_loader_6 has unconnected port jtag_dout_1[13]
WARNING: [Synth 8-3331] design jtag_loader_6 has unconnected port jtag_dout_1[12]
WARNING: [Synth 8-3331] design jtag_loader_6 has unconnected port jtag_dout_1[11]
WARNING: [Synth 8-3331] design jtag_loader_6 has unconnected port jtag_dout_1[10]
WARNING: [Synth 8-3331] design jtag_loader_6 has unconnected port jtag_dout_1[9]
WARNING: [Synth 8-3331] design jtag_loader_6 has unconnected port jtag_dout_1[8]
WARNING: [Synth 8-3331] design jtag_loader_6 has unconnected port jtag_dout_1[7]
WARNING: [Synth 8-3331] design jtag_loader_6 has unconnected port jtag_dout_1[6]
WARNING: [Synth 8-3331] design jtag_loader_6 has unconnected port jtag_dout_1[5]
WARNING: [Synth 8-3331] design jtag_loader_6 has unconnected port jtag_dout_1[4]
WARNING: [Synth 8-3331] design jtag_loader_6 has unconnected port jtag_dout_1[3]
WARNING: [Synth 8-3331] design jtag_loader_6 has unconnected port jtag_dout_1[2]
WARNING: [Synth 8-3331] design jtag_loader_6 has unconnected port jtag_dout_1[1]
WARNING: [Synth 8-3331] design jtag_loader_6 has unconnected port jtag_dout_1[0]
WARNING: [Synth 8-3331] design jtag_loader_6 has unconnected port jtag_dout_2[17]
WARNING: [Synth 8-3331] design jtag_loader_6 has unconnected port jtag_dout_2[16]
WARNING: [Synth 8-3331] design jtag_loader_6 has unconnected port jtag_dout_2[15]
WARNING: [Synth 8-3331] design jtag_loader_6 has unconnected port jtag_dout_2[14]
WARNING: [Synth 8-3331] design jtag_loader_6 has unconnected port jtag_dout_2[13]
WARNING: [Synth 8-3331] design jtag_loader_6 has unconnected port jtag_dout_2[12]
WARNING: [Synth 8-3331] design jtag_loader_6 has unconnected port jtag_dout_2[11]
WARNING: [Synth 8-3331] design jtag_loader_6 has unconnected port jtag_dout_2[10]
WARNING: [Synth 8-3331] design jtag_loader_6 has unconnected port jtag_dout_2[9]
WARNING: [Synth 8-3331] design jtag_loader_6 has unconnected port jtag_dout_2[8]
WARNING: [Synth 8-3331] design jtag_loader_6 has unconnected port jtag_dout_2[7]
WARNING: [Synth 8-3331] design jtag_loader_6 has unconnected port jtag_dout_2[6]
WARNING: [Synth 8-3331] design jtag_loader_6 has unconnected port jtag_dout_2[5]
WARNING: [Synth 8-3331] design jtag_loader_6 has unconnected port jtag_dout_2[4]
WARNING: [Synth 8-3331] design jtag_loader_6 has unconnected port jtag_dout_2[3]
WARNING: [Synth 8-3331] design jtag_loader_6 has unconnected port jtag_dout_2[2]
WARNING: [Synth 8-3331] design jtag_loader_6 has unconnected port jtag_dout_2[1]
WARNING: [Synth 8-3331] design jtag_loader_6 has unconnected port jtag_dout_2[0]
WARNING: [Synth 8-3331] design jtag_loader_6 has unconnected port jtag_dout_3[17]
WARNING: [Synth 8-3331] design jtag_loader_6 has unconnected port jtag_dout_3[16]
WARNING: [Synth 8-3331] design jtag_loader_6 has unconnected port jtag_dout_3[15]
WARNING: [Synth 8-3331] design jtag_loader_6 has unconnected port jtag_dout_3[14]
WARNING: [Synth 8-3331] design jtag_loader_6 has unconnected port jtag_dout_3[13]
WARNING: [Synth 8-3331] design jtag_loader_6 has unconnected port jtag_dout_3[12]
WARNING: [Synth 8-3331] design jtag_loader_6 has unconnected port jtag_dout_3[11]
WARNING: [Synth 8-3331] design jtag_loader_6 has unconnected port jtag_dout_3[10]
WARNING: [Synth 8-3331] design jtag_loader_6 has unconnected port jtag_dout_3[9]
WARNING: [Synth 8-3331] design jtag_loader_6 has unconnected port jtag_dout_3[8]
WARNING: [Synth 8-3331] design jtag_loader_6 has unconnected port jtag_dout_3[7]
WARNING: [Synth 8-3331] design jtag_loader_6 has unconnected port jtag_dout_3[6]
WARNING: [Synth 8-3331] design jtag_loader_6 has unconnected port jtag_dout_3[5]
WARNING: [Synth 8-3331] design jtag_loader_6 has unconnected port jtag_dout_3[4]
WARNING: [Synth 8-3331] design jtag_loader_6 has unconnected port jtag_dout_3[3]
WARNING: [Synth 8-3331] design jtag_loader_6 has unconnected port jtag_dout_3[2]
WARNING: [Synth 8-3331] design jtag_loader_6 has unconnected port jtag_dout_3[1]
WARNING: [Synth 8-3331] design jtag_loader_6 has unconnected port jtag_dout_3[0]
WARNING: [Synth 8-3331] design jtag_loader_6 has unconnected port jtag_dout_4[17]
WARNING: [Synth 8-3331] design jtag_loader_6 has unconnected port jtag_dout_4[16]
WARNING: [Synth 8-3331] design jtag_loader_6 has unconnected port jtag_dout_4[15]
WARNING: [Synth 8-3331] design jtag_loader_6 has unconnected port jtag_dout_4[14]
WARNING: [Synth 8-3331] design jtag_loader_6 has unconnected port jtag_dout_4[13]
WARNING: [Synth 8-3331] design jtag_loader_6 has unconnected port jtag_dout_4[12]
WARNING: [Synth 8-3331] design jtag_loader_6 has unconnected port jtag_dout_4[11]
WARNING: [Synth 8-3331] design jtag_loader_6 has unconnected port jtag_dout_4[10]
WARNING: [Synth 8-3331] design jtag_loader_6 has unconnected port jtag_dout_4[9]
WARNING: [Synth 8-3331] design jtag_loader_6 has unconnected port jtag_dout_4[8]
WARNING: [Synth 8-3331] design jtag_loader_6 has unconnected port jtag_dout_4[7]
WARNING: [Synth 8-3331] design jtag_loader_6 has unconnected port jtag_dout_4[6]
WARNING: [Synth 8-3331] design jtag_loader_6 has unconnected port jtag_dout_4[5]
WARNING: [Synth 8-3331] design jtag_loader_6 has unconnected port jtag_dout_4[4]
WARNING: [Synth 8-3331] design jtag_loader_6 has unconnected port jtag_dout_4[3]
WARNING: [Synth 8-3331] design jtag_loader_6 has unconnected port jtag_dout_4[2]
WARNING: [Synth 8-3331] design jtag_loader_6 has unconnected port jtag_dout_4[1]
WARNING: [Synth 8-3331] design jtag_loader_6 has unconnected port jtag_dout_4[0]
WARNING: [Synth 8-3331] design jtag_loader_6 has unconnected port jtag_dout_5[17]
WARNING: [Synth 8-3331] design jtag_loader_6 has unconnected port jtag_dout_5[16]
WARNING: [Synth 8-3331] design jtag_loader_6 has unconnected port jtag_dout_5[15]
WARNING: [Synth 8-3331] design jtag_loader_6 has unconnected port jtag_dout_5[14]
WARNING: [Synth 8-3331] design jtag_loader_6 has unconnected port jtag_dout_5[13]
WARNING: [Synth 8-3331] design jtag_loader_6 has unconnected port jtag_dout_5[12]
WARNING: [Synth 8-3331] design jtag_loader_6 has unconnected port jtag_dout_5[11]
WARNING: [Synth 8-3331] design jtag_loader_6 has unconnected port jtag_dout_5[10]
WARNING: [Synth 8-3331] design jtag_loader_6 has unconnected port jtag_dout_5[9]
WARNING: [Synth 8-3331] design jtag_loader_6 has unconnected port jtag_dout_5[8]
WARNING: [Synth 8-3331] design jtag_loader_6 has unconnected port jtag_dout_5[7]
WARNING: [Synth 8-3331] design jtag_loader_6 has unconnected port jtag_dout_5[6]
WARNING: [Synth 8-3331] design jtag_loader_6 has unconnected port jtag_dout_5[5]
WARNING: [Synth 8-3331] design jtag_loader_6 has unconnected port jtag_dout_5[4]
WARNING: [Synth 8-3331] design jtag_loader_6 has unconnected port jtag_dout_5[3]
WARNING: [Synth 8-3331] design jtag_loader_6 has unconnected port jtag_dout_5[2]
WARNING: [Synth 8-3331] design jtag_loader_6 has unconnected port jtag_dout_5[1]
WARNING: [Synth 8-3331] design jtag_loader_6 has unconnected port jtag_dout_5[0]
WARNING: [Synth 8-3331] design jtag_loader_6 has unconnected port jtag_dout_6[17]
WARNING: [Synth 8-3331] design jtag_loader_6 has unconnected port jtag_dout_6[16]
WARNING: [Synth 8-3331] design jtag_loader_6 has unconnected port jtag_dout_6[15]
WARNING: [Synth 8-3331] design jtag_loader_6 has unconnected port jtag_dout_6[14]
WARNING: [Synth 8-3331] design jtag_loader_6 has unconnected port jtag_dout_6[13]
WARNING: [Synth 8-3331] design jtag_loader_6 has unconnected port jtag_dout_6[12]
WARNING: [Synth 8-3331] design jtag_loader_6 has unconnected port jtag_dout_6[11]
WARNING: [Synth 8-3331] design jtag_loader_6 has unconnected port jtag_dout_6[10]
WARNING: [Synth 8-3331] design jtag_loader_6 has unconnected port jtag_dout_6[9]
WARNING: [Synth 8-3331] design jtag_loader_6 has unconnected port jtag_dout_6[8]
INFO: [Common 17-14] Message 'Synth 8-3331' appears 100 times and further instances of the messages will be disabled. Use the Tcl command set_msg_config to change the current settings.
---------------------------------------------------------------------------------
Finished RTL Elaboration : Time (s): cpu = 00:00:01 ; elapsed = 00:00:02 . Memory (MB): peak = 413.500 ; gain = 150.902
---------------------------------------------------------------------------------

Report Check Netlist: 
+------+------------------+-------+---------+-------+------------------+
|      |Item              |Errors |Warnings |Status |Description       |
+------+------------------+-------+---------+-------+------------------+
|1     |multi_driven_nets |      0|        0|Passed |Multi driven nets |
+------+------------------+-------+---------+-------+------------------+
---------------------------------------------------------------------------------
Start Handling Custom Attributes
---------------------------------------------------------------------------------
---------------------------------------------------------------------------------
Finished Handling Custom Attributes : Time (s): cpu = 00:00:01 ; elapsed = 00:00:02 . Memory (MB): peak = 413.500 ; gain = 150.902
---------------------------------------------------------------------------------
---------------------------------------------------------------------------------
Finished RTL Optimization Phase 1 : Time (s): cpu = 00:00:01 ; elapsed = 00:00:02 . Memory (MB): peak = 413.500 ; gain = 150.902
---------------------------------------------------------------------------------
INFO: [Netlist 29-17] Analyzing 181 Unisim elements for replacement
INFO: [Netlist 29-28] Unisim Transformation completed in 0 CPU seconds
INFO: [Device 21-403] Loading part xc7a35tcpg236-1
INFO: [Project 1-570] Preparing netlist for logic optimization

Processing XDC Constraints
Initializing timing engine
Parsing XDC File [C:/Users/lebray/Vivado-Workflow-Scripts/Basys3_Master.xdc]
WARNING: [Vivado 12-584] No ports matched 'sw[0]'. [C:/Users/lebray/Vivado-Workflow-Scripts/Basys3_Master.xdc:12]
CRITICAL WARNING: [Common 17-55] 'set_property' expects at least one object. [C:/Users/lebray/Vivado-Workflow-Scripts/Basys3_Master.xdc:12]
Resolution: If [get_<value>] was used to populate the object, check to make sure this command returns at least one valid object.
WARNING: [Vivado 12-584] No ports matched 'sw[0]'. [C:/Users/lebray/Vivado-Workflow-Scripts/Basys3_Master.xdc:13]
CRITICAL WARNING: [Common 17-55] 'set_property' expects at least one object. [C:/Users/lebray/Vivado-Workflow-Scripts/Basys3_Master.xdc:13]
Resolution: If [get_<value>] was used to populate the object, check to make sure this command returns at least one valid object.
WARNING: [Vivado 12-584] No ports matched 'sw[1]'. [C:/Users/lebray/Vivado-Workflow-Scripts/Basys3_Master.xdc:14]
CRITICAL WARNING: [Common 17-55] 'set_property' expects at least one object. [C:/Users/lebray/Vivado-Workflow-Scripts/Basys3_Master.xdc:14]
Resolution: If [get_<value>] was used to populate the object, check to make sure this command returns at least one valid object.
WARNING: [Vivado 12-584] No ports matched 'sw[1]'. [C:/Users/lebray/Vivado-Workflow-Scripts/Basys3_Master.xdc:15]
CRITICAL WARNING: [Common 17-55] 'set_property' expects at least one object. [C:/Users/lebray/Vivado-Workflow-Scripts/Basys3_Master.xdc:15]
Resolution: If [get_<value>] was used to populate the object, check to make sure this command returns at least one valid object.
WARNING: [Vivado 12-584] No ports matched 'sw[2]'. [C:/Users/lebray/Vivado-Workflow-Scripts/Basys3_Master.xdc:16]
CRITICAL WARNING: [Common 17-55] 'set_property' expects at least one object. [C:/Users/lebray/Vivado-Workflow-Scripts/Basys3_Master.xdc:16]
Resolution: If [get_<value>] was used to populate the object, check to make sure this command returns at least one valid object.
WARNING: [Vivado 12-584] No ports matched 'sw[2]'. [C:/Users/lebray/Vivado-Workflow-Scripts/Basys3_Master.xdc:17]
CRITICAL WARNING: [Common 17-55] 'set_property' expects at least one object. [C:/Users/lebray/Vivado-Workflow-Scripts/Basys3_Master.xdc:17]
Resolution: If [get_<value>] was used to populate the object, check to make sure this command returns at least one valid object.
WARNING: [Vivado 12-584] No ports matched 'sw[3]'. [C:/Users/lebray/Vivado-Workflow-Scripts/Basys3_Master.xdc:18]
CRITICAL WARNING: [Common 17-55] 'set_property' expects at least one object. [C:/Users/lebray/Vivado-Workflow-Scripts/Basys3_Master.xdc:18]
Resolution: If [get_<value>] was used to populate the object, check to make sure this command returns at least one valid object.
WARNING: [Vivado 12-584] No ports matched 'sw[3]'. [C:/Users/lebray/Vivado-Workflow-Scripts/Basys3_Master.xdc:19]
CRITICAL WARNING: [Common 17-55] 'set_property' expects at least one object. [C:/Users/lebray/Vivado-Workflow-Scripts/Basys3_Master.xdc:19]
Resolution: If [get_<value>] was used to populate the object, check to make sure this command returns at least one valid object.
WARNING: [Vivado 12-584] No ports matched 'sw[4]'. [C:/Users/lebray/Vivado-Workflow-Scripts/Basys3_Master.xdc:20]
CRITICAL WARNING: [Common 17-55] 'set_property' expects at least one object. [C:/Users/lebray/Vivado-Workflow-Scripts/Basys3_Master.xdc:20]
Resolution: If [get_<value>] was used to populate the object, check to make sure this command returns at least one valid object.
WARNING: [Vivado 12-584] No ports matched 'sw[4]'. [C:/Users/lebray/Vivado-Workflow-Scripts/Basys3_Master.xdc:21]
CRITICAL WARNING: [Common 17-55] 'set_property' expects at least one object. [C:/Users/lebray/Vivado-Workflow-Scripts/Basys3_Master.xdc:21]
Resolution: If [get_<value>] was used to populate the object, check to make sure this command returns at least one valid object.
WARNING: [Vivado 12-584] No ports matched 'sw[5]'. [C:/Users/lebray/Vivado-Workflow-Scripts/Basys3_Master.xdc:22]
CRITICAL WARNING: [Common 17-55] 'set_property' expects at least one object. [C:/Users/lebray/Vivado-Workflow-Scripts/Basys3_Master.xdc:22]
Resolution: If [get_<value>] was used to populate the object, check to make sure this command returns at least one valid object.
WARNING: [Vivado 12-584] No ports matched 'sw[5]'. [C:/Users/lebray/Vivado-Workflow-Scripts/Basys3_Master.xdc:23]
CRITICAL WARNING: [Common 17-55] 'set_property' expects at least one object. [C:/Users/lebray/Vivado-Workflow-Scripts/Basys3_Master.xdc:23]
Resolution: If [get_<value>] was used to populate the object, check to make sure this command returns at least one valid object.
WARNING: [Vivado 12-584] No ports matched 'sw[6]'. [C:/Users/lebray/Vivado-Workflow-Scripts/Basys3_Master.xdc:24]
CRITICAL WARNING: [Common 17-55] 'set_property' expects at least one object. [C:/Users/lebray/Vivado-Workflow-Scripts/Basys3_Master.xdc:24]
Resolution: If [get_<value>] was used to populate the object, check to make sure this command returns at least one valid object.
WARNING: [Vivado 12-584] No ports matched 'sw[6]'. [C:/Users/lebray/Vivado-Workflow-Scripts/Basys3_Master.xdc:25]
CRITICAL WARNING: [Common 17-55] 'set_property' expects at least one object. [C:/Users/lebray/Vivado-Workflow-Scripts/Basys3_Master.xdc:25]
Resolution: If [get_<value>] was used to populate the object, check to make sure this command returns at least one valid object.
WARNING: [Vivado 12-584] No ports matched 'sw[7]'. [C:/Users/lebray/Vivado-Workflow-Scripts/Basys3_Master.xdc:26]
CRITICAL WARNING: [Common 17-55] 'set_property' expects at least one object. [C:/Users/lebray/Vivado-Workflow-Scripts/Basys3_Master.xdc:26]
Resolution: If [get_<value>] was used to populate the object, check to make sure this command returns at least one valid object.
WARNING: [Vivado 12-584] No ports matched 'sw[7]'. [C:/Users/lebray/Vivado-Workflow-Scripts/Basys3_Master.xdc:27]
CRITICAL WARNING: [Common 17-55] 'set_property' expects at least one object. [C:/Users/lebray/Vivado-Workflow-Scripts/Basys3_Master.xdc:27]
Resolution: If [get_<value>] was used to populate the object, check to make sure this command returns at least one valid object.
WARNING: [Vivado 12-584] No ports matched 'sw[8]'. [C:/Users/lebray/Vivado-Workflow-Scripts/Basys3_Master.xdc:28]
CRITICAL WARNING: [Common 17-55] 'set_property' expects at least one object. [C:/Users/lebray/Vivado-Workflow-Scripts/Basys3_Master.xdc:28]
Resolution: If [get_<value>] was used to populate the object, check to make sure this command returns at least one valid object.
WARNING: [Vivado 12-584] No ports matched 'sw[8]'. [C:/Users/lebray/Vivado-Workflow-Scripts/Basys3_Master.xdc:29]
CRITICAL WARNING: [Common 17-55] 'set_property' expects at least one object. [C:/Users/lebray/Vivado-Workflow-Scripts/Basys3_Master.xdc:29]
Resolution: If [get_<value>] was used to populate the object, check to make sure this command returns at least one valid object.
WARNING: [Vivado 12-584] No ports matched 'sw[9]'. [C:/Users/lebray/Vivado-Workflow-Scripts/Basys3_Master.xdc:30]
CRITICAL WARNING: [Common 17-55] 'set_property' expects at least one object. [C:/Users/lebray/Vivado-Workflow-Scripts/Basys3_Master.xdc:30]
Resolution: If [get_<value>] was used to populate the object, check to make sure this command returns at least one valid object.
WARNING: [Vivado 12-584] No ports matched 'sw[9]'. [C:/Users/lebray/Vivado-Workflow-Scripts/Basys3_Master.xdc:31]
CRITICAL WARNING: [Common 17-55] 'set_property' expects at least one object. [C:/Users/lebray/Vivado-Workflow-Scripts/Basys3_Master.xdc:31]
Resolution: If [get_<value>] was used to populate the object, check to make sure this command returns at least one valid object.
WARNING: [Vivado 12-584] No ports matched 'sw[10]'. [C:/Users/lebray/Vivado-Workflow-Scripts/Basys3_Master.xdc:32]
CRITICAL WARNING: [Common 17-55] 'set_property' expects at least one object. [C:/Users/lebray/Vivado-Workflow-Scripts/Basys3_Master.xdc:32]
Resolution: If [get_<value>] was used to populate the object, check to make sure this command returns at least one valid object.
WARNING: [Vivado 12-584] No ports matched 'sw[10]'. [C:/Users/lebray/Vivado-Workflow-Scripts/Basys3_Master.xdc:33]
CRITICAL WARNING: [Common 17-55] 'set_property' expects at least one object. [C:/Users/lebray/Vivado-Workflow-Scripts/Basys3_Master.xdc:33]
Resolution: If [get_<value>] was used to populate the object, check to make sure this command returns at least one valid object.
WARNING: [Vivado 12-584] No ports matched 'sw[11]'. [C:/Users/lebray/Vivado-Workflow-Scripts/Basys3_Master.xdc:34]
CRITICAL WARNING: [Common 17-55] 'set_property' expects at least one object. [C:/Users/lebray/Vivado-Workflow-Scripts/Basys3_Master.xdc:34]
Resolution: If [get_<value>] was used to populate the object, check to make sure this command returns at least one valid object.
WARNING: [Vivado 12-584] No ports matched 'sw[11]'. [C:/Users/lebray/Vivado-Workflow-Scripts/Basys3_Master.xdc:35]
CRITICAL WARNING: [Common 17-55] 'set_property' expects at least one object. [C:/Users/lebray/Vivado-Workflow-Scripts/Basys3_Master.xdc:35]
Resolution: If [get_<value>] was used to populate the object, check to make sure this command returns at least one valid object.
WARNING: [Vivado 12-584] No ports matched 'sw[12]'. [C:/Users/lebray/Vivado-Workflow-Scripts/Basys3_Master.xdc:36]
CRITICAL WARNING: [Common 17-55] 'set_property' expects at least one object. [C:/Users/lebray/Vivado-Workflow-Scripts/Basys3_Master.xdc:36]
Resolution: If [get_<value>] was used to populate the object, check to make sure this command returns at least one valid object.
WARNING: [Vivado 12-584] No ports matched 'sw[12]'. [C:/Users/lebray/Vivado-Workflow-Scripts/Basys3_Master.xdc:37]
CRITICAL WARNING: [Common 17-55] 'set_property' expects at least one object. [C:/Users/lebray/Vivado-Workflow-Scripts/Basys3_Master.xdc:37]
Resolution: If [get_<value>] was used to populate the object, check to make sure this command returns at least one valid object.
WARNING: [Vivado 12-584] No ports matched 'sw[13]'. [C:/Users/lebray/Vivado-Workflow-Scripts/Basys3_Master.xdc:38]
CRITICAL WARNING: [Common 17-55] 'set_property' expects at least one object. [C:/Users/lebray/Vivado-Workflow-Scripts/Basys3_Master.xdc:38]
Resolution: If [get_<value>] was used to populate the object, check to make sure this command returns at least one valid object.
WARNING: [Vivado 12-584] No ports matched 'sw[13]'. [C:/Users/lebray/Vivado-Workflow-Scripts/Basys3_Master.xdc:39]
CRITICAL WARNING: [Common 17-55] 'set_property' expects at least one object. [C:/Users/lebray/Vivado-Workflow-Scripts/Basys3_Master.xdc:39]
Resolution: If [get_<value>] was used to populate the object, check to make sure this command returns at least one valid object.
WARNING: [Vivado 12-584] No ports matched 'sw[14]'. [C:/Users/lebray/Vivado-Workflow-Scripts/Basys3_Master.xdc:40]
CRITICAL WARNING: [Common 17-55] 'set_property' expects at least one object. [C:/Users/lebray/Vivado-Workflow-Scripts/Basys3_Master.xdc:40]
Resolution: If [get_<value>] was used to populate the object, check to make sure this command returns at least one valid object.
WARNING: [Vivado 12-584] No ports matched 'sw[14]'. [C:/Users/lebray/Vivado-Workflow-Scripts/Basys3_Master.xdc:41]
CRITICAL WARNING: [Common 17-55] 'set_property' expects at least one object. [C:/Users/lebray/Vivado-Workflow-Scripts/Basys3_Master.xdc:41]
Resolution: If [get_<value>] was used to populate the object, check to make sure this command returns at least one valid object.
WARNING: [Vivado 12-584] No ports matched 'sw[15]'. [C:/Users/lebray/Vivado-Workflow-Scripts/Basys3_Master.xdc:42]
CRITICAL WARNING: [Common 17-55] 'set_property' expects at least one object. [C:/Users/lebray/Vivado-Workflow-Scripts/Basys3_Master.xdc:42]
Resolution: If [get_<value>] was used to populate the object, check to make sure this command returns at least one valid object.
WARNING: [Vivado 12-584] No ports matched 'sw[15]'. [C:/Users/lebray/Vivado-Workflow-Scripts/Basys3_Master.xdc:43]
CRITICAL WARNING: [Common 17-55] 'set_property' expects at least one object. [C:/Users/lebray/Vivado-Workflow-Scripts/Basys3_Master.xdc:43]
Resolution: If [get_<value>] was used to populate the object, check to make sure this command returns at least one valid object.
WARNING: [Vivado 12-584] No ports matched 'seg[0]'. [C:/Users/lebray/Vivado-Workflow-Scripts/Basys3_Master.xdc:82]
CRITICAL WARNING: [Common 17-55] 'set_property' expects at least one object. [C:/Users/lebray/Vivado-Workflow-Scripts/Basys3_Master.xdc:82]
Resolution: If [get_<value>] was used to populate the object, check to make sure this command returns at least one valid object.
WARNING: [Vivado 12-584] No ports matched 'seg[0]'. [C:/Users/lebray/Vivado-Workflow-Scripts/Basys3_Master.xdc:83]
CRITICAL WARNING: [Common 17-55] 'set_property' expects at least one object. [C:/Users/lebray/Vivado-Workflow-Scripts/Basys3_Master.xdc:83]
Resolution: If [get_<value>] was used to populate the object, check to make sure this command returns at least one valid object.
WARNING: [Vivado 12-584] No ports matched 'seg[1]'. [C:/Users/lebray/Vivado-Workflow-Scripts/Basys3_Master.xdc:84]
CRITICAL WARNING: [Common 17-55] 'set_property' expects at least one object. [C:/Users/lebray/Vivado-Workflow-Scripts/Basys3_Master.xdc:84]
Resolution: If [get_<value>] was used to populate the object, check to make sure this command returns at least one valid object.
WARNING: [Vivado 12-584] No ports matched 'seg[1]'. [C:/Users/lebray/Vivado-Workflow-Scripts/Basys3_Master.xdc:85]
CRITICAL WARNING: [Common 17-55] 'set_property' expects at least one object. [C:/Users/lebray/Vivado-Workflow-Scripts/Basys3_Master.xdc:85]
Resolution: If [get_<value>] was used to populate the object, check to make sure this command returns at least one valid object.
WARNING: [Vivado 12-584] No ports matched 'seg[2]'. [C:/Users/lebray/Vivado-Workflow-Scripts/Basys3_Master.xdc:86]
CRITICAL WARNING: [Common 17-55] 'set_property' expects at least one object. [C:/Users/lebray/Vivado-Workflow-Scripts/Basys3_Master.xdc:86]
Resolution: If [get_<value>] was used to populate the object, check to make sure this command returns at least one valid object.
WARNING: [Vivado 12-584] No ports matched 'seg[2]'. [C:/Users/lebray/Vivado-Workflow-Scripts/Basys3_Master.xdc:87]
CRITICAL WARNING: [Common 17-55] 'set_property' expects at least one object. [C:/Users/lebray/Vivado-Workflow-Scripts/Basys3_Master.xdc:87]
Resolution: If [get_<value>] was used to populate the object, check to make sure this command returns at least one valid object.
WARNING: [Vivado 12-584] No ports matched 'seg[3]'. [C:/Users/lebray/Vivado-Workflow-Scripts/Basys3_Master.xdc:88]
CRITICAL WARNING: [Common 17-55] 'set_property' expects at least one object. [C:/Users/lebray/Vivado-Workflow-Scripts/Basys3_Master.xdc:88]
Resolution: If [get_<value>] was used to populate the object, check to make sure this command returns at least one valid object.
WARNING: [Vivado 12-584] No ports matched 'seg[3]'. [C:/Users/lebray/Vivado-Workflow-Scripts/Basys3_Master.xdc:89]
CRITICAL WARNING: [Common 17-55] 'set_property' expects at least one object. [C:/Users/lebray/Vivado-Workflow-Scripts/Basys3_Master.xdc:89]
Resolution: If [get_<value>] was used to populate the object, check to make sure this command returns at least one valid object.
WARNING: [Vivado 12-584] No ports matched 'seg[4]'. [C:/Users/lebray/Vivado-Workflow-Scripts/Basys3_Master.xdc:90]
CRITICAL WARNING: [Common 17-55] 'set_property' expects at least one object. [C:/Users/lebray/Vivado-Workflow-Scripts/Basys3_Master.xdc:90]
Resolution: If [get_<value>] was used to populate the object, check to make sure this command returns at least one valid object.
WARNING: [Vivado 12-584] No ports matched 'seg[4]'. [C:/Users/lebray/Vivado-Workflow-Scripts/Basys3_Master.xdc:91]
CRITICAL WARNING: [Common 17-55] 'set_property' expects at least one object. [C:/Users/lebray/Vivado-Workflow-Scripts/Basys3_Master.xdc:91]
Resolution: If [get_<value>] was used to populate the object, check to make sure this command returns at least one valid object.
WARNING: [Vivado 12-584] No ports matched 'seg[5]'. [C:/Users/lebray/Vivado-Workflow-Scripts/Basys3_Master.xdc:92]
CRITICAL WARNING: [Common 17-55] 'set_property' expects at least one object. [C:/Users/lebray/Vivado-Workflow-Scripts/Basys3_Master.xdc:92]
Resolution: If [get_<value>] was used to populate the object, check to make sure this command returns at least one valid object.
WARNING: [Vivado 12-584] No ports matched 'seg[5]'. [C:/Users/lebray/Vivado-Workflow-Scripts/Basys3_Master.xdc:93]
CRITICAL WARNING: [Common 17-55] 'set_property' expects at least one object. [C:/Users/lebray/Vivado-Workflow-Scripts/Basys3_Master.xdc:93]
Resolution: If [get_<value>] was used to populate the object, check to make sure this command returns at least one valid object.
WARNING: [Vivado 12-584] No ports matched 'seg[6]'. [C:/Users/lebray/Vivado-Workflow-Scripts/Basys3_Master.xdc:94]
CRITICAL WARNING: [Common 17-55] 'set_property' expects at least one object. [C:/Users/lebray/Vivado-Workflow-Scripts/Basys3_Master.xdc:94]
Resolution: If [get_<value>] was used to populate the object, check to make sure this command returns at least one valid object.
WARNING: [Vivado 12-584] No ports matched 'seg[6]'. [C:/Users/lebray/Vivado-Workflow-Scripts/Basys3_Master.xdc:95]
CRITICAL WARNING: [Common 17-55] 'set_property' expects at least one object. [C:/Users/lebray/Vivado-Workflow-Scripts/Basys3_Master.xdc:95]
Resolution: If [get_<value>] was used to populate the object, check to make sure this command returns at least one valid object.
WARNING: [Vivado 12-584] No ports matched 'dp'. [C:/Users/lebray/Vivado-Workflow-Scripts/Basys3_Master.xdc:97]
CRITICAL WARNING: [Common 17-55] 'set_property' expects at least one object. [C:/Users/lebray/Vivado-Workflow-Scripts/Basys3_Master.xdc:97]
Resolution: If [get_<value>] was used to populate the object, check to make sure this command returns at least one valid object.
WARNING: [Vivado 12-584] No ports matched 'dp'. [C:/Users/lebray/Vivado-Workflow-Scripts/Basys3_Master.xdc:98]
CRITICAL WARNING: [Common 17-55] 'set_property' expects at least one object. [C:/Users/lebray/Vivado-Workflow-Scripts/Basys3_Master.xdc:98]
Resolution: If [get_<value>] was used to populate the object, check to make sure this command returns at least one valid object.
WARNING: [Vivado 12-584] No ports matched 'an[0]'. [C:/Users/lebray/Vivado-Workflow-Scripts/Basys3_Master.xdc:100]
CRITICAL WARNING: [Common 17-55] 'set_property' expects at least one object. [C:/Users/lebray/Vivado-Workflow-Scripts/Basys3_Master.xdc:100]
Resolution: If [get_<value>] was used to populate the object, check to make sure this command returns at least one valid object.
WARNING: [Vivado 12-584] No ports matched 'an[0]'. [C:/Users/lebray/Vivado-Workflow-Scripts/Basys3_Master.xdc:101]
CRITICAL WARNING: [Common 17-55] 'set_property' expects at least one object. [C:/Users/lebray/Vivado-Workflow-Scripts/Basys3_Master.xdc:101]
Resolution: If [get_<value>] was used to populate the object, check to make sure this command returns at least one valid object.
WARNING: [Vivado 12-584] No ports matched 'an[1]'. [C:/Users/lebray/Vivado-Workflow-Scripts/Basys3_Master.xdc:102]
CRITICAL WARNING: [Common 17-55] 'set_property' expects at least one object. [C:/Users/lebray/Vivado-Workflow-Scripts/Basys3_Master.xdc:102]
Resolution: If [get_<value>] was used to populate the object, check to make sure this command returns at least one valid object.
WARNING: [Vivado 12-584] No ports matched 'an[1]'. [C:/Users/lebray/Vivado-Workflow-Scripts/Basys3_Master.xdc:103]
CRITICAL WARNING: [Common 17-55] 'set_property' expects at least one object. [C:/Users/lebray/Vivado-Workflow-Scripts/Basys3_Master.xdc:103]
Resolution: If [get_<value>] was used to populate the object, check to make sure this command returns at least one valid object.
WARNING: [Vivado 12-584] No ports matched 'an[2]'. [C:/Users/lebray/Vivado-Workflow-Scripts/Basys3_Master.xdc:104]
CRITICAL WARNING: [Common 17-55] 'set_property' expects at least one object. [C:/Users/lebray/Vivado-Workflow-Scripts/Basys3_Master.xdc:104]
Resolution: If [get_<value>] was used to populate the object, check to make sure this command returns at least one valid object.
WARNING: [Vivado 12-584] No ports matched 'an[2]'. [C:/Users/lebray/Vivado-Workflow-Scripts/Basys3_Master.xdc:105]
CRITICAL WARNING: [Common 17-55] 'set_property' expects at least one object. [C:/Users/lebray/Vivado-Workflow-Scripts/Basys3_Master.xdc:105]
Resolution: If [get_<value>] was used to populate the object, check to make sure this command returns at least one valid object.
WARNING: [Vivado 12-584] No ports matched 'an[3]'. [C:/Users/lebray/Vivado-Workflow-Scripts/Basys3_Master.xdc:106]
CRITICAL WARNING: [Common 17-55] 'set_property' expects at least one object. [C:/Users/lebray/Vivado-Workflow-Scripts/Basys3_Master.xdc:106]
Resolution: If [get_<value>] was used to populate the object, check to make sure this command returns at least one valid object.
WARNING: [Vivado 12-584] No ports matched 'an[3]'. [C:/Users/lebray/Vivado-Workflow-Scripts/Basys3_Master.xdc:107]
CRITICAL WARNING: [Common 17-55] 'set_property' expects at least one object. [C:/Users/lebray/Vivado-Workflow-Scripts/Basys3_Master.xdc:107]
Resolution: If [get_<value>] was used to populate the object, check to make sure this command returns at least one valid object.
WARNING: [Vivado 12-584] No ports matched 'btnU'. [C:/Users/lebray/Vivado-Workflow-Scripts/Basys3_Master.xdc:113]
CRITICAL WARNING: [Common 17-55] 'set_property' expects at least one object. [C:/Users/lebray/Vivado-Workflow-Scripts/Basys3_Master.xdc:113]
Resolution: If [get_<value>] was used to populate the object, check to make sure this command returns at least one valid object.
WARNING: [Vivado 12-584] No ports matched 'btnU'. [C:/Users/lebray/Vivado-Workflow-Scripts/Basys3_Master.xdc:114]
CRITICAL WARNING: [Common 17-55] 'set_property' expects at least one object. [C:/Users/lebray/Vivado-Workflow-Scripts/Basys3_Master.xdc:114]
Resolution: If [get_<value>] was used to populate the object, check to make sure this command returns at least one valid object.
WARNING: [Vivado 12-584] No ports matched 'btnL'. [C:/Users/lebray/Vivado-Workflow-Scripts/Basys3_Master.xdc:115]
CRITICAL WARNING: [Common 17-55] 'set_property' expects at least one object. [C:/Users/lebray/Vivado-Workflow-Scripts/Basys3_Master.xdc:115]
Resolution: If [get_<value>] was used to populate the object, check to make sure this command returns at least one valid object.
WARNING: [Vivado 12-584] No ports matched 'btnL'. [C:/Users/lebray/Vivado-Workflow-Scripts/Basys3_Master.xdc:116]
CRITICAL WARNING: [Common 17-55] 'set_property' expects at least one object. [C:/Users/lebray/Vivado-Workflow-Scripts/Basys3_Master.xdc:116]
Resolution: If [get_<value>] was used to populate the object, check to make sure this command returns at least one valid object.
WARNING: [Vivado 12-584] No ports matched 'btnR'. [C:/Users/lebray/Vivado-Workflow-Scripts/Basys3_Master.xdc:117]
CRITICAL WARNING: [Common 17-55] 'set_property' expects at least one object. [C:/Users/lebray/Vivado-Workflow-Scripts/Basys3_Master.xdc:117]
Resolution: If [get_<value>] was used to populate the object, check to make sure this command returns at least one valid object.
WARNING: [Vivado 12-584] No ports matched 'btnR'. [C:/Users/lebray/Vivado-Workflow-Scripts/Basys3_Master.xdc:118]
CRITICAL WARNING: [Common 17-55] 'set_property' expects at least one object. [C:/Users/lebray/Vivado-Workflow-Scripts/Basys3_Master.xdc:118]
Resolution: If [get_<value>] was used to populate the object, check to make sure this command returns at least one valid object.
WARNING: [Vivado 12-584] No ports matched 'btnD'. [C:/Users/lebray/Vivado-Workflow-Scripts/Basys3_Master.xdc:119]
CRITICAL WARNING: [Common 17-55] 'set_property' expects at least one object. [C:/Users/lebray/Vivado-Workflow-Scripts/Basys3_Master.xdc:119]
Resolution: If [get_<value>] was used to populate the object, check to make sure this command returns at least one valid object.
WARNING: [Vivado 12-584] No ports matched 'btnD'. [C:/Users/lebray/Vivado-Workflow-Scripts/Basys3_Master.xdc:120]
CRITICAL WARNING: [Common 17-55] 'set_property' expects at least one object. [C:/Users/lebray/Vivado-Workflow-Scripts/Basys3_Master.xdc:120]
Resolution: If [get_<value>] was used to populate the object, check to make sure this command returns at least one valid object.
WARNING: [Vivado 12-584] No ports matched 'JA[0]'. [C:/Users/lebray/Vivado-Workflow-Scripts/Basys3_Master.xdc:126]
CRITICAL WARNING: [Common 17-55] 'set_property' expects at least one object. [C:/Users/lebray/Vivado-Workflow-Scripts/Basys3_Master.xdc:126]
Resolution: If [get_<value>] was used to populate the object, check to make sure this command returns at least one valid object.
WARNING: [Vivado 12-584] No ports matched 'JA[0]'. [C:/Users/lebray/Vivado-Workflow-Scripts/Basys3_Master.xdc:127]
CRITICAL WARNING: [Common 17-55] 'set_property' expects at least one object. [C:/Users/lebray/Vivado-Workflow-Scripts/Basys3_Master.xdc:127]
Resolution: If [get_<value>] was used to populate the object, check to make sure this command returns at least one valid object.
WARNING: [Vivado 12-584] No ports matched 'JA[1]'. [C:/Users/lebray/Vivado-Workflow-Scripts/Basys3_Master.xdc:129]
CRITICAL WARNING: [Common 17-55] 'set_property' expects at least one object. [C:/Users/lebray/Vivado-Workflow-Scripts/Basys3_Master.xdc:129]
Resolution: If [get_<value>] was used to populate the object, check to make sure this command returns at least one valid object.
WARNING: [Vivado 12-584] No ports matched 'JA[1]'. [C:/Users/lebray/Vivado-Workflow-Scripts/Basys3_Master.xdc:130]
CRITICAL WARNING: [Common 17-55] 'set_property' expects at least one object. [C:/Users/lebray/Vivado-Workflow-Scripts/Basys3_Master.xdc:130]
Resolution: If [get_<value>] was used to populate the object, check to make sure this command returns at least one valid object.
WARNING: [Vivado 12-584] No ports matched 'JA[2]'. [C:/Users/lebray/Vivado-Workflow-Scripts/Basys3_Master.xdc:132]
CRITICAL WARNING: [Common 17-55] 'set_property' expects at least one object. [C:/Users/lebray/Vivado-Workflow-Scripts/Basys3_Master.xdc:132]
Resolution: If [get_<value>] was used to populate the object, check to make sure this command returns at least one valid object.
WARNING: [Vivado 12-584] No ports matched 'JA[2]'. [C:/Users/lebray/Vivado-Workflow-Scripts/Basys3_Master.xdc:133]
CRITICAL WARNING: [Common 17-55] 'set_property' expects at least one object. [C:/Users/lebray/Vivado-Workflow-Scripts/Basys3_Master.xdc:133]
Resolution: If [get_<value>] was used to populate the object, check to make sure this command returns at least one valid object.
WARNING: [Vivado 12-584] No ports matched 'JA[3]'. [C:/Users/lebray/Vivado-Workflow-Scripts/Basys3_Master.xdc:135]
CRITICAL WARNING: [Common 17-55] 'set_property' expects at least one object. [C:/Users/lebray/Vivado-Workflow-Scripts/Basys3_Master.xdc:135]
Resolution: If [get_<value>] was used to populate the object, check to make sure this command returns at least one valid object.
WARNING: [Vivado 12-584] No ports matched 'JA[3]'. [C:/Users/lebray/Vivado-Workflow-Scripts/Basys3_Master.xdc:136]
CRITICAL WARNING: [Common 17-55] 'set_property' expects at least one object. [C:/Users/lebray/Vivado-Workflow-Scripts/Basys3_Master.xdc:136]
Resolution: If [get_<value>] was used to populate the object, check to make sure this command returns at least one valid object.
WARNING: [Vivado 12-584] No ports matched 'JA[4]'. [C:/Users/lebray/Vivado-Workflow-Scripts/Basys3_Master.xdc:138]
CRITICAL WARNING: [Common 17-55] 'set_property' expects at least one object. [C:/Users/lebray/Vivado-Workflow-Scripts/Basys3_Master.xdc:138]
Resolution: If [get_<value>] was used to populate the object, check to make sure this command returns at least one valid object.
WARNING: [Vivado 12-584] No ports matched 'JA[4]'. [C:/Users/lebray/Vivado-Workflow-Scripts/Basys3_Master.xdc:139]
CRITICAL WARNING: [Common 17-55] 'set_property' expects at least one object. [C:/Users/lebray/Vivado-Workflow-Scripts/Basys3_Master.xdc:139]
Resolution: If [get_<value>] was used to populate the object, check to make sure this command returns at least one valid object.
WARNING: [Vivado 12-584] No ports matched 'JA[5]'. [C:/Users/lebray/Vivado-Workflow-Scripts/Basys3_Master.xdc:141]
CRITICAL WARNING: [Common 17-55] 'set_property' expects at least one object. [C:/Users/lebray/Vivado-Workflow-Scripts/Basys3_Master.xdc:141]
Resolution: If [get_<value>] was used to populate the object, check to make sure this command returns at least one valid object.
WARNING: [Vivado 12-584] No ports matched 'JA[5]'. [C:/Users/lebray/Vivado-Workflow-Scripts/Basys3_Master.xdc:142]
CRITICAL WARNING: [Common 17-55] 'set_property' expects at least one object. [C:/Users/lebray/Vivado-Workflow-Scripts/Basys3_Master.xdc:142]
Resolution: If [get_<value>] was used to populate the object, check to make sure this command returns at least one valid object.
WARNING: [Vivado 12-584] No ports matched 'JA[6]'. [C:/Users/lebray/Vivado-Workflow-Scripts/Basys3_Master.xdc:144]
CRITICAL WARNING: [Common 17-55] 'set_property' expects at least one object. [C:/Users/lebray/Vivado-Workflow-Scripts/Basys3_Master.xdc:144]
Resolution: If [get_<value>] was used to populate the object, check to make sure this command returns at least one valid object.
WARNING: [Vivado 12-584] No ports matched 'JA[6]'. [C:/Users/lebray/Vivado-Workflow-Scripts/Basys3_Master.xdc:145]
CRITICAL WARNING: [Common 17-55] 'set_property' expects at least one object. [C:/Users/lebray/Vivado-Workflow-Scripts/Basys3_Master.xdc:145]
Resolution: If [get_<value>] was used to populate the object, check to make sure this command returns at least one valid object.
WARNING: [Vivado 12-584] No ports matched 'JA[7]'. [C:/Users/lebray/Vivado-Workflow-Scripts/Basys3_Master.xdc:147]
CRITICAL WARNING: [Common 17-55] 'set_property' expects at least one object. [C:/Users/lebray/Vivado-Workflow-Scripts/Basys3_Master.xdc:147]
Resolution: If [get_<value>] was used to populate the object, check to make sure this command returns at least one valid object.
WARNING: [Vivado 12-584] No ports matched 'JA[7]'. [C:/Users/lebray/Vivado-Workflow-Scripts/Basys3_Master.xdc:148]
CRITICAL WARNING: [Common 17-55] 'set_property' expects at least one object. [C:/Users/lebray/Vivado-Workflow-Scripts/Basys3_Master.xdc:148]
Resolution: If [get_<value>] was used to populate the object, check to make sure this command returns at least one valid object.
WARNING: [Vivado 12-584] No ports matched 'JB[0]'. [C:/Users/lebray/Vivado-Workflow-Scripts/Basys3_Master.xdc:154]
CRITICAL WARNING: [Common 17-55] 'set_property' expects at least one object. [C:/Users/lebray/Vivado-Workflow-Scripts/Basys3_Master.xdc:154]
Resolution: If [get_<value>] was used to populate the object, check to make sure this command returns at least one valid object.
WARNING: [Vivado 12-584] No ports matched 'JB[0]'. [C:/Users/lebray/Vivado-Workflow-Scripts/Basys3_Master.xdc:155]
CRITICAL WARNING: [Common 17-55] 'set_property' expects at least one object. [C:/Users/lebray/Vivado-Workflow-Scripts/Basys3_Master.xdc:155]
Resolution: If [get_<value>] was used to populate the object, check to make sure this command returns at least one valid object.
WARNING: [Vivado 12-584] No ports matched 'JB[1]'. [C:/Users/lebray/Vivado-Workflow-Scripts/Basys3_Master.xdc:157]
CRITICAL WARNING: [Common 17-55] 'set_property' expects at least one object. [C:/Users/lebray/Vivado-Workflow-Scripts/Basys3_Master.xdc:157]
Resolution: If [get_<value>] was used to populate the object, check to make sure this command returns at least one valid object.
WARNING: [Vivado 12-584] No ports matched 'JB[1]'. [C:/Users/lebray/Vivado-Workflow-Scripts/Basys3_Master.xdc:158]
CRITICAL WARNING: [Common 17-55] 'set_property' expects at least one object. [C:/Users/lebray/Vivado-Workflow-Scripts/Basys3_Master.xdc:158]
Resolution: If [get_<value>] was used to populate the object, check to make sure this command returns at least one valid object.
WARNING: [Vivado 12-584] No ports matched 'JB[2]'. [C:/Users/lebray/Vivado-Workflow-Scripts/Basys3_Master.xdc:160]
CRITICAL WARNING: [Common 17-55] 'set_property' expects at least one object. [C:/Users/lebray/Vivado-Workflow-Scripts/Basys3_Master.xdc:160]
Resolution: If [get_<value>] was used to populate the object, check to make sure this command returns at least one valid object.
WARNING: [Vivado 12-584] No ports matched 'JB[2]'. [C:/Users/lebray/Vivado-Workflow-Scripts/Basys3_Master.xdc:161]
CRITICAL WARNING: [Common 17-55] 'set_property' expects at least one object. [C:/Users/lebray/Vivado-Workflow-Scripts/Basys3_Master.xdc:161]
Resolution: If [get_<value>] was used to populate the object, check to make sure this command returns at least one valid object.
WARNING: [Vivado 12-584] No ports matched 'JB[3]'. [C:/Users/lebray/Vivado-Workflow-Scripts/Basys3_Master.xdc:163]
CRITICAL WARNING: [Common 17-55] 'set_property' expects at least one object. [C:/Users/lebray/Vivado-Workflow-Scripts/Basys3_Master.xdc:163]
Resolution: If [get_<value>] was used to populate the object, check to make sure this command returns at least one valid object.
WARNING: [Vivado 12-584] No ports matched 'JB[3]'. [C:/Users/lebray/Vivado-Workflow-Scripts/Basys3_Master.xdc:164]
CRITICAL WARNING: [Common 17-55] 'set_property' expects at least one object. [C:/Users/lebray/Vivado-Workflow-Scripts/Basys3_Master.xdc:164]
Resolution: If [get_<value>] was used to populate the object, check to make sure this command returns at least one valid object.
WARNING: [Vivado 12-584] No ports matched 'JB[4]'. [C:/Users/lebray/Vivado-Workflow-Scripts/Basys3_Master.xdc:166]
CRITICAL WARNING: [Common 17-55] 'set_property' expects at least one object. [C:/Users/lebray/Vivado-Workflow-Scripts/Basys3_Master.xdc:166]
Resolution: If [get_<value>] was used to populate the object, check to make sure this command returns at least one valid object.
WARNING: [Vivado 12-584] No ports matched 'JB[4]'. [C:/Users/lebray/Vivado-Workflow-Scripts/Basys3_Master.xdc:167]
CRITICAL WARNING: [Common 17-55] 'set_property' expects at least one object. [C:/Users/lebray/Vivado-Workflow-Scripts/Basys3_Master.xdc:167]
Resolution: If [get_<value>] was used to populate the object, check to make sure this command returns at least one valid object.
WARNING: [Vivado 12-584] No ports matched 'JB[5]'. [C:/Users/lebray/Vivado-Workflow-Scripts/Basys3_Master.xdc:169]
CRITICAL WARNING: [Common 17-55] 'set_property' expects at least one object. [C:/Users/lebray/Vivado-Workflow-Scripts/Basys3_Master.xdc:169]
Resolution: If [get_<value>] was used to populate the object, check to make sure this command returns at least one valid object.
WARNING: [Vivado 12-584] No ports matched 'JB[5]'. [C:/Users/lebray/Vivado-Workflow-Scripts/Basys3_Master.xdc:170]
CRITICAL WARNING: [Common 17-55] 'set_property' expects at least one object. [C:/Users/lebray/Vivado-Workflow-Scripts/Basys3_Master.xdc:170]
Resolution: If [get_<value>] was used to populate the object, check to make sure this command returns at least one valid object.
WARNING: [Vivado 12-584] No ports matched 'JB[6]'. [C:/Users/lebray/Vivado-Workflow-Scripts/Basys3_Master.xdc:172]
CRITICAL WARNING: [Common 17-55] 'set_property' expects at least one object. [C:/Users/lebray/Vivado-Workflow-Scripts/Basys3_Master.xdc:172]
Resolution: If [get_<value>] was used to populate the object, check to make sure this command returns at least one valid object.
WARNING: [Vivado 12-584] No ports matched 'JB[6]'. [C:/Users/lebray/Vivado-Workflow-Scripts/Basys3_Master.xdc:173]
CRITICAL WARNING: [Common 17-55] 'set_property' expects at least one object. [C:/Users/lebray/Vivado-Workflow-Scripts/Basys3_Master.xdc:173]
Resolution: If [get_<value>] was used to populate the object, check to make sure this command returns at least one valid object.
WARNING: [Vivado 12-584] No ports matched 'JB[7]'. [C:/Users/lebray/Vivado-Workflow-Scripts/Basys3_Master.xdc:175]
CRITICAL WARNING: [Common 17-55] 'set_property' expects at least one object. [C:/Users/lebray/Vivado-Workflow-Scripts/Basys3_Master.xdc:175]
Resolution: If [get_<value>] was used to populate the object, check to make sure this command returns at least one valid object.
WARNING: [Vivado 12-584] No ports matched 'JB[7]'. [C:/Users/lebray/Vivado-Workflow-Scripts/Basys3_Master.xdc:176]
CRITICAL WARNING: [Common 17-55] 'set_property' expects at least one object. [C:/Users/lebray/Vivado-Workflow-Scripts/Basys3_Master.xdc:176]
Resolution: If [get_<value>] was used to populate the object, check to make sure this command returns at least one valid object.
WARNING: [Vivado 12-584] No ports matched 'RsRx'. [C:/Users/lebray/Vivado-Workflow-Scripts/Basys3_Master.xdc:267]
CRITICAL WARNING: [Common 17-55] 'set_property' expects at least one object. [C:/Users/lebray/Vivado-Workflow-Scripts/Basys3_Master.xdc:267]
Resolution: If [get_<value>] was used to populate the object, check to make sure this command returns at least one valid object.
WARNING: [Vivado 12-584] No ports matched 'RsRx'. [C:/Users/lebray/Vivado-Workflow-Scripts/Basys3_Master.xdc:268]
CRITICAL WARNING: [Common 17-55] 'set_property' expects at least one object. [C:/Users/lebray/Vivado-Workflow-Scripts/Basys3_Master.xdc:268]
Resolution: If [get_<value>] was used to populate the object, check to make sure this command returns at least one valid object.
WARNING: [Vivado 12-584] No ports matched 'RsTx'. [C:/Users/lebray/Vivado-Workflow-Scripts/Basys3_Master.xdc:269]
CRITICAL WARNING: [Common 17-55] 'set_property' expects at least one object. [C:/Users/lebray/Vivado-Workflow-Scripts/Basys3_Master.xdc:269]
Resolution: If [get_<value>] was used to populate the object, check to make sure this command returns at least one valid object.
WARNING: [Vivado 12-584] No ports matched 'RsTx'. [C:/Users/lebray/Vivado-Workflow-Scripts/Basys3_Master.xdc:270]
INFO: [Common 17-14] Message 'Vivado 12-584' appears 100 times and further instances of the messages will be disabled. Use the Tcl command set_msg_config to change the current settings. [C:/Users/lebray/Vivado-Workflow-Scripts/Basys3_Master.xdc:270]
CRITICAL WARNING: [Common 17-55] 'set_property' expects at least one object. [C:/Users/lebray/Vivado-Workflow-Scripts/Basys3_Master.xdc:270]
Resolution: If [get_<value>] was used to populate the object, check to make sure this command returns at least one valid object.
Finished Parsing XDC File [C:/Users/lebray/Vivado-Workflow-Scripts/Basys3_Master.xdc]
INFO: [Project 1-236] Implementation specific constraints were found while reading constraint file [C:/Users/lebray/Vivado-Workflow-Scripts/Basys3_Master.xdc]. These constraints will be ignored for synthesis but will be used in implementation. Impacted constraints are listed in the file [.Xil/als_top_propImpl.xdc].
Resolution: To avoid this warning, move constraints listed in [.Xil/als_top_propImpl.xdc] to another XDC file and exclude this new file from synthesis with the used_in_synthesis property (File Properties dialog in GUI) and re-run elaboration/synthesis.
Netlist sorting complete. Time (s): cpu = 00:00:00 ; elapsed = 00:00:00 . Memory (MB): peak = 739.555 ; gain = 0.000
Completed Processing XDC Constraints

Netlist sorting complete. Time (s): cpu = 00:00:00 ; elapsed = 00:00:00 . Memory (MB): peak = 739.574 ; gain = 0.000
INFO: [Project 1-111] Unisim Transformation Summary:
  A total of 124 instances were transformed.
  FD => FDRE: 48 instances
  FDR => FDRE: 20 instances
  LUT6_2 => LUT6_2 (LUT5, LUT6): 50 instances
  RAM32M => RAM32M (RAMD32, RAMD32, RAMD32, RAMD32, RAMD32, RAMD32, RAMS32, RAMS32): 4 instances
  RAM64M => RAM64M (RAMD64E, RAMD64E, RAMD64E, RAMD64E): 2 instances

Netlist sorting complete. Time (s): cpu = 00:00:00 ; elapsed = 00:00:00 . Memory (MB): peak = 739.574 ; gain = 0.000
Constraint Validation Runtime : Time (s): cpu = 00:00:00 ; elapsed = 00:00:00.002 . Memory (MB): peak = 739.574 ; gain = 0.000
---------------------------------------------------------------------------------
Finished Constraint Validation : Time (s): cpu = 00:00:05 ; elapsed = 00:00:07 . Memory (MB): peak = 739.574 ; gain = 476.977
---------------------------------------------------------------------------------
---------------------------------------------------------------------------------
Start Loading Part and Timing Information
---------------------------------------------------------------------------------
Loading part: xc7a35tcpg236-1
---------------------------------------------------------------------------------
Finished Loading Part and Timing Information : Time (s): cpu = 00:00:05 ; elapsed = 00:00:07 . Memory (MB): peak = 739.574 ; gain = 476.977
---------------------------------------------------------------------------------
---------------------------------------------------------------------------------
Start Applying 'set_property' XDC Constraints
---------------------------------------------------------------------------------
---------------------------------------------------------------------------------
Finished applying 'set_property' XDC Constraints : Time (s): cpu = 00:00:05 ; elapsed = 00:00:07 . Memory (MB): peak = 739.574 ; gain = 476.977
---------------------------------------------------------------------------------
INFO: [Synth 8-802] inferred FSM for state register 'state_reg' in module 'spi_als_reader'
INFO: [Synth 8-5546] ROM "sck_r" won't be mapped to RAM because it is too sparse
INFO: [Synth 8-5546] ROM "trigger" won't be mapped to RAM because it is too sparse
INFO: [Synth 8-5544] ROM "bit_cnt" won't be mapped to Block RAM because address size (4) smaller than threshold (5)
INFO: [Synth 8-5544] ROM "state" won't be mapped to Block RAM because address size (4) smaller than threshold (5)
INFO: [Synth 8-5544] ROM "ready" won't be mapped to Block RAM because address size (2) smaller than threshold (5)
INFO: [Synth 8-5544] ROM "sck" won't be mapped to Block RAM because address size (2) smaller than threshold (5)
INFO: [Synth 8-5544] ROM "cs" won't be mapped to Block RAM because address size (2) smaller than threshold (5)
INFO: [Synth 8-5544] ROM "cs0" won't be mapped to Block RAM because address size (2) smaller than threshold (5)
---------------------------------------------------------------------------------------------------
                   State |                     New Encoding |                Previous Encoding 
---------------------------------------------------------------------------------------------------
                    IDLE |                              001 |                               00
                  ACTIVE |                              010 |                               01
                    DONE |                              100 |                               10
---------------------------------------------------------------------------------------------------
INFO: [Synth 8-3354] encoded FSM with state register 'state_reg' using encoding 'one-hot' in module 'spi_als_reader'
---------------------------------------------------------------------------------
Finished RTL Optimization Phase 2 : Time (s): cpu = 00:00:05 ; elapsed = 00:00:07 . Memory (MB): peak = 739.574 ; gain = 476.977
---------------------------------------------------------------------------------

Report RTL Partitions: 
+-+--------------+------------+----------+
| |RTL Partition |Replication |Instances |
+-+--------------+------------+----------+
+-+--------------+------------+----------+
---------------------------------------------------------------------------------
Start RTL Component Statistics 
---------------------------------------------------------------------------------
Detailed RTL Component Info : 
+---Adders : 
	   2 Input     24 Bit       Adders := 1     
	   2 Input      8 Bit       Adders := 1     
	   2 Input      4 Bit       Adders := 1     
+---Registers : 
	               24 Bit    Registers := 1     
	               16 Bit    Registers := 1     
	                8 Bit    Registers := 6     
	                4 Bit    Registers := 1     
	                1 Bit    Registers := 39    
+---Muxes : 
	   2 Input     24 Bit        Muxes := 1     
	   2 Input     18 Bit        Muxes := 1     
	   3 Input     16 Bit        Muxes := 1     
	   2 Input      8 Bit        Muxes := 2     
	  11 Input      8 Bit        Muxes := 1     
	   3 Input      4 Bit        Muxes := 1     
	   2 Input      1 Bit        Muxes := 25    
	   3 Input      1 Bit        Muxes := 5     
---------------------------------------------------------------------------------
Finished RTL Component Statistics 
---------------------------------------------------------------------------------
---------------------------------------------------------------------------------
Start RTL Hierarchical Component Statistics 
---------------------------------------------------------------------------------
Hierarchical RTL Component report 
Module als_top 
Detailed RTL Component Info : 
+---Registers : 
	                8 Bit    Registers := 3     
	                1 Bit    Registers := 1     
+---Muxes : 
	   2 Input      8 Bit        Muxes := 1     
Module spi_als_reader 
Detailed RTL Component Info : 
+---Adders : 
	   2 Input     24 Bit       Adders := 1     
	   2 Input      8 Bit       Adders := 1     
	   2 Input      4 Bit       Adders := 1     
+---Registers : 
	               24 Bit    Registers := 1     
	               16 Bit    Registers := 1     
	                8 Bit    Registers := 2     
	                4 Bit    Registers := 1     
	                1 Bit    Registers := 6     
+---Muxes : 
	   2 Input     24 Bit        Muxes := 1     
	   3 Input     16 Bit        Muxes := 1     
	   2 Input      8 Bit        Muxes := 1     
	   3 Input      4 Bit        Muxes := 1     
	   2 Input      1 Bit        Muxes := 4     
	   3 Input      1 Bit        Muxes := 5     
Module jtag_loader_6 
Detailed RTL Component Info : 
+---Registers : 
	                8 Bit    Registers := 1     
	                1 Bit    Registers := 32    
+---Muxes : 
	   2 Input     18 Bit        Muxes := 1     
	  11 Input      8 Bit        Muxes := 1     
	   2 Input      1 Bit        Muxes := 21    
---------------------------------------------------------------------------------
Finished RTL Hierarchical Component Statistics
---------------------------------------------------------------------------------
---------------------------------------------------------------------------------
Start Part Resource Summary
---------------------------------------------------------------------------------
Part Resources:
DSPs: 90 (col length:60)
BRAMs: 100 (col length: RAMB18 60 RAMB36 30)
---------------------------------------------------------------------------------
Finished Part Resource Summary
---------------------------------------------------------------------------------
---------------------------------------------------------------------------------
Start Cross Boundary and Area Optimization
---------------------------------------------------------------------------------
Warning: Parallel synthesis criteria is not met 
INFO: [Synth 8-5544] ROM "als_reader/bit_cnt" won't be mapped to Block RAM because address size (4) smaller than threshold (5)
INFO: [Synth 8-5544] ROM "als_reader/state" won't be mapped to Block RAM because address size (4) smaller than threshold (5)
INFO: [Synth 8-5546] ROM "als_reader/sck_r" won't be mapped to RAM because it is too sparse
INFO: [Synth 8-5546] ROM "als_reader/trigger" won't be mapped to RAM because it is too sparse
INFO: [Synth 8-3333] propagating constant 0 across sequential element (\processor/sync_sleep_flop )
INFO: [Synth 8-3333] propagating constant 0 across sequential element (\processor/sync_interrupt_flop )
INFO: [Synth 8-3886] merging instance 'program_rom/instantiate_loader.jtag_loader_6_inst/jtag_loader_gen.control_dout_int_reg[6]' (FDR) to 'program_rom/instantiate_loader.jtag_loader_6_inst/jtag_loader_gen.control_dout_int_reg[5]'
INFO: [Synth 8-3886] merging instance 'program_rom/instantiate_loader.jtag_loader_6_inst/jtag_loader_gen.control_dout_int_reg[1]' (FDR) to 'program_rom/instantiate_loader.jtag_loader_6_inst/jtag_loader_gen.control_dout_int_reg[5]'
INFO: [Synth 8-3886] merging instance 'program_rom/instantiate_loader.jtag_loader_6_inst/jtag_loader_gen.control_dout_int_reg[2]' (FDR) to 'program_rom/instantiate_loader.jtag_loader_6_inst/jtag_loader_gen.control_dout_int_reg[5]'
INFO: [Synth 8-3333] propagating constant 0 across sequential element (\program_rom/instantiate_loader.jtag_loader_6_inst/jtag_loader_gen.control_dout_int_reg[5] )
WARNING: [Synth 8-3332] Sequential element (processor/sync_sleep_flop) is unused and will be removed from module als_top.
WARNING: [Synth 8-3332] Sequential element (processor/sync_interrupt_flop) is unused and will be removed from module als_top.
WARNING: [Synth 8-3332] Sequential element (processor/interrupt_ack_flop) is unused and will be removed from module als_top.
WARNING: [Synth 8-3332] Sequential element (processor/k_write_strobe_flop) is unused and will be removed from module als_top.
WARNING: [Synth 8-3332] Sequential element (processor/read_strobe_flop) is unused and will be removed from module als_top.
---------------------------------------------------------------------------------
Finished Cross Boundary and Area Optimization : Time (s): cpu = 00:00:05 ; elapsed = 00:00:07 . Memory (MB): peak = 739.574 ; gain = 476.977
---------------------------------------------------------------------------------

Report RTL Partitions: 
+-+--------------+------------+----------+
| |RTL Partition |Replication |Instances |
+-+--------------+------------+----------+
+-+--------------+------------+----------+
---------------------------------------------------------------------------------
Start Applying XDC Timing Constraints
---------------------------------------------------------------------------------
---------------------------------------------------------------------------------
Finished Applying XDC Timing Constraints : Time (s): cpu = 00:00:09 ; elapsed = 00:00:11 . Memory (MB): peak = 739.574 ; gain = 476.977
---------------------------------------------------------------------------------
---------------------------------------------------------------------------------
Start Timing Optimization
---------------------------------------------------------------------------------
---------------------------------------------------------------------------------
Finished Timing Optimization : Time (s): cpu = 00:00:09 ; elapsed = 00:00:11 . Memory (MB): peak = 739.574 ; gain = 476.977
---------------------------------------------------------------------------------

Report RTL Partitions: 
+-+--------------+------------+----------+
| |RTL Partition |Replication |Instances |
+-+--------------+------------+----------+
+-+--------------+------------+----------+
---------------------------------------------------------------------------------
Start Technology Mapping
---------------------------------------------------------------------------------
---------------------------------------------------------------------------------
Finished Technology Mapping : Time (s): cpu = 00:00:09 ; elapsed = 00:00:11 . Memory (MB): peak = 757.223 ; gain = 494.625
---------------------------------------------------------------------------------

Report RTL Partitions: 
+-+--------------+------------+----------+
| |RTL Partition |Replication |Instances |
+-+--------------+------------+----------+
+-+--------------+------------+----------+
---------------------------------------------------------------------------------
Start IO Insertion
---------------------------------------------------------------------------------
---------------------------------------------------------------------------------
Start Flattening Before IO Insertion
---------------------------------------------------------------------------------
---------------------------------------------------------------------------------
Finished Flattening Before IO Insertion
---------------------------------------------------------------------------------
---------------------------------------------------------------------------------
Start Final Netlist Cleanup
---------------------------------------------------------------------------------
---------------------------------------------------------------------------------
Finished Final Netlist Cleanup
---------------------------------------------------------------------------------
---------------------------------------------------------------------------------
Finished IO Insertion : Time (s): cpu = 00:00:09 ; elapsed = 00:00:11 . Memory (MB): peak = 757.223 ; gain = 494.625
---------------------------------------------------------------------------------

Report Check Netlist: 
+------+------------------+-------+---------+-------+------------------+
|      |Item              |Errors |Warnings |Status |Description       |
+------+------------------+-------+---------+-------+------------------+
|1     |multi_driven_nets |      0|        0|Passed |Multi driven nets |
+------+------------------+-------+---------+-------+------------------+
---------------------------------------------------------------------------------
Start Renaming Generated Instances
---------------------------------------------------------------------------------
---------------------------------------------------------------------------------
Finished Renaming Generated Instances : Time (s): cpu = 00:00:09 ; elapsed = 00:00:11 . Memory (MB): peak = 757.223 ; gain = 494.625
---------------------------------------------------------------------------------

Report RTL Partitions: 
+-+--------------+------------+----------+
| |RTL Partition |Replication |Instances |
+-+--------------+------------+----------+
+-+--------------+------------+----------+
---------------------------------------------------------------------------------
Start Rebuilding User Hierarchy
---------------------------------------------------------------------------------
---------------------------------------------------------------------------------
Finished Rebuilding User Hierarchy : Time (s): cpu = 00:00:09 ; elapsed = 00:00:11 . Memory (MB): peak = 757.223 ; gain = 494.625
---------------------------------------------------------------------------------
---------------------------------------------------------------------------------
Start Renaming Generated Ports
---------------------------------------------------------------------------------
---------------------------------------------------------------------------------
Finished Renaming Generated Ports : Time (s): cpu = 00:00:09 ; elapsed = 00:00:11 . Memory (MB): peak = 757.223 ; gain = 494.625
---------------------------------------------------------------------------------
---------------------------------------------------------------------------------
Start Handling Custom Attributes
---------------------------------------------------------------------------------
---------------------------------------------------------------------------------
Finished Handling Custom Attributes : Time (s): cpu = 00:00:09 ; elapsed = 00:00:11 . Memory (MB): peak = 757.223 ; gain = 494.625
---------------------------------------------------------------------------------
---------------------------------------------------------------------------------
Start Renaming Generated Nets
---------------------------------------------------------------------------------
---------------------------------------------------------------------------------
Finished Renaming Generated Nets : Time (s): cpu = 00:00:09 ; elapsed = 00:00:11 . Memory (MB): peak = 757.223 ; gain = 494.625
---------------------------------------------------------------------------------
---------------------------------------------------------------------------------
Start Writing Synthesis Report
---------------------------------------------------------------------------------

Report BlackBoxes: 
+-+--------------+----------+
| |BlackBox name |Instances |
+-+--------------+----------+
+-+--------------+----------+

Report Cell Usage: 
+------+---------+------+
|      |Cell     |Count |
+------+---------+------+
|1     |BSCANE2  |     1|
|2     |BUFG     |     2|
|3     |CARRY4   |     6|
|4     |LUT1     |     1|
|5     |LUT2     |    10|
|6     |LUT3     |     9|
|7     |LUT4     |    15|
|8     |LUT5     |    22|
|9     |LUT6     |    47|
|10    |LUT6_2   |    50|
|11    |MUXCY    |    29|
|12    |RAM32M   |     4|
|13    |RAM64M   |     2|
|14    |RAMB18E1 |     1|
|15    |XORCY    |    27|
|16    |FD       |    45|
|17    |FDR      |    18|
|18    |FDRE     |   139|
|19    |FDSE     |     1|
|20    |IBUF     |     2|
|21    |OBUF     |    18|
+------+---------+------+

Report Instance Areas: 
+------+--------------------------------------------+---------------+------+
|      |Instance                                    |Module         |Cells |
+------+--------------------------------------------+---------------+------+
|1     |top                                         |               |   449|
|2     |  als_reader                                |spi_als_reader |   108|
|3     |  processor                                 |kcpsm6         |   229|
|4     |  program_rom                               |als_rom        |    66|
|5     |    \instantiate_loader.jtag_loader_6_inst  |jtag_loader_6  |    65|
+------+--------------------------------------------+---------------+------+
---------------------------------------------------------------------------------
Finished Writing Synthesis Report : Time (s): cpu = 00:00:09 ; elapsed = 00:00:11 . Memory (MB): peak = 757.223 ; gain = 494.625
---------------------------------------------------------------------------------
Synthesis finished with 0 errors, 0 critical warnings and 6 warnings.
Synthesis Optimization Runtime : Time (s): cpu = 00:00:05 ; elapsed = 00:00:08 . Memory (MB): peak = 757.223 ; gain = 168.551
Synthesis Optimization Complete : Time (s): cpu = 00:00:09 ; elapsed = 00:00:11 . Memory (MB): peak = 757.223 ; gain = 494.625
INFO: [Project 1-571] Translating synthesized netlist
INFO: [Netlist 29-17] Analyzing 182 Unisim elements for replacement
INFO: [Netlist 29-28] Unisim Transformation completed in 0 CPU seconds
INFO: [Project 1-570] Preparing netlist for logic optimization
INFO: [Opt 31-138] Pushed 0 inverter(s) to 0 load pin(s).
Netlist sorting complete. Time (s): cpu = 00:00:00 ; elapsed = 00:00:00 . Memory (MB): peak = 759.809 ; gain = 0.000
INFO: [Project 1-111] Unisim Transformation Summary:
  A total of 129 instances were transformed.
  (MUXCY,XORCY) => CARRY4: 10 instances
  FD => FDRE: 45 instances
  FDR => FDRE: 18 instances
  LUT6_2 => LUT6_2 (LUT5, LUT6): 50 instances
  RAM32M => RAM32M (RAMD32, RAMD32, RAMD32, RAMD32, RAMD32, RAMD32, RAMS32, RAMS32): 4 instances
  RAM64M => RAM64M (RAMD64E, RAMD64E, RAMD64E, RAMD64E): 2 instances

INFO: [Common 17-83] Releasing license: Synthesis
139 Infos, 205 Warnings, 100 Critical Warnings and 0 Errors encountered.
synth_design completed successfully
synth_design: Time (s): cpu = 00:00:11 ; elapsed = 00:00:13 . Memory (MB): peak = 759.809 ; gain = 497.211
Netlist sorting complete. Time (s): cpu = 00:00:00 ; elapsed = 00:00:00 . Memory (MB): peak = 759.809 ; gain = 0.000
WARNING: [Constraints 18-5210] No constraints selected for write.
Resolution: This message can indicate that there are no constraints for the design, or it can indicate that the used_in flags are set such that the constraints are ignored. This later case is used when running synth_design to not write synthesis constraints to the resulting checkpoint. Instead, project constraints are read when the synthesized design is opened.
INFO: [Common 17-1381] The checkpoint 'C:/Users/lebray/Vivado-Workflow-Scripts/HW7/T2/vivado_project/T2.runs/synth_1/als_top.dcp' has been generated.
INFO: [runtcl-4] Executing : report_utilization -file als_top_utilization_synth.rpt -pb als_top_utilization_synth.pb
INFO: [Common 17-206] Exiting Vivado at Mon Mar 30 14:29:46 2026...
[Mon Mar 30 14:29:50 2026] synth_1 finished
wait_on_run: Time (s): cpu = 00:00:00 ; elapsed = 00:00:20 . Memory (MB): peak = 262.492 ; gain = 0.000
# set synth_status [get_property STATUS [get_runs synth_1]]
# if {$synth_status != "synth_design Complete!"} {
#     puts "ERROR: Synthesis failed: $synth_status"
#     exit 1
# }
# reset_run impl_1
# launch_runs impl_1
[Mon Mar 30 14:29:50 2026] Launched impl_1...
Run output will be captured here: C:/Users/lebray/Vivado-Workflow-Scripts/HW7/T2/vivado_project/T2.runs/impl_1/runme.log
# wait_on_run impl_1
[Mon Mar 30 14:29:50 2026] Waiting for impl_1 to finish...

*** Running vivado
    with args -log als_top.vdi -applog -m64 -product Vivado -messageDb vivado.pb -mode batch -source als_top.tcl -notrace


****** Vivado v2018.3 (64-bit)
  **** SW Build 2405991 on Thu Dec  6 23:38:27 MST 2018
  **** IP Build 2404404 on Fri Dec  7 01:43:56 MST 2018
    ** Copyright 1986-2018 Xilinx, Inc. All Rights Reserved.

source als_top.tcl -notrace
Command: link_design -top als_top -part xc7a35tcpg236-1
Design is defaulting to srcset: sources_1
Design is defaulting to constrset: constrs_1
INFO: [Netlist 29-17] Analyzing 73 Unisim elements for replacement
INFO: [Netlist 29-28] Unisim Transformation completed in 0 CPU seconds
INFO: [Project 1-479] Netlist was created with Vivado 2018.3
INFO: [Device 21-403] Loading part xc7a35tcpg236-1
INFO: [Project 1-570] Preparing netlist for logic optimization
Parsing XDC File [C:/Users/lebray/Vivado-Workflow-Scripts/Basys3_Master.xdc]
WARNING: [Vivado 12-584] No ports matched 'sw[0]'. [C:/Users/lebray/Vivado-Workflow-Scripts/Basys3_Master.xdc:12]
CRITICAL WARNING: [Common 17-55] 'set_property' expects at least one object. [C:/Users/lebray/Vivado-Workflow-Scripts/Basys3_Master.xdc:12]
Resolution: If [get_<value>] was used to populate the object, check to make sure this command returns at least one valid object.
WARNING: [Vivado 12-584] No ports matched 'sw[0]'. [C:/Users/lebray/Vivado-Workflow-Scripts/Basys3_Master.xdc:13]
CRITICAL WARNING: [Common 17-55] 'set_property' expects at least one object. [C:/Users/lebray/Vivado-Workflow-Scripts/Basys3_Master.xdc:13]
Resolution: If [get_<value>] was used to populate the object, check to make sure this command returns at least one valid object.
WARNING: [Vivado 12-584] No ports matched 'sw[1]'. [C:/Users/lebray/Vivado-Workflow-Scripts/Basys3_Master.xdc:14]
CRITICAL WARNING: [Common 17-55] 'set_property' expects at least one object. [C:/Users/lebray/Vivado-Workflow-Scripts/Basys3_Master.xdc:14]
Resolution: If [get_<value>] was used to populate the object, check to make sure this command returns at least one valid object.
WARNING: [Vivado 12-584] No ports matched 'sw[1]'. [C:/Users/lebray/Vivado-Workflow-Scripts/Basys3_Master.xdc:15]
CRITICAL WARNING: [Common 17-55] 'set_property' expects at least one object. [C:/Users/lebray/Vivado-Workflow-Scripts/Basys3_Master.xdc:15]
Resolution: If [get_<value>] was used to populate the object, check to make sure this command returns at least one valid object.
WARNING: [Vivado 12-584] No ports matched 'sw[2]'. [C:/Users/lebray/Vivado-Workflow-Scripts/Basys3_Master.xdc:16]
CRITICAL WARNING: [Common 17-55] 'set_property' expects at least one object. [C:/Users/lebray/Vivado-Workflow-Scripts/Basys3_Master.xdc:16]
Resolution: If [get_<value>] was used to populate the object, check to make sure this command returns at least one valid object.
WARNING: [Vivado 12-584] No ports matched 'sw[2]'. [C:/Users/lebray/Vivado-Workflow-Scripts/Basys3_Master.xdc:17]
CRITICAL WARNING: [Common 17-55] 'set_property' expects at least one object. [C:/Users/lebray/Vivado-Workflow-Scripts/Basys3_Master.xdc:17]
Resolution: If [get_<value>] was used to populate the object, check to make sure this command returns at least one valid object.
WARNING: [Vivado 12-584] No ports matched 'sw[3]'. [C:/Users/lebray/Vivado-Workflow-Scripts/Basys3_Master.xdc:18]
CRITICAL WARNING: [Common 17-55] 'set_property' expects at least one object. [C:/Users/lebray/Vivado-Workflow-Scripts/Basys3_Master.xdc:18]
Resolution: If [get_<value>] was used to populate the object, check to make sure this command returns at least one valid object.
WARNING: [Vivado 12-584] No ports matched 'sw[3]'. [C:/Users/lebray/Vivado-Workflow-Scripts/Basys3_Master.xdc:19]
CRITICAL WARNING: [Common 17-55] 'set_property' expects at least one object. [C:/Users/lebray/Vivado-Workflow-Scripts/Basys3_Master.xdc:19]
Resolution: If [get_<value>] was used to populate the object, check to make sure this command returns at least one valid object.
WARNING: [Vivado 12-584] No ports matched 'sw[4]'. [C:/Users/lebray/Vivado-Workflow-Scripts/Basys3_Master.xdc:20]
CRITICAL WARNING: [Common 17-55] 'set_property' expects at least one object. [C:/Users/lebray/Vivado-Workflow-Scripts/Basys3_Master.xdc:20]
Resolution: If [get_<value>] was used to populate the object, check to make sure this command returns at least one valid object.
WARNING: [Vivado 12-584] No ports matched 'sw[4]'. [C:/Users/lebray/Vivado-Workflow-Scripts/Basys3_Master.xdc:21]
CRITICAL WARNING: [Common 17-55] 'set_property' expects at least one object. [C:/Users/lebray/Vivado-Workflow-Scripts/Basys3_Master.xdc:21]
Resolution: If [get_<value>] was used to populate the object, check to make sure this command returns at least one valid object.
WARNING: [Vivado 12-584] No ports matched 'sw[5]'. [C:/Users/lebray/Vivado-Workflow-Scripts/Basys3_Master.xdc:22]
CRITICAL WARNING: [Common 17-55] 'set_property' expects at least one object. [C:/Users/lebray/Vivado-Workflow-Scripts/Basys3_Master.xdc:22]
Resolution: If [get_<value>] was used to populate the object, check to make sure this command returns at least one valid object.
WARNING: [Vivado 12-584] No ports matched 'sw[5]'. [C:/Users/lebray/Vivado-Workflow-Scripts/Basys3_Master.xdc:23]
CRITICAL WARNING: [Common 17-55] 'set_property' expects at least one object. [C:/Users/lebray/Vivado-Workflow-Scripts/Basys3_Master.xdc:23]
Resolution: If [get_<value>] was used to populate the object, check to make sure this command returns at least one valid object.
WARNING: [Vivado 12-584] No ports matched 'sw[6]'. [C:/Users/lebray/Vivado-Workflow-Scripts/Basys3_Master.xdc:24]
CRITICAL WARNING: [Common 17-55] 'set_property' expects at least one object. [C:/Users/lebray/Vivado-Workflow-Scripts/Basys3_Master.xdc:24]
Resolution: If [get_<value>] was used to populate the object, check to make sure this command returns at least one valid object.
WARNING: [Vivado 12-584] No ports matched 'sw[6]'. [C:/Users/lebray/Vivado-Workflow-Scripts/Basys3_Master.xdc:25]
CRITICAL WARNING: [Common 17-55] 'set_property' expects at least one object. [C:/Users/lebray/Vivado-Workflow-Scripts/Basys3_Master.xdc:25]
Resolution: If [get_<value>] was used to populate the object, check to make sure this command returns at least one valid object.
WARNING: [Vivado 12-584] No ports matched 'sw[7]'. [C:/Users/lebray/Vivado-Workflow-Scripts/Basys3_Master.xdc:26]
CRITICAL WARNING: [Common 17-55] 'set_property' expects at least one object. [C:/Users/lebray/Vivado-Workflow-Scripts/Basys3_Master.xdc:26]
Resolution: If [get_<value>] was used to populate the object, check to make sure this command returns at least one valid object.
WARNING: [Vivado 12-584] No ports matched 'sw[7]'. [C:/Users/lebray/Vivado-Workflow-Scripts/Basys3_Master.xdc:27]
CRITICAL WARNING: [Common 17-55] 'set_property' expects at least one object. [C:/Users/lebray/Vivado-Workflow-Scripts/Basys3_Master.xdc:27]
Resolution: If [get_<value>] was used to populate the object, check to make sure this command returns at least one valid object.
WARNING: [Vivado 12-584] No ports matched 'sw[8]'. [C:/Users/lebray/Vivado-Workflow-Scripts/Basys3_Master.xdc:28]
CRITICAL WARNING: [Common 17-55] 'set_property' expects at least one object. [C:/Users/lebray/Vivado-Workflow-Scripts/Basys3_Master.xdc:28]
Resolution: If [get_<value>] was used to populate the object, check to make sure this command returns at least one valid object.
WARNING: [Vivado 12-584] No ports matched 'sw[8]'. [C:/Users/lebray/Vivado-Workflow-Scripts/Basys3_Master.xdc:29]
CRITICAL WARNING: [Common 17-55] 'set_property' expects at least one object. [C:/Users/lebray/Vivado-Workflow-Scripts/Basys3_Master.xdc:29]
Resolution: If [get_<value>] was used to populate the object, check to make sure this command returns at least one valid object.
WARNING: [Vivado 12-584] No ports matched 'sw[9]'. [C:/Users/lebray/Vivado-Workflow-Scripts/Basys3_Master.xdc:30]
CRITICAL WARNING: [Common 17-55] 'set_property' expects at least one object. [C:/Users/lebray/Vivado-Workflow-Scripts/Basys3_Master.xdc:30]
Resolution: If [get_<value>] was used to populate the object, check to make sure this command returns at least one valid object.
WARNING: [Vivado 12-584] No ports matched 'sw[9]'. [C:/Users/lebray/Vivado-Workflow-Scripts/Basys3_Master.xdc:31]
CRITICAL WARNING: [Common 17-55] 'set_property' expects at least one object. [C:/Users/lebray/Vivado-Workflow-Scripts/Basys3_Master.xdc:31]
Resolution: If [get_<value>] was used to populate the object, check to make sure this command returns at least one valid object.
WARNING: [Vivado 12-584] No ports matched 'sw[10]'. [C:/Users/lebray/Vivado-Workflow-Scripts/Basys3_Master.xdc:32]
CRITICAL WARNING: [Common 17-55] 'set_property' expects at least one object. [C:/Users/lebray/Vivado-Workflow-Scripts/Basys3_Master.xdc:32]
Resolution: If [get_<value>] was used to populate the object, check to make sure this command returns at least one valid object.
WARNING: [Vivado 12-584] No ports matched 'sw[10]'. [C:/Users/lebray/Vivado-Workflow-Scripts/Basys3_Master.xdc:33]
CRITICAL WARNING: [Common 17-55] 'set_property' expects at least one object. [C:/Users/lebray/Vivado-Workflow-Scripts/Basys3_Master.xdc:33]
Resolution: If [get_<value>] was used to populate the object, check to make sure this command returns at least one valid object.
WARNING: [Vivado 12-584] No ports matched 'sw[11]'. [C:/Users/lebray/Vivado-Workflow-Scripts/Basys3_Master.xdc:34]
CRITICAL WARNING: [Common 17-55] 'set_property' expects at least one object. [C:/Users/lebray/Vivado-Workflow-Scripts/Basys3_Master.xdc:34]
Resolution: If [get_<value>] was used to populate the object, check to make sure this command returns at least one valid object.
WARNING: [Vivado 12-584] No ports matched 'sw[11]'. [C:/Users/lebray/Vivado-Workflow-Scripts/Basys3_Master.xdc:35]
CRITICAL WARNING: [Common 17-55] 'set_property' expects at least one object. [C:/Users/lebray/Vivado-Workflow-Scripts/Basys3_Master.xdc:35]
Resolution: If [get_<value>] was used to populate the object, check to make sure this command returns at least one valid object.
WARNING: [Vivado 12-584] No ports matched 'sw[12]'. [C:/Users/lebray/Vivado-Workflow-Scripts/Basys3_Master.xdc:36]
CRITICAL WARNING: [Common 17-55] 'set_property' expects at least one object. [C:/Users/lebray/Vivado-Workflow-Scripts/Basys3_Master.xdc:36]
Resolution: If [get_<value>] was used to populate the object, check to make sure this command returns at least one valid object.
WARNING: [Vivado 12-584] No ports matched 'sw[12]'. [C:/Users/lebray/Vivado-Workflow-Scripts/Basys3_Master.xdc:37]
CRITICAL WARNING: [Common 17-55] 'set_property' expects at least one object. [C:/Users/lebray/Vivado-Workflow-Scripts/Basys3_Master.xdc:37]
Resolution: If [get_<value>] was used to populate the object, check to make sure this command returns at least one valid object.
WARNING: [Vivado 12-584] No ports matched 'sw[13]'. [C:/Users/lebray/Vivado-Workflow-Scripts/Basys3_Master.xdc:38]
CRITICAL WARNING: [Common 17-55] 'set_property' expects at least one object. [C:/Users/lebray/Vivado-Workflow-Scripts/Basys3_Master.xdc:38]
Resolution: If [get_<value>] was used to populate the object, check to make sure this command returns at least one valid object.
WARNING: [Vivado 12-584] No ports matched 'sw[13]'. [C:/Users/lebray/Vivado-Workflow-Scripts/Basys3_Master.xdc:39]
CRITICAL WARNING: [Common 17-55] 'set_property' expects at least one object. [C:/Users/lebray/Vivado-Workflow-Scripts/Basys3_Master.xdc:39]
Resolution: If [get_<value>] was used to populate the object, check to make sure this command returns at least one valid object.
WARNING: [Vivado 12-584] No ports matched 'sw[14]'. [C:/Users/lebray/Vivado-Workflow-Scripts/Basys3_Master.xdc:40]
CRITICAL WARNING: [Common 17-55] 'set_property' expects at least one object. [C:/Users/lebray/Vivado-Workflow-Scripts/Basys3_Master.xdc:40]
Resolution: If [get_<value>] was used to populate the object, check to make sure this command returns at least one valid object.
WARNING: [Vivado 12-584] No ports matched 'sw[14]'. [C:/Users/lebray/Vivado-Workflow-Scripts/Basys3_Master.xdc:41]
CRITICAL WARNING: [Common 17-55] 'set_property' expects at least one object. [C:/Users/lebray/Vivado-Workflow-Scripts/Basys3_Master.xdc:41]
Resolution: If [get_<value>] was used to populate the object, check to make sure this command returns at least one valid object.
WARNING: [Vivado 12-584] No ports matched 'sw[15]'. [C:/Users/lebray/Vivado-Workflow-Scripts/Basys3_Master.xdc:42]
CRITICAL WARNING: [Common 17-55] 'set_property' expects at least one object. [C:/Users/lebray/Vivado-Workflow-Scripts/Basys3_Master.xdc:42]
Resolution: If [get_<value>] was used to populate the object, check to make sure this command returns at least one valid object.
WARNING: [Vivado 12-584] No ports matched 'sw[15]'. [C:/Users/lebray/Vivado-Workflow-Scripts/Basys3_Master.xdc:43]
CRITICAL WARNING: [Common 17-55] 'set_property' expects at least one object. [C:/Users/lebray/Vivado-Workflow-Scripts/Basys3_Master.xdc:43]
Resolution: If [get_<value>] was used to populate the object, check to make sure this command returns at least one valid object.
WARNING: [Vivado 12-584] No ports matched 'seg[0]'. [C:/Users/lebray/Vivado-Workflow-Scripts/Basys3_Master.xdc:82]
CRITICAL WARNING: [Common 17-55] 'set_property' expects at least one object. [C:/Users/lebray/Vivado-Workflow-Scripts/Basys3_Master.xdc:82]
Resolution: If [get_<value>] was used to populate the object, check to make sure this command returns at least one valid object.
WARNING: [Vivado 12-584] No ports matched 'seg[0]'. [C:/Users/lebray/Vivado-Workflow-Scripts/Basys3_Master.xdc:83]
CRITICAL WARNING: [Common 17-55] 'set_property' expects at least one object. [C:/Users/lebray/Vivado-Workflow-Scripts/Basys3_Master.xdc:83]
Resolution: If [get_<value>] was used to populate the object, check to make sure this command returns at least one valid object.
WARNING: [Vivado 12-584] No ports matched 'seg[1]'. [C:/Users/lebray/Vivado-Workflow-Scripts/Basys3_Master.xdc:84]
CRITICAL WARNING: [Common 17-55] 'set_property' expects at least one object. [C:/Users/lebray/Vivado-Workflow-Scripts/Basys3_Master.xdc:84]
Resolution: If [get_<value>] was used to populate the object, check to make sure this command returns at least one valid object.
WARNING: [Vivado 12-584] No ports matched 'seg[1]'. [C:/Users/lebray/Vivado-Workflow-Scripts/Basys3_Master.xdc:85]
CRITICAL WARNING: [Common 17-55] 'set_property' expects at least one object. [C:/Users/lebray/Vivado-Workflow-Scripts/Basys3_Master.xdc:85]
Resolution: If [get_<value>] was used to populate the object, check to make sure this command returns at least one valid object.
WARNING: [Vivado 12-584] No ports matched 'seg[2]'. [C:/Users/lebray/Vivado-Workflow-Scripts/Basys3_Master.xdc:86]
CRITICAL WARNING: [Common 17-55] 'set_property' expects at least one object. [C:/Users/lebray/Vivado-Workflow-Scripts/Basys3_Master.xdc:86]
Resolution: If [get_<value>] was used to populate the object, check to make sure this command returns at least one valid object.
WARNING: [Vivado 12-584] No ports matched 'seg[2]'. [C:/Users/lebray/Vivado-Workflow-Scripts/Basys3_Master.xdc:87]
CRITICAL WARNING: [Common 17-55] 'set_property' expects at least one object. [C:/Users/lebray/Vivado-Workflow-Scripts/Basys3_Master.xdc:87]
Resolution: If [get_<value>] was used to populate the object, check to make sure this command returns at least one valid object.
WARNING: [Vivado 12-584] No ports matched 'seg[3]'. [C:/Users/lebray/Vivado-Workflow-Scripts/Basys3_Master.xdc:88]
CRITICAL WARNING: [Common 17-55] 'set_property' expects at least one object. [C:/Users/lebray/Vivado-Workflow-Scripts/Basys3_Master.xdc:88]
Resolution: If [get_<value>] was used to populate the object, check to make sure this command returns at least one valid object.
WARNING: [Vivado 12-584] No ports matched 'seg[3]'. [C:/Users/lebray/Vivado-Workflow-Scripts/Basys3_Master.xdc:89]
CRITICAL WARNING: [Common 17-55] 'set_property' expects at least one object. [C:/Users/lebray/Vivado-Workflow-Scripts/Basys3_Master.xdc:89]
Resolution: If [get_<value>] was used to populate the object, check to make sure this command returns at least one valid object.
WARNING: [Vivado 12-584] No ports matched 'seg[4]'. [C:/Users/lebray/Vivado-Workflow-Scripts/Basys3_Master.xdc:90]
CRITICAL WARNING: [Common 17-55] 'set_property' expects at least one object. [C:/Users/lebray/Vivado-Workflow-Scripts/Basys3_Master.xdc:90]
Resolution: If [get_<value>] was used to populate the object, check to make sure this command returns at least one valid object.
WARNING: [Vivado 12-584] No ports matched 'seg[4]'. [C:/Users/lebray/Vivado-Workflow-Scripts/Basys3_Master.xdc:91]
CRITICAL WARNING: [Common 17-55] 'set_property' expects at least one object. [C:/Users/lebray/Vivado-Workflow-Scripts/Basys3_Master.xdc:91]
Resolution: If [get_<value>] was used to populate the object, check to make sure this command returns at least one valid object.
WARNING: [Vivado 12-584] No ports matched 'seg[5]'. [C:/Users/lebray/Vivado-Workflow-Scripts/Basys3_Master.xdc:92]
CRITICAL WARNING: [Common 17-55] 'set_property' expects at least one object. [C:/Users/lebray/Vivado-Workflow-Scripts/Basys3_Master.xdc:92]
Resolution: If [get_<value>] was used to populate the object, check to make sure this command returns at least one valid object.
WARNING: [Vivado 12-584] No ports matched 'seg[5]'. [C:/Users/lebray/Vivado-Workflow-Scripts/Basys3_Master.xdc:93]
CRITICAL WARNING: [Common 17-55] 'set_property' expects at least one object. [C:/Users/lebray/Vivado-Workflow-Scripts/Basys3_Master.xdc:93]
Resolution: If [get_<value>] was used to populate the object, check to make sure this command returns at least one valid object.
WARNING: [Vivado 12-584] No ports matched 'seg[6]'. [C:/Users/lebray/Vivado-Workflow-Scripts/Basys3_Master.xdc:94]
CRITICAL WARNING: [Common 17-55] 'set_property' expects at least one object. [C:/Users/lebray/Vivado-Workflow-Scripts/Basys3_Master.xdc:94]
Resolution: If [get_<value>] was used to populate the object, check to make sure this command returns at least one valid object.
WARNING: [Vivado 12-584] No ports matched 'seg[6]'. [C:/Users/lebray/Vivado-Workflow-Scripts/Basys3_Master.xdc:95]
CRITICAL WARNING: [Common 17-55] 'set_property' expects at least one object. [C:/Users/lebray/Vivado-Workflow-Scripts/Basys3_Master.xdc:95]
Resolution: If [get_<value>] was used to populate the object, check to make sure this command returns at least one valid object.
WARNING: [Vivado 12-584] No ports matched 'dp'. [C:/Users/lebray/Vivado-Workflow-Scripts/Basys3_Master.xdc:97]
CRITICAL WARNING: [Common 17-55] 'set_property' expects at least one object. [C:/Users/lebray/Vivado-Workflow-Scripts/Basys3_Master.xdc:97]
Resolution: If [get_<value>] was used to populate the object, check to make sure this command returns at least one valid object.
WARNING: [Vivado 12-584] No ports matched 'dp'. [C:/Users/lebray/Vivado-Workflow-Scripts/Basys3_Master.xdc:98]
CRITICAL WARNING: [Common 17-55] 'set_property' expects at least one object. [C:/Users/lebray/Vivado-Workflow-Scripts/Basys3_Master.xdc:98]
Resolution: If [get_<value>] was used to populate the object, check to make sure this command returns at least one valid object.
WARNING: [Vivado 12-584] No ports matched 'an[0]'. [C:/Users/lebray/Vivado-Workflow-Scripts/Basys3_Master.xdc:100]
CRITICAL WARNING: [Common 17-55] 'set_property' expects at least one object. [C:/Users/lebray/Vivado-Workflow-Scripts/Basys3_Master.xdc:100]
Resolution: If [get_<value>] was used to populate the object, check to make sure this command returns at least one valid object.
WARNING: [Vivado 12-584] No ports matched 'an[0]'. [C:/Users/lebray/Vivado-Workflow-Scripts/Basys3_Master.xdc:101]
CRITICAL WARNING: [Common 17-55] 'set_property' expects at least one object. [C:/Users/lebray/Vivado-Workflow-Scripts/Basys3_Master.xdc:101]
Resolution: If [get_<value>] was used to populate the object, check to make sure this command returns at least one valid object.
WARNING: [Vivado 12-584] No ports matched 'an[1]'. [C:/Users/lebray/Vivado-Workflow-Scripts/Basys3_Master.xdc:102]
CRITICAL WARNING: [Common 17-55] 'set_property' expects at least one object. [C:/Users/lebray/Vivado-Workflow-Scripts/Basys3_Master.xdc:102]
Resolution: If [get_<value>] was used to populate the object, check to make sure this command returns at least one valid object.
WARNING: [Vivado 12-584] No ports matched 'an[1]'. [C:/Users/lebray/Vivado-Workflow-Scripts/Basys3_Master.xdc:103]
CRITICAL WARNING: [Common 17-55] 'set_property' expects at least one object. [C:/Users/lebray/Vivado-Workflow-Scripts/Basys3_Master.xdc:103]
Resolution: If [get_<value>] was used to populate the object, check to make sure this command returns at least one valid object.
WARNING: [Vivado 12-584] No ports matched 'an[2]'. [C:/Users/lebray/Vivado-Workflow-Scripts/Basys3_Master.xdc:104]
CRITICAL WARNING: [Common 17-55] 'set_property' expects at least one object. [C:/Users/lebray/Vivado-Workflow-Scripts/Basys3_Master.xdc:104]
Resolution: If [get_<value>] was used to populate the object, check to make sure this command returns at least one valid object.
WARNING: [Vivado 12-584] No ports matched 'an[2]'. [C:/Users/lebray/Vivado-Workflow-Scripts/Basys3_Master.xdc:105]
CRITICAL WARNING: [Common 17-55] 'set_property' expects at least one object. [C:/Users/lebray/Vivado-Workflow-Scripts/Basys3_Master.xdc:105]
Resolution: If [get_<value>] was used to populate the object, check to make sure this command returns at least one valid object.
WARNING: [Vivado 12-584] No ports matched 'an[3]'. [C:/Users/lebray/Vivado-Workflow-Scripts/Basys3_Master.xdc:106]
CRITICAL WARNING: [Common 17-55] 'set_property' expects at least one object. [C:/Users/lebray/Vivado-Workflow-Scripts/Basys3_Master.xdc:106]
Resolution: If [get_<value>] was used to populate the object, check to make sure this command returns at least one valid object.
WARNING: [Vivado 12-584] No ports matched 'an[3]'. [C:/Users/lebray/Vivado-Workflow-Scripts/Basys3_Master.xdc:107]
CRITICAL WARNING: [Common 17-55] 'set_property' expects at least one object. [C:/Users/lebray/Vivado-Workflow-Scripts/Basys3_Master.xdc:107]
Resolution: If [get_<value>] was used to populate the object, check to make sure this command returns at least one valid object.
WARNING: [Vivado 12-584] No ports matched 'btnU'. [C:/Users/lebray/Vivado-Workflow-Scripts/Basys3_Master.xdc:113]
CRITICAL WARNING: [Common 17-55] 'set_property' expects at least one object. [C:/Users/lebray/Vivado-Workflow-Scripts/Basys3_Master.xdc:113]
Resolution: If [get_<value>] was used to populate the object, check to make sure this command returns at least one valid object.
WARNING: [Vivado 12-584] No ports matched 'btnU'. [C:/Users/lebray/Vivado-Workflow-Scripts/Basys3_Master.xdc:114]
CRITICAL WARNING: [Common 17-55] 'set_property' expects at least one object. [C:/Users/lebray/Vivado-Workflow-Scripts/Basys3_Master.xdc:114]
Resolution: If [get_<value>] was used to populate the object, check to make sure this command returns at least one valid object.
WARNING: [Vivado 12-584] No ports matched 'btnL'. [C:/Users/lebray/Vivado-Workflow-Scripts/Basys3_Master.xdc:115]
CRITICAL WARNING: [Common 17-55] 'set_property' expects at least one object. [C:/Users/lebray/Vivado-Workflow-Scripts/Basys3_Master.xdc:115]
Resolution: If [get_<value>] was used to populate the object, check to make sure this command returns at least one valid object.
WARNING: [Vivado 12-584] No ports matched 'btnL'. [C:/Users/lebray/Vivado-Workflow-Scripts/Basys3_Master.xdc:116]
CRITICAL WARNING: [Common 17-55] 'set_property' expects at least one object. [C:/Users/lebray/Vivado-Workflow-Scripts/Basys3_Master.xdc:116]
Resolution: If [get_<value>] was used to populate the object, check to make sure this command returns at least one valid object.
WARNING: [Vivado 12-584] No ports matched 'btnR'. [C:/Users/lebray/Vivado-Workflow-Scripts/Basys3_Master.xdc:117]
CRITICAL WARNING: [Common 17-55] 'set_property' expects at least one object. [C:/Users/lebray/Vivado-Workflow-Scripts/Basys3_Master.xdc:117]
Resolution: If [get_<value>] was used to populate the object, check to make sure this command returns at least one valid object.
WARNING: [Vivado 12-584] No ports matched 'btnR'. [C:/Users/lebray/Vivado-Workflow-Scripts/Basys3_Master.xdc:118]
CRITICAL WARNING: [Common 17-55] 'set_property' expects at least one object. [C:/Users/lebray/Vivado-Workflow-Scripts/Basys3_Master.xdc:118]
Resolution: If [get_<value>] was used to populate the object, check to make sure this command returns at least one valid object.
WARNING: [Vivado 12-584] No ports matched 'btnD'. [C:/Users/lebray/Vivado-Workflow-Scripts/Basys3_Master.xdc:119]
CRITICAL WARNING: [Common 17-55] 'set_property' expects at least one object. [C:/Users/lebray/Vivado-Workflow-Scripts/Basys3_Master.xdc:119]
Resolution: If [get_<value>] was used to populate the object, check to make sure this command returns at least one valid object.
WARNING: [Vivado 12-584] No ports matched 'btnD'. [C:/Users/lebray/Vivado-Workflow-Scripts/Basys3_Master.xdc:120]
CRITICAL WARNING: [Common 17-55] 'set_property' expects at least one object. [C:/Users/lebray/Vivado-Workflow-Scripts/Basys3_Master.xdc:120]
Resolution: If [get_<value>] was used to populate the object, check to make sure this command returns at least one valid object.
WARNING: [Vivado 12-584] No ports matched 'JA[0]'. [C:/Users/lebray/Vivado-Workflow-Scripts/Basys3_Master.xdc:126]
CRITICAL WARNING: [Common 17-55] 'set_property' expects at least one object. [C:/Users/lebray/Vivado-Workflow-Scripts/Basys3_Master.xdc:126]
Resolution: If [get_<value>] was used to populate the object, check to make sure this command returns at least one valid object.
WARNING: [Vivado 12-584] No ports matched 'JA[0]'. [C:/Users/lebray/Vivado-Workflow-Scripts/Basys3_Master.xdc:127]
CRITICAL WARNING: [Common 17-55] 'set_property' expects at least one object. [C:/Users/lebray/Vivado-Workflow-Scripts/Basys3_Master.xdc:127]
Resolution: If [get_<value>] was used to populate the object, check to make sure this command returns at least one valid object.
WARNING: [Vivado 12-584] No ports matched 'JA[1]'. [C:/Users/lebray/Vivado-Workflow-Scripts/Basys3_Master.xdc:129]
CRITICAL WARNING: [Common 17-55] 'set_property' expects at least one object. [C:/Users/lebray/Vivado-Workflow-Scripts/Basys3_Master.xdc:129]
Resolution: If [get_<value>] was used to populate the object, check to make sure this command returns at least one valid object.
WARNING: [Vivado 12-584] No ports matched 'JA[1]'. [C:/Users/lebray/Vivado-Workflow-Scripts/Basys3_Master.xdc:130]
CRITICAL WARNING: [Common 17-55] 'set_property' expects at least one object. [C:/Users/lebray/Vivado-Workflow-Scripts/Basys3_Master.xdc:130]
Resolution: If [get_<value>] was used to populate the object, check to make sure this command returns at least one valid object.
WARNING: [Vivado 12-584] No ports matched 'JA[2]'. [C:/Users/lebray/Vivado-Workflow-Scripts/Basys3_Master.xdc:132]
CRITICAL WARNING: [Common 17-55] 'set_property' expects at least one object. [C:/Users/lebray/Vivado-Workflow-Scripts/Basys3_Master.xdc:132]
Resolution: If [get_<value>] was used to populate the object, check to make sure this command returns at least one valid object.
WARNING: [Vivado 12-584] No ports matched 'JA[2]'. [C:/Users/lebray/Vivado-Workflow-Scripts/Basys3_Master.xdc:133]
CRITICAL WARNING: [Common 17-55] 'set_property' expects at least one object. [C:/Users/lebray/Vivado-Workflow-Scripts/Basys3_Master.xdc:133]
Resolution: If [get_<value>] was used to populate the object, check to make sure this command returns at least one valid object.
WARNING: [Vivado 12-584] No ports matched 'JA[3]'. [C:/Users/lebray/Vivado-Workflow-Scripts/Basys3_Master.xdc:135]
CRITICAL WARNING: [Common 17-55] 'set_property' expects at least one object. [C:/Users/lebray/Vivado-Workflow-Scripts/Basys3_Master.xdc:135]
Resolution: If [get_<value>] was used to populate the object, check to make sure this command returns at least one valid object.
WARNING: [Vivado 12-584] No ports matched 'JA[3]'. [C:/Users/lebray/Vivado-Workflow-Scripts/Basys3_Master.xdc:136]
CRITICAL WARNING: [Common 17-55] 'set_property' expects at least one object. [C:/Users/lebray/Vivado-Workflow-Scripts/Basys3_Master.xdc:136]
Resolution: If [get_<value>] was used to populate the object, check to make sure this command returns at least one valid object.
WARNING: [Vivado 12-584] No ports matched 'JA[4]'. [C:/Users/lebray/Vivado-Workflow-Scripts/Basys3_Master.xdc:138]
CRITICAL WARNING: [Common 17-55] 'set_property' expects at least one object. [C:/Users/lebray/Vivado-Workflow-Scripts/Basys3_Master.xdc:138]
Resolution: If [get_<value>] was used to populate the object, check to make sure this command returns at least one valid object.
WARNING: [Vivado 12-584] No ports matched 'JA[4]'. [C:/Users/lebray/Vivado-Workflow-Scripts/Basys3_Master.xdc:139]
CRITICAL WARNING: [Common 17-55] 'set_property' expects at least one object. [C:/Users/lebray/Vivado-Workflow-Scripts/Basys3_Master.xdc:139]
Resolution: If [get_<value>] was used to populate the object, check to make sure this command returns at least one valid object.
WARNING: [Vivado 12-584] No ports matched 'JA[5]'. [C:/Users/lebray/Vivado-Workflow-Scripts/Basys3_Master.xdc:141]
CRITICAL WARNING: [Common 17-55] 'set_property' expects at least one object. [C:/Users/lebray/Vivado-Workflow-Scripts/Basys3_Master.xdc:141]
Resolution: If [get_<value>] was used to populate the object, check to make sure this command returns at least one valid object.
WARNING: [Vivado 12-584] No ports matched 'JA[5]'. [C:/Users/lebray/Vivado-Workflow-Scripts/Basys3_Master.xdc:142]
CRITICAL WARNING: [Common 17-55] 'set_property' expects at least one object. [C:/Users/lebray/Vivado-Workflow-Scripts/Basys3_Master.xdc:142]
Resolution: If [get_<value>] was used to populate the object, check to make sure this command returns at least one valid object.
WARNING: [Vivado 12-584] No ports matched 'JA[6]'. [C:/Users/lebray/Vivado-Workflow-Scripts/Basys3_Master.xdc:144]
CRITICAL WARNING: [Common 17-55] 'set_property' expects at least one object. [C:/Users/lebray/Vivado-Workflow-Scripts/Basys3_Master.xdc:144]
Resolution: If [get_<value>] was used to populate the object, check to make sure this command returns at least one valid object.
WARNING: [Vivado 12-584] No ports matched 'JA[6]'. [C:/Users/lebray/Vivado-Workflow-Scripts/Basys3_Master.xdc:145]
CRITICAL WARNING: [Common 17-55] 'set_property' expects at least one object. [C:/Users/lebray/Vivado-Workflow-Scripts/Basys3_Master.xdc:145]
Resolution: If [get_<value>] was used to populate the object, check to make sure this command returns at least one valid object.
WARNING: [Vivado 12-584] No ports matched 'JA[7]'. [C:/Users/lebray/Vivado-Workflow-Scripts/Basys3_Master.xdc:147]
CRITICAL WARNING: [Common 17-55] 'set_property' expects at least one object. [C:/Users/lebray/Vivado-Workflow-Scripts/Basys3_Master.xdc:147]
Resolution: If [get_<value>] was used to populate the object, check to make sure this command returns at least one valid object.
WARNING: [Vivado 12-584] No ports matched 'JA[7]'. [C:/Users/lebray/Vivado-Workflow-Scripts/Basys3_Master.xdc:148]
CRITICAL WARNING: [Common 17-55] 'set_property' expects at least one object. [C:/Users/lebray/Vivado-Workflow-Scripts/Basys3_Master.xdc:148]
Resolution: If [get_<value>] was used to populate the object, check to make sure this command returns at least one valid object.
WARNING: [Vivado 12-584] No ports matched 'JB[0]'. [C:/Users/lebray/Vivado-Workflow-Scripts/Basys3_Master.xdc:154]
CRITICAL WARNING: [Common 17-55] 'set_property' expects at least one object. [C:/Users/lebray/Vivado-Workflow-Scripts/Basys3_Master.xdc:154]
Resolution: If [get_<value>] was used to populate the object, check to make sure this command returns at least one valid object.
WARNING: [Vivado 12-584] No ports matched 'JB[0]'. [C:/Users/lebray/Vivado-Workflow-Scripts/Basys3_Master.xdc:155]
CRITICAL WARNING: [Common 17-55] 'set_property' expects at least one object. [C:/Users/lebray/Vivado-Workflow-Scripts/Basys3_Master.xdc:155]
Resolution: If [get_<value>] was used to populate the object, check to make sure this command returns at least one valid object.
WARNING: [Vivado 12-584] No ports matched 'JB[1]'. [C:/Users/lebray/Vivado-Workflow-Scripts/Basys3_Master.xdc:157]
CRITICAL WARNING: [Common 17-55] 'set_property' expects at least one object. [C:/Users/lebray/Vivado-Workflow-Scripts/Basys3_Master.xdc:157]
Resolution: If [get_<value>] was used to populate the object, check to make sure this command returns at least one valid object.
WARNING: [Vivado 12-584] No ports matched 'JB[1]'. [C:/Users/lebray/Vivado-Workflow-Scripts/Basys3_Master.xdc:158]
CRITICAL WARNING: [Common 17-55] 'set_property' expects at least one object. [C:/Users/lebray/Vivado-Workflow-Scripts/Basys3_Master.xdc:158]
Resolution: If [get_<value>] was used to populate the object, check to make sure this command returns at least one valid object.
WARNING: [Vivado 12-584] No ports matched 'JB[2]'. [C:/Users/lebray/Vivado-Workflow-Scripts/Basys3_Master.xdc:160]
CRITICAL WARNING: [Common 17-55] 'set_property' expects at least one object. [C:/Users/lebray/Vivado-Workflow-Scripts/Basys3_Master.xdc:160]
Resolution: If [get_<value>] was used to populate the object, check to make sure this command returns at least one valid object.
WARNING: [Vivado 12-584] No ports matched 'JB[2]'. [C:/Users/lebray/Vivado-Workflow-Scripts/Basys3_Master.xdc:161]
CRITICAL WARNING: [Common 17-55] 'set_property' expects at least one object. [C:/Users/lebray/Vivado-Workflow-Scripts/Basys3_Master.xdc:161]
Resolution: If [get_<value>] was used to populate the object, check to make sure this command returns at least one valid object.
WARNING: [Vivado 12-584] No ports matched 'JB[3]'. [C:/Users/lebray/Vivado-Workflow-Scripts/Basys3_Master.xdc:163]
CRITICAL WARNING: [Common 17-55] 'set_property' expects at least one object. [C:/Users/lebray/Vivado-Workflow-Scripts/Basys3_Master.xdc:163]
Resolution: If [get_<value>] was used to populate the object, check to make sure this command returns at least one valid object.
WARNING: [Vivado 12-584] No ports matched 'JB[3]'. [C:/Users/lebray/Vivado-Workflow-Scripts/Basys3_Master.xdc:164]
CRITICAL WARNING: [Common 17-55] 'set_property' expects at least one object. [C:/Users/lebray/Vivado-Workflow-Scripts/Basys3_Master.xdc:164]
Resolution: If [get_<value>] was used to populate the object, check to make sure this command returns at least one valid object.
WARNING: [Vivado 12-584] No ports matched 'JB[4]'. [C:/Users/lebray/Vivado-Workflow-Scripts/Basys3_Master.xdc:166]
CRITICAL WARNING: [Common 17-55] 'set_property' expects at least one object. [C:/Users/lebray/Vivado-Workflow-Scripts/Basys3_Master.xdc:166]
Resolution: If [get_<value>] was used to populate the object, check to make sure this command returns at least one valid object.
WARNING: [Vivado 12-584] No ports matched 'JB[4]'. [C:/Users/lebray/Vivado-Workflow-Scripts/Basys3_Master.xdc:167]
CRITICAL WARNING: [Common 17-55] 'set_property' expects at least one object. [C:/Users/lebray/Vivado-Workflow-Scripts/Basys3_Master.xdc:167]
Resolution: If [get_<value>] was used to populate the object, check to make sure this command returns at least one valid object.
WARNING: [Vivado 12-584] No ports matched 'JB[5]'. [C:/Users/lebray/Vivado-Workflow-Scripts/Basys3_Master.xdc:169]
CRITICAL WARNING: [Common 17-55] 'set_property' expects at least one object. [C:/Users/lebray/Vivado-Workflow-Scripts/Basys3_Master.xdc:169]
Resolution: If [get_<value>] was used to populate the object, check to make sure this command returns at least one valid object.
WARNING: [Vivado 12-584] No ports matched 'JB[5]'. [C:/Users/lebray/Vivado-Workflow-Scripts/Basys3_Master.xdc:170]
CRITICAL WARNING: [Common 17-55] 'set_property' expects at least one object. [C:/Users/lebray/Vivado-Workflow-Scripts/Basys3_Master.xdc:170]
Resolution: If [get_<value>] was used to populate the object, check to make sure this command returns at least one valid object.
WARNING: [Vivado 12-584] No ports matched 'JB[6]'. [C:/Users/lebray/Vivado-Workflow-Scripts/Basys3_Master.xdc:172]
CRITICAL WARNING: [Common 17-55] 'set_property' expects at least one object. [C:/Users/lebray/Vivado-Workflow-Scripts/Basys3_Master.xdc:172]
Resolution: If [get_<value>] was used to populate the object, check to make sure this command returns at least one valid object.
WARNING: [Vivado 12-584] No ports matched 'JB[6]'. [C:/Users/lebray/Vivado-Workflow-Scripts/Basys3_Master.xdc:173]
CRITICAL WARNING: [Common 17-55] 'set_property' expects at least one object. [C:/Users/lebray/Vivado-Workflow-Scripts/Basys3_Master.xdc:173]
Resolution: If [get_<value>] was used to populate the object, check to make sure this command returns at least one valid object.
WARNING: [Vivado 12-584] No ports matched 'JB[7]'. [C:/Users/lebray/Vivado-Workflow-Scripts/Basys3_Master.xdc:175]
CRITICAL WARNING: [Common 17-55] 'set_property' expects at least one object. [C:/Users/lebray/Vivado-Workflow-Scripts/Basys3_Master.xdc:175]
Resolution: If [get_<value>] was used to populate the object, check to make sure this command returns at least one valid object.
WARNING: [Vivado 12-584] No ports matched 'JB[7]'. [C:/Users/lebray/Vivado-Workflow-Scripts/Basys3_Master.xdc:176]
CRITICAL WARNING: [Common 17-55] 'set_property' expects at least one object. [C:/Users/lebray/Vivado-Workflow-Scripts/Basys3_Master.xdc:176]
Resolution: If [get_<value>] was used to populate the object, check to make sure this command returns at least one valid object.
WARNING: [Vivado 12-584] No ports matched 'RsRx'. [C:/Users/lebray/Vivado-Workflow-Scripts/Basys3_Master.xdc:267]
CRITICAL WARNING: [Common 17-55] 'set_property' expects at least one object. [C:/Users/lebray/Vivado-Workflow-Scripts/Basys3_Master.xdc:267]
Resolution: If [get_<value>] was used to populate the object, check to make sure this command returns at least one valid object.
WARNING: [Vivado 12-584] No ports matched 'RsRx'. [C:/Users/lebray/Vivado-Workflow-Scripts/Basys3_Master.xdc:268]
CRITICAL WARNING: [Common 17-55] 'set_property' expects at least one object. [C:/Users/lebray/Vivado-Workflow-Scripts/Basys3_Master.xdc:268]
Resolution: If [get_<value>] was used to populate the object, check to make sure this command returns at least one valid object.
WARNING: [Vivado 12-584] No ports matched 'RsTx'. [C:/Users/lebray/Vivado-Workflow-Scripts/Basys3_Master.xdc:269]
CRITICAL WARNING: [Common 17-55] 'set_property' expects at least one object. [C:/Users/lebray/Vivado-Workflow-Scripts/Basys3_Master.xdc:269]
Resolution: If [get_<value>] was used to populate the object, check to make sure this command returns at least one valid object.
WARNING: [Vivado 12-584] No ports matched 'RsTx'. [C:/Users/lebray/Vivado-Workflow-Scripts/Basys3_Master.xdc:270]
INFO: [Common 17-14] Message 'Vivado 12-584' appears 100 times and further instances of the messages will be disabled. Use the Tcl command set_msg_config to change the current settings. [C:/Users/lebray/Vivado-Workflow-Scripts/Basys3_Master.xdc:270]
CRITICAL WARNING: [Common 17-55] 'set_property' expects at least one object. [C:/Users/lebray/Vivado-Workflow-Scripts/Basys3_Master.xdc:270]
Resolution: If [get_<value>] was used to populate the object, check to make sure this command returns at least one valid object.
INFO: [Common 17-14] Message 'Common 17-55' appears 100 times and further instances of the messages will be disabled. Use the Tcl command set_msg_config to change the current settings. [C:/Users/lebray/Vivado-Workflow-Scripts/Basys3_Master.xdc:270]
Finished Parsing XDC File [C:/Users/lebray/Vivado-Workflow-Scripts/Basys3_Master.xdc]
INFO: [Opt 31-138] Pushed 0 inverter(s) to 0 load pin(s).
Netlist sorting complete. Time (s): cpu = 00:00:00 ; elapsed = 00:00:00 . Memory (MB): peak = 566.691 ; gain = 0.000
INFO: [Project 1-111] Unisim Transformation Summary:
  A total of 56 instances were transformed.
  LUT6_2 => LUT6_2 (LUT5, LUT6): 50 instances
  RAM32M => RAM32M (RAMD32, RAMD32, RAMD32, RAMD32, RAMD32, RAMD32, RAMS32, RAMS32): 4 instances
  RAM64M => RAM64M (RAMD64E, RAMD64E, RAMD64E, RAMD64E): 2 instances

9 Infos, 100 Warnings, 100 Critical Warnings and 0 Errors encountered.
link_design completed successfully
Command: opt_design
Attempting to get a license for feature 'Implementation' and/or device 'xc7a35t'
INFO: [Common 17-349] Got license for feature 'Implementation' and/or device 'xc7a35t'
Running DRC as a precondition to command opt_design

Starting DRC Task
INFO: [DRC 23-27] Running DRC with 2 threads
INFO: [Project 1-461] DRC finished with 0 Errors
INFO: [Project 1-462] Please refer to the DRC report (report_drc) for more information.

Time (s): cpu = 00:00:00 ; elapsed = 00:00:00.297 . Memory (MB): peak = 579.227 ; gain = 12.535

Starting Cache Timing Information Task
INFO: [Timing 38-35] Done setting XDC timing constraints.
Ending Cache Timing Information Task | Checksum: 106f0e6a3

Time (s): cpu = 00:00:04 ; elapsed = 00:00:04 . Memory (MB): peak = 1133.098 ; gain = 553.871

Starting Logic Optimization Task

Phase 1 Retarget
INFO: [Opt 31-138] Pushed 0 inverter(s) to 0 load pin(s).
INFO: [Opt 31-49] Retargeted 0 cell(s).
Phase 1 Retarget | Checksum: 1b28d5cff

Time (s): cpu = 00:00:00 ; elapsed = 00:00:00.015 . Memory (MB): peak = 1228.625 ; gain = 0.000
INFO: [Opt 31-389] Phase Retarget created 1 cells and removed 1 cells

Phase 2 Constant propagation
INFO: [Opt 31-138] Pushed 0 inverter(s) to 0 load pin(s).
Phase 2 Constant propagation | Checksum: 1763dbf92

Time (s): cpu = 00:00:00 ; elapsed = 00:00:00.024 . Memory (MB): peak = 1228.625 ; gain = 0.000
INFO: [Opt 31-389] Phase Constant propagation created 11 cells and removed 12 cells

Phase 3 Sweep
Phase 3 Sweep | Checksum: 10d8661a5

Time (s): cpu = 00:00:00 ; elapsed = 00:00:00.029 . Memory (MB): peak = 1228.625 ; gain = 0.000
INFO: [Opt 31-389] Phase Sweep created 3 cells and removed 5 cells

Phase 4 BUFG optimization
Phase 4 BUFG optimization | Checksum: 10d8661a5

Time (s): cpu = 00:00:00 ; elapsed = 00:00:00.036 . Memory (MB): peak = 1228.625 ; gain = 0.000
INFO: [Opt 31-662] Phase BUFG optimization created 0 cells of which 0 are BUFGs and removed 0 cells.

Phase 5 Shift Register Optimization
Phase 5 Shift Register Optimization | Checksum: 1a8b9d463

Time (s): cpu = 00:00:00 ; elapsed = 00:00:00.053 . Memory (MB): peak = 1228.625 ; gain = 0.000
INFO: [Opt 31-389] Phase Shift Register Optimization created 0 cells and removed 0 cells

Phase 6 Post Processing Netlist
Phase 6 Post Processing Netlist | Checksum: 1a8b9d463

Time (s): cpu = 00:00:00 ; elapsed = 00:00:00.055 . Memory (MB): peak = 1228.625 ; gain = 0.000
INFO: [Opt 31-389] Phase Post Processing Netlist created 0 cells and removed 0 cells
Opt_design Change Summary
=========================


-------------------------------------------------------------------------------------------------------------------------
|  Phase                        |  #Cells created  |  #Cells Removed  |  #Constrained objects preventing optimizations  |
-------------------------------------------------------------------------------------------------------------------------
|  Retarget                     |               1  |               1  |                                              0  |
|  Constant propagation         |              11  |              12  |                                              0  |
|  Sweep                        |               3  |               5  |                                              0  |
|  BUFG optimization            |               0  |               0  |                                              0  |
|  Shift Register Optimization  |               0  |               0  |                                              0  |
|  Post Processing Netlist      |               0  |               0  |                                              0  |
-------------------------------------------------------------------------------------------------------------------------



Starting Connectivity Check Task

Time (s): cpu = 00:00:00 ; elapsed = 00:00:00.001 . Memory (MB): peak = 1228.625 ; gain = 0.000
Ending Logic Optimization Task | Checksum: 1a8b9d463

Time (s): cpu = 00:00:00 ; elapsed = 00:00:00.056 . Memory (MB): peak = 1228.625 ; gain = 0.000

Starting Power Optimization Task
INFO: [Pwropt 34-132] Skipping clock gating for clocks with a period < 2.00 ns.
INFO: [Timing 38-35] Done setting XDC timing constraints.
INFO: [Pwropt 34-9] Applying IDT optimizations ...
INFO: [Pwropt 34-10] Applying ODC optimizations ...
INFO: [Physopt 32-619] Estimated Timing Summary | WNS=1.908 | TNS=0.000 |
Running Vector-less Activity Propagation...

Finished Running Vector-less Activity Propagation


Starting PowerOpt Patch Enables Task
INFO: [Pwropt 34-162] WRITE_MODE attribute of 0 BRAM(s) out of a total of 1 has been updated to save power. Run report_power_opt to get a complete listing of the BRAMs updated.
INFO: [Pwropt 34-201] Structural ODC has moved 0 WE to EN ports
Number of BRAM Ports augmented: 0 newly gated: 0 Total Ports: 2
Ending PowerOpt Patch Enables Task | Checksum: 1a8b9d463

Time (s): cpu = 00:00:00 ; elapsed = 00:00:00.008 . Memory (MB): peak = 1387.078 ; gain = 0.000
Ending Power Optimization Task | Checksum: 1a8b9d463

Time (s): cpu = 00:00:00 ; elapsed = 00:00:00.345 . Memory (MB): peak = 1387.078 ; gain = 158.453

Starting Final Cleanup Task
Ending Final Cleanup Task | Checksum: 1a8b9d463

Time (s): cpu = 00:00:00 ; elapsed = 00:00:00 . Memory (MB): peak = 1387.078 ; gain = 0.000

Starting Netlist Obfuscation Task
Netlist sorting complete. Time (s): cpu = 00:00:00 ; elapsed = 00:00:00 . Memory (MB): peak = 1387.078 ; gain = 0.000
Ending Netlist Obfuscation Task | Checksum: 1a8b9d463

Time (s): cpu = 00:00:00 ; elapsed = 00:00:00 . Memory (MB): peak = 1387.078 ; gain = 0.000
INFO: [Common 17-83] Releasing license: Implementation
31 Infos, 100 Warnings, 100 Critical Warnings and 0 Errors encountered.
opt_design completed successfully
opt_design: Time (s): cpu = 00:00:05 ; elapsed = 00:00:06 . Memory (MB): peak = 1387.078 ; gain = 820.387
Netlist sorting complete. Time (s): cpu = 00:00:00 ; elapsed = 00:00:00.001 . Memory (MB): peak = 1387.078 ; gain = 0.000
INFO: [Timing 38-480] Writing timing data to binary archive.
Writing placer database...
Writing XDEF routing.
Writing XDEF routing logical nets.
Writing XDEF routing special nets.
Write XDEF Complete: Time (s): cpu = 00:00:00 ; elapsed = 00:00:00.016 . Memory (MB): peak = 1387.078 ; gain = 0.000
Netlist sorting complete. Time (s): cpu = 00:00:00 ; elapsed = 00:00:00 . Memory (MB): peak = 1387.078 ; gain = 0.000
INFO: [Common 17-1381] The checkpoint 'C:/Users/lebray/Vivado-Workflow-Scripts/HW7/T2/vivado_project/T2.runs/impl_1/als_top_opt.dcp' has been generated.
INFO: [runtcl-4] Executing : report_drc -file als_top_drc_opted.rpt -pb als_top_drc_opted.pb -rpx als_top_drc_opted.rpx
Command: report_drc -file als_top_drc_opted.rpt -pb als_top_drc_opted.pb -rpx als_top_drc_opted.rpx
INFO: [IP_Flow 19-234] Refreshing IP repositories
INFO: [IP_Flow 19-1704] No user IP repositories specified
INFO: [IP_Flow 19-2313] Loaded Vivado IP repository 'C:/Xilinx/Vivado/2018.3/data/ip'.
INFO: [DRC 23-27] Running DRC with 2 threads
INFO: [Coretcl 2-168] The results of DRC are in file C:/Users/lebray/Vivado-Workflow-Scripts/HW7/T2/vivado_project/T2.runs/impl_1/als_top_drc_opted.rpt.
report_drc completed successfully
Command: place_design
Attempting to get a license for feature 'Implementation' and/or device 'xc7a35t'
INFO: [Common 17-349] Got license for feature 'Implementation' and/or device 'xc7a35t'
INFO: [DRC 23-27] Running DRC with 2 threads
INFO: [Vivado_Tcl 4-198] DRC finished with 0 Errors
INFO: [Vivado_Tcl 4-199] Please refer to the DRC report (report_drc) for more information.
Running DRC as a precondition to command place_design
INFO: [DRC 23-27] Running DRC with 2 threads
INFO: [Vivado_Tcl 4-198] DRC finished with 0 Errors
INFO: [Vivado_Tcl 4-199] Please refer to the DRC report (report_drc) for more information.

Starting Placer Task
INFO: [Place 30-611] Multithreading enabled for place_design using a maximum of 2 CPUs

Phase 1 Placer Initialization

Phase 1.1 Placer Initialization Netlist Sorting
Netlist sorting complete. Time (s): cpu = 00:00:00 ; elapsed = 00:00:00 . Memory (MB): peak = 1387.078 ; gain = 0.000
Phase 1.1 Placer Initialization Netlist Sorting | Checksum: 170cb5ee6

Time (s): cpu = 00:00:00 ; elapsed = 00:00:00.012 . Memory (MB): peak = 1387.078 ; gain = 0.000
Netlist sorting complete. Time (s): cpu = 00:00:00 ; elapsed = 00:00:00 . Memory (MB): peak = 1387.078 ; gain = 0.000

Phase 1.2 IO Placement/ Clock Placement/ Build Placer Device
INFO: [Timing 38-35] Done setting XDC timing constraints.
Phase 1.2 IO Placement/ Clock Placement/ Build Placer Device | Checksum: 10267e899

Time (s): cpu = 00:00:00 ; elapsed = 00:00:00.270 . Memory (MB): peak = 1387.078 ; gain = 0.000

Phase 1.3 Build Placer Netlist Model
Phase 1.3 Build Placer Netlist Model | Checksum: 13a58a678

Time (s): cpu = 00:00:00 ; elapsed = 00:00:00.345 . Memory (MB): peak = 1387.078 ; gain = 0.000

Phase 1.4 Constrain Clocks/Macros
Phase 1.4 Constrain Clocks/Macros | Checksum: 13a58a678

Time (s): cpu = 00:00:00 ; elapsed = 00:00:00.346 . Memory (MB): peak = 1387.078 ; gain = 0.000
Phase 1 Placer Initialization | Checksum: 13a58a678

Time (s): cpu = 00:00:00 ; elapsed = 00:00:00.347 . Memory (MB): peak = 1387.078 ; gain = 0.000

Phase 2 Global Placement

Phase 2.1 Floorplanning
Phase 2.1 Floorplanning | Checksum: 164a0b538

Time (s): cpu = 00:00:00 ; elapsed = 00:00:00.373 . Memory (MB): peak = 1387.078 ; gain = 0.000

Phase 2.2 Physical Synthesis In Placer
INFO: [Physopt 32-65] No nets found for high-fanout optimization.
INFO: [Physopt 32-232] Optimized 0 net. Created 0 new instance.
INFO: [Physopt 32-775] End 1 Pass. Optimized 0 net or cell. Created 0 new cell, deleted 0 existing cell and moved 0 existing cell
INFO: [Physopt 32-670] No setup violation found.  DSP Register Optimization was not performed.
INFO: [Physopt 32-670] No setup violation found.  Shift Register Optimization was not performed.
INFO: [Physopt 32-670] No setup violation found.  BRAM Register Optimization was not performed.
INFO: [Physopt 32-949] No candidate nets found for HD net replication
INFO: [Physopt 32-775] End 1 Pass. Optimized 0 net or cell. Created 0 new cell, deleted 0 existing cell and moved 0 existing cell
Netlist sorting complete. Time (s): cpu = 00:00:00 ; elapsed = 00:00:00 . Memory (MB): peak = 1387.078 ; gain = 0.000

Summary of Physical Synthesis Optimizations
============================================


----------------------------------------------------------------------------------------------------------------------------------------
|  Optimization                  |  Added Cells  |  Removed Cells  |  Optimized Cells/Nets  |  Dont Touch  |  Iterations  |  Elapsed   |
----------------------------------------------------------------------------------------------------------------------------------------
|  Very High Fanout              |            0  |              0  |                     0  |           0  |           1  |  00:00:00  |
|  DSP Register                  |            0  |              0  |                     0  |           0  |           0  |  00:00:00  |
|  Shift Register                |            0  |              0  |                     0  |           0  |           0  |  00:00:00  |
|  BRAM Register                 |            0  |              0  |                     0  |           0  |           0  |  00:00:00  |
|  HD Interface Net Replication  |            0  |              0  |                     0  |           0  |           1  |  00:00:00  |
|  Total                         |            0  |              0  |                     0  |           0  |           2  |  00:00:00  |
----------------------------------------------------------------------------------------------------------------------------------------


Phase 2.2 Physical Synthesis In Placer | Checksum: 14d60b8e8

Time (s): cpu = 00:00:01 ; elapsed = 00:00:00.956 . Memory (MB): peak = 1387.078 ; gain = 0.000
Phase 2 Global Placement | Checksum: 1b2738ec1

Time (s): cpu = 00:00:01 ; elapsed = 00:00:00.976 . Memory (MB): peak = 1387.078 ; gain = 0.000

Phase 3 Detail Placement

Phase 3.1 Commit Multi Column Macros
Phase 3.1 Commit Multi Column Macros | Checksum: 1b2738ec1

Time (s): cpu = 00:00:01 ; elapsed = 00:00:00.978 . Memory (MB): peak = 1387.078 ; gain = 0.000

Phase 3.2 Commit Most Macros & LUTRAMs
Phase 3.2 Commit Most Macros & LUTRAMs | Checksum: 17016c5ac

Time (s): cpu = 00:00:01 ; elapsed = 00:00:01 . Memory (MB): peak = 1387.078 ; gain = 0.000

Phase 3.3 Area Swap Optimization
Phase 3.3 Area Swap Optimization | Checksum: 1b122ddb6

Time (s): cpu = 00:00:01 ; elapsed = 00:00:01 . Memory (MB): peak = 1387.078 ; gain = 0.000

Phase 3.4 Pipeline Register Optimization
Phase 3.4 Pipeline Register Optimization | Checksum: 11e8a3516

Time (s): cpu = 00:00:01 ; elapsed = 00:00:01 . Memory (MB): peak = 1387.078 ; gain = 0.000

Phase 3.5 Small Shape Detail Placement
Phase 3.5 Small Shape Detail Placement | Checksum: 158ae964f

Time (s): cpu = 00:00:01 ; elapsed = 00:00:01 . Memory (MB): peak = 1387.078 ; gain = 0.000

Phase 3.6 Re-assign LUT pins
Phase 3.6 Re-assign LUT pins | Checksum: 12fd6e843

Time (s): cpu = 00:00:01 ; elapsed = 00:00:01 . Memory (MB): peak = 1387.078 ; gain = 0.000

Phase 3.7 Pipeline Register Optimization
Phase 3.7 Pipeline Register Optimization | Checksum: 1ddd03257

Time (s): cpu = 00:00:01 ; elapsed = 00:00:01 . Memory (MB): peak = 1387.078 ; gain = 0.000
Phase 3 Detail Placement | Checksum: 1ddd03257

Time (s): cpu = 00:00:01 ; elapsed = 00:00:01 . Memory (MB): peak = 1387.078 ; gain = 0.000

Phase 4 Post Placement Optimization and Clean-Up

Phase 4.1 Post Commit Optimization
INFO: [Timing 38-35] Done setting XDC timing constraints.

Phase 4.1.1 Post Placement Optimization
Post Placement Optimization Initialization | Checksum: 11756727c

Phase 4.1.1.1 BUFG Insertion
INFO: [Place 46-46] BUFG insertion identified 0 candidate nets, 0 success, 0 bufg driver replicated, 0 skipped for placement/routing, 0 skipped for timing, 0 skipped for netlist change reason
Phase 4.1.1.1 BUFG Insertion | Checksum: 11756727c

Time (s): cpu = 00:00:01 ; elapsed = 00:00:01 . Memory (MB): peak = 1387.078 ; gain = 0.000
INFO: [Place 30-746] Post Placement Timing Summary WNS=0.796. For the most accurate timing information please run report_timing.
Phase 4.1.1 Post Placement Optimization | Checksum: 160f8d3ea

Time (s): cpu = 00:00:02 ; elapsed = 00:00:02 . Memory (MB): peak = 1387.078 ; gain = 0.000
Phase 4.1 Post Commit Optimization | Checksum: 160f8d3ea

Time (s): cpu = 00:00:02 ; elapsed = 00:00:02 . Memory (MB): peak = 1387.078 ; gain = 0.000

Phase 4.2 Post Placement Cleanup
Phase 4.2 Post Placement Cleanup | Checksum: 160f8d3ea

Time (s): cpu = 00:00:02 ; elapsed = 00:00:02 . Memory (MB): peak = 1387.078 ; gain = 0.000

Phase 4.3 Placer Reporting
Phase 4.3 Placer Reporting | Checksum: 160f8d3ea

Time (s): cpu = 00:00:02 ; elapsed = 00:00:02 . Memory (MB): peak = 1387.078 ; gain = 0.000

Phase 4.4 Final Placement Cleanup
Netlist sorting complete. Time (s): cpu = 00:00:00 ; elapsed = 00:00:00 . Memory (MB): peak = 1387.078 ; gain = 0.000
Phase 4.4 Final Placement Cleanup | Checksum: 1d4d65088

Time (s): cpu = 00:00:02 ; elapsed = 00:00:02 . Memory (MB): peak = 1387.078 ; gain = 0.000
Phase 4 Post Placement Optimization and Clean-Up | Checksum: 1d4d65088

Time (s): cpu = 00:00:02 ; elapsed = 00:00:02 . Memory (MB): peak = 1387.078 ; gain = 0.000
Ending Placer Task | Checksum: 141b1679c

Time (s): cpu = 00:00:02 ; elapsed = 00:00:02 . Memory (MB): peak = 1387.078 ; gain = 0.000
INFO: [Common 17-83] Releasing license: Implementation
60 Infos, 100 Warnings, 100 Critical Warnings and 0 Errors encountered.
place_design completed successfully
Netlist sorting complete. Time (s): cpu = 00:00:00 ; elapsed = 00:00:00 . Memory (MB): peak = 1387.078 ; gain = 0.000
INFO: [Timing 38-480] Writing timing data to binary archive.
Writing placer database...
Writing XDEF routing.
Writing XDEF routing logical nets.
Writing XDEF routing special nets.
Write XDEF Complete: Time (s): cpu = 00:00:00 ; elapsed = 00:00:00.027 . Memory (MB): peak = 1387.078 ; gain = 0.000
Netlist sorting complete. Time (s): cpu = 00:00:00 ; elapsed = 00:00:00 . Memory (MB): peak = 1387.078 ; gain = 0.000
INFO: [Common 17-1381] The checkpoint 'C:/Users/lebray/Vivado-Workflow-Scripts/HW7/T2/vivado_project/T2.runs/impl_1/als_top_placed.dcp' has been generated.
INFO: [runtcl-4] Executing : report_io -file als_top_io_placed.rpt
report_io: Time (s): cpu = 00:00:00 ; elapsed = 00:00:00.016 . Memory (MB): peak = 1387.078 ; gain = 0.000
INFO: [runtcl-4] Executing : report_utilization -file als_top_utilization_placed.rpt -pb als_top_utilization_placed.pb
INFO: [runtcl-4] Executing : report_control_sets -verbose -file als_top_control_sets_placed.rpt
report_control_sets: Time (s): cpu = 00:00:00 ; elapsed = 00:00:00.002 . Memory (MB): peak = 1387.078 ; gain = 0.000
Command: route_design
Attempting to get a license for feature 'Implementation' and/or device 'xc7a35t'
INFO: [Common 17-349] Got license for feature 'Implementation' and/or device 'xc7a35t'
Running DRC as a precondition to command route_design
INFO: [DRC 23-27] Running DRC with 2 threads
INFO: [Vivado_Tcl 4-198] DRC finished with 0 Errors
INFO: [Vivado_Tcl 4-199] Please refer to the DRC report (report_drc) for more information.


Starting Routing Task
INFO: [Route 35-254] Multithreading enabled for route_design using a maximum of 2 CPUs
Checksum: PlaceDB: c845043b ConstDB: 0 ShapeSum: 796c6361 RouteDB: 0

Phase 1 Build RT Design
Phase 1 Build RT Design | Checksum: e835d560

Time (s): cpu = 00:00:09 ; elapsed = 00:00:08 . Memory (MB): peak = 1387.078 ; gain = 0.000
Post Restoration Checksum: NetGraph: 9919b81d NumContArr: 4f1c1d43 Constraints: 0 Timing: 0

Phase 2 Router Initialization

Phase 2.1 Create Timer
Phase 2.1 Create Timer | Checksum: e835d560

Time (s): cpu = 00:00:09 ; elapsed = 00:00:08 . Memory (MB): peak = 1401.141 ; gain = 14.062

Phase 2.2 Fix Topology Constraints
Phase 2.2 Fix Topology Constraints | Checksum: e835d560

Time (s): cpu = 00:00:09 ; elapsed = 00:00:08 . Memory (MB): peak = 1407.172 ; gain = 20.094

Phase 2.3 Pre Route Cleanup
Phase 2.3 Pre Route Cleanup | Checksum: e835d560

Time (s): cpu = 00:00:09 ; elapsed = 00:00:08 . Memory (MB): peak = 1407.172 ; gain = 20.094
 Number of Nodes with overlaps = 0

Phase 2.4 Update Timing
Phase 2.4 Update Timing | Checksum: 1176c71b9

Time (s): cpu = 00:00:09 ; elapsed = 00:00:08 . Memory (MB): peak = 1412.926 ; gain = 25.848
INFO: [Route 35-416] Intermediate Timing Summary | WNS=0.943  | TNS=0.000  | WHS=-0.150 | THS=-12.802|

Phase 2 Router Initialization | Checksum: 1b50c4295

Time (s): cpu = 00:00:09 ; elapsed = 00:00:08 . Memory (MB): peak = 1412.926 ; gain = 25.848

Phase 3 Initial Routing
Phase 3 Initial Routing | Checksum: 1f0988306

Time (s): cpu = 00:00:09 ; elapsed = 00:00:08 . Memory (MB): peak = 1412.926 ; gain = 25.848

Phase 4 Rip-up And Reroute

Phase 4.1 Global Iteration 0
 Number of Nodes with overlaps = 34
 Number of Nodes with overlaps = 9
 Number of Nodes with overlaps = 5
 Number of Nodes with overlaps = 4
 Number of Nodes with overlaps = 3
 Number of Nodes with overlaps = 1
 Number of Nodes with overlaps = 0
INFO: [Route 35-416] Intermediate Timing Summary | WNS=0.482  | TNS=0.000  | WHS=N/A    | THS=N/A    |

Phase 4.1 Global Iteration 0 | Checksum: 19ad0cc8a

Time (s): cpu = 00:00:09 ; elapsed = 00:00:08 . Memory (MB): peak = 1412.926 ; gain = 25.848
Phase 4 Rip-up And Reroute | Checksum: 19ad0cc8a

Time (s): cpu = 00:00:09 ; elapsed = 00:00:08 . Memory (MB): peak = 1412.926 ; gain = 25.848

Phase 5 Delay and Skew Optimization

Phase 5.1 Delay CleanUp

Phase 5.1.1 Update Timing
Phase 5.1.1 Update Timing | Checksum: 257dfea7e

Time (s): cpu = 00:00:09 ; elapsed = 00:00:08 . Memory (MB): peak = 1412.926 ; gain = 25.848
INFO: [Route 35-416] Intermediate Timing Summary | WNS=0.489  | TNS=0.000  | WHS=N/A    | THS=N/A    |

Phase 5.1 Delay CleanUp | Checksum: 257dfea7e

Time (s): cpu = 00:00:09 ; elapsed = 00:00:08 . Memory (MB): peak = 1412.926 ; gain = 25.848

Phase 5.2 Clock Skew Optimization
Phase 5.2 Clock Skew Optimization | Checksum: 257dfea7e

Time (s): cpu = 00:00:09 ; elapsed = 00:00:08 . Memory (MB): peak = 1412.926 ; gain = 25.848
Phase 5 Delay and Skew Optimization | Checksum: 257dfea7e

Time (s): cpu = 00:00:09 ; elapsed = 00:00:08 . Memory (MB): peak = 1412.926 ; gain = 25.848

Phase 6 Post Hold Fix

Phase 6.1 Hold Fix Iter

Phase 6.1.1 Update Timing
Phase 6.1.1 Update Timing | Checksum: 23810cef8

Time (s): cpu = 00:00:09 ; elapsed = 00:00:08 . Memory (MB): peak = 1412.926 ; gain = 25.848
INFO: [Route 35-416] Intermediate Timing Summary | WNS=0.489  | TNS=0.000  | WHS=0.100  | THS=0.000  |

Phase 6.1 Hold Fix Iter | Checksum: 2571ee60b

Time (s): cpu = 00:00:09 ; elapsed = 00:00:08 . Memory (MB): peak = 1412.926 ; gain = 25.848
Phase 6 Post Hold Fix | Checksum: 2571ee60b

Time (s): cpu = 00:00:09 ; elapsed = 00:00:08 . Memory (MB): peak = 1412.926 ; gain = 25.848

Phase 7 Route finalize

Router Utilization Summary
  Global Vertical Routing Utilization    = 0.187914 %
  Global Horizontal Routing Utilization  = 0.302707 %
  Routable Net Status*
  *Does not include unroutable nets such as driverless and loadless.
  Run report_route_status for detailed report.
  Number of Failed Nets               = 0
  Number of Unrouted Nets             = 0
  Number of Partially Routed Nets     = 0
  Number of Node Overlaps             = 0

Phase 7 Route finalize | Checksum: 18d67e79f

Time (s): cpu = 00:00:09 ; elapsed = 00:00:08 . Memory (MB): peak = 1412.926 ; gain = 25.848

Phase 8 Verifying routed nets

 Verification completed successfully
Phase 8 Verifying routed nets | Checksum: 18d67e79f

Time (s): cpu = 00:00:09 ; elapsed = 00:00:08 . Memory (MB): peak = 1413.445 ; gain = 26.367

Phase 9 Depositing Routes
Phase 9 Depositing Routes | Checksum: 147af238b

Time (s): cpu = 00:00:09 ; elapsed = 00:00:08 . Memory (MB): peak = 1413.445 ; gain = 26.367

Phase 10 Post Router Timing
INFO: [Route 35-57] Estimated Timing Summary | WNS=0.489  | TNS=0.000  | WHS=0.100  | THS=0.000  |

INFO: [Route 35-327] The final timing numbers are based on the router estimated timing analysis. For a complete and accurate timing signoff, please run report_timing_summary.
Phase 10 Post Router Timing | Checksum: 147af238b

Time (s): cpu = 00:00:09 ; elapsed = 00:00:08 . Memory (MB): peak = 1413.445 ; gain = 26.367
INFO: [Route 35-16] Router Completed Successfully

Time (s): cpu = 00:00:09 ; elapsed = 00:00:08 . Memory (MB): peak = 1413.445 ; gain = 26.367

Routing Is Done.
INFO: [Common 17-83] Releasing license: Implementation
78 Infos, 100 Warnings, 100 Critical Warnings and 0 Errors encountered.
route_design completed successfully
route_design: Time (s): cpu = 00:00:09 ; elapsed = 00:00:09 . Memory (MB): peak = 1413.445 ; gain = 26.367
Netlist sorting complete. Time (s): cpu = 00:00:00 ; elapsed = 00:00:00 . Memory (MB): peak = 1413.445 ; gain = 0.000
INFO: [Timing 38-480] Writing timing data to binary archive.
Writing placer database...
Writing XDEF routing.
Writing XDEF routing logical nets.
Writing XDEF routing special nets.
Write XDEF Complete: Time (s): cpu = 00:00:01 ; elapsed = 00:00:00.031 . Memory (MB): peak = 1413.445 ; gain = 0.000
Netlist sorting complete. Time (s): cpu = 00:00:00 ; elapsed = 00:00:00.001 . Memory (MB): peak = 1413.445 ; gain = 0.000
INFO: [Common 17-1381] The checkpoint 'C:/Users/lebray/Vivado-Workflow-Scripts/HW7/T2/vivado_project/T2.runs/impl_1/als_top_routed.dcp' has been generated.
INFO: [runtcl-4] Executing : report_drc -file als_top_drc_routed.rpt -pb als_top_drc_routed.pb -rpx als_top_drc_routed.rpx
Command: report_drc -file als_top_drc_routed.rpt -pb als_top_drc_routed.pb -rpx als_top_drc_routed.rpx
INFO: [IP_Flow 19-1839] IP Catalog is up to date.
INFO: [DRC 23-27] Running DRC with 2 threads
INFO: [Coretcl 2-168] The results of DRC are in file C:/Users/lebray/Vivado-Workflow-Scripts/HW7/T2/vivado_project/T2.runs/impl_1/als_top_drc_routed.rpt.
report_drc completed successfully
INFO: [runtcl-4] Executing : report_methodology -file als_top_methodology_drc_routed.rpt -pb als_top_methodology_drc_routed.pb -rpx als_top_methodology_drc_routed.rpx
Command: report_methodology -file als_top_methodology_drc_routed.rpt -pb als_top_methodology_drc_routed.pb -rpx als_top_methodology_drc_routed.rpx
INFO: [Timing 38-35] Done setting XDC timing constraints.
INFO: [DRC 23-133] Running Methodology with 2 threads
INFO: [Coretcl 2-1520] The results of Report Methodology are in file C:/Users/lebray/Vivado-Workflow-Scripts/HW7/T2/vivado_project/T2.runs/impl_1/als_top_methodology_drc_routed.rpt.
report_methodology completed successfully
INFO: [runtcl-4] Executing : report_power -file als_top_power_routed.rpt -pb als_top_power_summary_routed.pb -rpx als_top_power_routed.rpx
Command: report_power -file als_top_power_routed.rpt -pb als_top_power_summary_routed.pb -rpx als_top_power_routed.rpx
INFO: [Timing 38-35] Done setting XDC timing constraints.
Running Vector-less Activity Propagation...

Finished Running Vector-less Activity Propagation
90 Infos, 100 Warnings, 100 Critical Warnings and 0 Errors encountered.
report_power completed successfully
INFO: [runtcl-4] Executing : report_route_status -file als_top_route_status.rpt -pb als_top_route_status.pb
INFO: [runtcl-4] Executing : report_timing_summary -max_paths 10 -file als_top_timing_summary_routed.rpt -pb als_top_timing_summary_routed.pb -rpx als_top_timing_summary_routed.rpx -warn_on_violation 
INFO: [Timing 38-91] UpdateTimingParams: Speed grade: -1, Delay Type: min_max.
INFO: [Timing 38-191] Multithreading enabled for timing update using a maximum of 2 CPUs
INFO: [runtcl-4] Executing : report_incremental_reuse -file als_top_incremental_reuse_routed.rpt
INFO: [Vivado_Tcl 4-1062] Incremental flow is disabled. No incremental reuse Info to report.
INFO: [runtcl-4] Executing : report_clock_utilization -file als_top_clock_utilization_routed.rpt
INFO: [runtcl-4] Executing : report_bus_skew -warn_on_violation -file als_top_bus_skew_routed.rpt -pb als_top_bus_skew_routed.pb -rpx als_top_bus_skew_routed.rpx
INFO: [Timing 38-91] UpdateTimingParams: Speed grade: -1, Delay Type: min_max.
INFO: [Timing 38-191] Multithreading enabled for timing update using a maximum of 2 CPUs
INFO: [Common 17-206] Exiting Vivado at Mon Mar 30 14:30:22 2026...
[Mon Mar 30 14:30:25 2026] impl_1 finished
wait_on_run: Time (s): cpu = 00:00:00 ; elapsed = 00:00:35 . Memory (MB): peak = 262.492 ; gain = 0.000
# set impl_status [get_property STATUS [get_runs impl_1]]
# if {$impl_status != "route_design Complete!"} {
#     puts "ERROR: Implementation failed: $impl_status"
#     exit 1
# }
# launch_runs impl_1 -to_step write_bitstream
[Mon Mar 30 14:30:25 2026] Launched impl_1...
Run output will be captured here: C:/Users/lebray/Vivado-Workflow-Scripts/HW7/T2/vivado_project/T2.runs/impl_1/runme.log
# wait_on_run impl_1
[Mon Mar 30 14:30:25 2026] Waiting for impl_1 to finish...

*** Running vivado
    with args -log als_top.vdi -applog -m64 -product Vivado -messageDb vivado.pb -mode batch -source als_top.tcl -notrace


****** Vivado v2018.3 (64-bit)
  **** SW Build 2405991 on Thu Dec  6 23:38:27 MST 2018
  **** IP Build 2404404 on Fri Dec  7 01:43:56 MST 2018
    ** Copyright 1986-2018 Xilinx, Inc. All Rights Reserved.

source als_top.tcl -notrace
Command: link_design -top als_top -part xc7a35tcpg236-1
Design is defaulting to srcset: sources_1
Design is defaulting to constrset: constrs_1
INFO: [Netlist 29-17] Analyzing 73 Unisim elements for replacement
INFO: [Netlist 29-28] Unisim Transformation completed in 0 CPU seconds
INFO: [Project 1-479] Netlist was created with Vivado 2018.3
INFO: [Device 21-403] Loading part xc7a35tcpg236-1
INFO: [Project 1-570] Preparing netlist for logic optimization
Parsing XDC File [C:/Users/lebray/Vivado-Workflow-Scripts/Basys3_Master.xdc]
WARNING: [Vivado 12-584] No ports matched 'sw[0]'. [C:/Users/lebray/Vivado-Workflow-Scripts/Basys3_Master.xdc:12]
CRITICAL WARNING: [Common 17-55] 'set_property' expects at least one object. [C:/Users/lebray/Vivado-Workflow-Scripts/Basys3_Master.xdc:12]
Resolution: If [get_<value>] was used to populate the object, check to make sure this command returns at least one valid object.
WARNING: [Vivado 12-584] No ports matched 'sw[0]'. [C:/Users/lebray/Vivado-Workflow-Scripts/Basys3_Master.xdc:13]
CRITICAL WARNING: [Common 17-55] 'set_property' expects at least one object. [C:/Users/lebray/Vivado-Workflow-Scripts/Basys3_Master.xdc:13]
Resolution: If [get_<value>] was used to populate the object, check to make sure this command returns at least one valid object.
WARNING: [Vivado 12-584] No ports matched 'sw[1]'. [C:/Users/lebray/Vivado-Workflow-Scripts/Basys3_Master.xdc:14]
CRITICAL WARNING: [Common 17-55] 'set_property' expects at least one object. [C:/Users/lebray/Vivado-Workflow-Scripts/Basys3_Master.xdc:14]
Resolution: If [get_<value>] was used to populate the object, check to make sure this command returns at least one valid object.
WARNING: [Vivado 12-584] No ports matched 'sw[1]'. [C:/Users/lebray/Vivado-Workflow-Scripts/Basys3_Master.xdc:15]
CRITICAL WARNING: [Common 17-55] 'set_property' expects at least one object. [C:/Users/lebray/Vivado-Workflow-Scripts/Basys3_Master.xdc:15]
Resolution: If [get_<value>] was used to populate the object, check to make sure this command returns at least one valid object.
WARNING: [Vivado 12-584] No ports matched 'sw[2]'. [C:/Users/lebray/Vivado-Workflow-Scripts/Basys3_Master.xdc:16]
CRITICAL WARNING: [Common 17-55] 'set_property' expects at least one object. [C:/Users/lebray/Vivado-Workflow-Scripts/Basys3_Master.xdc:16]
Resolution: If [get_<value>] was used to populate the object, check to make sure this command returns at least one valid object.
WARNING: [Vivado 12-584] No ports matched 'sw[2]'. [C:/Users/lebray/Vivado-Workflow-Scripts/Basys3_Master.xdc:17]
CRITICAL WARNING: [Common 17-55] 'set_property' expects at least one object. [C:/Users/lebray/Vivado-Workflow-Scripts/Basys3_Master.xdc:17]
Resolution: If [get_<value>] was used to populate the object, check to make sure this command returns at least one valid object.
WARNING: [Vivado 12-584] No ports matched 'sw[3]'. [C:/Users/lebray/Vivado-Workflow-Scripts/Basys3_Master.xdc:18]
CRITICAL WARNING: [Common 17-55] 'set_property' expects at least one object. [C:/Users/lebray/Vivado-Workflow-Scripts/Basys3_Master.xdc:18]
Resolution: If [get_<value>] was used to populate the object, check to make sure this command returns at least one valid object.
WARNING: [Vivado 12-584] No ports matched 'sw[3]'. [C:/Users/lebray/Vivado-Workflow-Scripts/Basys3_Master.xdc:19]
CRITICAL WARNING: [Common 17-55] 'set_property' expects at least one object. [C:/Users/lebray/Vivado-Workflow-Scripts/Basys3_Master.xdc:19]
Resolution: If [get_<value>] was used to populate the object, check to make sure this command returns at least one valid object.
WARNING: [Vivado 12-584] No ports matched 'sw[4]'. [C:/Users/lebray/Vivado-Workflow-Scripts/Basys3_Master.xdc:20]
CRITICAL WARNING: [Common 17-55] 'set_property' expects at least one object. [C:/Users/lebray/Vivado-Workflow-Scripts/Basys3_Master.xdc:20]
Resolution: If [get_<value>] was used to populate the object, check to make sure this command returns at least one valid object.
WARNING: [Vivado 12-584] No ports matched 'sw[4]'. [C:/Users/lebray/Vivado-Workflow-Scripts/Basys3_Master.xdc:21]
CRITICAL WARNING: [Common 17-55] 'set_property' expects at least one object. [C:/Users/lebray/Vivado-Workflow-Scripts/Basys3_Master.xdc:21]
Resolution: If [get_<value>] was used to populate the object, check to make sure this command returns at least one valid object.
WARNING: [Vivado 12-584] No ports matched 'sw[5]'. [C:/Users/lebray/Vivado-Workflow-Scripts/Basys3_Master.xdc:22]
CRITICAL WARNING: [Common 17-55] 'set_property' expects at least one object. [C:/Users/lebray/Vivado-Workflow-Scripts/Basys3_Master.xdc:22]
Resolution: If [get_<value>] was used to populate the object, check to make sure this command returns at least one valid object.
WARNING: [Vivado 12-584] No ports matched 'sw[5]'. [C:/Users/lebray/Vivado-Workflow-Scripts/Basys3_Master.xdc:23]
CRITICAL WARNING: [Common 17-55] 'set_property' expects at least one object. [C:/Users/lebray/Vivado-Workflow-Scripts/Basys3_Master.xdc:23]
Resolution: If [get_<value>] was used to populate the object, check to make sure this command returns at least one valid object.
WARNING: [Vivado 12-584] No ports matched 'sw[6]'. [C:/Users/lebray/Vivado-Workflow-Scripts/Basys3_Master.xdc:24]
CRITICAL WARNING: [Common 17-55] 'set_property' expects at least one object. [C:/Users/lebray/Vivado-Workflow-Scripts/Basys3_Master.xdc:24]
Resolution: If [get_<value>] was used to populate the object, check to make sure this command returns at least one valid object.
WARNING: [Vivado 12-584] No ports matched 'sw[6]'. [C:/Users/lebray/Vivado-Workflow-Scripts/Basys3_Master.xdc:25]
CRITICAL WARNING: [Common 17-55] 'set_property' expects at least one object. [C:/Users/lebray/Vivado-Workflow-Scripts/Basys3_Master.xdc:25]
Resolution: If [get_<value>] was used to populate the object, check to make sure this command returns at least one valid object.
WARNING: [Vivado 12-584] No ports matched 'sw[7]'. [C:/Users/lebray/Vivado-Workflow-Scripts/Basys3_Master.xdc:26]
CRITICAL WARNING: [Common 17-55] 'set_property' expects at least one object. [C:/Users/lebray/Vivado-Workflow-Scripts/Basys3_Master.xdc:26]
Resolution: If [get_<value>] was used to populate the object, check to make sure this command returns at least one valid object.
WARNING: [Vivado 12-584] No ports matched 'sw[7]'. [C:/Users/lebray/Vivado-Workflow-Scripts/Basys3_Master.xdc:27]
CRITICAL WARNING: [Common 17-55] 'set_property' expects at least one object. [C:/Users/lebray/Vivado-Workflow-Scripts/Basys3_Master.xdc:27]
Resolution: If [get_<value>] was used to populate the object, check to make sure this command returns at least one valid object.
WARNING: [Vivado 12-584] No ports matched 'sw[8]'. [C:/Users/lebray/Vivado-Workflow-Scripts/Basys3_Master.xdc:28]
CRITICAL WARNING: [Common 17-55] 'set_property' expects at least one object. [C:/Users/lebray/Vivado-Workflow-Scripts/Basys3_Master.xdc:28]
Resolution: If [get_<value>] was used to populate the object, check to make sure this command returns at least one valid object.
WARNING: [Vivado 12-584] No ports matched 'sw[8]'. [C:/Users/lebray/Vivado-Workflow-Scripts/Basys3_Master.xdc:29]
CRITICAL WARNING: [Common 17-55] 'set_property' expects at least one object. [C:/Users/lebray/Vivado-Workflow-Scripts/Basys3_Master.xdc:29]
Resolution: If [get_<value>] was used to populate the object, check to make sure this command returns at least one valid object.
WARNING: [Vivado 12-584] No ports matched 'sw[9]'. [C:/Users/lebray/Vivado-Workflow-Scripts/Basys3_Master.xdc:30]
CRITICAL WARNING: [Common 17-55] 'set_property' expects at least one object. [C:/Users/lebray/Vivado-Workflow-Scripts/Basys3_Master.xdc:30]
Resolution: If [get_<value>] was used to populate the object, check to make sure this command returns at least one valid object.
WARNING: [Vivado 12-584] No ports matched 'sw[9]'. [C:/Users/lebray/Vivado-Workflow-Scripts/Basys3_Master.xdc:31]
CRITICAL WARNING: [Common 17-55] 'set_property' expects at least one object. [C:/Users/lebray/Vivado-Workflow-Scripts/Basys3_Master.xdc:31]
Resolution: If [get_<value>] was used to populate the object, check to make sure this command returns at least one valid object.
WARNING: [Vivado 12-584] No ports matched 'sw[10]'. [C:/Users/lebray/Vivado-Workflow-Scripts/Basys3_Master.xdc:32]
CRITICAL WARNING: [Common 17-55] 'set_property' expects at least one object. [C:/Users/lebray/Vivado-Workflow-Scripts/Basys3_Master.xdc:32]
Resolution: If [get_<value>] was used to populate the object, check to make sure this command returns at least one valid object.
WARNING: [Vivado 12-584] No ports matched 'sw[10]'. [C:/Users/lebray/Vivado-Workflow-Scripts/Basys3_Master.xdc:33]
CRITICAL WARNING: [Common 17-55] 'set_property' expects at least one object. [C:/Users/lebray/Vivado-Workflow-Scripts/Basys3_Master.xdc:33]
Resolution: If [get_<value>] was used to populate the object, check to make sure this command returns at least one valid object.
WARNING: [Vivado 12-584] No ports matched 'sw[11]'. [C:/Users/lebray/Vivado-Workflow-Scripts/Basys3_Master.xdc:34]
CRITICAL WARNING: [Common 17-55] 'set_property' expects at least one object. [C:/Users/lebray/Vivado-Workflow-Scripts/Basys3_Master.xdc:34]
Resolution: If [get_<value>] was used to populate the object, check to make sure this command returns at least one valid object.
WARNING: [Vivado 12-584] No ports matched 'sw[11]'. [C:/Users/lebray/Vivado-Workflow-Scripts/Basys3_Master.xdc:35]
CRITICAL WARNING: [Common 17-55] 'set_property' expects at least one object. [C:/Users/lebray/Vivado-Workflow-Scripts/Basys3_Master.xdc:35]
Resolution: If [get_<value>] was used to populate the object, check to make sure this command returns at least one valid object.
WARNING: [Vivado 12-584] No ports matched 'sw[12]'. [C:/Users/lebray/Vivado-Workflow-Scripts/Basys3_Master.xdc:36]
CRITICAL WARNING: [Common 17-55] 'set_property' expects at least one object. [C:/Users/lebray/Vivado-Workflow-Scripts/Basys3_Master.xdc:36]
Resolution: If [get_<value>] was used to populate the object, check to make sure this command returns at least one valid object.
WARNING: [Vivado 12-584] No ports matched 'sw[12]'. [C:/Users/lebray/Vivado-Workflow-Scripts/Basys3_Master.xdc:37]
CRITICAL WARNING: [Common 17-55] 'set_property' expects at least one object. [C:/Users/lebray/Vivado-Workflow-Scripts/Basys3_Master.xdc:37]
Resolution: If [get_<value>] was used to populate the object, check to make sure this command returns at least one valid object.
WARNING: [Vivado 12-584] No ports matched 'sw[13]'. [C:/Users/lebray/Vivado-Workflow-Scripts/Basys3_Master.xdc:38]
CRITICAL WARNING: [Common 17-55] 'set_property' expects at least one object. [C:/Users/lebray/Vivado-Workflow-Scripts/Basys3_Master.xdc:38]
Resolution: If [get_<value>] was used to populate the object, check to make sure this command returns at least one valid object.
WARNING: [Vivado 12-584] No ports matched 'sw[13]'. [C:/Users/lebray/Vivado-Workflow-Scripts/Basys3_Master.xdc:39]
CRITICAL WARNING: [Common 17-55] 'set_property' expects at least one object. [C:/Users/lebray/Vivado-Workflow-Scripts/Basys3_Master.xdc:39]
Resolution: If [get_<value>] was used to populate the object, check to make sure this command returns at least one valid object.
WARNING: [Vivado 12-584] No ports matched 'sw[14]'. [C:/Users/lebray/Vivado-Workflow-Scripts/Basys3_Master.xdc:40]
CRITICAL WARNING: [Common 17-55] 'set_property' expects at least one object. [C:/Users/lebray/Vivado-Workflow-Scripts/Basys3_Master.xdc:40]
Resolution: If [get_<value>] was used to populate the object, check to make sure this command returns at least one valid object.
WARNING: [Vivado 12-584] No ports matched 'sw[14]'. [C:/Users/lebray/Vivado-Workflow-Scripts/Basys3_Master.xdc:41]
CRITICAL WARNING: [Common 17-55] 'set_property' expects at least one object. [C:/Users/lebray/Vivado-Workflow-Scripts/Basys3_Master.xdc:41]
Resolution: If [get_<value>] was used to populate the object, check to make sure this command returns at least one valid object.
WARNING: [Vivado 12-584] No ports matched 'sw[15]'. [C:/Users/lebray/Vivado-Workflow-Scripts/Basys3_Master.xdc:42]
CRITICAL WARNING: [Common 17-55] 'set_property' expects at least one object. [C:/Users/lebray/Vivado-Workflow-Scripts/Basys3_Master.xdc:42]
Resolution: If [get_<value>] was used to populate the object, check to make sure this command returns at least one valid object.
WARNING: [Vivado 12-584] No ports matched 'sw[15]'. [C:/Users/lebray/Vivado-Workflow-Scripts/Basys3_Master.xdc:43]
CRITICAL WARNING: [Common 17-55] 'set_property' expects at least one object. [C:/Users/lebray/Vivado-Workflow-Scripts/Basys3_Master.xdc:43]
Resolution: If [get_<value>] was used to populate the object, check to make sure this command returns at least one valid object.
WARNING: [Vivado 12-584] No ports matched 'seg[0]'. [C:/Users/lebray/Vivado-Workflow-Scripts/Basys3_Master.xdc:82]
CRITICAL WARNING: [Common 17-55] 'set_property' expects at least one object. [C:/Users/lebray/Vivado-Workflow-Scripts/Basys3_Master.xdc:82]
Resolution: If [get_<value>] was used to populate the object, check to make sure this command returns at least one valid object.
WARNING: [Vivado 12-584] No ports matched 'seg[0]'. [C:/Users/lebray/Vivado-Workflow-Scripts/Basys3_Master.xdc:83]
CRITICAL WARNING: [Common 17-55] 'set_property' expects at least one object. [C:/Users/lebray/Vivado-Workflow-Scripts/Basys3_Master.xdc:83]
Resolution: If [get_<value>] was used to populate the object, check to make sure this command returns at least one valid object.
WARNING: [Vivado 12-584] No ports matched 'seg[1]'. [C:/Users/lebray/Vivado-Workflow-Scripts/Basys3_Master.xdc:84]
CRITICAL WARNING: [Common 17-55] 'set_property' expects at least one object. [C:/Users/lebray/Vivado-Workflow-Scripts/Basys3_Master.xdc:84]
Resolution: If [get_<value>] was used to populate the object, check to make sure this command returns at least one valid object.
WARNING: [Vivado 12-584] No ports matched 'seg[1]'. [C:/Users/lebray/Vivado-Workflow-Scripts/Basys3_Master.xdc:85]
CRITICAL WARNING: [Common 17-55] 'set_property' expects at least one object. [C:/Users/lebray/Vivado-Workflow-Scripts/Basys3_Master.xdc:85]
Resolution: If [get_<value>] was used to populate the object, check to make sure this command returns at least one valid object.
WARNING: [Vivado 12-584] No ports matched 'seg[2]'. [C:/Users/lebray/Vivado-Workflow-Scripts/Basys3_Master.xdc:86]
CRITICAL WARNING: [Common 17-55] 'set_property' expects at least one object. [C:/Users/lebray/Vivado-Workflow-Scripts/Basys3_Master.xdc:86]
Resolution: If [get_<value>] was used to populate the object, check to make sure this command returns at least one valid object.
WARNING: [Vivado 12-584] No ports matched 'seg[2]'. [C:/Users/lebray/Vivado-Workflow-Scripts/Basys3_Master.xdc:87]
CRITICAL WARNING: [Common 17-55] 'set_property' expects at least one object. [C:/Users/lebray/Vivado-Workflow-Scripts/Basys3_Master.xdc:87]
Resolution: If [get_<value>] was used to populate the object, check to make sure this command returns at least one valid object.
WARNING: [Vivado 12-584] No ports matched 'seg[3]'. [C:/Users/lebray/Vivado-Workflow-Scripts/Basys3_Master.xdc:88]
CRITICAL WARNING: [Common 17-55] 'set_property' expects at least one object. [C:/Users/lebray/Vivado-Workflow-Scripts/Basys3_Master.xdc:88]
Resolution: If [get_<value>] was used to populate the object, check to make sure this command returns at least one valid object.
WARNING: [Vivado 12-584] No ports matched 'seg[3]'. [C:/Users/lebray/Vivado-Workflow-Scripts/Basys3_Master.xdc:89]
CRITICAL WARNING: [Common 17-55] 'set_property' expects at least one object. [C:/Users/lebray/Vivado-Workflow-Scripts/Basys3_Master.xdc:89]
Resolution: If [get_<value>] was used to populate the object, check to make sure this command returns at least one valid object.
WARNING: [Vivado 12-584] No ports matched 'seg[4]'. [C:/Users/lebray/Vivado-Workflow-Scripts/Basys3_Master.xdc:90]
CRITICAL WARNING: [Common 17-55] 'set_property' expects at least one object. [C:/Users/lebray/Vivado-Workflow-Scripts/Basys3_Master.xdc:90]
Resolution: If [get_<value>] was used to populate the object, check to make sure this command returns at least one valid object.
WARNING: [Vivado 12-584] No ports matched 'seg[4]'. [C:/Users/lebray/Vivado-Workflow-Scripts/Basys3_Master.xdc:91]
CRITICAL WARNING: [Common 17-55] 'set_property' expects at least one object. [C:/Users/lebray/Vivado-Workflow-Scripts/Basys3_Master.xdc:91]
Resolution: If [get_<value>] was used to populate the object, check to make sure this command returns at least one valid object.
WARNING: [Vivado 12-584] No ports matched 'seg[5]'. [C:/Users/lebray/Vivado-Workflow-Scripts/Basys3_Master.xdc:92]
CRITICAL WARNING: [Common 17-55] 'set_property' expects at least one object. [C:/Users/lebray/Vivado-Workflow-Scripts/Basys3_Master.xdc:92]
Resolution: If [get_<value>] was used to populate the object, check to make sure this command returns at least one valid object.
WARNING: [Vivado 12-584] No ports matched 'seg[5]'. [C:/Users/lebray/Vivado-Workflow-Scripts/Basys3_Master.xdc:93]
CRITICAL WARNING: [Common 17-55] 'set_property' expects at least one object. [C:/Users/lebray/Vivado-Workflow-Scripts/Basys3_Master.xdc:93]
Resolution: If [get_<value>] was used to populate the object, check to make sure this command returns at least one valid object.
WARNING: [Vivado 12-584] No ports matched 'seg[6]'. [C:/Users/lebray/Vivado-Workflow-Scripts/Basys3_Master.xdc:94]
CRITICAL WARNING: [Common 17-55] 'set_property' expects at least one object. [C:/Users/lebray/Vivado-Workflow-Scripts/Basys3_Master.xdc:94]
Resolution: If [get_<value>] was used to populate the object, check to make sure this command returns at least one valid object.
WARNING: [Vivado 12-584] No ports matched 'seg[6]'. [C:/Users/lebray/Vivado-Workflow-Scripts/Basys3_Master.xdc:95]
CRITICAL WARNING: [Common 17-55] 'set_property' expects at least one object. [C:/Users/lebray/Vivado-Workflow-Scripts/Basys3_Master.xdc:95]
Resolution: If [get_<value>] was used to populate the object, check to make sure this command returns at least one valid object.
WARNING: [Vivado 12-584] No ports matched 'dp'. [C:/Users/lebray/Vivado-Workflow-Scripts/Basys3_Master.xdc:97]
CRITICAL WARNING: [Common 17-55] 'set_property' expects at least one object. [C:/Users/lebray/Vivado-Workflow-Scripts/Basys3_Master.xdc:97]
Resolution: If [get_<value>] was used to populate the object, check to make sure this command returns at least one valid object.
WARNING: [Vivado 12-584] No ports matched 'dp'. [C:/Users/lebray/Vivado-Workflow-Scripts/Basys3_Master.xdc:98]
CRITICAL WARNING: [Common 17-55] 'set_property' expects at least one object. [C:/Users/lebray/Vivado-Workflow-Scripts/Basys3_Master.xdc:98]
Resolution: If [get_<value>] was used to populate the object, check to make sure this command returns at least one valid object.
WARNING: [Vivado 12-584] No ports matched 'an[0]'. [C:/Users/lebray/Vivado-Workflow-Scripts/Basys3_Master.xdc:100]
CRITICAL WARNING: [Common 17-55] 'set_property' expects at least one object. [C:/Users/lebray/Vivado-Workflow-Scripts/Basys3_Master.xdc:100]
Resolution: If [get_<value>] was used to populate the object, check to make sure this command returns at least one valid object.
WARNING: [Vivado 12-584] No ports matched 'an[0]'. [C:/Users/lebray/Vivado-Workflow-Scripts/Basys3_Master.xdc:101]
CRITICAL WARNING: [Common 17-55] 'set_property' expects at least one object. [C:/Users/lebray/Vivado-Workflow-Scripts/Basys3_Master.xdc:101]
Resolution: If [get_<value>] was used to populate the object, check to make sure this command returns at least one valid object.
WARNING: [Vivado 12-584] No ports matched 'an[1]'. [C:/Users/lebray/Vivado-Workflow-Scripts/Basys3_Master.xdc:102]
CRITICAL WARNING: [Common 17-55] 'set_property' expects at least one object. [C:/Users/lebray/Vivado-Workflow-Scripts/Basys3_Master.xdc:102]
Resolution: If [get_<value>] was used to populate the object, check to make sure this command returns at least one valid object.
WARNING: [Vivado 12-584] No ports matched 'an[1]'. [C:/Users/lebray/Vivado-Workflow-Scripts/Basys3_Master.xdc:103]
CRITICAL WARNING: [Common 17-55] 'set_property' expects at least one object. [C:/Users/lebray/Vivado-Workflow-Scripts/Basys3_Master.xdc:103]
Resolution: If [get_<value>] was used to populate the object, check to make sure this command returns at least one valid object.
WARNING: [Vivado 12-584] No ports matched 'an[2]'. [C:/Users/lebray/Vivado-Workflow-Scripts/Basys3_Master.xdc:104]
CRITICAL WARNING: [Common 17-55] 'set_property' expects at least one object. [C:/Users/lebray/Vivado-Workflow-Scripts/Basys3_Master.xdc:104]
Resolution: If [get_<value>] was used to populate the object, check to make sure this command returns at least one valid object.
WARNING: [Vivado 12-584] No ports matched 'an[2]'. [C:/Users/lebray/Vivado-Workflow-Scripts/Basys3_Master.xdc:105]
CRITICAL WARNING: [Common 17-55] 'set_property' expects at least one object. [C:/Users/lebray/Vivado-Workflow-Scripts/Basys3_Master.xdc:105]
Resolution: If [get_<value>] was used to populate the object, check to make sure this command returns at least one valid object.
WARNING: [Vivado 12-584] No ports matched 'an[3]'. [C:/Users/lebray/Vivado-Workflow-Scripts/Basys3_Master.xdc:106]
CRITICAL WARNING: [Common 17-55] 'set_property' expects at least one object. [C:/Users/lebray/Vivado-Workflow-Scripts/Basys3_Master.xdc:106]
Resolution: If [get_<value>] was used to populate the object, check to make sure this command returns at least one valid object.
WARNING: [Vivado 12-584] No ports matched 'an[3]'. [C:/Users/lebray/Vivado-Workflow-Scripts/Basys3_Master.xdc:107]
CRITICAL WARNING: [Common 17-55] 'set_property' expects at least one object. [C:/Users/lebray/Vivado-Workflow-Scripts/Basys3_Master.xdc:107]
Resolution: If [get_<value>] was used to populate the object, check to make sure this command returns at least one valid object.
WARNING: [Vivado 12-584] No ports matched 'btnU'. [C:/Users/lebray/Vivado-Workflow-Scripts/Basys3_Master.xdc:113]
CRITICAL WARNING: [Common 17-55] 'set_property' expects at least one object. [C:/Users/lebray/Vivado-Workflow-Scripts/Basys3_Master.xdc:113]
Resolution: If [get_<value>] was used to populate the object, check to make sure this command returns at least one valid object.
WARNING: [Vivado 12-584] No ports matched 'btnU'. [C:/Users/lebray/Vivado-Workflow-Scripts/Basys3_Master.xdc:114]
CRITICAL WARNING: [Common 17-55] 'set_property' expects at least one object. [C:/Users/lebray/Vivado-Workflow-Scripts/Basys3_Master.xdc:114]
Resolution: If [get_<value>] was used to populate the object, check to make sure this command returns at least one valid object.
WARNING: [Vivado 12-584] No ports matched 'btnL'. [C:/Users/lebray/Vivado-Workflow-Scripts/Basys3_Master.xdc:115]
CRITICAL WARNING: [Common 17-55] 'set_property' expects at least one object. [C:/Users/lebray/Vivado-Workflow-Scripts/Basys3_Master.xdc:115]
Resolution: If [get_<value>] was used to populate the object, check to make sure this command returns at least one valid object.
WARNING: [Vivado 12-584] No ports matched 'btnL'. [C:/Users/lebray/Vivado-Workflow-Scripts/Basys3_Master.xdc:116]
CRITICAL WARNING: [Common 17-55] 'set_property' expects at least one object. [C:/Users/lebray/Vivado-Workflow-Scripts/Basys3_Master.xdc:116]
Resolution: If [get_<value>] was used to populate the object, check to make sure this command returns at least one valid object.
WARNING: [Vivado 12-584] No ports matched 'btnR'. [C:/Users/lebray/Vivado-Workflow-Scripts/Basys3_Master.xdc:117]
CRITICAL WARNING: [Common 17-55] 'set_property' expects at least one object. [C:/Users/lebray/Vivado-Workflow-Scripts/Basys3_Master.xdc:117]
Resolution: If [get_<value>] was used to populate the object, check to make sure this command returns at least one valid object.
WARNING: [Vivado 12-584] No ports matched 'btnR'. [C:/Users/lebray/Vivado-Workflow-Scripts/Basys3_Master.xdc:118]
CRITICAL WARNING: [Common 17-55] 'set_property' expects at least one object. [C:/Users/lebray/Vivado-Workflow-Scripts/Basys3_Master.xdc:118]
Resolution: If [get_<value>] was used to populate the object, check to make sure this command returns at least one valid object.
WARNING: [Vivado 12-584] No ports matched 'btnD'. [C:/Users/lebray/Vivado-Workflow-Scripts/Basys3_Master.xdc:119]
CRITICAL WARNING: [Common 17-55] 'set_property' expects at least one object. [C:/Users/lebray/Vivado-Workflow-Scripts/Basys3_Master.xdc:119]
Resolution: If [get_<value>] was used to populate the object, check to make sure this command returns at least one valid object.
WARNING: [Vivado 12-584] No ports matched 'btnD'. [C:/Users/lebray/Vivado-Workflow-Scripts/Basys3_Master.xdc:120]
CRITICAL WARNING: [Common 17-55] 'set_property' expects at least one object. [C:/Users/lebray/Vivado-Workflow-Scripts/Basys3_Master.xdc:120]
Resolution: If [get_<value>] was used to populate the object, check to make sure this command returns at least one valid object.
WARNING: [Vivado 12-584] No ports matched 'JA[0]'. [C:/Users/lebray/Vivado-Workflow-Scripts/Basys3_Master.xdc:126]
CRITICAL WARNING: [Common 17-55] 'set_property' expects at least one object. [C:/Users/lebray/Vivado-Workflow-Scripts/Basys3_Master.xdc:126]
Resolution: If [get_<value>] was used to populate the object, check to make sure this command returns at least one valid object.
WARNING: [Vivado 12-584] No ports matched 'JA[0]'. [C:/Users/lebray/Vivado-Workflow-Scripts/Basys3_Master.xdc:127]
CRITICAL WARNING: [Common 17-55] 'set_property' expects at least one object. [C:/Users/lebray/Vivado-Workflow-Scripts/Basys3_Master.xdc:127]
Resolution: If [get_<value>] was used to populate the object, check to make sure this command returns at least one valid object.
WARNING: [Vivado 12-584] No ports matched 'JA[1]'. [C:/Users/lebray/Vivado-Workflow-Scripts/Basys3_Master.xdc:129]
CRITICAL WARNING: [Common 17-55] 'set_property' expects at least one object. [C:/Users/lebray/Vivado-Workflow-Scripts/Basys3_Master.xdc:129]
Resolution: If [get_<value>] was used to populate the object, check to make sure this command returns at least one valid object.
WARNING: [Vivado 12-584] No ports matched 'JA[1]'. [C:/Users/lebray/Vivado-Workflow-Scripts/Basys3_Master.xdc:130]
CRITICAL WARNING: [Common 17-55] 'set_property' expects at least one object. [C:/Users/lebray/Vivado-Workflow-Scripts/Basys3_Master.xdc:130]
Resolution: If [get_<value>] was used to populate the object, check to make sure this command returns at least one valid object.
WARNING: [Vivado 12-584] No ports matched 'JA[2]'. [C:/Users/lebray/Vivado-Workflow-Scripts/Basys3_Master.xdc:132]
CRITICAL WARNING: [Common 17-55] 'set_property' expects at least one object. [C:/Users/lebray/Vivado-Workflow-Scripts/Basys3_Master.xdc:132]
Resolution: If [get_<value>] was used to populate the object, check to make sure this command returns at least one valid object.
WARNING: [Vivado 12-584] No ports matched 'JA[2]'. [C:/Users/lebray/Vivado-Workflow-Scripts/Basys3_Master.xdc:133]
CRITICAL WARNING: [Common 17-55] 'set_property' expects at least one object. [C:/Users/lebray/Vivado-Workflow-Scripts/Basys3_Master.xdc:133]
Resolution: If [get_<value>] was used to populate the object, check to make sure this command returns at least one valid object.
WARNING: [Vivado 12-584] No ports matched 'JA[3]'. [C:/Users/lebray/Vivado-Workflow-Scripts/Basys3_Master.xdc:135]
CRITICAL WARNING: [Common 17-55] 'set_property' expects at least one object. [C:/Users/lebray/Vivado-Workflow-Scripts/Basys3_Master.xdc:135]
Resolution: If [get_<value>] was used to populate the object, check to make sure this command returns at least one valid object.
WARNING: [Vivado 12-584] No ports matched 'JA[3]'. [C:/Users/lebray/Vivado-Workflow-Scripts/Basys3_Master.xdc:136]
CRITICAL WARNING: [Common 17-55] 'set_property' expects at least one object. [C:/Users/lebray/Vivado-Workflow-Scripts/Basys3_Master.xdc:136]
Resolution: If [get_<value>] was used to populate the object, check to make sure this command returns at least one valid object.
WARNING: [Vivado 12-584] No ports matched 'JA[4]'. [C:/Users/lebray/Vivado-Workflow-Scripts/Basys3_Master.xdc:138]
CRITICAL WARNING: [Common 17-55] 'set_property' expects at least one object. [C:/Users/lebray/Vivado-Workflow-Scripts/Basys3_Master.xdc:138]
Resolution: If [get_<value>] was used to populate the object, check to make sure this command returns at least one valid object.
WARNING: [Vivado 12-584] No ports matched 'JA[4]'. [C:/Users/lebray/Vivado-Workflow-Scripts/Basys3_Master.xdc:139]
CRITICAL WARNING: [Common 17-55] 'set_property' expects at least one object. [C:/Users/lebray/Vivado-Workflow-Scripts/Basys3_Master.xdc:139]
Resolution: If [get_<value>] was used to populate the object, check to make sure this command returns at least one valid object.
WARNING: [Vivado 12-584] No ports matched 'JA[5]'. [C:/Users/lebray/Vivado-Workflow-Scripts/Basys3_Master.xdc:141]
CRITICAL WARNING: [Common 17-55] 'set_property' expects at least one object. [C:/Users/lebray/Vivado-Workflow-Scripts/Basys3_Master.xdc:141]
Resolution: If [get_<value>] was used to populate the object, check to make sure this command returns at least one valid object.
WARNING: [Vivado 12-584] No ports matched 'JA[5]'. [C:/Users/lebray/Vivado-Workflow-Scripts/Basys3_Master.xdc:142]
CRITICAL WARNING: [Common 17-55] 'set_property' expects at least one object. [C:/Users/lebray/Vivado-Workflow-Scripts/Basys3_Master.xdc:142]
Resolution: If [get_<value>] was used to populate the object, check to make sure this command returns at least one valid object.
WARNING: [Vivado 12-584] No ports matched 'JA[6]'. [C:/Users/lebray/Vivado-Workflow-Scripts/Basys3_Master.xdc:144]
CRITICAL WARNING: [Common 17-55] 'set_property' expects at least one object. [C:/Users/lebray/Vivado-Workflow-Scripts/Basys3_Master.xdc:144]
Resolution: If [get_<value>] was used to populate the object, check to make sure this command returns at least one valid object.
WARNING: [Vivado 12-584] No ports matched 'JA[6]'. [C:/Users/lebray/Vivado-Workflow-Scripts/Basys3_Master.xdc:145]
CRITICAL WARNING: [Common 17-55] 'set_property' expects at least one object. [C:/Users/lebray/Vivado-Workflow-Scripts/Basys3_Master.xdc:145]
Resolution: If [get_<value>] was used to populate the object, check to make sure this command returns at least one valid object.
WARNING: [Vivado 12-584] No ports matched 'JA[7]'. [C:/Users/lebray/Vivado-Workflow-Scripts/Basys3_Master.xdc:147]
CRITICAL WARNING: [Common 17-55] 'set_property' expects at least one object. [C:/Users/lebray/Vivado-Workflow-Scripts/Basys3_Master.xdc:147]
Resolution: If [get_<value>] was used to populate the object, check to make sure this command returns at least one valid object.
WARNING: [Vivado 12-584] No ports matched 'JA[7]'. [C:/Users/lebray/Vivado-Workflow-Scripts/Basys3_Master.xdc:148]
CRITICAL WARNING: [Common 17-55] 'set_property' expects at least one object. [C:/Users/lebray/Vivado-Workflow-Scripts/Basys3_Master.xdc:148]
Resolution: If [get_<value>] was used to populate the object, check to make sure this command returns at least one valid object.
WARNING: [Vivado 12-584] No ports matched 'JB[0]'. [C:/Users/lebray/Vivado-Workflow-Scripts/Basys3_Master.xdc:154]
CRITICAL WARNING: [Common 17-55] 'set_property' expects at least one object. [C:/Users/lebray/Vivado-Workflow-Scripts/Basys3_Master.xdc:154]
Resolution: If [get_<value>] was used to populate the object, check to make sure this command returns at least one valid object.
WARNING: [Vivado 12-584] No ports matched 'JB[0]'. [C:/Users/lebray/Vivado-Workflow-Scripts/Basys3_Master.xdc:155]
CRITICAL WARNING: [Common 17-55] 'set_property' expects at least one object. [C:/Users/lebray/Vivado-Workflow-Scripts/Basys3_Master.xdc:155]
Resolution: If [get_<value>] was used to populate the object, check to make sure this command returns at least one valid object.
WARNING: [Vivado 12-584] No ports matched 'JB[1]'. [C:/Users/lebray/Vivado-Workflow-Scripts/Basys3_Master.xdc:157]
CRITICAL WARNING: [Common 17-55] 'set_property' expects at least one object. [C:/Users/lebray/Vivado-Workflow-Scripts/Basys3_Master.xdc:157]
Resolution: If [get_<value>] was used to populate the object, check to make sure this command returns at least one valid object.
WARNING: [Vivado 12-584] No ports matched 'JB[1]'. [C:/Users/lebray/Vivado-Workflow-Scripts/Basys3_Master.xdc:158]
CRITICAL WARNING: [Common 17-55] 'set_property' expects at least one object. [C:/Users/lebray/Vivado-Workflow-Scripts/Basys3_Master.xdc:158]
Resolution: If [get_<value>] was used to populate the object, check to make sure this command returns at least one valid object.
WARNING: [Vivado 12-584] No ports matched 'JB[2]'. [C:/Users/lebray/Vivado-Workflow-Scripts/Basys3_Master.xdc:160]
CRITICAL WARNING: [Common 17-55] 'set_property' expects at least one object. [C:/Users/lebray/Vivado-Workflow-Scripts/Basys3_Master.xdc:160]
Resolution: If [get_<value>] was used to populate the object, check to make sure this command returns at least one valid object.
WARNING: [Vivado 12-584] No ports matched 'JB[2]'. [C:/Users/lebray/Vivado-Workflow-Scripts/Basys3_Master.xdc:161]
CRITICAL WARNING: [Common 17-55] 'set_property' expects at least one object. [C:/Users/lebray/Vivado-Workflow-Scripts/Basys3_Master.xdc:161]
Resolution: If [get_<value>] was used to populate the object, check to make sure this command returns at least one valid object.
WARNING: [Vivado 12-584] No ports matched 'JB[3]'. [C:/Users/lebray/Vivado-Workflow-Scripts/Basys3_Master.xdc:163]
CRITICAL WARNING: [Common 17-55] 'set_property' expects at least one object. [C:/Users/lebray/Vivado-Workflow-Scripts/Basys3_Master.xdc:163]
Resolution: If [get_<value>] was used to populate the object, check to make sure this command returns at least one valid object.
WARNING: [Vivado 12-584] No ports matched 'JB[3]'. [C:/Users/lebray/Vivado-Workflow-Scripts/Basys3_Master.xdc:164]
CRITICAL WARNING: [Common 17-55] 'set_property' expects at least one object. [C:/Users/lebray/Vivado-Workflow-Scripts/Basys3_Master.xdc:164]
Resolution: If [get_<value>] was used to populate the object, check to make sure this command returns at least one valid object.
WARNING: [Vivado 12-584] No ports matched 'JB[4]'. [C:/Users/lebray/Vivado-Workflow-Scripts/Basys3_Master.xdc:166]
CRITICAL WARNING: [Common 17-55] 'set_property' expects at least one object. [C:/Users/lebray/Vivado-Workflow-Scripts/Basys3_Master.xdc:166]
Resolution: If [get_<value>] was used to populate the object, check to make sure this command returns at least one valid object.
WARNING: [Vivado 12-584] No ports matched 'JB[4]'. [C:/Users/lebray/Vivado-Workflow-Scripts/Basys3_Master.xdc:167]
CRITICAL WARNING: [Common 17-55] 'set_property' expects at least one object. [C:/Users/lebray/Vivado-Workflow-Scripts/Basys3_Master.xdc:167]
Resolution: If [get_<value>] was used to populate the object, check to make sure this command returns at least one valid object.
WARNING: [Vivado 12-584] No ports matched 'JB[5]'. [C:/Users/lebray/Vivado-Workflow-Scripts/Basys3_Master.xdc:169]
CRITICAL WARNING: [Common 17-55] 'set_property' expects at least one object. [C:/Users/lebray/Vivado-Workflow-Scripts/Basys3_Master.xdc:169]
Resolution: If [get_<value>] was used to populate the object, check to make sure this command returns at least one valid object.
WARNING: [Vivado 12-584] No ports matched 'JB[5]'. [C:/Users/lebray/Vivado-Workflow-Scripts/Basys3_Master.xdc:170]
CRITICAL WARNING: [Common 17-55] 'set_property' expects at least one object. [C:/Users/lebray/Vivado-Workflow-Scripts/Basys3_Master.xdc:170]
Resolution: If [get_<value>] was used to populate the object, check to make sure this command returns at least one valid object.
WARNING: [Vivado 12-584] No ports matched 'JB[6]'. [C:/Users/lebray/Vivado-Workflow-Scripts/Basys3_Master.xdc:172]
CRITICAL WARNING: [Common 17-55] 'set_property' expects at least one object. [C:/Users/lebray/Vivado-Workflow-Scripts/Basys3_Master.xdc:172]
Resolution: If [get_<value>] was used to populate the object, check to make sure this command returns at least one valid object.
WARNING: [Vivado 12-584] No ports matched 'JB[6]'. [C:/Users/lebray/Vivado-Workflow-Scripts/Basys3_Master.xdc:173]
CRITICAL WARNING: [Common 17-55] 'set_property' expects at least one object. [C:/Users/lebray/Vivado-Workflow-Scripts/Basys3_Master.xdc:173]
Resolution: If [get_<value>] was used to populate the object, check to make sure this command returns at least one valid object.
WARNING: [Vivado 12-584] No ports matched 'JB[7]'. [C:/Users/lebray/Vivado-Workflow-Scripts/Basys3_Master.xdc:175]
CRITICAL WARNING: [Common 17-55] 'set_property' expects at least one object. [C:/Users/lebray/Vivado-Workflow-Scripts/Basys3_Master.xdc:175]
Resolution: If [get_<value>] was used to populate the object, check to make sure this command returns at least one valid object.
WARNING: [Vivado 12-584] No ports matched 'JB[7]'. [C:/Users/lebray/Vivado-Workflow-Scripts/Basys3_Master.xdc:176]
CRITICAL WARNING: [Common 17-55] 'set_property' expects at least one object. [C:/Users/lebray/Vivado-Workflow-Scripts/Basys3_Master.xdc:176]
Resolution: If [get_<value>] was used to populate the object, check to make sure this command returns at least one valid object.
WARNING: [Vivado 12-584] No ports matched 'RsRx'. [C:/Users/lebray/Vivado-Workflow-Scripts/Basys3_Master.xdc:267]
CRITICAL WARNING: [Common 17-55] 'set_property' expects at least one object. [C:/Users/lebray/Vivado-Workflow-Scripts/Basys3_Master.xdc:267]
Resolution: If [get_<value>] was used to populate the object, check to make sure this command returns at least one valid object.
WARNING: [Vivado 12-584] No ports matched 'RsRx'. [C:/Users/lebray/Vivado-Workflow-Scripts/Basys3_Master.xdc:268]
CRITICAL WARNING: [Common 17-55] 'set_property' expects at least one object. [C:/Users/lebray/Vivado-Workflow-Scripts/Basys3_Master.xdc:268]
Resolution: If [get_<value>] was used to populate the object, check to make sure this command returns at least one valid object.
WARNING: [Vivado 12-584] No ports matched 'RsTx'. [C:/Users/lebray/Vivado-Workflow-Scripts/Basys3_Master.xdc:269]
CRITICAL WARNING: [Common 17-55] 'set_property' expects at least one object. [C:/Users/lebray/Vivado-Workflow-Scripts/Basys3_Master.xdc:269]
Resolution: If [get_<value>] was used to populate the object, check to make sure this command returns at least one valid object.
WARNING: [Vivado 12-584] No ports matched 'RsTx'. [C:/Users/lebray/Vivado-Workflow-Scripts/Basys3_Master.xdc:270]
INFO: [Common 17-14] Message 'Vivado 12-584' appears 100 times and further instances of the messages will be disabled. Use the Tcl command set_msg_config to change the current settings. [C:/Users/lebray/Vivado-Workflow-Scripts/Basys3_Master.xdc:270]
CRITICAL WARNING: [Common 17-55] 'set_property' expects at least one object. [C:/Users/lebray/Vivado-Workflow-Scripts/Basys3_Master.xdc:270]
Resolution: If [get_<value>] was used to populate the object, check to make sure this command returns at least one valid object.
INFO: [Common 17-14] Message 'Common 17-55' appears 100 times and further instances of the messages will be disabled. Use the Tcl command set_msg_config to change the current settings. [C:/Users/lebray/Vivado-Workflow-Scripts/Basys3_Master.xdc:270]
Finished Parsing XDC File [C:/Users/lebray/Vivado-Workflow-Scripts/Basys3_Master.xdc]
INFO: [Opt 31-138] Pushed 0 inverter(s) to 0 load pin(s).
Netlist sorting complete. Time (s): cpu = 00:00:00 ; elapsed = 00:00:00 . Memory (MB): peak = 566.691 ; gain = 0.000
INFO: [Project 1-111] Unisim Transformation Summary:
  A total of 56 instances were transformed.
  LUT6_2 => LUT6_2 (LUT5, LUT6): 50 instances
  RAM32M => RAM32M (RAMD32, RAMD32, RAMD32, RAMD32, RAMD32, RAMD32, RAMS32, RAMS32): 4 instances
  RAM64M => RAM64M (RAMD64E, RAMD64E, RAMD64E, RAMD64E): 2 instances

9 Infos, 100 Warnings, 100 Critical Warnings and 0 Errors encountered.
link_design completed successfully
Command: opt_design
Attempting to get a license for feature 'Implementation' and/or device 'xc7a35t'
INFO: [Common 17-349] Got license for feature 'Implementation' and/or device 'xc7a35t'
Running DRC as a precondition to command opt_design

Starting DRC Task
INFO: [DRC 23-27] Running DRC with 2 threads
INFO: [Project 1-461] DRC finished with 0 Errors
INFO: [Project 1-462] Please refer to the DRC report (report_drc) for more information.

Time (s): cpu = 00:00:00 ; elapsed = 00:00:00.297 . Memory (MB): peak = 579.227 ; gain = 12.535

Starting Cache Timing Information Task
INFO: [Timing 38-35] Done setting XDC timing constraints.
Ending Cache Timing Information Task | Checksum: 106f0e6a3

Time (s): cpu = 00:00:04 ; elapsed = 00:00:04 . Memory (MB): peak = 1133.098 ; gain = 553.871

Starting Logic Optimization Task

Phase 1 Retarget
INFO: [Opt 31-138] Pushed 0 inverter(s) to 0 load pin(s).
INFO: [Opt 31-49] Retargeted 0 cell(s).
Phase 1 Retarget | Checksum: 1b28d5cff

Time (s): cpu = 00:00:00 ; elapsed = 00:00:00.015 . Memory (MB): peak = 1228.625 ; gain = 0.000
INFO: [Opt 31-389] Phase Retarget created 1 cells and removed 1 cells

Phase 2 Constant propagation
INFO: [Opt 31-138] Pushed 0 inverter(s) to 0 load pin(s).
Phase 2 Constant propagation | Checksum: 1763dbf92

Time (s): cpu = 00:00:00 ; elapsed = 00:00:00.024 . Memory (MB): peak = 1228.625 ; gain = 0.000
INFO: [Opt 31-389] Phase Constant propagation created 11 cells and removed 12 cells

Phase 3 Sweep
Phase 3 Sweep | Checksum: 10d8661a5

Time (s): cpu = 00:00:00 ; elapsed = 00:00:00.029 . Memory (MB): peak = 1228.625 ; gain = 0.000
INFO: [Opt 31-389] Phase Sweep created 3 cells and removed 5 cells

Phase 4 BUFG optimization
Phase 4 BUFG optimization | Checksum: 10d8661a5

Time (s): cpu = 00:00:00 ; elapsed = 00:00:00.036 . Memory (MB): peak = 1228.625 ; gain = 0.000
INFO: [Opt 31-662] Phase BUFG optimization created 0 cells of which 0 are BUFGs and removed 0 cells.

Phase 5 Shift Register Optimization
Phase 5 Shift Register Optimization | Checksum: 1a8b9d463

Time (s): cpu = 00:00:00 ; elapsed = 00:00:00.053 . Memory (MB): peak = 1228.625 ; gain = 0.000
INFO: [Opt 31-389] Phase Shift Register Optimization created 0 cells and removed 0 cells

Phase 6 Post Processing Netlist
Phase 6 Post Processing Netlist | Checksum: 1a8b9d463

Time (s): cpu = 00:00:00 ; elapsed = 00:00:00.055 . Memory (MB): peak = 1228.625 ; gain = 0.000
INFO: [Opt 31-389] Phase Post Processing Netlist created 0 cells and removed 0 cells
Opt_design Change Summary
=========================


-------------------------------------------------------------------------------------------------------------------------
|  Phase                        |  #Cells created  |  #Cells Removed  |  #Constrained objects preventing optimizations  |
-------------------------------------------------------------------------------------------------------------------------
|  Retarget                     |               1  |               1  |                                              0  |
|  Constant propagation         |              11  |              12  |                                              0  |
|  Sweep                        |               3  |               5  |                                              0  |
|  BUFG optimization            |               0  |               0  |                                              0  |
|  Shift Register Optimization  |               0  |               0  |                                              0  |
|  Post Processing Netlist      |               0  |               0  |                                              0  |
-------------------------------------------------------------------------------------------------------------------------



Starting Connectivity Check Task

Time (s): cpu = 00:00:00 ; elapsed = 00:00:00.001 . Memory (MB): peak = 1228.625 ; gain = 0.000
Ending Logic Optimization Task | Checksum: 1a8b9d463

Time (s): cpu = 00:00:00 ; elapsed = 00:00:00.056 . Memory (MB): peak = 1228.625 ; gain = 0.000

Starting Power Optimization Task
INFO: [Pwropt 34-132] Skipping clock gating for clocks with a period < 2.00 ns.
INFO: [Timing 38-35] Done setting XDC timing constraints.
INFO: [Pwropt 34-9] Applying IDT optimizations ...
INFO: [Pwropt 34-10] Applying ODC optimizations ...
INFO: [Physopt 32-619] Estimated Timing Summary | WNS=1.908 | TNS=0.000 |
Running Vector-less Activity Propagation...

Finished Running Vector-less Activity Propagation


Starting PowerOpt Patch Enables Task
INFO: [Pwropt 34-162] WRITE_MODE attribute of 0 BRAM(s) out of a total of 1 has been updated to save power. Run report_power_opt to get a complete listing of the BRAMs updated.
INFO: [Pwropt 34-201] Structural ODC has moved 0 WE to EN ports
Number of BRAM Ports augmented: 0 newly gated: 0 Total Ports: 2
Ending PowerOpt Patch Enables Task | Checksum: 1a8b9d463

Time (s): cpu = 00:00:00 ; elapsed = 00:00:00.008 . Memory (MB): peak = 1387.078 ; gain = 0.000
Ending Power Optimization Task | Checksum: 1a8b9d463

Time (s): cpu = 00:00:00 ; elapsed = 00:00:00.345 . Memory (MB): peak = 1387.078 ; gain = 158.453

Starting Final Cleanup Task
Ending Final Cleanup Task | Checksum: 1a8b9d463

Time (s): cpu = 00:00:00 ; elapsed = 00:00:00 . Memory (MB): peak = 1387.078 ; gain = 0.000

Starting Netlist Obfuscation Task
Netlist sorting complete. Time (s): cpu = 00:00:00 ; elapsed = 00:00:00 . Memory (MB): peak = 1387.078 ; gain = 0.000
Ending Netlist Obfuscation Task | Checksum: 1a8b9d463

Time (s): cpu = 00:00:00 ; elapsed = 00:00:00 . Memory (MB): peak = 1387.078 ; gain = 0.000
INFO: [Common 17-83] Releasing license: Implementation
31 Infos, 100 Warnings, 100 Critical Warnings and 0 Errors encountered.
opt_design completed successfully
opt_design: Time (s): cpu = 00:00:05 ; elapsed = 00:00:06 . Memory (MB): peak = 1387.078 ; gain = 820.387
Netlist sorting complete. Time (s): cpu = 00:00:00 ; elapsed = 00:00:00.001 . Memory (MB): peak = 1387.078 ; gain = 0.000
INFO: [Timing 38-480] Writing timing data to binary archive.
Writing placer database...
Writing XDEF routing.
Writing XDEF routing logical nets.
Writing XDEF routing special nets.
Write XDEF Complete: Time (s): cpu = 00:00:00 ; elapsed = 00:00:00.016 . Memory (MB): peak = 1387.078 ; gain = 0.000
Netlist sorting complete. Time (s): cpu = 00:00:00 ; elapsed = 00:00:00 . Memory (MB): peak = 1387.078 ; gain = 0.000
INFO: [Common 17-1381] The checkpoint 'C:/Users/lebray/Vivado-Workflow-Scripts/HW7/T2/vivado_project/T2.runs/impl_1/als_top_opt.dcp' has been generated.
INFO: [runtcl-4] Executing : report_drc -file als_top_drc_opted.rpt -pb als_top_drc_opted.pb -rpx als_top_drc_opted.rpx
Command: report_drc -file als_top_drc_opted.rpt -pb als_top_drc_opted.pb -rpx als_top_drc_opted.rpx
INFO: [IP_Flow 19-234] Refreshing IP repositories
INFO: [IP_Flow 19-1704] No user IP repositories specified
INFO: [IP_Flow 19-2313] Loaded Vivado IP repository 'C:/Xilinx/Vivado/2018.3/data/ip'.
INFO: [DRC 23-27] Running DRC with 2 threads
INFO: [Coretcl 2-168] The results of DRC are in file C:/Users/lebray/Vivado-Workflow-Scripts/HW7/T2/vivado_project/T2.runs/impl_1/als_top_drc_opted.rpt.
report_drc completed successfully
Command: place_design
Attempting to get a license for feature 'Implementation' and/or device 'xc7a35t'
INFO: [Common 17-349] Got license for feature 'Implementation' and/or device 'xc7a35t'
INFO: [DRC 23-27] Running DRC with 2 threads
INFO: [Vivado_Tcl 4-198] DRC finished with 0 Errors
INFO: [Vivado_Tcl 4-199] Please refer to the DRC report (report_drc) for more information.
Running DRC as a precondition to command place_design
INFO: [DRC 23-27] Running DRC with 2 threads
INFO: [Vivado_Tcl 4-198] DRC finished with 0 Errors
INFO: [Vivado_Tcl 4-199] Please refer to the DRC report (report_drc) for more information.

Starting Placer Task
INFO: [Place 30-611] Multithreading enabled for place_design using a maximum of 2 CPUs

Phase 1 Placer Initialization

Phase 1.1 Placer Initialization Netlist Sorting
Netlist sorting complete. Time (s): cpu = 00:00:00 ; elapsed = 00:00:00 . Memory (MB): peak = 1387.078 ; gain = 0.000
Phase 1.1 Placer Initialization Netlist Sorting | Checksum: 170cb5ee6

Time (s): cpu = 00:00:00 ; elapsed = 00:00:00.012 . Memory (MB): peak = 1387.078 ; gain = 0.000
Netlist sorting complete. Time (s): cpu = 00:00:00 ; elapsed = 00:00:00 . Memory (MB): peak = 1387.078 ; gain = 0.000

Phase 1.2 IO Placement/ Clock Placement/ Build Placer Device
INFO: [Timing 38-35] Done setting XDC timing constraints.
Phase 1.2 IO Placement/ Clock Placement/ Build Placer Device | Checksum: 10267e899

Time (s): cpu = 00:00:00 ; elapsed = 00:00:00.270 . Memory (MB): peak = 1387.078 ; gain = 0.000

Phase 1.3 Build Placer Netlist Model
Phase 1.3 Build Placer Netlist Model | Checksum: 13a58a678

Time (s): cpu = 00:00:00 ; elapsed = 00:00:00.345 . Memory (MB): peak = 1387.078 ; gain = 0.000

Phase 1.4 Constrain Clocks/Macros
Phase 1.4 Constrain Clocks/Macros | Checksum: 13a58a678

Time (s): cpu = 00:00:00 ; elapsed = 00:00:00.346 . Memory (MB): peak = 1387.078 ; gain = 0.000
Phase 1 Placer Initialization | Checksum: 13a58a678

Time (s): cpu = 00:00:00 ; elapsed = 00:00:00.347 . Memory (MB): peak = 1387.078 ; gain = 0.000

Phase 2 Global Placement

Phase 2.1 Floorplanning
Phase 2.1 Floorplanning | Checksum: 164a0b538

Time (s): cpu = 00:00:00 ; elapsed = 00:00:00.373 . Memory (MB): peak = 1387.078 ; gain = 0.000

Phase 2.2 Physical Synthesis In Placer
INFO: [Physopt 32-65] No nets found for high-fanout optimization.
INFO: [Physopt 32-232] Optimized 0 net. Created 0 new instance.
INFO: [Physopt 32-775] End 1 Pass. Optimized 0 net or cell. Created 0 new cell, deleted 0 existing cell and moved 0 existing cell
INFO: [Physopt 32-670] No setup violation found.  DSP Register Optimization was not performed.
INFO: [Physopt 32-670] No setup violation found.  Shift Register Optimization was not performed.
INFO: [Physopt 32-670] No setup violation found.  BRAM Register Optimization was not performed.
INFO: [Physopt 32-949] No candidate nets found for HD net replication
INFO: [Physopt 32-775] End 1 Pass. Optimized 0 net or cell. Created 0 new cell, deleted 0 existing cell and moved 0 existing cell
Netlist sorting complete. Time (s): cpu = 00:00:00 ; elapsed = 00:00:00 . Memory (MB): peak = 1387.078 ; gain = 0.000

Summary of Physical Synthesis Optimizations
============================================


----------------------------------------------------------------------------------------------------------------------------------------
|  Optimization                  |  Added Cells  |  Removed Cells  |  Optimized Cells/Nets  |  Dont Touch  |  Iterations  |  Elapsed   |
----------------------------------------------------------------------------------------------------------------------------------------
|  Very High Fanout              |            0  |              0  |                     0  |           0  |           1  |  00:00:00  |
|  DSP Register                  |            0  |              0  |                     0  |           0  |           0  |  00:00:00  |
|  Shift Register                |            0  |              0  |                     0  |           0  |           0  |  00:00:00  |
|  BRAM Register                 |            0  |              0  |                     0  |           0  |           0  |  00:00:00  |
|  HD Interface Net Replication  |            0  |              0  |                     0  |           0  |           1  |  00:00:00  |
|  Total                         |            0  |              0  |                     0  |           0  |           2  |  00:00:00  |
----------------------------------------------------------------------------------------------------------------------------------------


Phase 2.2 Physical Synthesis In Placer | Checksum: 14d60b8e8

Time (s): cpu = 00:00:01 ; elapsed = 00:00:00.956 . Memory (MB): peak = 1387.078 ; gain = 0.000
Phase 2 Global Placement | Checksum: 1b2738ec1

Time (s): cpu = 00:00:01 ; elapsed = 00:00:00.976 . Memory (MB): peak = 1387.078 ; gain = 0.000

Phase 3 Detail Placement

Phase 3.1 Commit Multi Column Macros
Phase 3.1 Commit Multi Column Macros | Checksum: 1b2738ec1

Time (s): cpu = 00:00:01 ; elapsed = 00:00:00.978 . Memory (MB): peak = 1387.078 ; gain = 0.000

Phase 3.2 Commit Most Macros & LUTRAMs
Phase 3.2 Commit Most Macros & LUTRAMs | Checksum: 17016c5ac

Time (s): cpu = 00:00:01 ; elapsed = 00:00:01 . Memory (MB): peak = 1387.078 ; gain = 0.000

Phase 3.3 Area Swap Optimization
Phase 3.3 Area Swap Optimization | Checksum: 1b122ddb6

Time (s): cpu = 00:00:01 ; elapsed = 00:00:01 . Memory (MB): peak = 1387.078 ; gain = 0.000

Phase 3.4 Pipeline Register Optimization
Phase 3.4 Pipeline Register Optimization | Checksum: 11e8a3516

Time (s): cpu = 00:00:01 ; elapsed = 00:00:01 . Memory (MB): peak = 1387.078 ; gain = 0.000

Phase 3.5 Small Shape Detail Placement
Phase 3.5 Small Shape Detail Placement | Checksum: 158ae964f

Time (s): cpu = 00:00:01 ; elapsed = 00:00:01 . Memory (MB): peak = 1387.078 ; gain = 0.000

Phase 3.6 Re-assign LUT pins
Phase 3.6 Re-assign LUT pins | Checksum: 12fd6e843

Time (s): cpu = 00:00:01 ; elapsed = 00:00:01 . Memory (MB): peak = 1387.078 ; gain = 0.000

Phase 3.7 Pipeline Register Optimization
Phase 3.7 Pipeline Register Optimization | Checksum: 1ddd03257

Time (s): cpu = 00:00:01 ; elapsed = 00:00:01 . Memory (MB): peak = 1387.078 ; gain = 0.000
Phase 3 Detail Placement | Checksum: 1ddd03257

Time (s): cpu = 00:00:01 ; elapsed = 00:00:01 . Memory (MB): peak = 1387.078 ; gain = 0.000

Phase 4 Post Placement Optimization and Clean-Up

Phase 4.1 Post Commit Optimization
INFO: [Timing 38-35] Done setting XDC timing constraints.

Phase 4.1.1 Post Placement Optimization
Post Placement Optimization Initialization | Checksum: 11756727c

Phase 4.1.1.1 BUFG Insertion
INFO: [Place 46-46] BUFG insertion identified 0 candidate nets, 0 success, 0 bufg driver replicated, 0 skipped for placement/routing, 0 skipped for timing, 0 skipped for netlist change reason
Phase 4.1.1.1 BUFG Insertion | Checksum: 11756727c

Time (s): cpu = 00:00:01 ; elapsed = 00:00:01 . Memory (MB): peak = 1387.078 ; gain = 0.000
INFO: [Place 30-746] Post Placement Timing Summary WNS=0.796. For the most accurate timing information please run report_timing.
Phase 4.1.1 Post Placement Optimization | Checksum: 160f8d3ea

Time (s): cpu = 00:00:02 ; elapsed = 00:00:02 . Memory (MB): peak = 1387.078 ; gain = 0.000
Phase 4.1 Post Commit Optimization | Checksum: 160f8d3ea

Time (s): cpu = 00:00:02 ; elapsed = 00:00:02 . Memory (MB): peak = 1387.078 ; gain = 0.000

Phase 4.2 Post Placement Cleanup
Phase 4.2 Post Placement Cleanup | Checksum: 160f8d3ea

Time (s): cpu = 00:00:02 ; elapsed = 00:00:02 . Memory (MB): peak = 1387.078 ; gain = 0.000

Phase 4.3 Placer Reporting
Phase 4.3 Placer Reporting | Checksum: 160f8d3ea

Time (s): cpu = 00:00:02 ; elapsed = 00:00:02 . Memory (MB): peak = 1387.078 ; gain = 0.000

Phase 4.4 Final Placement Cleanup
Netlist sorting complete. Time (s): cpu = 00:00:00 ; elapsed = 00:00:00 . Memory (MB): peak = 1387.078 ; gain = 0.000
Phase 4.4 Final Placement Cleanup | Checksum: 1d4d65088

Time (s): cpu = 00:00:02 ; elapsed = 00:00:02 . Memory (MB): peak = 1387.078 ; gain = 0.000
Phase 4 Post Placement Optimization and Clean-Up | Checksum: 1d4d65088

Time (s): cpu = 00:00:02 ; elapsed = 00:00:02 . Memory (MB): peak = 1387.078 ; gain = 0.000
Ending Placer Task | Checksum: 141b1679c

Time (s): cpu = 00:00:02 ; elapsed = 00:00:02 . Memory (MB): peak = 1387.078 ; gain = 0.000
INFO: [Common 17-83] Releasing license: Implementation
60 Infos, 100 Warnings, 100 Critical Warnings and 0 Errors encountered.
place_design completed successfully
Netlist sorting complete. Time (s): cpu = 00:00:00 ; elapsed = 00:00:00 . Memory (MB): peak = 1387.078 ; gain = 0.000
INFO: [Timing 38-480] Writing timing data to binary archive.
Writing placer database...
Writing XDEF routing.
Writing XDEF routing logical nets.
Writing XDEF routing special nets.
Write XDEF Complete: Time (s): cpu = 00:00:00 ; elapsed = 00:00:00.027 . Memory (MB): peak = 1387.078 ; gain = 0.000
Netlist sorting complete. Time (s): cpu = 00:00:00 ; elapsed = 00:00:00 . Memory (MB): peak = 1387.078 ; gain = 0.000
INFO: [Common 17-1381] The checkpoint 'C:/Users/lebray/Vivado-Workflow-Scripts/HW7/T2/vivado_project/T2.runs/impl_1/als_top_placed.dcp' has been generated.
INFO: [runtcl-4] Executing : report_io -file als_top_io_placed.rpt
report_io: Time (s): cpu = 00:00:00 ; elapsed = 00:00:00.016 . Memory (MB): peak = 1387.078 ; gain = 0.000
INFO: [runtcl-4] Executing : report_utilization -file als_top_utilization_placed.rpt -pb als_top_utilization_placed.pb
INFO: [runtcl-4] Executing : report_control_sets -verbose -file als_top_control_sets_placed.rpt
report_control_sets: Time (s): cpu = 00:00:00 ; elapsed = 00:00:00.002 . Memory (MB): peak = 1387.078 ; gain = 0.000
Command: route_design
Attempting to get a license for feature 'Implementation' and/or device 'xc7a35t'
INFO: [Common 17-349] Got license for feature 'Implementation' and/or device 'xc7a35t'
Running DRC as a precondition to command route_design
INFO: [DRC 23-27] Running DRC with 2 threads
INFO: [Vivado_Tcl 4-198] DRC finished with 0 Errors
INFO: [Vivado_Tcl 4-199] Please refer to the DRC report (report_drc) for more information.


Starting Routing Task
INFO: [Route 35-254] Multithreading enabled for route_design using a maximum of 2 CPUs
Checksum: PlaceDB: c845043b ConstDB: 0 ShapeSum: 796c6361 RouteDB: 0

Phase 1 Build RT Design
Phase 1 Build RT Design | Checksum: e835d560

Time (s): cpu = 00:00:09 ; elapsed = 00:00:08 . Memory (MB): peak = 1387.078 ; gain = 0.000
Post Restoration Checksum: NetGraph: 9919b81d NumContArr: 4f1c1d43 Constraints: 0 Timing: 0

Phase 2 Router Initialization

Phase 2.1 Create Timer
Phase 2.1 Create Timer | Checksum: e835d560

Time (s): cpu = 00:00:09 ; elapsed = 00:00:08 . Memory (MB): peak = 1401.141 ; gain = 14.062

Phase 2.2 Fix Topology Constraints
Phase 2.2 Fix Topology Constraints | Checksum: e835d560

Time (s): cpu = 00:00:09 ; elapsed = 00:00:08 . Memory (MB): peak = 1407.172 ; gain = 20.094

Phase 2.3 Pre Route Cleanup
Phase 2.3 Pre Route Cleanup | Checksum: e835d560

Time (s): cpu = 00:00:09 ; elapsed = 00:00:08 . Memory (MB): peak = 1407.172 ; gain = 20.094
 Number of Nodes with overlaps = 0

Phase 2.4 Update Timing
Phase 2.4 Update Timing | Checksum: 1176c71b9

Time (s): cpu = 00:00:09 ; elapsed = 00:00:08 . Memory (MB): peak = 1412.926 ; gain = 25.848
INFO: [Route 35-416] Intermediate Timing Summary | WNS=0.943  | TNS=0.000  | WHS=-0.150 | THS=-12.802|

Phase 2 Router Initialization | Checksum: 1b50c4295

Time (s): cpu = 00:00:09 ; elapsed = 00:00:08 . Memory (MB): peak = 1412.926 ; gain = 25.848

Phase 3 Initial Routing
Phase 3 Initial Routing | Checksum: 1f0988306

Time (s): cpu = 00:00:09 ; elapsed = 00:00:08 . Memory (MB): peak = 1412.926 ; gain = 25.848

Phase 4 Rip-up And Reroute

Phase 4.1 Global Iteration 0
 Number of Nodes with overlaps = 34
 Number of Nodes with overlaps = 9
 Number of Nodes with overlaps = 5
 Number of Nodes with overlaps = 4
 Number of Nodes with overlaps = 3
 Number of Nodes with overlaps = 1
 Number of Nodes with overlaps = 0
INFO: [Route 35-416] Intermediate Timing Summary | WNS=0.482  | TNS=0.000  | WHS=N/A    | THS=N/A    |

Phase 4.1 Global Iteration 0 | Checksum: 19ad0cc8a

Time (s): cpu = 00:00:09 ; elapsed = 00:00:08 . Memory (MB): peak = 1412.926 ; gain = 25.848
Phase 4 Rip-up And Reroute | Checksum: 19ad0cc8a

Time (s): cpu = 00:00:09 ; elapsed = 00:00:08 . Memory (MB): peak = 1412.926 ; gain = 25.848

Phase 5 Delay and Skew Optimization

Phase 5.1 Delay CleanUp

Phase 5.1.1 Update Timing
Phase 5.1.1 Update Timing | Checksum: 257dfea7e

Time (s): cpu = 00:00:09 ; elapsed = 00:00:08 . Memory (MB): peak = 1412.926 ; gain = 25.848
INFO: [Route 35-416] Intermediate Timing Summary | WNS=0.489  | TNS=0.000  | WHS=N/A    | THS=N/A    |

Phase 5.1 Delay CleanUp | Checksum: 257dfea7e

Time (s): cpu = 00:00:09 ; elapsed = 00:00:08 . Memory (MB): peak = 1412.926 ; gain = 25.848

Phase 5.2 Clock Skew Optimization
Phase 5.2 Clock Skew Optimization | Checksum: 257dfea7e

Time (s): cpu = 00:00:09 ; elapsed = 00:00:08 . Memory (MB): peak = 1412.926 ; gain = 25.848
Phase 5 Delay and Skew Optimization | Checksum: 257dfea7e

Time (s): cpu = 00:00:09 ; elapsed = 00:00:08 . Memory (MB): peak = 1412.926 ; gain = 25.848

Phase 6 Post Hold Fix

Phase 6.1 Hold Fix Iter

Phase 6.1.1 Update Timing
Phase 6.1.1 Update Timing | Checksum: 23810cef8

Time (s): cpu = 00:00:09 ; elapsed = 00:00:08 . Memory (MB): peak = 1412.926 ; gain = 25.848
INFO: [Route 35-416] Intermediate Timing Summary | WNS=0.489  | TNS=0.000  | WHS=0.100  | THS=0.000  |

Phase 6.1 Hold Fix Iter | Checksum: 2571ee60b

Time (s): cpu = 00:00:09 ; elapsed = 00:00:08 . Memory (MB): peak = 1412.926 ; gain = 25.848
Phase 6 Post Hold Fix | Checksum: 2571ee60b

Time (s): cpu = 00:00:09 ; elapsed = 00:00:08 . Memory (MB): peak = 1412.926 ; gain = 25.848

Phase 7 Route finalize

Router Utilization Summary
  Global Vertical Routing Utilization    = 0.187914 %
  Global Horizontal Routing Utilization  = 0.302707 %
  Routable Net Status*
  *Does not include unroutable nets such as driverless and loadless.
  Run report_route_status for detailed report.
  Number of Failed Nets               = 0
  Number of Unrouted Nets             = 0
  Number of Partially Routed Nets     = 0
  Number of Node Overlaps             = 0

Phase 7 Route finalize | Checksum: 18d67e79f

Time (s): cpu = 00:00:09 ; elapsed = 00:00:08 . Memory (MB): peak = 1412.926 ; gain = 25.848

Phase 8 Verifying routed nets

 Verification completed successfully
Phase 8 Verifying routed nets | Checksum: 18d67e79f

Time (s): cpu = 00:00:09 ; elapsed = 00:00:08 . Memory (MB): peak = 1413.445 ; gain = 26.367

Phase 9 Depositing Routes
Phase 9 Depositing Routes | Checksum: 147af238b

Time (s): cpu = 00:00:09 ; elapsed = 00:00:08 . Memory (MB): peak = 1413.445 ; gain = 26.367

Phase 10 Post Router Timing
INFO: [Route 35-57] Estimated Timing Summary | WNS=0.489  | TNS=0.000  | WHS=0.100  | THS=0.000  |

INFO: [Route 35-327] The final timing numbers are based on the router estimated timing analysis. For a complete and accurate timing signoff, please run report_timing_summary.
Phase 10 Post Router Timing | Checksum: 147af238b

Time (s): cpu = 00:00:09 ; elapsed = 00:00:08 . Memory (MB): peak = 1413.445 ; gain = 26.367
INFO: [Route 35-16] Router Completed Successfully

Time (s): cpu = 00:00:09 ; elapsed = 00:00:08 . Memory (MB): peak = 1413.445 ; gain = 26.367

Routing Is Done.
INFO: [Common 17-83] Releasing license: Implementation
78 Infos, 100 Warnings, 100 Critical Warnings and 0 Errors encountered.
route_design completed successfully
route_design: Time (s): cpu = 00:00:09 ; elapsed = 00:00:09 . Memory (MB): peak = 1413.445 ; gain = 26.367
Netlist sorting complete. Time (s): cpu = 00:00:00 ; elapsed = 00:00:00 . Memory (MB): peak = 1413.445 ; gain = 0.000
INFO: [Timing 38-480] Writing timing data to binary archive.
Writing placer database...
Writing XDEF routing.
Writing XDEF routing logical nets.
Writing XDEF routing special nets.
Write XDEF Complete: Time (s): cpu = 00:00:01 ; elapsed = 00:00:00.031 . Memory (MB): peak = 1413.445 ; gain = 0.000
Netlist sorting complete. Time (s): cpu = 00:00:00 ; elapsed = 00:00:00.001 . Memory (MB): peak = 1413.445 ; gain = 0.000
INFO: [Common 17-1381] The checkpoint 'C:/Users/lebray/Vivado-Workflow-Scripts/HW7/T2/vivado_project/T2.runs/impl_1/als_top_routed.dcp' has been generated.
INFO: [runtcl-4] Executing : report_drc -file als_top_drc_routed.rpt -pb als_top_drc_routed.pb -rpx als_top_drc_routed.rpx
Command: report_drc -file als_top_drc_routed.rpt -pb als_top_drc_routed.pb -rpx als_top_drc_routed.rpx
INFO: [IP_Flow 19-1839] IP Catalog is up to date.
INFO: [DRC 23-27] Running DRC with 2 threads
INFO: [Coretcl 2-168] The results of DRC are in file C:/Users/lebray/Vivado-Workflow-Scripts/HW7/T2/vivado_project/T2.runs/impl_1/als_top_drc_routed.rpt.
report_drc completed successfully
INFO: [runtcl-4] Executing : report_methodology -file als_top_methodology_drc_routed.rpt -pb als_top_methodology_drc_routed.pb -rpx als_top_methodology_drc_routed.rpx
Command: report_methodology -file als_top_methodology_drc_routed.rpt -pb als_top_methodology_drc_routed.pb -rpx als_top_methodology_drc_routed.rpx
INFO: [Timing 38-35] Done setting XDC timing constraints.
INFO: [DRC 23-133] Running Methodology with 2 threads
INFO: [Coretcl 2-1520] The results of Report Methodology are in file C:/Users/lebray/Vivado-Workflow-Scripts/HW7/T2/vivado_project/T2.runs/impl_1/als_top_methodology_drc_routed.rpt.
report_methodology completed successfully
INFO: [runtcl-4] Executing : report_power -file als_top_power_routed.rpt -pb als_top_power_summary_routed.pb -rpx als_top_power_routed.rpx
Command: report_power -file als_top_power_routed.rpt -pb als_top_power_summary_routed.pb -rpx als_top_power_routed.rpx
INFO: [Timing 38-35] Done setting XDC timing constraints.
Running Vector-less Activity Propagation...

Finished Running Vector-less Activity Propagation
90 Infos, 100 Warnings, 100 Critical Warnings and 0 Errors encountered.
report_power completed successfully
INFO: [runtcl-4] Executing : report_route_status -file als_top_route_status.rpt -pb als_top_route_status.pb
INFO: [runtcl-4] Executing : report_timing_summary -max_paths 10 -file als_top_timing_summary_routed.rpt -pb als_top_timing_summary_routed.pb -rpx als_top_timing_summary_routed.rpx -warn_on_violation 
INFO: [Timing 38-91] UpdateTimingParams: Speed grade: -1, Delay Type: min_max.
INFO: [Timing 38-191] Multithreading enabled for timing update using a maximum of 2 CPUs
INFO: [runtcl-4] Executing : report_incremental_reuse -file als_top_incremental_reuse_routed.rpt
INFO: [Vivado_Tcl 4-1062] Incremental flow is disabled. No incremental reuse Info to report.
INFO: [runtcl-4] Executing : report_clock_utilization -file als_top_clock_utilization_routed.rpt
INFO: [runtcl-4] Executing : report_bus_skew -warn_on_violation -file als_top_bus_skew_routed.rpt -pb als_top_bus_skew_routed.pb -rpx als_top_bus_skew_routed.rpx
INFO: [Timing 38-91] UpdateTimingParams: Speed grade: -1, Delay Type: min_max.
INFO: [Timing 38-191] Multithreading enabled for timing update using a maximum of 2 CPUs
INFO: [Common 17-206] Exiting Vivado at Mon Mar 30 14:30:22 2026...

*** Running vivado
    with args -log als_top.vdi -applog -m64 -product Vivado -messageDb vivado.pb -mode batch -source als_top.tcl -notrace


****** Vivado v2018.3 (64-bit)
  **** SW Build 2405991 on Thu Dec  6 23:38:27 MST 2018
  **** IP Build 2404404 on Fri Dec  7 01:43:56 MST 2018
    ** Copyright 1986-2018 Xilinx, Inc. All Rights Reserved.

source als_top.tcl -notrace
Command: open_checkpoint als_top_routed.dcp

Starting open_checkpoint Task

Time (s): cpu = 00:00:00 ; elapsed = 00:00:00.015 . Memory (MB): peak = 254.070 ; gain = 0.000
INFO: [Netlist 29-17] Analyzing 61 Unisim elements for replacement
INFO: [Netlist 29-28] Unisim Transformation completed in 0 CPU seconds
INFO: [Project 1-479] Netlist was created with Vivado 2018.3
INFO: [Device 21-403] Loading part xc7a35tcpg236-1
INFO: [Project 1-570] Preparing netlist for logic optimization
INFO: [Timing 38-478] Restoring timing data from binary archive.
INFO: [Timing 38-479] Binary timing data restore complete.
INFO: [Project 1-856] Restoring constraints from binary archive.
INFO: [Project 1-853] Binary constraint restore complete.
Reading XDEF placement.
Reading placer database...
Reading XDEF routing.
Read XDEF File: Time (s): cpu = 00:00:00 ; elapsed = 00:00:00.057 . Memory (MB): peak = 1134.070 ; gain = 2.566
Restored from archive | CPU: 0.000000 secs | Memory: 0.000000 MB |
Finished XDEF File Restore: Time (s): cpu = 00:00:00 ; elapsed = 00:00:00.057 . Memory (MB): peak = 1134.070 ; gain = 2.566
Netlist sorting complete. Time (s): cpu = 00:00:00 ; elapsed = 00:00:00.001 . Memory (MB): peak = 1134.090 ; gain = 0.000
INFO: [Project 1-111] Unisim Transformation Summary:
  A total of 44 instances were transformed.
  LUT6_2 => LUT6_2 (LUT5, LUT6): 38 instances
  RAM32M => RAM32M (RAMD32, RAMD32, RAMD32, RAMD32, RAMD32, RAMD32, RAMS32, RAMS32): 4 instances
  RAM64M => RAM64M (RAMD64E, RAMD64E, RAMD64E, RAMD64E): 2 instances

INFO: [Project 1-604] Checkpoint was created with Vivado v2018.3 (64-bit) build 2405991
open_checkpoint: Time (s): cpu = 00:00:07 ; elapsed = 00:00:09 . Memory (MB): peak = 1134.090 ; gain = 880.020
Command: write_bitstream -force als_top.bit
Attempting to get a license for feature 'Implementation' and/or device 'xc7a35t'
INFO: [Common 17-349] Got license for feature 'Implementation' and/or device 'xc7a35t'
Running DRC as a precondition to command write_bitstream
INFO: [IP_Flow 19-234] Refreshing IP repositories
INFO: [IP_Flow 19-1704] No user IP repositories specified
INFO: [IP_Flow 19-2313] Loaded Vivado IP repository 'C:/Xilinx/Vivado/2018.3/data/ip'.
INFO: [DRC 23-27] Running DRC with 2 threads
ERROR: [DRC NSTD-1] Unspecified I/O Standard: 3 out of 20 logical ports use I/O standard (IOSTANDARD) value 'DEFAULT', instead of a user assigned specific value. This may cause I/O contention or incompatibility with the board power or connectivity affecting performance, signal integrity or in extreme cases cause damage to the device or the components to which it is connected. To correct this violation, specify all I/O standards. This design will fail to generate a bitstream unless all logical ports have a user specified I/O standard value defined. To allow bitstream creation with unspecified I/O standard values (not recommended), use this command: set_property SEVERITY {Warning} [get_drc_checks NSTD-1].  NOTE: When using the Vivado Runs infrastructure (e.g. launch_runs Tcl command), add this command to a .tcl file and add that file as a pre-hook for write_bitstream step for the implementation run. Problem ports: JB0, JB1, and JB2.
ERROR: [DRC UCIO-1] Unconstrained Logical Port: 3 out of 20 logical ports have no user assigned specific location constraint (LOC). This may cause I/O contention or incompatibility with the board power or connectivity affecting performance, signal integrity or in extreme cases cause damage to the device or the components to which it is connected. To correct this violation, specify all pin locations. This design will fail to generate a bitstream unless all logical ports have a user specified site LOC constraint defined.  To allow bitstream creation with unspecified pin locations (not recommended), use this command: set_property SEVERITY {Warning} [get_drc_checks UCIO-1].  NOTE: When using the Vivado Runs infrastructure (e.g. launch_runs Tcl command), add this command to a .tcl file and add that file as a pre-hook for write_bitstream step for the implementation run.  Problem ports: JB0, JB1, and JB2.
WARNING: [DRC CFGBVS-1] Missing CFGBVS and CONFIG_VOLTAGE Design Properties: Neither the CFGBVS nor CONFIG_VOLTAGE voltage property is set in the current_design.  Configuration bank voltage select (CFGBVS) must be set to VCCO or GND, and CONFIG_VOLTAGE must be set to the correct configuration voltage, in order to determine the I/O voltage support for the pins in bank 0.  It is suggested to specify these either using the 'Edit Device Properties' function in the GUI or directly in the XDC file using the following syntax:

 set_property CFGBVS value1 [current_design]
 #where value1 is either VCCO or GND

 set_property CONFIG_VOLTAGE value2 [current_design]
 #where value2 is the voltage provided to configuration bank 0

Refer to the device configuration user guide for more information.
INFO: [Vivado 12-3199] DRC finished with 2 Errors, 1 Warnings
INFO: [Vivado 12-3200] Please refer to the DRC report (report_drc) for more information.
ERROR: [Vivado 12-1345] Error(s) found during DRC. Bitgen not run.
INFO: [Common 17-83] Releasing license: Implementation
19 Infos, 1 Warnings, 0 Critical Warnings and 3 Errors encountered.
write_bitstream failed
ERROR: [Common 17-39] 'write_bitstream' failed due to earlier errors.

INFO: [Common 17-206] Exiting Vivado at Mon Mar 30 14:30:48 2026...
[Mon Mar 30 14:30:50 2026] impl_1 finished
wait_on_run: Time (s): cpu = 00:00:00 ; elapsed = 00:00:25 . Memory (MB): peak = 262.492 ; gain = 0.000
# set bit_status [get_property STATUS [get_runs impl_1]]
# if {$bit_status != "write_bitstream Complete!"} {
#     puts "ERROR: Bitstream generation failed: $bit_status"
#     exit 1
# }
ERROR: Bitstream generation failed: write_bitstream ERROR
INFO: [Common 17-206] Exiting Vivado at Mon Mar 30 14:30:50 2026...
