#-----------------------------------------------------------
# Vivado v2018.3 (64-bit)
# SW Build 2405991 on Thu Dec  6 23:38:27 MST 2018
# IP Build 2404404 on Fri Dec  7 01:43:56 MST 2018
# Start of session at: Fri Apr  3 20:04:17 2026
# Process ID: 21268
# Current directory: C:/Users/lebray/Vivado-Workflow-Scripts
# Command line: vivado.exe -mode batch -source C:\Users\lebray\Vivado-Workflow-Scripts\HW9\T1\build.tcl -log C:\Users\lebray\Vivado-Workflow-Scripts\HW9\T1\vivado.log -journal C:\Users\lebray\Vivado-Workflow-Scripts\HW9\T1\vivado.jou
# Log file: C:/Users/lebray/Vivado-Workflow-Scripts/HW9/T1/vivado.log
# Journal file: C:\Users\lebray\Vivado-Workflow-Scripts\HW9\T1\vivado.jou
#-----------------------------------------------------------
source {C:\Users\lebray\Vivado-Workflow-Scripts\HW9\T1\build.tcl}
# create_project T1 {C:\Users\lebray\Vivado-Workflow-Scripts\HW9\T1\vivado_project} -part xc7a35tcpg236-1 -force
# if {[catch {set_property board_part digilentinc.com:basys3:part0:1.2 [current_project]}]} {
#     puts "Note: board part not available"
# }
Note: board part not available
# set_property target_language Verilog [current_project]
# add_files -norecurse {C:\Users\lebray\Vivado-Workflow-Scripts\HW9\T1\XADCdemo.v}
# add_files -norecurse {C:\Users\lebray\Vivado-Workflow-Scripts\HW9\T1\SPI_leader_transmitter.v}
# create_ip -name xadc_wiz -vendor xilinx.com -library ip -version 3.3 -module_name xadc_wiz_0
INFO: [IP_Flow 19-234] Refreshing IP repositories
INFO: [IP_Flow 19-1704] No user IP repositories specified
INFO: [IP_Flow 19-2313] Loaded Vivado IP repository 'C:/Xilinx/Vivado/2018.3/data/ip'.
INFO: [Device 21-403] Loading part xc7a35tcpg236-1
# set_property -dict [list \
#     CONFIG.INTERFACE_SELECTION            {Enable_DRP} \
#     CONFIG.SINGLE_CHANNEL_SELECTION       {VAUXP6_VAUXN6} \
#     CONFIG.DCLK_FREQUENCY                 {100} \
#     CONFIG.ADC_CONVERSION_RATE            {1000} \
#     CONFIG.CHANNEL_ENABLE_VAUXP6_VAUXN6   {true} \
# ] [get_ips xadc_wiz_0]
# generate_target {all} [get_ips xadc_wiz_0]
INFO: [IP_Flow 19-1686] Generating 'Instantiation Template' target for IP 'xadc_wiz_0'...
INFO: [IP_Flow 19-1686] Generating 'Synthesis' target for IP 'xadc_wiz_0'...
INFO: [IP_Flow 19-1686] Generating 'Simulation' target for IP 'xadc_wiz_0'...
INFO: [IP_Flow 19-1686] Generating 'Miscellaneous' target for IP 'xadc_wiz_0'...
INFO: [IP_Flow 19-1686] Generating 'Change Log' target for IP 'xadc_wiz_0'...
# set_property top XADCdemo [current_fileset]
# update_compile_order -fileset sources_1
# add_files -fileset constrs_1 -norecurse {C:\Users\lebray\Vivado-Workflow-Scripts\HW9\T1\constraints.xdc}
# reset_run synth_1
# launch_runs synth_1
[Fri Apr  3 20:04:30 2026] Launched xadc_wiz_0_synth_1...
Run output will be captured here: C:/Users/lebray/Vivado-Workflow-Scripts/HW9/T1/vivado_project/T1.runs/xadc_wiz_0_synth_1/runme.log
[Fri Apr  3 20:04:30 2026] Launched synth_1...
Run output will be captured here: C:/Users/lebray/Vivado-Workflow-Scripts/HW9/T1/vivado_project/T1.runs/synth_1/runme.log
# wait_on_run synth_1
[Fri Apr  3 20:04:30 2026] Waiting for synth_1 to finish...

*** Running vivado
    with args -log XADCdemo.vds -m64 -product Vivado -mode batch -messageDb vivado.pb -notrace -source XADCdemo.tcl


****** Vivado v2018.3 (64-bit)
  **** SW Build 2405991 on Thu Dec  6 23:38:27 MST 2018
  **** IP Build 2404404 on Fri Dec  7 01:43:56 MST 2018
    ** Copyright 1986-2018 Xilinx, Inc. All Rights Reserved.

source XADCdemo.tcl -notrace
Command: synth_design -top XADCdemo -part xc7a35tcpg236-1
Starting synth_design
Attempting to get a license for feature 'Synthesis' and/or device 'xc7a35t'
INFO: [Common 17-349] Got license for feature 'Synthesis' and/or device 'xc7a35t'
INFO: Launching helper process for spawning children vivado processes
INFO: Helper process launched with PID 18596 
---------------------------------------------------------------------------------
Starting RTL Elaboration : Time (s): cpu = 00:00:01 ; elapsed = 00:00:01 . Memory (MB): peak = 385.047 ; gain = 99.652
---------------------------------------------------------------------------------
INFO: [Synth 8-6157] synthesizing module 'XADCdemo' [C:/Users/lebray/Vivado-Workflow-Scripts/HW9/T1/XADCdemo.v:1]
INFO: [Synth 8-6157] synthesizing module 'xadc_wiz_0' [C:/Users/lebray/Vivado-Workflow-Scripts/HW9/T1/vivado_project/T1.runs/synth_1/.Xil/Vivado-23444-BH610-DRZVK84/realtime/xadc_wiz_0_stub.v:5]
INFO: [Synth 8-6155] done synthesizing module 'xadc_wiz_0' (1#1) [C:/Users/lebray/Vivado-Workflow-Scripts/HW9/T1/vivado_project/T1.runs/synth_1/.Xil/Vivado-23444-BH610-DRZVK84/realtime/xadc_wiz_0_stub.v:5]
WARNING: [Synth 8-350] instance 'XLXI_7' of module 'xadc_wiz_0' requires 21 connections, but only 15 given [C:/Users/lebray/Vivado-Workflow-Scripts/HW9/T1/XADCdemo.v:21]
INFO: [Synth 8-6157] synthesizing module 'SPI_leader_transmitter' [C:/Users/lebray/Vivado-Workflow-Scripts/HW9/T1/SPI_leader_transmitter.v:1]
	Parameter data_length bound to: 8 - type: integer 
	Parameter RDY bound to: 2'b00 
	Parameter START bound to: 2'b01 
	Parameter TRANSMIT bound to: 2'b10 
	Parameter STOP bound to: 2'b11 
INFO: [Synth 8-6155] done synthesizing module 'SPI_leader_transmitter' (2#1) [C:/Users/lebray/Vivado-Workflow-Scripts/HW9/T1/SPI_leader_transmitter.v:1]
INFO: [Synth 8-6155] done synthesizing module 'XADCdemo' (3#1) [C:/Users/lebray/Vivado-Workflow-Scripts/HW9/T1/XADCdemo.v:1]
---------------------------------------------------------------------------------
Finished RTL Elaboration : Time (s): cpu = 00:00:01 ; elapsed = 00:00:01 . Memory (MB): peak = 440.148 ; gain = 154.754
---------------------------------------------------------------------------------

Report Check Netlist: 
+------+------------------+-------+---------+-------+------------------+
|      |Item              |Errors |Warnings |Status |Description       |
+------+------------------+-------+---------+-------+------------------+
|1     |multi_driven_nets |      0|        0|Passed |Multi driven nets |
+------+------------------+-------+---------+-------+------------------+
---------------------------------------------------------------------------------
Start Handling Custom Attributes
---------------------------------------------------------------------------------
---------------------------------------------------------------------------------
Finished Handling Custom Attributes : Time (s): cpu = 00:00:02 ; elapsed = 00:00:01 . Memory (MB): peak = 440.148 ; gain = 154.754
---------------------------------------------------------------------------------
---------------------------------------------------------------------------------
Finished RTL Optimization Phase 1 : Time (s): cpu = 00:00:02 ; elapsed = 00:00:01 . Memory (MB): peak = 440.148 ; gain = 154.754
---------------------------------------------------------------------------------
INFO: [Device 21-403] Loading part xc7a35tcpg236-1
INFO: [Project 1-570] Preparing netlist for logic optimization

Processing XDC Constraints
Initializing timing engine
Parsing XDC File [c:/Users/lebray/Vivado-Workflow-Scripts/HW9/T1/vivado_project/T1.srcs/sources_1/ip/xadc_wiz_0/xadc_wiz_0/xadc_wiz_0_in_context.xdc] for cell 'XLXI_7'
Finished Parsing XDC File [c:/Users/lebray/Vivado-Workflow-Scripts/HW9/T1/vivado_project/T1.srcs/sources_1/ip/xadc_wiz_0/xadc_wiz_0/xadc_wiz_0_in_context.xdc] for cell 'XLXI_7'
Parsing XDC File [C:/Users/lebray/Vivado-Workflow-Scripts/HW9/T1/constraints.xdc]
WARNING: [Vivado 12-507] No nets matched 'sck_IBUF'. [C:/Users/lebray/Vivado-Workflow-Scripts/HW9/T1/constraints.xdc:11]
WARNING: [Vivado 12-584] No ports matched 'sw[0]'. [C:/Users/lebray/Vivado-Workflow-Scripts/HW9/T1/constraints.xdc:14]
WARNING: [Vivado 12-584] No ports matched 'sw[0]'. [C:/Users/lebray/Vivado-Workflow-Scripts/HW9/T1/constraints.xdc:15]
WARNING: [Vivado 12-584] No ports matched 'sw[1]'. [C:/Users/lebray/Vivado-Workflow-Scripts/HW9/T1/constraints.xdc:16]
WARNING: [Vivado 12-584] No ports matched 'sw[1]'. [C:/Users/lebray/Vivado-Workflow-Scripts/HW9/T1/constraints.xdc:17]
WARNING: [Vivado 12-584] No ports matched 'seg[0]'. [C:/Users/lebray/Vivado-Workflow-Scripts/HW9/T1/constraints.xdc:84]
WARNING: [Vivado 12-584] No ports matched 'seg[0]'. [C:/Users/lebray/Vivado-Workflow-Scripts/HW9/T1/constraints.xdc:85]
WARNING: [Vivado 12-584] No ports matched 'seg[1]'. [C:/Users/lebray/Vivado-Workflow-Scripts/HW9/T1/constraints.xdc:86]
WARNING: [Vivado 12-584] No ports matched 'seg[1]'. [C:/Users/lebray/Vivado-Workflow-Scripts/HW9/T1/constraints.xdc:87]
WARNING: [Vivado 12-584] No ports matched 'seg[2]'. [C:/Users/lebray/Vivado-Workflow-Scripts/HW9/T1/constraints.xdc:88]
WARNING: [Vivado 12-584] No ports matched 'seg[2]'. [C:/Users/lebray/Vivado-Workflow-Scripts/HW9/T1/constraints.xdc:89]
WARNING: [Vivado 12-584] No ports matched 'seg[3]'. [C:/Users/lebray/Vivado-Workflow-Scripts/HW9/T1/constraints.xdc:90]
WARNING: [Vivado 12-584] No ports matched 'seg[3]'. [C:/Users/lebray/Vivado-Workflow-Scripts/HW9/T1/constraints.xdc:91]
WARNING: [Vivado 12-584] No ports matched 'seg[4]'. [C:/Users/lebray/Vivado-Workflow-Scripts/HW9/T1/constraints.xdc:92]
WARNING: [Vivado 12-584] No ports matched 'seg[4]'. [C:/Users/lebray/Vivado-Workflow-Scripts/HW9/T1/constraints.xdc:93]
WARNING: [Vivado 12-584] No ports matched 'seg[5]'. [C:/Users/lebray/Vivado-Workflow-Scripts/HW9/T1/constraints.xdc:94]
WARNING: [Vivado 12-584] No ports matched 'seg[5]'. [C:/Users/lebray/Vivado-Workflow-Scripts/HW9/T1/constraints.xdc:95]
WARNING: [Vivado 12-584] No ports matched 'seg[6]'. [C:/Users/lebray/Vivado-Workflow-Scripts/HW9/T1/constraints.xdc:96]
WARNING: [Vivado 12-584] No ports matched 'seg[6]'. [C:/Users/lebray/Vivado-Workflow-Scripts/HW9/T1/constraints.xdc:97]
WARNING: [Vivado 12-584] No ports matched 'dp'. [C:/Users/lebray/Vivado-Workflow-Scripts/HW9/T1/constraints.xdc:99]
WARNING: [Vivado 12-584] No ports matched 'dp'. [C:/Users/lebray/Vivado-Workflow-Scripts/HW9/T1/constraints.xdc:100]
WARNING: [Vivado 12-584] No ports matched 'an[0]'. [C:/Users/lebray/Vivado-Workflow-Scripts/HW9/T1/constraints.xdc:102]
WARNING: [Vivado 12-584] No ports matched 'an[0]'. [C:/Users/lebray/Vivado-Workflow-Scripts/HW9/T1/constraints.xdc:103]
WARNING: [Vivado 12-584] No ports matched 'an[1]'. [C:/Users/lebray/Vivado-Workflow-Scripts/HW9/T1/constraints.xdc:104]
WARNING: [Vivado 12-584] No ports matched 'an[1]'. [C:/Users/lebray/Vivado-Workflow-Scripts/HW9/T1/constraints.xdc:105]
WARNING: [Vivado 12-584] No ports matched 'an[2]'. [C:/Users/lebray/Vivado-Workflow-Scripts/HW9/T1/constraints.xdc:106]
WARNING: [Vivado 12-584] No ports matched 'an[2]'. [C:/Users/lebray/Vivado-Workflow-Scripts/HW9/T1/constraints.xdc:107]
WARNING: [Vivado 12-584] No ports matched 'an[3]'. [C:/Users/lebray/Vivado-Workflow-Scripts/HW9/T1/constraints.xdc:108]
WARNING: [Vivado 12-584] No ports matched 'an[3]'. [C:/Users/lebray/Vivado-Workflow-Scripts/HW9/T1/constraints.xdc:109]
WARNING: [Vivado 12-584] No ports matched 'JA[0]'. [C:/Users/lebray/Vivado-Workflow-Scripts/HW9/T1/constraints.xdc:128]
WARNING: [Vivado 12-584] No ports matched 'JA[0]'. [C:/Users/lebray/Vivado-Workflow-Scripts/HW9/T1/constraints.xdc:129]
WARNING: [Vivado 12-584] No ports matched 'JA[1]'. [C:/Users/lebray/Vivado-Workflow-Scripts/HW9/T1/constraints.xdc:131]
WARNING: [Vivado 12-584] No ports matched 'JA[1]'. [C:/Users/lebray/Vivado-Workflow-Scripts/HW9/T1/constraints.xdc:132]
WARNING: [Vivado 12-584] No ports matched 'JA[2]'. [C:/Users/lebray/Vivado-Workflow-Scripts/HW9/T1/constraints.xdc:134]
WARNING: [Vivado 12-584] No ports matched 'JA[2]'. [C:/Users/lebray/Vivado-Workflow-Scripts/HW9/T1/constraints.xdc:135]
WARNING: [Vivado 12-584] No ports matched 'JA[3]'. [C:/Users/lebray/Vivado-Workflow-Scripts/HW9/T1/constraints.xdc:137]
WARNING: [Vivado 12-584] No ports matched 'JA[3]'. [C:/Users/lebray/Vivado-Workflow-Scripts/HW9/T1/constraints.xdc:138]
WARNING: [Vivado 12-584] No ports matched 'JA[4]'. [C:/Users/lebray/Vivado-Workflow-Scripts/HW9/T1/constraints.xdc:140]
WARNING: [Vivado 12-584] No ports matched 'JA[4]'. [C:/Users/lebray/Vivado-Workflow-Scripts/HW9/T1/constraints.xdc:141]
WARNING: [Vivado 12-584] No ports matched 'JA[5]'. [C:/Users/lebray/Vivado-Workflow-Scripts/HW9/T1/constraints.xdc:143]
WARNING: [Vivado 12-584] No ports matched 'JA[5]'. [C:/Users/lebray/Vivado-Workflow-Scripts/HW9/T1/constraints.xdc:144]
WARNING: [Vivado 12-584] No ports matched 'JA[6]'. [C:/Users/lebray/Vivado-Workflow-Scripts/HW9/T1/constraints.xdc:146]
WARNING: [Vivado 12-584] No ports matched 'JA[6]'. [C:/Users/lebray/Vivado-Workflow-Scripts/HW9/T1/constraints.xdc:147]
WARNING: [Vivado 12-584] No ports matched 'JA[7]'. [C:/Users/lebray/Vivado-Workflow-Scripts/HW9/T1/constraints.xdc:149]
WARNING: [Vivado 12-584] No ports matched 'JA[7]'. [C:/Users/lebray/Vivado-Workflow-Scripts/HW9/T1/constraints.xdc:150]
WARNING: [Vivado 12-584] No ports matched 'vauxp14'. [C:/Users/lebray/Vivado-Workflow-Scripts/HW9/T1/constraints.xdc:214]
WARNING: [Vivado 12-584] No ports matched 'vauxp14'. [C:/Users/lebray/Vivado-Workflow-Scripts/HW9/T1/constraints.xdc:215]
WARNING: [Vivado 12-584] No ports matched 'vauxp7'. [C:/Users/lebray/Vivado-Workflow-Scripts/HW9/T1/constraints.xdc:217]
WARNING: [Vivado 12-584] No ports matched 'vauxp7'. [C:/Users/lebray/Vivado-Workflow-Scripts/HW9/T1/constraints.xdc:218]
WARNING: [Vivado 12-584] No ports matched 'vauxp15'. [C:/Users/lebray/Vivado-Workflow-Scripts/HW9/T1/constraints.xdc:220]
WARNING: [Vivado 12-584] No ports matched 'vauxp15'. [C:/Users/lebray/Vivado-Workflow-Scripts/HW9/T1/constraints.xdc:221]
WARNING: [Vivado 12-584] No ports matched 'vauxn14'. [C:/Users/lebray/Vivado-Workflow-Scripts/HW9/T1/constraints.xdc:226]
WARNING: [Vivado 12-584] No ports matched 'vauxn14'. [C:/Users/lebray/Vivado-Workflow-Scripts/HW9/T1/constraints.xdc:227]
WARNING: [Vivado 12-584] No ports matched 'vauxn7'. [C:/Users/lebray/Vivado-Workflow-Scripts/HW9/T1/constraints.xdc:229]
WARNING: [Vivado 12-584] No ports matched 'vauxn7'. [C:/Users/lebray/Vivado-Workflow-Scripts/HW9/T1/constraints.xdc:230]
WARNING: [Vivado 12-584] No ports matched 'vauxn15'. [C:/Users/lebray/Vivado-Workflow-Scripts/HW9/T1/constraints.xdc:232]
WARNING: [Vivado 12-584] No ports matched 'vauxn15'. [C:/Users/lebray/Vivado-Workflow-Scripts/HW9/T1/constraints.xdc:233]
Finished Parsing XDC File [C:/Users/lebray/Vivado-Workflow-Scripts/HW9/T1/constraints.xdc]
WARNING: [Project 1-498] One or more constraints failed evaluation while reading constraint file [C:/Users/lebray/Vivado-Workflow-Scripts/HW9/T1/constraints.xdc] and the design contains unresolved black boxes. These constraints will be read post-synthesis (as long as their source constraint file is marked as used_in_implementation) and should be applied correctly then. You should review the constraints listed in the file [.Xil/XADCdemo_propImpl.xdc] and check the run log file to verify that these constraints were correctly applied.
INFO: [Project 1-236] Implementation specific constraints were found while reading constraint file [C:/Users/lebray/Vivado-Workflow-Scripts/HW9/T1/constraints.xdc]. These constraints will be ignored for synthesis but will be used in implementation. Impacted constraints are listed in the file [.Xil/XADCdemo_propImpl.xdc].
Resolution: To avoid this warning, move constraints listed in [.Xil/XADCdemo_propImpl.xdc] to another XDC file and exclude this new file from synthesis with the used_in_synthesis property (File Properties dialog in GUI) and re-run elaboration/synthesis.
Netlist sorting complete. Time (s): cpu = 00:00:00 ; elapsed = 00:00:00 . Memory (MB): peak = 757.809 ; gain = 0.000
Completed Processing XDC Constraints

Netlist sorting complete. Time (s): cpu = 00:00:00 ; elapsed = 00:00:00 . Memory (MB): peak = 757.844 ; gain = 0.000
INFO: [Project 1-111] Unisim Transformation Summary:
No Unisim elements were transformed.

Netlist sorting complete. Time (s): cpu = 00:00:00 ; elapsed = 00:00:00 . Memory (MB): peak = 757.844 ; gain = 0.000
Constraint Validation Runtime : Time (s): cpu = 00:00:00 ; elapsed = 00:00:00.002 . Memory (MB): peak = 757.844 ; gain = 0.000
---------------------------------------------------------------------------------
Finished Constraint Validation : Time (s): cpu = 00:00:05 ; elapsed = 00:00:05 . Memory (MB): peak = 757.844 ; gain = 472.449
---------------------------------------------------------------------------------
---------------------------------------------------------------------------------
Start Loading Part and Timing Information
---------------------------------------------------------------------------------
Loading part: xc7a35tcpg236-1
---------------------------------------------------------------------------------
Finished Loading Part and Timing Information : Time (s): cpu = 00:00:05 ; elapsed = 00:00:05 . Memory (MB): peak = 757.844 ; gain = 472.449
---------------------------------------------------------------------------------
---------------------------------------------------------------------------------
Start Applying 'set_property' XDC Constraints
---------------------------------------------------------------------------------
Applied set_property DONT_TOUCH = true for XLXI_7. (constraint file  auto generated constraint, line ).
---------------------------------------------------------------------------------
Finished applying 'set_property' XDC Constraints : Time (s): cpu = 00:00:05 ; elapsed = 00:00:06 . Memory (MB): peak = 757.844 ; gain = 472.449
---------------------------------------------------------------------------------
INFO: [Synth 8-802] inferred FSM for state register 'state_reg' in module 'SPI_leader_transmitter'
INFO: [Synth 8-5546] ROM "sck" won't be mapped to RAM because it is too sparse
INFO: [Synth 8-5546] ROM "state" won't be mapped to RAM because it is too sparse
INFO: [Synth 8-5544] ROM "mosi" won't be mapped to Block RAM because address size (2) smaller than threshold (5)
INFO: [Synth 8-5544] ROM "ss" won't be mapped to Block RAM because address size (2) smaller than threshold (5)
INFO: [Synth 8-5544] ROM "busy0" won't be mapped to Block RAM because address size (2) smaller than threshold (5)
INFO: [Synth 8-5544] ROM "state" won't be mapped to Block RAM because address size (2) smaller than threshold (5)
---------------------------------------------------------------------------------------------------
                   State |                     New Encoding |                Previous Encoding 
---------------------------------------------------------------------------------------------------
                     RDY |                             0001 |                               00
                   START |                             0010 |                               01
                TRANSMIT |                             0100 |                               10
                    STOP |                             1000 |                               11
---------------------------------------------------------------------------------------------------
INFO: [Synth 8-3354] encoded FSM with state register 'state_reg' using encoding 'one-hot' in module 'SPI_leader_transmitter'
---------------------------------------------------------------------------------
Finished RTL Optimization Phase 2 : Time (s): cpu = 00:00:05 ; elapsed = 00:00:06 . Memory (MB): peak = 757.844 ; gain = 472.449
---------------------------------------------------------------------------------

Report RTL Partitions: 
+-+--------------+------------+----------+
| |RTL Partition |Replication |Instances |
+-+--------------+------------+----------+
+-+--------------+------------+----------+
---------------------------------------------------------------------------------
Start RTL Component Statistics 
---------------------------------------------------------------------------------
Detailed RTL Component Info : 
+---Adders : 
	   2 Input     17 Bit       Adders := 1     
	   2 Input      8 Bit       Adders := 1     
+---Registers : 
	               17 Bit    Registers := 1     
	                8 Bit    Registers := 3     
	                1 Bit    Registers := 5     
+---Muxes : 
	   2 Input     17 Bit        Muxes := 1     
	   4 Input      8 Bit        Muxes := 1     
	   2 Input      1 Bit        Muxes := 2     
	   4 Input      1 Bit        Muxes := 4     
	   3 Input      1 Bit        Muxes := 1     
---------------------------------------------------------------------------------
Finished RTL Component Statistics 
---------------------------------------------------------------------------------
---------------------------------------------------------------------------------
Start RTL Hierarchical Component Statistics 
---------------------------------------------------------------------------------
Hierarchical RTL Component report 
Module XADCdemo 
Detailed RTL Component Info : 
+---Registers : 
	                8 Bit    Registers := 2     
	                1 Bit    Registers := 1     
Module SPI_leader_transmitter 
Detailed RTL Component Info : 
+---Adders : 
	   2 Input     17 Bit       Adders := 1     
	   2 Input      8 Bit       Adders := 1     
+---Registers : 
	               17 Bit    Registers := 1     
	                8 Bit    Registers := 1     
	                1 Bit    Registers := 4     
+---Muxes : 
	   2 Input     17 Bit        Muxes := 1     
	   4 Input      8 Bit        Muxes := 1     
	   2 Input      1 Bit        Muxes := 2     
	   4 Input      1 Bit        Muxes := 4     
	   3 Input      1 Bit        Muxes := 1     
---------------------------------------------------------------------------------
Finished RTL Hierarchical Component Statistics
---------------------------------------------------------------------------------
---------------------------------------------------------------------------------
Start Part Resource Summary
---------------------------------------------------------------------------------
Part Resources:
DSPs: 90 (col length:60)
BRAMs: 100 (col length: RAMB18 60 RAMB36 30)
---------------------------------------------------------------------------------
Finished Part Resource Summary
---------------------------------------------------------------------------------
---------------------------------------------------------------------------------
Start Cross Boundary and Area Optimization
---------------------------------------------------------------------------------
Warning: Parallel synthesis criteria is not met 
INFO: [Synth 8-5546] ROM "nolabel_line38/sck" won't be mapped to RAM because it is too sparse
INFO: [Synth 8-5546] ROM "nolabel_line38/state" won't be mapped to RAM because it is too sparse
WARNING: [Synth 8-3917] design XADCdemo has port led[15] driven by constant 0
WARNING: [Synth 8-3917] design XADCdemo has port led[14] driven by constant 0
WARNING: [Synth 8-3917] design XADCdemo has port led[13] driven by constant 0
WARNING: [Synth 8-3917] design XADCdemo has port led[12] driven by constant 0
WARNING: [Synth 8-3917] design XADCdemo has port led[11] driven by constant 0
WARNING: [Synth 8-3917] design XADCdemo has port led[10] driven by constant 0
WARNING: [Synth 8-3917] design XADCdemo has port led[9] driven by constant 0
WARNING: [Synth 8-3917] design XADCdemo has port led[8] driven by constant 0
INFO: [Synth 8-3886] merging instance 'data_latch_reg[7]' (FDRE) to 'data_latch_reg[4]'
INFO: [Synth 8-3886] merging instance 'data_latch_reg[6]' (FDRE) to 'data_latch_reg[4]'
INFO: [Synth 8-3886] merging instance 'data_latch_reg[5]' (FDRE) to 'data_latch_reg[4]'
INFO: [Synth 8-3333] propagating constant 0 across sequential element (\data_latch_reg[4] )
INFO: [Synth 8-3886] merging instance 'data_latch_reg[3]' (FDSE) to 'data_latch_reg[0]'
INFO: [Synth 8-3886] merging instance 'data_latch_reg[2]' (FDSE) to 'data_latch_reg[0]'
INFO: [Synth 8-3886] merging instance 'data_latch_reg[1]' (FDSE) to 'data_latch_reg[0]'
INFO: [Synth 8-3333] propagating constant 1 across sequential element (\data_latch_reg[0] )
---------------------------------------------------------------------------------
Finished Cross Boundary and Area Optimization : Time (s): cpu = 00:00:05 ; elapsed = 00:00:06 . Memory (MB): peak = 757.844 ; gain = 472.449
---------------------------------------------------------------------------------

Report RTL Partitions: 
+-+--------------+------------+----------+
| |RTL Partition |Replication |Instances |
+-+--------------+------------+----------+
+-+--------------+------------+----------+
---------------------------------------------------------------------------------
Start Applying XDC Timing Constraints
---------------------------------------------------------------------------------
---------------------------------------------------------------------------------
Finished Applying XDC Timing Constraints : Time (s): cpu = 00:00:09 ; elapsed = 00:00:09 . Memory (MB): peak = 761.340 ; gain = 475.945
---------------------------------------------------------------------------------
---------------------------------------------------------------------------------
Start Timing Optimization
---------------------------------------------------------------------------------
---------------------------------------------------------------------------------
Finished Timing Optimization : Time (s): cpu = 00:00:09 ; elapsed = 00:00:09 . Memory (MB): peak = 780.844 ; gain = 495.449
---------------------------------------------------------------------------------

Report RTL Partitions: 
+-+--------------+------------+----------+
| |RTL Partition |Replication |Instances |
+-+--------------+------------+----------+
+-+--------------+------------+----------+
---------------------------------------------------------------------------------
Start Technology Mapping
---------------------------------------------------------------------------------
---------------------------------------------------------------------------------
Finished Technology Mapping : Time (s): cpu = 00:00:09 ; elapsed = 00:00:09 . Memory (MB): peak = 781.652 ; gain = 496.258
---------------------------------------------------------------------------------

Report RTL Partitions: 
+-+--------------+------------+----------+
| |RTL Partition |Replication |Instances |
+-+--------------+------------+----------+
+-+--------------+------------+----------+
---------------------------------------------------------------------------------
Start IO Insertion
---------------------------------------------------------------------------------
---------------------------------------------------------------------------------
Start Flattening Before IO Insertion
---------------------------------------------------------------------------------
---------------------------------------------------------------------------------
Finished Flattening Before IO Insertion
---------------------------------------------------------------------------------
---------------------------------------------------------------------------------
Start Final Netlist Cleanup
---------------------------------------------------------------------------------
---------------------------------------------------------------------------------
Finished Final Netlist Cleanup
---------------------------------------------------------------------------------
CRITICAL WARNING: [Synth 8-4442] BlackBox module XLXI_7 has unconnected pin reset_in
---------------------------------------------------------------------------------
Finished IO Insertion : Time (s): cpu = 00:00:09 ; elapsed = 00:00:10 . Memory (MB): peak = 781.652 ; gain = 496.258
---------------------------------------------------------------------------------

Report Check Netlist: 
+------+------------------+-------+---------+-------+------------------+
|      |Item              |Errors |Warnings |Status |Description       |
+------+------------------+-------+---------+-------+------------------+
|1     |multi_driven_nets |      0|        0|Passed |Multi driven nets |
+------+------------------+-------+---------+-------+------------------+
---------------------------------------------------------------------------------
Start Renaming Generated Instances
---------------------------------------------------------------------------------
---------------------------------------------------------------------------------
Finished Renaming Generated Instances : Time (s): cpu = 00:00:09 ; elapsed = 00:00:10 . Memory (MB): peak = 781.652 ; gain = 496.258
---------------------------------------------------------------------------------

Report RTL Partitions: 
+-+--------------+------------+----------+
| |RTL Partition |Replication |Instances |
+-+--------------+------------+----------+
+-+--------------+------------+----------+
---------------------------------------------------------------------------------
Start Rebuilding User Hierarchy
---------------------------------------------------------------------------------
---------------------------------------------------------------------------------
Finished Rebuilding User Hierarchy : Time (s): cpu = 00:00:09 ; elapsed = 00:00:10 . Memory (MB): peak = 781.652 ; gain = 496.258
---------------------------------------------------------------------------------
---------------------------------------------------------------------------------
Start Renaming Generated Ports
---------------------------------------------------------------------------------
---------------------------------------------------------------------------------
Finished Renaming Generated Ports : Time (s): cpu = 00:00:09 ; elapsed = 00:00:10 . Memory (MB): peak = 781.652 ; gain = 496.258
---------------------------------------------------------------------------------
---------------------------------------------------------------------------------
Start Handling Custom Attributes
---------------------------------------------------------------------------------
---------------------------------------------------------------------------------
Finished Handling Custom Attributes : Time (s): cpu = 00:00:09 ; elapsed = 00:00:10 . Memory (MB): peak = 781.652 ; gain = 496.258
---------------------------------------------------------------------------------
---------------------------------------------------------------------------------
Start Renaming Generated Nets
---------------------------------------------------------------------------------
---------------------------------------------------------------------------------
Finished Renaming Generated Nets : Time (s): cpu = 00:00:09 ; elapsed = 00:00:10 . Memory (MB): peak = 781.652 ; gain = 496.258
---------------------------------------------------------------------------------
---------------------------------------------------------------------------------
Start Writing Synthesis Report
---------------------------------------------------------------------------------

Report BlackBoxes: 
+------+--------------+----------+
|      |BlackBox name |Instances |
+------+--------------+----------+
|1     |xadc_wiz_0    |         1|
+------+--------------+----------+

Report Cell Usage: 
+------+-----------+------+
|      |Cell       |Count |
+------+-----------+------+
|1     |xadc_wiz_0 |     1|
|2     |BUFG       |     1|
|3     |CARRY4     |     4|
|4     |LUT1       |     2|
|5     |LUT2       |     2|
|6     |LUT3       |     1|
|7     |LUT4       |     9|
|8     |LUT5       |     5|
|9     |LUT6       |     6|
|10    |FDRE       |    42|
|11    |IBUF       |     5|
|12    |OBUF       |    19|
+------+-----------+------+

Report Instance Areas: 
+------+-----------------+-----------------------+------+
|      |Instance         |Module                 |Cells |
+------+-----------------+-----------------------+------+
|1     |top              |                       |   126|
|2     |  nolabel_line38 |SPI_leader_transmitter |    62|
+------+-----------------+-----------------------+------+
---------------------------------------------------------------------------------
Finished Writing Synthesis Report : Time (s): cpu = 00:00:09 ; elapsed = 00:00:10 . Memory (MB): peak = 781.652 ; gain = 496.258
---------------------------------------------------------------------------------
Synthesis finished with 0 errors, 1 critical warnings and 8 warnings.
Synthesis Optimization Runtime : Time (s): cpu = 00:00:05 ; elapsed = 00:00:07 . Memory (MB): peak = 781.652 ; gain = 178.562
Synthesis Optimization Complete : Time (s): cpu = 00:00:09 ; elapsed = 00:00:10 . Memory (MB): peak = 781.652 ; gain = 496.258
INFO: [Project 1-571] Translating synthesized netlist
INFO: [Netlist 29-17] Analyzing 4 Unisim elements for replacement
INFO: [Netlist 29-28] Unisim Transformation completed in 0 CPU seconds
INFO: [Project 1-570] Preparing netlist for logic optimization
INFO: [Opt 31-138] Pushed 0 inverter(s) to 0 load pin(s).
Netlist sorting complete. Time (s): cpu = 00:00:00 ; elapsed = 00:00:00 . Memory (MB): peak = 782.262 ; gain = 0.000
INFO: [Project 1-111] Unisim Transformation Summary:
No Unisim elements were transformed.

INFO: [Common 17-83] Releasing license: Synthesis
36 Infos, 67 Warnings, 1 Critical Warnings and 0 Errors encountered.
synth_design completed successfully
synth_design: Time (s): cpu = 00:00:09 ; elapsed = 00:00:11 . Memory (MB): peak = 782.262 ; gain = 508.379
Netlist sorting complete. Time (s): cpu = 00:00:00 ; elapsed = 00:00:00 . Memory (MB): peak = 782.262 ; gain = 0.000
WARNING: [Constraints 18-5210] No constraints selected for write.
Resolution: This message can indicate that there are no constraints for the design, or it can indicate that the used_in flags are set such that the constraints are ignored. This later case is used when running synth_design to not write synthesis constraints to the resulting checkpoint. Instead, project constraints are read when the synthesized design is opened.
INFO: [Common 17-1381] The checkpoint 'C:/Users/lebray/Vivado-Workflow-Scripts/HW9/T1/vivado_project/T1.runs/synth_1/XADCdemo.dcp' has been generated.
INFO: [runtcl-4] Executing : report_utilization -file XADCdemo_utilization_synth.rpt -pb XADCdemo_utilization_synth.pb
INFO: [Common 17-206] Exiting Vivado at Fri Apr  3 20:05:03 2026...
[Fri Apr  3 20:05:05 2026] synth_1 finished
wait_on_run: Time (s): cpu = 00:00:00 ; elapsed = 00:00:35 . Memory (MB): peak = 485.883 ; gain = 0.676
# set s [get_property STATUS [get_runs synth_1]]
# if {[string first "Complete" $s] < 0} { puts "ERROR: Synthesis failed: $s"; exit 1 }
# reset_run impl_1
# launch_runs impl_1
[Fri Apr  3 20:05:05 2026] Launched impl_1...
Run output will be captured here: C:/Users/lebray/Vivado-Workflow-Scripts/HW9/T1/vivado_project/T1.runs/impl_1/runme.log
# wait_on_run impl_1
[Fri Apr  3 20:05:05 2026] Waiting for impl_1 to finish...

*** Running vivado
    with args -log XADCdemo.vdi -applog -m64 -product Vivado -messageDb vivado.pb -mode batch -source XADCdemo.tcl -notrace


****** Vivado v2018.3 (64-bit)
  **** SW Build 2405991 on Thu Dec  6 23:38:27 MST 2018
  **** IP Build 2404404 on Fri Dec  7 01:43:56 MST 2018
    ** Copyright 1986-2018 Xilinx, Inc. All Rights Reserved.

source XADCdemo.tcl -notrace
Command: link_design -top XADCdemo -part xc7a35tcpg236-1
Design is defaulting to srcset: sources_1
Design is defaulting to constrset: constrs_1
INFO: [Project 1-454] Reading design checkpoint 'c:/Users/lebray/Vivado-Workflow-Scripts/HW9/T1/vivado_project/T1.srcs/sources_1/ip/xadc_wiz_0/xadc_wiz_0.dcp' for cell 'XLXI_7'
INFO: [Netlist 29-17] Analyzing 5 Unisim elements for replacement
INFO: [Netlist 29-28] Unisim Transformation completed in 0 CPU seconds
INFO: [Project 1-479] Netlist was created with Vivado 2018.3
INFO: [Device 21-403] Loading part xc7a35tcpg236-1
INFO: [Project 1-570] Preparing netlist for logic optimization
Parsing XDC File [c:/Users/lebray/Vivado-Workflow-Scripts/HW9/T1/vivado_project/T1.srcs/sources_1/ip/xadc_wiz_0/xadc_wiz_0.xdc] for cell 'XLXI_7/inst'
Finished Parsing XDC File [c:/Users/lebray/Vivado-Workflow-Scripts/HW9/T1/vivado_project/T1.srcs/sources_1/ip/xadc_wiz_0/xadc_wiz_0.xdc] for cell 'XLXI_7/inst'
Parsing XDC File [C:/Users/lebray/Vivado-Workflow-Scripts/HW9/T1/constraints.xdc]
WARNING: [Vivado 12-507] No nets matched 'sck_IBUF'. [C:/Users/lebray/Vivado-Workflow-Scripts/HW9/T1/constraints.xdc:11]
CRITICAL WARNING: [Common 17-55] 'set_property' expects at least one object. [C:/Users/lebray/Vivado-Workflow-Scripts/HW9/T1/constraints.xdc:11]
Resolution: If [get_<value>] was used to populate the object, check to make sure this command returns at least one valid object.
WARNING: [Vivado 12-584] No ports matched 'sw[0]'. [C:/Users/lebray/Vivado-Workflow-Scripts/HW9/T1/constraints.xdc:14]
CRITICAL WARNING: [Common 17-55] 'set_property' expects at least one object. [C:/Users/lebray/Vivado-Workflow-Scripts/HW9/T1/constraints.xdc:14]
Resolution: If [get_<value>] was used to populate the object, check to make sure this command returns at least one valid object.
WARNING: [Vivado 12-584] No ports matched 'sw[0]'. [C:/Users/lebray/Vivado-Workflow-Scripts/HW9/T1/constraints.xdc:15]
CRITICAL WARNING: [Common 17-55] 'set_property' expects at least one object. [C:/Users/lebray/Vivado-Workflow-Scripts/HW9/T1/constraints.xdc:15]
Resolution: If [get_<value>] was used to populate the object, check to make sure this command returns at least one valid object.
WARNING: [Vivado 12-584] No ports matched 'sw[1]'. [C:/Users/lebray/Vivado-Workflow-Scripts/HW9/T1/constraints.xdc:16]
CRITICAL WARNING: [Common 17-55] 'set_property' expects at least one object. [C:/Users/lebray/Vivado-Workflow-Scripts/HW9/T1/constraints.xdc:16]
Resolution: If [get_<value>] was used to populate the object, check to make sure this command returns at least one valid object.
WARNING: [Vivado 12-584] No ports matched 'sw[1]'. [C:/Users/lebray/Vivado-Workflow-Scripts/HW9/T1/constraints.xdc:17]
CRITICAL WARNING: [Common 17-55] 'set_property' expects at least one object. [C:/Users/lebray/Vivado-Workflow-Scripts/HW9/T1/constraints.xdc:17]
Resolution: If [get_<value>] was used to populate the object, check to make sure this command returns at least one valid object.
WARNING: [Vivado 12-584] No ports matched 'seg[0]'. [C:/Users/lebray/Vivado-Workflow-Scripts/HW9/T1/constraints.xdc:84]
CRITICAL WARNING: [Common 17-55] 'set_property' expects at least one object. [C:/Users/lebray/Vivado-Workflow-Scripts/HW9/T1/constraints.xdc:84]
Resolution: If [get_<value>] was used to populate the object, check to make sure this command returns at least one valid object.
WARNING: [Vivado 12-584] No ports matched 'seg[0]'. [C:/Users/lebray/Vivado-Workflow-Scripts/HW9/T1/constraints.xdc:85]
CRITICAL WARNING: [Common 17-55] 'set_property' expects at least one object. [C:/Users/lebray/Vivado-Workflow-Scripts/HW9/T1/constraints.xdc:85]
Resolution: If [get_<value>] was used to populate the object, check to make sure this command returns at least one valid object.
WARNING: [Vivado 12-584] No ports matched 'seg[1]'. [C:/Users/lebray/Vivado-Workflow-Scripts/HW9/T1/constraints.xdc:86]
CRITICAL WARNING: [Common 17-55] 'set_property' expects at least one object. [C:/Users/lebray/Vivado-Workflow-Scripts/HW9/T1/constraints.xdc:86]
Resolution: If [get_<value>] was used to populate the object, check to make sure this command returns at least one valid object.
WARNING: [Vivado 12-584] No ports matched 'seg[1]'. [C:/Users/lebray/Vivado-Workflow-Scripts/HW9/T1/constraints.xdc:87]
CRITICAL WARNING: [Common 17-55] 'set_property' expects at least one object. [C:/Users/lebray/Vivado-Workflow-Scripts/HW9/T1/constraints.xdc:87]
Resolution: If [get_<value>] was used to populate the object, check to make sure this command returns at least one valid object.
WARNING: [Vivado 12-584] No ports matched 'seg[2]'. [C:/Users/lebray/Vivado-Workflow-Scripts/HW9/T1/constraints.xdc:88]
CRITICAL WARNING: [Common 17-55] 'set_property' expects at least one object. [C:/Users/lebray/Vivado-Workflow-Scripts/HW9/T1/constraints.xdc:88]
Resolution: If [get_<value>] was used to populate the object, check to make sure this command returns at least one valid object.
WARNING: [Vivado 12-584] No ports matched 'seg[2]'. [C:/Users/lebray/Vivado-Workflow-Scripts/HW9/T1/constraints.xdc:89]
CRITICAL WARNING: [Common 17-55] 'set_property' expects at least one object. [C:/Users/lebray/Vivado-Workflow-Scripts/HW9/T1/constraints.xdc:89]
Resolution: If [get_<value>] was used to populate the object, check to make sure this command returns at least one valid object.
WARNING: [Vivado 12-584] No ports matched 'seg[3]'. [C:/Users/lebray/Vivado-Workflow-Scripts/HW9/T1/constraints.xdc:90]
CRITICAL WARNING: [Common 17-55] 'set_property' expects at least one object. [C:/Users/lebray/Vivado-Workflow-Scripts/HW9/T1/constraints.xdc:90]
Resolution: If [get_<value>] was used to populate the object, check to make sure this command returns at least one valid object.
WARNING: [Vivado 12-584] No ports matched 'seg[3]'. [C:/Users/lebray/Vivado-Workflow-Scripts/HW9/T1/constraints.xdc:91]
CRITICAL WARNING: [Common 17-55] 'set_property' expects at least one object. [C:/Users/lebray/Vivado-Workflow-Scripts/HW9/T1/constraints.xdc:91]
Resolution: If [get_<value>] was used to populate the object, check to make sure this command returns at least one valid object.
WARNING: [Vivado 12-584] No ports matched 'seg[4]'. [C:/Users/lebray/Vivado-Workflow-Scripts/HW9/T1/constraints.xdc:92]
CRITICAL WARNING: [Common 17-55] 'set_property' expects at least one object. [C:/Users/lebray/Vivado-Workflow-Scripts/HW9/T1/constraints.xdc:92]
Resolution: If [get_<value>] was used to populate the object, check to make sure this command returns at least one valid object.
WARNING: [Vivado 12-584] No ports matched 'seg[4]'. [C:/Users/lebray/Vivado-Workflow-Scripts/HW9/T1/constraints.xdc:93]
CRITICAL WARNING: [Common 17-55] 'set_property' expects at least one object. [C:/Users/lebray/Vivado-Workflow-Scripts/HW9/T1/constraints.xdc:93]
Resolution: If [get_<value>] was used to populate the object, check to make sure this command returns at least one valid object.
WARNING: [Vivado 12-584] No ports matched 'seg[5]'. [C:/Users/lebray/Vivado-Workflow-Scripts/HW9/T1/constraints.xdc:94]
CRITICAL WARNING: [Common 17-55] 'set_property' expects at least one object. [C:/Users/lebray/Vivado-Workflow-Scripts/HW9/T1/constraints.xdc:94]
Resolution: If [get_<value>] was used to populate the object, check to make sure this command returns at least one valid object.
WARNING: [Vivado 12-584] No ports matched 'seg[5]'. [C:/Users/lebray/Vivado-Workflow-Scripts/HW9/T1/constraints.xdc:95]
CRITICAL WARNING: [Common 17-55] 'set_property' expects at least one object. [C:/Users/lebray/Vivado-Workflow-Scripts/HW9/T1/constraints.xdc:95]
Resolution: If [get_<value>] was used to populate the object, check to make sure this command returns at least one valid object.
WARNING: [Vivado 12-584] No ports matched 'seg[6]'. [C:/Users/lebray/Vivado-Workflow-Scripts/HW9/T1/constraints.xdc:96]
CRITICAL WARNING: [Common 17-55] 'set_property' expects at least one object. [C:/Users/lebray/Vivado-Workflow-Scripts/HW9/T1/constraints.xdc:96]
Resolution: If [get_<value>] was used to populate the object, check to make sure this command returns at least one valid object.
WARNING: [Vivado 12-584] No ports matched 'seg[6]'. [C:/Users/lebray/Vivado-Workflow-Scripts/HW9/T1/constraints.xdc:97]
CRITICAL WARNING: [Common 17-55] 'set_property' expects at least one object. [C:/Users/lebray/Vivado-Workflow-Scripts/HW9/T1/constraints.xdc:97]
Resolution: If [get_<value>] was used to populate the object, check to make sure this command returns at least one valid object.
WARNING: [Vivado 12-584] No ports matched 'dp'. [C:/Users/lebray/Vivado-Workflow-Scripts/HW9/T1/constraints.xdc:99]
CRITICAL WARNING: [Common 17-55] 'set_property' expects at least one object. [C:/Users/lebray/Vivado-Workflow-Scripts/HW9/T1/constraints.xdc:99]
Resolution: If [get_<value>] was used to populate the object, check to make sure this command returns at least one valid object.
WARNING: [Vivado 12-584] No ports matched 'dp'. [C:/Users/lebray/Vivado-Workflow-Scripts/HW9/T1/constraints.xdc:100]
CRITICAL WARNING: [Common 17-55] 'set_property' expects at least one object. [C:/Users/lebray/Vivado-Workflow-Scripts/HW9/T1/constraints.xdc:100]
Resolution: If [get_<value>] was used to populate the object, check to make sure this command returns at least one valid object.
WARNING: [Vivado 12-584] No ports matched 'an[0]'. [C:/Users/lebray/Vivado-Workflow-Scripts/HW9/T1/constraints.xdc:102]
CRITICAL WARNING: [Common 17-55] 'set_property' expects at least one object. [C:/Users/lebray/Vivado-Workflow-Scripts/HW9/T1/constraints.xdc:102]
Resolution: If [get_<value>] was used to populate the object, check to make sure this command returns at least one valid object.
WARNING: [Vivado 12-584] No ports matched 'an[0]'. [C:/Users/lebray/Vivado-Workflow-Scripts/HW9/T1/constraints.xdc:103]
CRITICAL WARNING: [Common 17-55] 'set_property' expects at least one object. [C:/Users/lebray/Vivado-Workflow-Scripts/HW9/T1/constraints.xdc:103]
Resolution: If [get_<value>] was used to populate the object, check to make sure this command returns at least one valid object.
WARNING: [Vivado 12-584] No ports matched 'an[1]'. [C:/Users/lebray/Vivado-Workflow-Scripts/HW9/T1/constraints.xdc:104]
CRITICAL WARNING: [Common 17-55] 'set_property' expects at least one object. [C:/Users/lebray/Vivado-Workflow-Scripts/HW9/T1/constraints.xdc:104]
Resolution: If [get_<value>] was used to populate the object, check to make sure this command returns at least one valid object.
WARNING: [Vivado 12-584] No ports matched 'an[1]'. [C:/Users/lebray/Vivado-Workflow-Scripts/HW9/T1/constraints.xdc:105]
CRITICAL WARNING: [Common 17-55] 'set_property' expects at least one object. [C:/Users/lebray/Vivado-Workflow-Scripts/HW9/T1/constraints.xdc:105]
Resolution: If [get_<value>] was used to populate the object, check to make sure this command returns at least one valid object.
WARNING: [Vivado 12-584] No ports matched 'an[2]'. [C:/Users/lebray/Vivado-Workflow-Scripts/HW9/T1/constraints.xdc:106]
CRITICAL WARNING: [Common 17-55] 'set_property' expects at least one object. [C:/Users/lebray/Vivado-Workflow-Scripts/HW9/T1/constraints.xdc:106]
Resolution: If [get_<value>] was used to populate the object, check to make sure this command returns at least one valid object.
WARNING: [Vivado 12-584] No ports matched 'an[2]'. [C:/Users/lebray/Vivado-Workflow-Scripts/HW9/T1/constraints.xdc:107]
CRITICAL WARNING: [Common 17-55] 'set_property' expects at least one object. [C:/Users/lebray/Vivado-Workflow-Scripts/HW9/T1/constraints.xdc:107]
Resolution: If [get_<value>] was used to populate the object, check to make sure this command returns at least one valid object.
WARNING: [Vivado 12-584] No ports matched 'an[3]'. [C:/Users/lebray/Vivado-Workflow-Scripts/HW9/T1/constraints.xdc:108]
CRITICAL WARNING: [Common 17-55] 'set_property' expects at least one object. [C:/Users/lebray/Vivado-Workflow-Scripts/HW9/T1/constraints.xdc:108]
Resolution: If [get_<value>] was used to populate the object, check to make sure this command returns at least one valid object.
WARNING: [Vivado 12-584] No ports matched 'an[3]'. [C:/Users/lebray/Vivado-Workflow-Scripts/HW9/T1/constraints.xdc:109]
CRITICAL WARNING: [Common 17-55] 'set_property' expects at least one object. [C:/Users/lebray/Vivado-Workflow-Scripts/HW9/T1/constraints.xdc:109]
Resolution: If [get_<value>] was used to populate the object, check to make sure this command returns at least one valid object.
WARNING: [Vivado 12-584] No ports matched 'JA[0]'. [C:/Users/lebray/Vivado-Workflow-Scripts/HW9/T1/constraints.xdc:128]
CRITICAL WARNING: [Common 17-55] 'set_property' expects at least one object. [C:/Users/lebray/Vivado-Workflow-Scripts/HW9/T1/constraints.xdc:128]
Resolution: If [get_<value>] was used to populate the object, check to make sure this command returns at least one valid object.
WARNING: [Vivado 12-584] No ports matched 'JA[0]'. [C:/Users/lebray/Vivado-Workflow-Scripts/HW9/T1/constraints.xdc:129]
CRITICAL WARNING: [Common 17-55] 'set_property' expects at least one object. [C:/Users/lebray/Vivado-Workflow-Scripts/HW9/T1/constraints.xdc:129]
Resolution: If [get_<value>] was used to populate the object, check to make sure this command returns at least one valid object.
WARNING: [Vivado 12-584] No ports matched 'JA[1]'. [C:/Users/lebray/Vivado-Workflow-Scripts/HW9/T1/constraints.xdc:131]
CRITICAL WARNING: [Common 17-55] 'set_property' expects at least one object. [C:/Users/lebray/Vivado-Workflow-Scripts/HW9/T1/constraints.xdc:131]
Resolution: If [get_<value>] was used to populate the object, check to make sure this command returns at least one valid object.
WARNING: [Vivado 12-584] No ports matched 'JA[1]'. [C:/Users/lebray/Vivado-Workflow-Scripts/HW9/T1/constraints.xdc:132]
CRITICAL WARNING: [Common 17-55] 'set_property' expects at least one object. [C:/Users/lebray/Vivado-Workflow-Scripts/HW9/T1/constraints.xdc:132]
Resolution: If [get_<value>] was used to populate the object, check to make sure this command returns at least one valid object.
WARNING: [Vivado 12-584] No ports matched 'JA[2]'. [C:/Users/lebray/Vivado-Workflow-Scripts/HW9/T1/constraints.xdc:134]
CRITICAL WARNING: [Common 17-55] 'set_property' expects at least one object. [C:/Users/lebray/Vivado-Workflow-Scripts/HW9/T1/constraints.xdc:134]
Resolution: If [get_<value>] was used to populate the object, check to make sure this command returns at least one valid object.
WARNING: [Vivado 12-584] No ports matched 'JA[2]'. [C:/Users/lebray/Vivado-Workflow-Scripts/HW9/T1/constraints.xdc:135]
CRITICAL WARNING: [Common 17-55] 'set_property' expects at least one object. [C:/Users/lebray/Vivado-Workflow-Scripts/HW9/T1/constraints.xdc:135]
Resolution: If [get_<value>] was used to populate the object, check to make sure this command returns at least one valid object.
WARNING: [Vivado 12-584] No ports matched 'JA[3]'. [C:/Users/lebray/Vivado-Workflow-Scripts/HW9/T1/constraints.xdc:137]
CRITICAL WARNING: [Common 17-55] 'set_property' expects at least one object. [C:/Users/lebray/Vivado-Workflow-Scripts/HW9/T1/constraints.xdc:137]
Resolution: If [get_<value>] was used to populate the object, check to make sure this command returns at least one valid object.
WARNING: [Vivado 12-584] No ports matched 'JA[3]'. [C:/Users/lebray/Vivado-Workflow-Scripts/HW9/T1/constraints.xdc:138]
CRITICAL WARNING: [Common 17-55] 'set_property' expects at least one object. [C:/Users/lebray/Vivado-Workflow-Scripts/HW9/T1/constraints.xdc:138]
Resolution: If [get_<value>] was used to populate the object, check to make sure this command returns at least one valid object.
WARNING: [Vivado 12-584] No ports matched 'JA[4]'. [C:/Users/lebray/Vivado-Workflow-Scripts/HW9/T1/constraints.xdc:140]
CRITICAL WARNING: [Common 17-55] 'set_property' expects at least one object. [C:/Users/lebray/Vivado-Workflow-Scripts/HW9/T1/constraints.xdc:140]
Resolution: If [get_<value>] was used to populate the object, check to make sure this command returns at least one valid object.
WARNING: [Vivado 12-584] No ports matched 'JA[4]'. [C:/Users/lebray/Vivado-Workflow-Scripts/HW9/T1/constraints.xdc:141]
CRITICAL WARNING: [Common 17-55] 'set_property' expects at least one object. [C:/Users/lebray/Vivado-Workflow-Scripts/HW9/T1/constraints.xdc:141]
Resolution: If [get_<value>] was used to populate the object, check to make sure this command returns at least one valid object.
WARNING: [Vivado 12-584] No ports matched 'JA[5]'. [C:/Users/lebray/Vivado-Workflow-Scripts/HW9/T1/constraints.xdc:143]
CRITICAL WARNING: [Common 17-55] 'set_property' expects at least one object. [C:/Users/lebray/Vivado-Workflow-Scripts/HW9/T1/constraints.xdc:143]
Resolution: If [get_<value>] was used to populate the object, check to make sure this command returns at least one valid object.
WARNING: [Vivado 12-584] No ports matched 'JA[5]'. [C:/Users/lebray/Vivado-Workflow-Scripts/HW9/T1/constraints.xdc:144]
CRITICAL WARNING: [Common 17-55] 'set_property' expects at least one object. [C:/Users/lebray/Vivado-Workflow-Scripts/HW9/T1/constraints.xdc:144]
Resolution: If [get_<value>] was used to populate the object, check to make sure this command returns at least one valid object.
WARNING: [Vivado 12-584] No ports matched 'JA[6]'. [C:/Users/lebray/Vivado-Workflow-Scripts/HW9/T1/constraints.xdc:146]
CRITICAL WARNING: [Common 17-55] 'set_property' expects at least one object. [C:/Users/lebray/Vivado-Workflow-Scripts/HW9/T1/constraints.xdc:146]
Resolution: If [get_<value>] was used to populate the object, check to make sure this command returns at least one valid object.
WARNING: [Vivado 12-584] No ports matched 'JA[6]'. [C:/Users/lebray/Vivado-Workflow-Scripts/HW9/T1/constraints.xdc:147]
CRITICAL WARNING: [Common 17-55] 'set_property' expects at least one object. [C:/Users/lebray/Vivado-Workflow-Scripts/HW9/T1/constraints.xdc:147]
Resolution: If [get_<value>] was used to populate the object, check to make sure this command returns at least one valid object.
WARNING: [Vivado 12-584] No ports matched 'JA[7]'. [C:/Users/lebray/Vivado-Workflow-Scripts/HW9/T1/constraints.xdc:149]
CRITICAL WARNING: [Common 17-55] 'set_property' expects at least one object. [C:/Users/lebray/Vivado-Workflow-Scripts/HW9/T1/constraints.xdc:149]
Resolution: If [get_<value>] was used to populate the object, check to make sure this command returns at least one valid object.
WARNING: [Vivado 12-584] No ports matched 'JA[7]'. [C:/Users/lebray/Vivado-Workflow-Scripts/HW9/T1/constraints.xdc:150]
CRITICAL WARNING: [Common 17-55] 'set_property' expects at least one object. [C:/Users/lebray/Vivado-Workflow-Scripts/HW9/T1/constraints.xdc:150]
Resolution: If [get_<value>] was used to populate the object, check to make sure this command returns at least one valid object.
WARNING: [Vivado 12-584] No ports matched 'vauxp14'. [C:/Users/lebray/Vivado-Workflow-Scripts/HW9/T1/constraints.xdc:214]
CRITICAL WARNING: [Common 17-55] 'set_property' expects at least one object. [C:/Users/lebray/Vivado-Workflow-Scripts/HW9/T1/constraints.xdc:214]
Resolution: If [get_<value>] was used to populate the object, check to make sure this command returns at least one valid object.
WARNING: [Vivado 12-584] No ports matched 'vauxp14'. [C:/Users/lebray/Vivado-Workflow-Scripts/HW9/T1/constraints.xdc:215]
CRITICAL WARNING: [Common 17-55] 'set_property' expects at least one object. [C:/Users/lebray/Vivado-Workflow-Scripts/HW9/T1/constraints.xdc:215]
Resolution: If [get_<value>] was used to populate the object, check to make sure this command returns at least one valid object.
WARNING: [Vivado 12-584] No ports matched 'vauxp7'. [C:/Users/lebray/Vivado-Workflow-Scripts/HW9/T1/constraints.xdc:217]
CRITICAL WARNING: [Common 17-55] 'set_property' expects at least one object. [C:/Users/lebray/Vivado-Workflow-Scripts/HW9/T1/constraints.xdc:217]
Resolution: If [get_<value>] was used to populate the object, check to make sure this command returns at least one valid object.
WARNING: [Vivado 12-584] No ports matched 'vauxp7'. [C:/Users/lebray/Vivado-Workflow-Scripts/HW9/T1/constraints.xdc:218]
CRITICAL WARNING: [Common 17-55] 'set_property' expects at least one object. [C:/Users/lebray/Vivado-Workflow-Scripts/HW9/T1/constraints.xdc:218]
Resolution: If [get_<value>] was used to populate the object, check to make sure this command returns at least one valid object.
WARNING: [Vivado 12-584] No ports matched 'vauxp15'. [C:/Users/lebray/Vivado-Workflow-Scripts/HW9/T1/constraints.xdc:220]
CRITICAL WARNING: [Common 17-55] 'set_property' expects at least one object. [C:/Users/lebray/Vivado-Workflow-Scripts/HW9/T1/constraints.xdc:220]
Resolution: If [get_<value>] was used to populate the object, check to make sure this command returns at least one valid object.
WARNING: [Vivado 12-584] No ports matched 'vauxp15'. [C:/Users/lebray/Vivado-Workflow-Scripts/HW9/T1/constraints.xdc:221]
CRITICAL WARNING: [Common 17-55] 'set_property' expects at least one object. [C:/Users/lebray/Vivado-Workflow-Scripts/HW9/T1/constraints.xdc:221]
Resolution: If [get_<value>] was used to populate the object, check to make sure this command returns at least one valid object.
WARNING: [Vivado 12-584] No ports matched 'vauxn14'. [C:/Users/lebray/Vivado-Workflow-Scripts/HW9/T1/constraints.xdc:226]
CRITICAL WARNING: [Common 17-55] 'set_property' expects at least one object. [C:/Users/lebray/Vivado-Workflow-Scripts/HW9/T1/constraints.xdc:226]
Resolution: If [get_<value>] was used to populate the object, check to make sure this command returns at least one valid object.
WARNING: [Vivado 12-584] No ports matched 'vauxn14'. [C:/Users/lebray/Vivado-Workflow-Scripts/HW9/T1/constraints.xdc:227]
CRITICAL WARNING: [Common 17-55] 'set_property' expects at least one object. [C:/Users/lebray/Vivado-Workflow-Scripts/HW9/T1/constraints.xdc:227]
Resolution: If [get_<value>] was used to populate the object, check to make sure this command returns at least one valid object.
WARNING: [Vivado 12-584] No ports matched 'vauxn7'. [C:/Users/lebray/Vivado-Workflow-Scripts/HW9/T1/constraints.xdc:229]
CRITICAL WARNING: [Common 17-55] 'set_property' expects at least one object. [C:/Users/lebray/Vivado-Workflow-Scripts/HW9/T1/constraints.xdc:229]
Resolution: If [get_<value>] was used to populate the object, check to make sure this command returns at least one valid object.
WARNING: [Vivado 12-584] No ports matched 'vauxn7'. [C:/Users/lebray/Vivado-Workflow-Scripts/HW9/T1/constraints.xdc:230]
CRITICAL WARNING: [Common 17-55] 'set_property' expects at least one object. [C:/Users/lebray/Vivado-Workflow-Scripts/HW9/T1/constraints.xdc:230]
Resolution: If [get_<value>] was used to populate the object, check to make sure this command returns at least one valid object.
WARNING: [Vivado 12-584] No ports matched 'vauxn15'. [C:/Users/lebray/Vivado-Workflow-Scripts/HW9/T1/constraints.xdc:232]
CRITICAL WARNING: [Common 17-55] 'set_property' expects at least one object. [C:/Users/lebray/Vivado-Workflow-Scripts/HW9/T1/constraints.xdc:232]
Resolution: If [get_<value>] was used to populate the object, check to make sure this command returns at least one valid object.
WARNING: [Vivado 12-584] No ports matched 'vauxn15'. [C:/Users/lebray/Vivado-Workflow-Scripts/HW9/T1/constraints.xdc:233]
CRITICAL WARNING: [Common 17-55] 'set_property' expects at least one object. [C:/Users/lebray/Vivado-Workflow-Scripts/HW9/T1/constraints.xdc:233]
Resolution: If [get_<value>] was used to populate the object, check to make sure this command returns at least one valid object.
Finished Parsing XDC File [C:/Users/lebray/Vivado-Workflow-Scripts/HW9/T1/constraints.xdc]
INFO: [Opt 31-138] Pushed 0 inverter(s) to 0 load pin(s).
Netlist sorting complete. Time (s): cpu = 00:00:00 ; elapsed = 00:00:00 . Memory (MB): peak = 603.273 ; gain = 0.000
INFO: [Project 1-111] Unisim Transformation Summary:
No Unisim elements were transformed.

8 Infos, 57 Warnings, 57 Critical Warnings and 0 Errors encountered.
link_design completed successfully
Command: opt_design
Attempting to get a license for feature 'Implementation' and/or device 'xc7a35t'
INFO: [Common 17-349] Got license for feature 'Implementation' and/or device 'xc7a35t'
Running DRC as a precondition to command opt_design

Starting DRC Task
INFO: [DRC 23-27] Running DRC with 2 threads
INFO: [Project 1-461] DRC finished with 0 Errors
INFO: [Project 1-462] Please refer to the DRC report (report_drc) for more information.

Time (s): cpu = 00:00:00 ; elapsed = 00:00:00.282 . Memory (MB): peak = 617.207 ; gain = 13.934

Starting Cache Timing Information Task
INFO: [Timing 38-35] Done setting XDC timing constraints.
Ending Cache Timing Information Task | Checksum: 1cd7d78ee

Time (s): cpu = 00:00:04 ; elapsed = 00:00:04 . Memory (MB): peak = 1164.707 ; gain = 547.500

Starting Logic Optimization Task

Phase 1 Retarget
INFO: [Opt 31-138] Pushed 0 inverter(s) to 0 load pin(s).
INFO: [Opt 31-49] Retargeted 0 cell(s).
Phase 1 Retarget | Checksum: 1cd7d78ee

Time (s): cpu = 00:00:00 ; elapsed = 00:00:00.007 . Memory (MB): peak = 1260.754 ; gain = 0.000
INFO: [Opt 31-389] Phase Retarget created 0 cells and removed 0 cells

Phase 2 Constant propagation
INFO: [Opt 31-138] Pushed 0 inverter(s) to 0 load pin(s).
Phase 2 Constant propagation | Checksum: 1cd7d78ee

Time (s): cpu = 00:00:00 ; elapsed = 00:00:00.008 . Memory (MB): peak = 1260.754 ; gain = 0.000
INFO: [Opt 31-389] Phase Constant propagation created 0 cells and removed 0 cells

Phase 3 Sweep
Phase 3 Sweep | Checksum: 17619b40a

Time (s): cpu = 00:00:00 ; elapsed = 00:00:00.011 . Memory (MB): peak = 1260.754 ; gain = 0.000
INFO: [Opt 31-389] Phase Sweep created 0 cells and removed 0 cells

Phase 4 BUFG optimization
Phase 4 BUFG optimization | Checksum: 17619b40a

Time (s): cpu = 00:00:00 ; elapsed = 00:00:00.012 . Memory (MB): peak = 1260.754 ; gain = 0.000
INFO: [Opt 31-662] Phase BUFG optimization created 0 cells of which 0 are BUFGs and removed 0 cells.

Phase 5 Shift Register Optimization
Phase 5 Shift Register Optimization | Checksum: 1cace86bc

Time (s): cpu = 00:00:00 ; elapsed = 00:00:00.019 . Memory (MB): peak = 1260.754 ; gain = 0.000
INFO: [Opt 31-389] Phase Shift Register Optimization created 0 cells and removed 0 cells

Phase 6 Post Processing Netlist
Phase 6 Post Processing Netlist | Checksum: 1cace86bc

Time (s): cpu = 00:00:00 ; elapsed = 00:00:00.020 . Memory (MB): peak = 1260.754 ; gain = 0.000
INFO: [Opt 31-389] Phase Post Processing Netlist created 0 cells and removed 0 cells
Opt_design Change Summary
=========================


-------------------------------------------------------------------------------------------------------------------------
|  Phase                        |  #Cells created  |  #Cells Removed  |  #Constrained objects preventing optimizations  |
-------------------------------------------------------------------------------------------------------------------------
|  Retarget                     |               0  |               0  |                                              0  |
|  Constant propagation         |               0  |               0  |                                              0  |
|  Sweep                        |               0  |               0  |                                              0  |
|  BUFG optimization            |               0  |               0  |                                              0  |
|  Shift Register Optimization  |               0  |               0  |                                              0  |
|  Post Processing Netlist      |               0  |               0  |                                              0  |
-------------------------------------------------------------------------------------------------------------------------



Starting Connectivity Check Task

Time (s): cpu = 00:00:00 ; elapsed = 00:00:00 . Memory (MB): peak = 1260.754 ; gain = 0.000
Ending Logic Optimization Task | Checksum: 1cace86bc

Time (s): cpu = 00:00:00 ; elapsed = 00:00:00.022 . Memory (MB): peak = 1260.754 ; gain = 0.000

Starting Power Optimization Task
INFO: [Pwropt 34-132] Skipping clock gating for clocks with a period < 2.00 ns.
Ending Power Optimization Task | Checksum: 1cace86bc

Time (s): cpu = 00:00:00 ; elapsed = 00:00:00.021 . Memory (MB): peak = 1260.754 ; gain = 0.000

Starting Final Cleanup Task
Ending Final Cleanup Task | Checksum: 1cace86bc

Time (s): cpu = 00:00:00 ; elapsed = 00:00:00 . Memory (MB): peak = 1260.754 ; gain = 0.000

Starting Netlist Obfuscation Task
Netlist sorting complete. Time (s): cpu = 00:00:00 ; elapsed = 00:00:00 . Memory (MB): peak = 1260.754 ; gain = 0.000
Ending Netlist Obfuscation Task | Checksum: 1cace86bc

Time (s): cpu = 00:00:00 ; elapsed = 00:00:00 . Memory (MB): peak = 1260.754 ; gain = 0.000
INFO: [Common 17-83] Releasing license: Implementation
24 Infos, 57 Warnings, 57 Critical Warnings and 0 Errors encountered.
opt_design completed successfully
opt_design: Time (s): cpu = 00:00:05 ; elapsed = 00:00:05 . Memory (MB): peak = 1260.754 ; gain = 657.480
Netlist sorting complete. Time (s): cpu = 00:00:00 ; elapsed = 00:00:00 . Memory (MB): peak = 1260.754 ; gain = 0.000
INFO: [Timing 38-480] Writing timing data to binary archive.
Writing placer database...
Writing XDEF routing.
Writing XDEF routing logical nets.
Writing XDEF routing special nets.
Write XDEF Complete: Time (s): cpu = 00:00:00 ; elapsed = 00:00:00.018 . Memory (MB): peak = 1260.754 ; gain = 0.000
Netlist sorting complete. Time (s): cpu = 00:00:00 ; elapsed = 00:00:00 . Memory (MB): peak = 1260.754 ; gain = 0.000
INFO: [Common 17-1381] The checkpoint 'C:/Users/lebray/Vivado-Workflow-Scripts/HW9/T1/vivado_project/T1.runs/impl_1/XADCdemo_opt.dcp' has been generated.
INFO: [runtcl-4] Executing : report_drc -file XADCdemo_drc_opted.rpt -pb XADCdemo_drc_opted.pb -rpx XADCdemo_drc_opted.rpx
Command: report_drc -file XADCdemo_drc_opted.rpt -pb XADCdemo_drc_opted.pb -rpx XADCdemo_drc_opted.rpx
INFO: [IP_Flow 19-1839] IP Catalog is up to date.
INFO: [DRC 23-27] Running DRC with 2 threads
INFO: [Coretcl 2-168] The results of DRC are in file C:/Users/lebray/Vivado-Workflow-Scripts/HW9/T1/vivado_project/T1.runs/impl_1/XADCdemo_drc_opted.rpt.
report_drc completed successfully
Command: place_design
Attempting to get a license for feature 'Implementation' and/or device 'xc7a35t'
INFO: [Common 17-349] Got license for feature 'Implementation' and/or device 'xc7a35t'
INFO: [DRC 23-27] Running DRC with 2 threads
INFO: [Vivado_Tcl 4-198] DRC finished with 0 Errors
INFO: [Vivado_Tcl 4-199] Please refer to the DRC report (report_drc) for more information.
Running DRC as a precondition to command place_design
INFO: [DRC 23-27] Running DRC with 2 threads
INFO: [Vivado_Tcl 4-198] DRC finished with 0 Errors
INFO: [Vivado_Tcl 4-199] Please refer to the DRC report (report_drc) for more information.

Starting Placer Task
INFO: [Place 30-611] Multithreading enabled for place_design using a maximum of 2 CPUs

Phase 1 Placer Initialization

Phase 1.1 Placer Initialization Netlist Sorting
Netlist sorting complete. Time (s): cpu = 00:00:00 ; elapsed = 00:00:00 . Memory (MB): peak = 1260.754 ; gain = 0.000
Phase 1.1 Placer Initialization Netlist Sorting | Checksum: 1675232a8

Time (s): cpu = 00:00:00 ; elapsed = 00:00:00.011 . Memory (MB): peak = 1260.754 ; gain = 0.000
Netlist sorting complete. Time (s): cpu = 00:00:00 ; elapsed = 00:00:00 . Memory (MB): peak = 1260.754 ; gain = 0.000

Phase 1.2 IO Placement/ Clock Placement/ Build Placer Device
INFO: [Timing 38-35] Done setting XDC timing constraints.
Phase 1.2 IO Placement/ Clock Placement/ Build Placer Device | Checksum: 12b8d649f

Time (s): cpu = 00:00:00 ; elapsed = 00:00:00.240 . Memory (MB): peak = 1260.754 ; gain = 0.000

Phase 1.3 Build Placer Netlist Model
Phase 1.3 Build Placer Netlist Model | Checksum: 147ce0747

Time (s): cpu = 00:00:00 ; elapsed = 00:00:00.290 . Memory (MB): peak = 1260.754 ; gain = 0.000

Phase 1.4 Constrain Clocks/Macros
Phase 1.4 Constrain Clocks/Macros | Checksum: 147ce0747

Time (s): cpu = 00:00:00 ; elapsed = 00:00:00.291 . Memory (MB): peak = 1260.754 ; gain = 0.000
Phase 1 Placer Initialization | Checksum: 147ce0747

Time (s): cpu = 00:00:00 ; elapsed = 00:00:00.291 . Memory (MB): peak = 1260.754 ; gain = 0.000

Phase 2 Global Placement

Phase 2.1 Floorplanning
Phase 2.1 Floorplanning | Checksum: 224c791c9

Time (s): cpu = 00:00:00 ; elapsed = 00:00:00.310 . Memory (MB): peak = 1260.754 ; gain = 0.000

Phase 2.2 Physical Synthesis In Placer
INFO: [Physopt 32-65] No nets found for high-fanout optimization.
INFO: [Physopt 32-232] Optimized 0 net. Created 0 new instance.
INFO: [Physopt 32-775] End 1 Pass. Optimized 0 net or cell. Created 0 new cell, deleted 0 existing cell and moved 0 existing cell
INFO: [Physopt 32-670] No setup violation found.  DSP Register Optimization was not performed.
INFO: [Physopt 32-670] No setup violation found.  Shift Register Optimization was not performed.
INFO: [Physopt 32-670] No setup violation found.  BRAM Register Optimization was not performed.
INFO: [Physopt 32-949] No candidate nets found for HD net replication
INFO: [Physopt 32-775] End 1 Pass. Optimized 0 net or cell. Created 0 new cell, deleted 0 existing cell and moved 0 existing cell
Netlist sorting complete. Time (s): cpu = 00:00:00 ; elapsed = 00:00:00 . Memory (MB): peak = 1260.754 ; gain = 0.000

Summary of Physical Synthesis Optimizations
============================================


----------------------------------------------------------------------------------------------------------------------------------------
|  Optimization                  |  Added Cells  |  Removed Cells  |  Optimized Cells/Nets  |  Dont Touch  |  Iterations  |  Elapsed   |
----------------------------------------------------------------------------------------------------------------------------------------
|  Very High Fanout              |            0  |              0  |                     0  |           0  |           1  |  00:00:00  |
|  DSP Register                  |            0  |              0  |                     0  |           0  |           0  |  00:00:00  |
|  Shift Register                |            0  |              0  |                     0  |           0  |           0  |  00:00:00  |
|  BRAM Register                 |            0  |              0  |                     0  |           0  |           0  |  00:00:00  |
|  HD Interface Net Replication  |            0  |              0  |                     0  |           0  |           1  |  00:00:00  |
|  Total                         |            0  |              0  |                     0  |           0  |           2  |  00:00:00  |
----------------------------------------------------------------------------------------------------------------------------------------


Phase 2.2 Physical Synthesis In Placer | Checksum: 1e91d1b50

Time (s): cpu = 00:00:00 ; elapsed = 00:00:00.446 . Memory (MB): peak = 1260.754 ; gain = 0.000
Phase 2 Global Placement | Checksum: 14d0d3986

Time (s): cpu = 00:00:00 ; elapsed = 00:00:00.459 . Memory (MB): peak = 1260.754 ; gain = 0.000

Phase 3 Detail Placement

Phase 3.1 Commit Multi Column Macros
Phase 3.1 Commit Multi Column Macros | Checksum: 14d0d3986

Time (s): cpu = 00:00:00 ; elapsed = 00:00:00.460 . Memory (MB): peak = 1260.754 ; gain = 0.000

Phase 3.2 Commit Most Macros & LUTRAMs
Phase 3.2 Commit Most Macros & LUTRAMs | Checksum: 1b7cba239

Time (s): cpu = 00:00:00 ; elapsed = 00:00:00.477 . Memory (MB): peak = 1260.754 ; gain = 0.000

Phase 3.3 Area Swap Optimization
Phase 3.3 Area Swap Optimization | Checksum: 201357515

Time (s): cpu = 00:00:00 ; elapsed = 00:00:00.480 . Memory (MB): peak = 1260.754 ; gain = 0.000

Phase 3.4 Pipeline Register Optimization
Phase 3.4 Pipeline Register Optimization | Checksum: 1cf2fd704

Time (s): cpu = 00:00:00 ; elapsed = 00:00:00.480 . Memory (MB): peak = 1260.754 ; gain = 0.000

Phase 3.5 Small Shape Detail Placement
Phase 3.5 Small Shape Detail Placement | Checksum: 14ad7ad1f

Time (s): cpu = 00:00:00 ; elapsed = 00:00:00.524 . Memory (MB): peak = 1260.754 ; gain = 0.000

Phase 3.6 Re-assign LUT pins
Phase 3.6 Re-assign LUT pins | Checksum: 21393bf80

Time (s): cpu = 00:00:00 ; elapsed = 00:00:00.526 . Memory (MB): peak = 1260.754 ; gain = 0.000

Phase 3.7 Pipeline Register Optimization
Phase 3.7 Pipeline Register Optimization | Checksum: 1dd8e21b3

Time (s): cpu = 00:00:00 ; elapsed = 00:00:00.527 . Memory (MB): peak = 1260.754 ; gain = 0.000
Phase 3 Detail Placement | Checksum: 1dd8e21b3

Time (s): cpu = 00:00:00 ; elapsed = 00:00:00.527 . Memory (MB): peak = 1260.754 ; gain = 0.000

Phase 4 Post Placement Optimization and Clean-Up

Phase 4.1 Post Commit Optimization
INFO: [Timing 38-35] Done setting XDC timing constraints.

Phase 4.1.1 Post Placement Optimization
Post Placement Optimization Initialization | Checksum: 1db8c1ab3

Phase 4.1.1.1 BUFG Insertion
INFO: [Place 46-46] BUFG insertion identified 0 candidate nets, 0 success, 0 bufg driver replicated, 0 skipped for placement/routing, 0 skipped for timing, 0 skipped for netlist change reason
Phase 4.1.1.1 BUFG Insertion | Checksum: 1db8c1ab3

Time (s): cpu = 00:00:00 ; elapsed = 00:00:00.566 . Memory (MB): peak = 1260.754 ; gain = 0.000
INFO: [Place 30-746] Post Placement Timing Summary WNS=6.509. For the most accurate timing information please run report_timing.
Phase 4.1.1 Post Placement Optimization | Checksum: 18d970c58

Time (s): cpu = 00:00:00 ; elapsed = 00:00:00.567 . Memory (MB): peak = 1260.754 ; gain = 0.000
Phase 4.1 Post Commit Optimization | Checksum: 18d970c58

Time (s): cpu = 00:00:00 ; elapsed = 00:00:00.567 . Memory (MB): peak = 1260.754 ; gain = 0.000

Phase 4.2 Post Placement Cleanup
Phase 4.2 Post Placement Cleanup | Checksum: 18d970c58

Time (s): cpu = 00:00:00 ; elapsed = 00:00:00.569 . Memory (MB): peak = 1260.754 ; gain = 0.000

Phase 4.3 Placer Reporting
Phase 4.3 Placer Reporting | Checksum: 18d970c58

Time (s): cpu = 00:00:00 ; elapsed = 00:00:00.569 . Memory (MB): peak = 1260.754 ; gain = 0.000

Phase 4.4 Final Placement Cleanup
Netlist sorting complete. Time (s): cpu = 00:00:00 ; elapsed = 00:00:00 . Memory (MB): peak = 1260.754 ; gain = 0.000
Phase 4.4 Final Placement Cleanup | Checksum: 1939c0d91

Time (s): cpu = 00:00:00 ; elapsed = 00:00:00.571 . Memory (MB): peak = 1260.754 ; gain = 0.000
Phase 4 Post Placement Optimization and Clean-Up | Checksum: 1939c0d91

Time (s): cpu = 00:00:00 ; elapsed = 00:00:00.571 . Memory (MB): peak = 1260.754 ; gain = 0.000
Ending Placer Task | Checksum: 1034f187d

Time (s): cpu = 00:00:00 ; elapsed = 00:00:00.573 . Memory (MB): peak = 1260.754 ; gain = 0.000
INFO: [Common 17-83] Releasing license: Implementation
51 Infos, 57 Warnings, 57 Critical Warnings and 0 Errors encountered.
place_design completed successfully
Netlist sorting complete. Time (s): cpu = 00:00:00 ; elapsed = 00:00:00 . Memory (MB): peak = 1260.754 ; gain = 0.000
INFO: [Timing 38-480] Writing timing data to binary archive.
Writing placer database...
Writing XDEF routing.
Writing XDEF routing logical nets.
Writing XDEF routing special nets.
Write XDEF Complete: Time (s): cpu = 00:00:00 ; elapsed = 00:00:00.018 . Memory (MB): peak = 1260.754 ; gain = 0.000
Netlist sorting complete. Time (s): cpu = 00:00:00 ; elapsed = 00:00:00 . Memory (MB): peak = 1260.754 ; gain = 0.000
INFO: [Common 17-1381] The checkpoint 'C:/Users/lebray/Vivado-Workflow-Scripts/HW9/T1/vivado_project/T1.runs/impl_1/XADCdemo_placed.dcp' has been generated.
INFO: [runtcl-4] Executing : report_io -file XADCdemo_io_placed.rpt
report_io: Time (s): cpu = 00:00:01 ; elapsed = 00:00:00.015 . Memory (MB): peak = 1260.754 ; gain = 0.000
INFO: [runtcl-4] Executing : report_utilization -file XADCdemo_utilization_placed.rpt -pb XADCdemo_utilization_placed.pb
INFO: [runtcl-4] Executing : report_control_sets -verbose -file XADCdemo_control_sets_placed.rpt
report_control_sets: Time (s): cpu = 00:00:00 ; elapsed = 00:00:00.001 . Memory (MB): peak = 1260.754 ; gain = 0.000
Command: route_design
Attempting to get a license for feature 'Implementation' and/or device 'xc7a35t'
INFO: [Common 17-349] Got license for feature 'Implementation' and/or device 'xc7a35t'
Running DRC as a precondition to command route_design
INFO: [DRC 23-27] Running DRC with 2 threads
INFO: [Vivado_Tcl 4-198] DRC finished with 0 Errors
INFO: [Vivado_Tcl 4-199] Please refer to the DRC report (report_drc) for more information.


Starting Routing Task
INFO: [Route 35-254] Multithreading enabled for route_design using a maximum of 2 CPUs
Checksum: PlaceDB: d62e8adb ConstDB: 0 ShapeSum: 2d208da2 RouteDB: 0

Phase 1 Build RT Design
Phase 1 Build RT Design | Checksum: 158b93782

Time (s): cpu = 00:00:09 ; elapsed = 00:00:08 . Memory (MB): peak = 1365.855 ; gain = 105.102
Post Restoration Checksum: NetGraph: 6665d8a9 NumContArr: f2535ed9 Constraints: 0 Timing: 0

Phase 2 Router Initialization

Phase 2.1 Create Timer
Phase 2.1 Create Timer | Checksum: 158b93782

Time (s): cpu = 00:00:09 ; elapsed = 00:00:08 . Memory (MB): peak = 1396.148 ; gain = 135.395

Phase 2.2 Fix Topology Constraints
Phase 2.2 Fix Topology Constraints | Checksum: 158b93782

Time (s): cpu = 00:00:09 ; elapsed = 00:00:08 . Memory (MB): peak = 1402.160 ; gain = 141.406

Phase 2.3 Pre Route Cleanup
Phase 2.3 Pre Route Cleanup | Checksum: 158b93782

Time (s): cpu = 00:00:09 ; elapsed = 00:00:08 . Memory (MB): peak = 1402.160 ; gain = 141.406
 Number of Nodes with overlaps = 0

Phase 2.4 Update Timing
Phase 2.4 Update Timing | Checksum: 1d665e765

Time (s): cpu = 00:00:09 ; elapsed = 00:00:08 . Memory (MB): peak = 1412.449 ; gain = 151.695
INFO: [Route 35-416] Intermediate Timing Summary | WNS=6.490  | TNS=0.000  | WHS=-0.057 | THS=-0.217 |

Phase 2 Router Initialization | Checksum: 18183cd78

Time (s): cpu = 00:00:09 ; elapsed = 00:00:08 . Memory (MB): peak = 1412.449 ; gain = 151.695

Phase 3 Initial Routing
Phase 3 Initial Routing | Checksum: 2376dccdc

Time (s): cpu = 00:00:09 ; elapsed = 00:00:08 . Memory (MB): peak = 1412.449 ; gain = 151.695

Phase 4 Rip-up And Reroute

Phase 4.1 Global Iteration 0
 Number of Nodes with overlaps = 2
 Number of Nodes with overlaps = 0
INFO: [Route 35-416] Intermediate Timing Summary | WNS=6.536  | TNS=0.000  | WHS=N/A    | THS=N/A    |

Phase 4.1 Global Iteration 0 | Checksum: 1e2d9c8a9

Time (s): cpu = 00:00:09 ; elapsed = 00:00:08 . Memory (MB): peak = 1412.449 ; gain = 151.695
Phase 4 Rip-up And Reroute | Checksum: 1e2d9c8a9

Time (s): cpu = 00:00:09 ; elapsed = 00:00:08 . Memory (MB): peak = 1412.449 ; gain = 151.695

Phase 5 Delay and Skew Optimization

Phase 5.1 Delay CleanUp
Phase 5.1 Delay CleanUp | Checksum: 1e2d9c8a9

Time (s): cpu = 00:00:09 ; elapsed = 00:00:08 . Memory (MB): peak = 1412.449 ; gain = 151.695

Phase 5.2 Clock Skew Optimization
Phase 5.2 Clock Skew Optimization | Checksum: 1e2d9c8a9

Time (s): cpu = 00:00:09 ; elapsed = 00:00:08 . Memory (MB): peak = 1412.449 ; gain = 151.695
Phase 5 Delay and Skew Optimization | Checksum: 1e2d9c8a9

Time (s): cpu = 00:00:09 ; elapsed = 00:00:08 . Memory (MB): peak = 1412.449 ; gain = 151.695

Phase 6 Post Hold Fix

Phase 6.1 Hold Fix Iter

Phase 6.1.1 Update Timing
Phase 6.1.1 Update Timing | Checksum: 1c7542b54

Time (s): cpu = 00:00:09 ; elapsed = 00:00:08 . Memory (MB): peak = 1412.449 ; gain = 151.695
INFO: [Route 35-416] Intermediate Timing Summary | WNS=6.638  | TNS=0.000  | WHS=0.246  | THS=0.000  |

Phase 6.1 Hold Fix Iter | Checksum: 1c7542b54

Time (s): cpu = 00:00:09 ; elapsed = 00:00:08 . Memory (MB): peak = 1412.449 ; gain = 151.695
Phase 6 Post Hold Fix | Checksum: 1c7542b54

Time (s): cpu = 00:00:09 ; elapsed = 00:00:08 . Memory (MB): peak = 1412.449 ; gain = 151.695

Phase 7 Route finalize

Router Utilization Summary
  Global Vertical Routing Utilization    = 0.0562864 %
  Global Horizontal Routing Utilization  = 0.0205622 %
  Routable Net Status*
  *Does not include unroutable nets such as driverless and loadless.
  Run report_route_status for detailed report.
  Number of Failed Nets               = 0
  Number of Unrouted Nets             = 0
  Number of Partially Routed Nets     = 0
  Number of Node Overlaps             = 0

Phase 7 Route finalize | Checksum: 114e16ba5

Time (s): cpu = 00:00:09 ; elapsed = 00:00:08 . Memory (MB): peak = 1412.449 ; gain = 151.695

Phase 8 Verifying routed nets

 Verification completed successfully
Phase 8 Verifying routed nets | Checksum: 114e16ba5

Time (s): cpu = 00:00:09 ; elapsed = 00:00:08 . Memory (MB): peak = 1413.727 ; gain = 152.973

Phase 9 Depositing Routes
Phase 9 Depositing Routes | Checksum: cc31fb7a

Time (s): cpu = 00:00:09 ; elapsed = 00:00:08 . Memory (MB): peak = 1413.727 ; gain = 152.973

Phase 10 Post Router Timing
INFO: [Route 35-57] Estimated Timing Summary | WNS=6.638  | TNS=0.000  | WHS=0.246  | THS=0.000  |

INFO: [Route 35-327] The final timing numbers are based on the router estimated timing analysis. For a complete and accurate timing signoff, please run report_timing_summary.
Phase 10 Post Router Timing | Checksum: cc31fb7a

Time (s): cpu = 00:00:09 ; elapsed = 00:00:08 . Memory (MB): peak = 1413.727 ; gain = 152.973
INFO: [Route 35-16] Router Completed Successfully

Time (s): cpu = 00:00:09 ; elapsed = 00:00:08 . Memory (MB): peak = 1413.727 ; gain = 152.973

Routing Is Done.
INFO: [Common 17-83] Releasing license: Implementation
68 Infos, 57 Warnings, 57 Critical Warnings and 0 Errors encountered.
route_design completed successfully
route_design: Time (s): cpu = 00:00:09 ; elapsed = 00:00:08 . Memory (MB): peak = 1413.727 ; gain = 152.973
Netlist sorting complete. Time (s): cpu = 00:00:00 ; elapsed = 00:00:00 . Memory (MB): peak = 1413.727 ; gain = 0.000
INFO: [Timing 38-480] Writing timing data to binary archive.
Writing placer database...
Writing XDEF routing.
Writing XDEF routing logical nets.
Writing XDEF routing special nets.
Write XDEF Complete: Time (s): cpu = 00:00:00 ; elapsed = 00:00:00.018 . Memory (MB): peak = 1413.727 ; gain = 0.000
Netlist sorting complete. Time (s): cpu = 00:00:00 ; elapsed = 00:00:00 . Memory (MB): peak = 1413.727 ; gain = 0.000
INFO: [Common 17-1381] The checkpoint 'C:/Users/lebray/Vivado-Workflow-Scripts/HW9/T1/vivado_project/T1.runs/impl_1/XADCdemo_routed.dcp' has been generated.
INFO: [runtcl-4] Executing : report_drc -file XADCdemo_drc_routed.rpt -pb XADCdemo_drc_routed.pb -rpx XADCdemo_drc_routed.rpx
Command: report_drc -file XADCdemo_drc_routed.rpt -pb XADCdemo_drc_routed.pb -rpx XADCdemo_drc_routed.rpx
INFO: [IP_Flow 19-1839] IP Catalog is up to date.
INFO: [DRC 23-27] Running DRC with 2 threads
INFO: [Coretcl 2-168] The results of DRC are in file C:/Users/lebray/Vivado-Workflow-Scripts/HW9/T1/vivado_project/T1.runs/impl_1/XADCdemo_drc_routed.rpt.
report_drc completed successfully
INFO: [runtcl-4] Executing : report_methodology -file XADCdemo_methodology_drc_routed.rpt -pb XADCdemo_methodology_drc_routed.pb -rpx XADCdemo_methodology_drc_routed.rpx
Command: report_methodology -file XADCdemo_methodology_drc_routed.rpt -pb XADCdemo_methodology_drc_routed.pb -rpx XADCdemo_methodology_drc_routed.rpx
INFO: [Timing 38-35] Done setting XDC timing constraints.
INFO: [DRC 23-133] Running Methodology with 2 threads
INFO: [Coretcl 2-1520] The results of Report Methodology are in file C:/Users/lebray/Vivado-Workflow-Scripts/HW9/T1/vivado_project/T1.runs/impl_1/XADCdemo_methodology_drc_routed.rpt.
report_methodology completed successfully
INFO: [runtcl-4] Executing : report_power -file XADCdemo_power_routed.rpt -pb XADCdemo_power_summary_routed.pb -rpx XADCdemo_power_routed.rpx
Command: report_power -file XADCdemo_power_routed.rpt -pb XADCdemo_power_summary_routed.pb -rpx XADCdemo_power_routed.rpx
INFO: [Timing 38-35] Done setting XDC timing constraints.
Running Vector-less Activity Propagation...

Finished Running Vector-less Activity Propagation
80 Infos, 57 Warnings, 57 Critical Warnings and 0 Errors encountered.
report_power completed successfully
INFO: [runtcl-4] Executing : report_route_status -file XADCdemo_route_status.rpt -pb XADCdemo_route_status.pb
INFO: [runtcl-4] Executing : report_timing_summary -max_paths 10 -file XADCdemo_timing_summary_routed.rpt -pb XADCdemo_timing_summary_routed.pb -rpx XADCdemo_timing_summary_routed.rpx -warn_on_violation 
INFO: [Timing 38-91] UpdateTimingParams: Speed grade: -1, Delay Type: min_max.
INFO: [Timing 38-191] Multithreading enabled for timing update using a maximum of 2 CPUs
INFO: [runtcl-4] Executing : report_incremental_reuse -file XADCdemo_incremental_reuse_routed.rpt
INFO: [Vivado_Tcl 4-1062] Incremental flow is disabled. No incremental reuse Info to report.
INFO: [runtcl-4] Executing : report_clock_utilization -file XADCdemo_clock_utilization_routed.rpt
INFO: [runtcl-4] Executing : report_bus_skew -warn_on_violation -file XADCdemo_bus_skew_routed.rpt -pb XADCdemo_bus_skew_routed.pb -rpx XADCdemo_bus_skew_routed.rpx
INFO: [Timing 38-91] UpdateTimingParams: Speed grade: -1, Delay Type: min_max.
INFO: [Timing 38-191] Multithreading enabled for timing update using a maximum of 2 CPUs
INFO: [Common 17-206] Exiting Vivado at Fri Apr  3 20:05:35 2026...
[Fri Apr  3 20:05:41 2026] impl_1 finished
wait_on_run: Time (s): cpu = 00:00:00 ; elapsed = 00:00:35 . Memory (MB): peak = 485.906 ; gain = 0.000
# set s [get_property STATUS [get_runs impl_1]]
# if {[string first "Complete" $s] < 0} { puts "ERROR: Implementation failed: $s"; exit 1 }
# launch_runs impl_1 -to_step write_bitstream
[Fri Apr  3 20:05:41 2026] Launched impl_1...
Run output will be captured here: C:/Users/lebray/Vivado-Workflow-Scripts/HW9/T1/vivado_project/T1.runs/impl_1/runme.log
# wait_on_run impl_1
[Fri Apr  3 20:05:41 2026] Waiting for impl_1 to finish...

*** Running vivado
    with args -log XADCdemo.vdi -applog -m64 -product Vivado -messageDb vivado.pb -mode batch -source XADCdemo.tcl -notrace


****** Vivado v2018.3 (64-bit)
  **** SW Build 2405991 on Thu Dec  6 23:38:27 MST 2018
  **** IP Build 2404404 on Fri Dec  7 01:43:56 MST 2018
    ** Copyright 1986-2018 Xilinx, Inc. All Rights Reserved.

source XADCdemo.tcl -notrace
Command: link_design -top XADCdemo -part xc7a35tcpg236-1
Design is defaulting to srcset: sources_1
Design is defaulting to constrset: constrs_1
INFO: [Project 1-454] Reading design checkpoint 'c:/Users/lebray/Vivado-Workflow-Scripts/HW9/T1/vivado_project/T1.srcs/sources_1/ip/xadc_wiz_0/xadc_wiz_0.dcp' for cell 'XLXI_7'
INFO: [Netlist 29-17] Analyzing 5 Unisim elements for replacement
INFO: [Netlist 29-28] Unisim Transformation completed in 0 CPU seconds
INFO: [Project 1-479] Netlist was created with Vivado 2018.3
INFO: [Device 21-403] Loading part xc7a35tcpg236-1
INFO: [Project 1-570] Preparing netlist for logic optimization
Parsing XDC File [c:/Users/lebray/Vivado-Workflow-Scripts/HW9/T1/vivado_project/T1.srcs/sources_1/ip/xadc_wiz_0/xadc_wiz_0.xdc] for cell 'XLXI_7/inst'
Finished Parsing XDC File [c:/Users/lebray/Vivado-Workflow-Scripts/HW9/T1/vivado_project/T1.srcs/sources_1/ip/xadc_wiz_0/xadc_wiz_0.xdc] for cell 'XLXI_7/inst'
Parsing XDC File [C:/Users/lebray/Vivado-Workflow-Scripts/HW9/T1/constraints.xdc]
WARNING: [Vivado 12-507] No nets matched 'sck_IBUF'. [C:/Users/lebray/Vivado-Workflow-Scripts/HW9/T1/constraints.xdc:11]
CRITICAL WARNING: [Common 17-55] 'set_property' expects at least one object. [C:/Users/lebray/Vivado-Workflow-Scripts/HW9/T1/constraints.xdc:11]
Resolution: If [get_<value>] was used to populate the object, check to make sure this command returns at least one valid object.
WARNING: [Vivado 12-584] No ports matched 'sw[0]'. [C:/Users/lebray/Vivado-Workflow-Scripts/HW9/T1/constraints.xdc:14]
CRITICAL WARNING: [Common 17-55] 'set_property' expects at least one object. [C:/Users/lebray/Vivado-Workflow-Scripts/HW9/T1/constraints.xdc:14]
Resolution: If [get_<value>] was used to populate the object, check to make sure this command returns at least one valid object.
WARNING: [Vivado 12-584] No ports matched 'sw[0]'. [C:/Users/lebray/Vivado-Workflow-Scripts/HW9/T1/constraints.xdc:15]
CRITICAL WARNING: [Common 17-55] 'set_property' expects at least one object. [C:/Users/lebray/Vivado-Workflow-Scripts/HW9/T1/constraints.xdc:15]
Resolution: If [get_<value>] was used to populate the object, check to make sure this command returns at least one valid object.
WARNING: [Vivado 12-584] No ports matched 'sw[1]'. [C:/Users/lebray/Vivado-Workflow-Scripts/HW9/T1/constraints.xdc:16]
CRITICAL WARNING: [Common 17-55] 'set_property' expects at least one object. [C:/Users/lebray/Vivado-Workflow-Scripts/HW9/T1/constraints.xdc:16]
Resolution: If [get_<value>] was used to populate the object, check to make sure this command returns at least one valid object.
WARNING: [Vivado 12-584] No ports matched 'sw[1]'. [C:/Users/lebray/Vivado-Workflow-Scripts/HW9/T1/constraints.xdc:17]
CRITICAL WARNING: [Common 17-55] 'set_property' expects at least one object. [C:/Users/lebray/Vivado-Workflow-Scripts/HW9/T1/constraints.xdc:17]
Resolution: If [get_<value>] was used to populate the object, check to make sure this command returns at least one valid object.
WARNING: [Vivado 12-584] No ports matched 'seg[0]'. [C:/Users/lebray/Vivado-Workflow-Scripts/HW9/T1/constraints.xdc:84]
CRITICAL WARNING: [Common 17-55] 'set_property' expects at least one object. [C:/Users/lebray/Vivado-Workflow-Scripts/HW9/T1/constraints.xdc:84]
Resolution: If [get_<value>] was used to populate the object, check to make sure this command returns at least one valid object.
WARNING: [Vivado 12-584] No ports matched 'seg[0]'. [C:/Users/lebray/Vivado-Workflow-Scripts/HW9/T1/constraints.xdc:85]
CRITICAL WARNING: [Common 17-55] 'set_property' expects at least one object. [C:/Users/lebray/Vivado-Workflow-Scripts/HW9/T1/constraints.xdc:85]
Resolution: If [get_<value>] was used to populate the object, check to make sure this command returns at least one valid object.
WARNING: [Vivado 12-584] No ports matched 'seg[1]'. [C:/Users/lebray/Vivado-Workflow-Scripts/HW9/T1/constraints.xdc:86]
CRITICAL WARNING: [Common 17-55] 'set_property' expects at least one object. [C:/Users/lebray/Vivado-Workflow-Scripts/HW9/T1/constraints.xdc:86]
Resolution: If [get_<value>] was used to populate the object, check to make sure this command returns at least one valid object.
WARNING: [Vivado 12-584] No ports matched 'seg[1]'. [C:/Users/lebray/Vivado-Workflow-Scripts/HW9/T1/constraints.xdc:87]
CRITICAL WARNING: [Common 17-55] 'set_property' expects at least one object. [C:/Users/lebray/Vivado-Workflow-Scripts/HW9/T1/constraints.xdc:87]
Resolution: If [get_<value>] was used to populate the object, check to make sure this command returns at least one valid object.
WARNING: [Vivado 12-584] No ports matched 'seg[2]'. [C:/Users/lebray/Vivado-Workflow-Scripts/HW9/T1/constraints.xdc:88]
CRITICAL WARNING: [Common 17-55] 'set_property' expects at least one object. [C:/Users/lebray/Vivado-Workflow-Scripts/HW9/T1/constraints.xdc:88]
Resolution: If [get_<value>] was used to populate the object, check to make sure this command returns at least one valid object.
WARNING: [Vivado 12-584] No ports matched 'seg[2]'. [C:/Users/lebray/Vivado-Workflow-Scripts/HW9/T1/constraints.xdc:89]
CRITICAL WARNING: [Common 17-55] 'set_property' expects at least one object. [C:/Users/lebray/Vivado-Workflow-Scripts/HW9/T1/constraints.xdc:89]
Resolution: If [get_<value>] was used to populate the object, check to make sure this command returns at least one valid object.
WARNING: [Vivado 12-584] No ports matched 'seg[3]'. [C:/Users/lebray/Vivado-Workflow-Scripts/HW9/T1/constraints.xdc:90]
CRITICAL WARNING: [Common 17-55] 'set_property' expects at least one object. [C:/Users/lebray/Vivado-Workflow-Scripts/HW9/T1/constraints.xdc:90]
Resolution: If [get_<value>] was used to populate the object, check to make sure this command returns at least one valid object.
WARNING: [Vivado 12-584] No ports matched 'seg[3]'. [C:/Users/lebray/Vivado-Workflow-Scripts/HW9/T1/constraints.xdc:91]
CRITICAL WARNING: [Common 17-55] 'set_property' expects at least one object. [C:/Users/lebray/Vivado-Workflow-Scripts/HW9/T1/constraints.xdc:91]
Resolution: If [get_<value>] was used to populate the object, check to make sure this command returns at least one valid object.
WARNING: [Vivado 12-584] No ports matched 'seg[4]'. [C:/Users/lebray/Vivado-Workflow-Scripts/HW9/T1/constraints.xdc:92]
CRITICAL WARNING: [Common 17-55] 'set_property' expects at least one object. [C:/Users/lebray/Vivado-Workflow-Scripts/HW9/T1/constraints.xdc:92]
Resolution: If [get_<value>] was used to populate the object, check to make sure this command returns at least one valid object.
WARNING: [Vivado 12-584] No ports matched 'seg[4]'. [C:/Users/lebray/Vivado-Workflow-Scripts/HW9/T1/constraints.xdc:93]
CRITICAL WARNING: [Common 17-55] 'set_property' expects at least one object. [C:/Users/lebray/Vivado-Workflow-Scripts/HW9/T1/constraints.xdc:93]
Resolution: If [get_<value>] was used to populate the object, check to make sure this command returns at least one valid object.
WARNING: [Vivado 12-584] No ports matched 'seg[5]'. [C:/Users/lebray/Vivado-Workflow-Scripts/HW9/T1/constraints.xdc:94]
CRITICAL WARNING: [Common 17-55] 'set_property' expects at least one object. [C:/Users/lebray/Vivado-Workflow-Scripts/HW9/T1/constraints.xdc:94]
Resolution: If [get_<value>] was used to populate the object, check to make sure this command returns at least one valid object.
WARNING: [Vivado 12-584] No ports matched 'seg[5]'. [C:/Users/lebray/Vivado-Workflow-Scripts/HW9/T1/constraints.xdc:95]
CRITICAL WARNING: [Common 17-55] 'set_property' expects at least one object. [C:/Users/lebray/Vivado-Workflow-Scripts/HW9/T1/constraints.xdc:95]
Resolution: If [get_<value>] was used to populate the object, check to make sure this command returns at least one valid object.
WARNING: [Vivado 12-584] No ports matched 'seg[6]'. [C:/Users/lebray/Vivado-Workflow-Scripts/HW9/T1/constraints.xdc:96]
CRITICAL WARNING: [Common 17-55] 'set_property' expects at least one object. [C:/Users/lebray/Vivado-Workflow-Scripts/HW9/T1/constraints.xdc:96]
Resolution: If [get_<value>] was used to populate the object, check to make sure this command returns at least one valid object.
WARNING: [Vivado 12-584] No ports matched 'seg[6]'. [C:/Users/lebray/Vivado-Workflow-Scripts/HW9/T1/constraints.xdc:97]
CRITICAL WARNING: [Common 17-55] 'set_property' expects at least one object. [C:/Users/lebray/Vivado-Workflow-Scripts/HW9/T1/constraints.xdc:97]
Resolution: If [get_<value>] was used to populate the object, check to make sure this command returns at least one valid object.
WARNING: [Vivado 12-584] No ports matched 'dp'. [C:/Users/lebray/Vivado-Workflow-Scripts/HW9/T1/constraints.xdc:99]
CRITICAL WARNING: [Common 17-55] 'set_property' expects at least one object. [C:/Users/lebray/Vivado-Workflow-Scripts/HW9/T1/constraints.xdc:99]
Resolution: If [get_<value>] was used to populate the object, check to make sure this command returns at least one valid object.
WARNING: [Vivado 12-584] No ports matched 'dp'. [C:/Users/lebray/Vivado-Workflow-Scripts/HW9/T1/constraints.xdc:100]
CRITICAL WARNING: [Common 17-55] 'set_property' expects at least one object. [C:/Users/lebray/Vivado-Workflow-Scripts/HW9/T1/constraints.xdc:100]
Resolution: If [get_<value>] was used to populate the object, check to make sure this command returns at least one valid object.
WARNING: [Vivado 12-584] No ports matched 'an[0]'. [C:/Users/lebray/Vivado-Workflow-Scripts/HW9/T1/constraints.xdc:102]
CRITICAL WARNING: [Common 17-55] 'set_property' expects at least one object. [C:/Users/lebray/Vivado-Workflow-Scripts/HW9/T1/constraints.xdc:102]
Resolution: If [get_<value>] was used to populate the object, check to make sure this command returns at least one valid object.
WARNING: [Vivado 12-584] No ports matched 'an[0]'. [C:/Users/lebray/Vivado-Workflow-Scripts/HW9/T1/constraints.xdc:103]
CRITICAL WARNING: [Common 17-55] 'set_property' expects at least one object. [C:/Users/lebray/Vivado-Workflow-Scripts/HW9/T1/constraints.xdc:103]
Resolution: If [get_<value>] was used to populate the object, check to make sure this command returns at least one valid object.
WARNING: [Vivado 12-584] No ports matched 'an[1]'. [C:/Users/lebray/Vivado-Workflow-Scripts/HW9/T1/constraints.xdc:104]
CRITICAL WARNING: [Common 17-55] 'set_property' expects at least one object. [C:/Users/lebray/Vivado-Workflow-Scripts/HW9/T1/constraints.xdc:104]
Resolution: If [get_<value>] was used to populate the object, check to make sure this command returns at least one valid object.
WARNING: [Vivado 12-584] No ports matched 'an[1]'. [C:/Users/lebray/Vivado-Workflow-Scripts/HW9/T1/constraints.xdc:105]
CRITICAL WARNING: [Common 17-55] 'set_property' expects at least one object. [C:/Users/lebray/Vivado-Workflow-Scripts/HW9/T1/constraints.xdc:105]
Resolution: If [get_<value>] was used to populate the object, check to make sure this command returns at least one valid object.
WARNING: [Vivado 12-584] No ports matched 'an[2]'. [C:/Users/lebray/Vivado-Workflow-Scripts/HW9/T1/constraints.xdc:106]
CRITICAL WARNING: [Common 17-55] 'set_property' expects at least one object. [C:/Users/lebray/Vivado-Workflow-Scripts/HW9/T1/constraints.xdc:106]
Resolution: If [get_<value>] was used to populate the object, check to make sure this command returns at least one valid object.
WARNING: [Vivado 12-584] No ports matched 'an[2]'. [C:/Users/lebray/Vivado-Workflow-Scripts/HW9/T1/constraints.xdc:107]
CRITICAL WARNING: [Common 17-55] 'set_property' expects at least one object. [C:/Users/lebray/Vivado-Workflow-Scripts/HW9/T1/constraints.xdc:107]
Resolution: If [get_<value>] was used to populate the object, check to make sure this command returns at least one valid object.
WARNING: [Vivado 12-584] No ports matched 'an[3]'. [C:/Users/lebray/Vivado-Workflow-Scripts/HW9/T1/constraints.xdc:108]
CRITICAL WARNING: [Common 17-55] 'set_property' expects at least one object. [C:/Users/lebray/Vivado-Workflow-Scripts/HW9/T1/constraints.xdc:108]
Resolution: If [get_<value>] was used to populate the object, check to make sure this command returns at least one valid object.
WARNING: [Vivado 12-584] No ports matched 'an[3]'. [C:/Users/lebray/Vivado-Workflow-Scripts/HW9/T1/constraints.xdc:109]
CRITICAL WARNING: [Common 17-55] 'set_property' expects at least one object. [C:/Users/lebray/Vivado-Workflow-Scripts/HW9/T1/constraints.xdc:109]
Resolution: If [get_<value>] was used to populate the object, check to make sure this command returns at least one valid object.
WARNING: [Vivado 12-584] No ports matched 'JA[0]'. [C:/Users/lebray/Vivado-Workflow-Scripts/HW9/T1/constraints.xdc:128]
CRITICAL WARNING: [Common 17-55] 'set_property' expects at least one object. [C:/Users/lebray/Vivado-Workflow-Scripts/HW9/T1/constraints.xdc:128]
Resolution: If [get_<value>] was used to populate the object, check to make sure this command returns at least one valid object.
WARNING: [Vivado 12-584] No ports matched 'JA[0]'. [C:/Users/lebray/Vivado-Workflow-Scripts/HW9/T1/constraints.xdc:129]
CRITICAL WARNING: [Common 17-55] 'set_property' expects at least one object. [C:/Users/lebray/Vivado-Workflow-Scripts/HW9/T1/constraints.xdc:129]
Resolution: If [get_<value>] was used to populate the object, check to make sure this command returns at least one valid object.
WARNING: [Vivado 12-584] No ports matched 'JA[1]'. [C:/Users/lebray/Vivado-Workflow-Scripts/HW9/T1/constraints.xdc:131]
CRITICAL WARNING: [Common 17-55] 'set_property' expects at least one object. [C:/Users/lebray/Vivado-Workflow-Scripts/HW9/T1/constraints.xdc:131]
Resolution: If [get_<value>] was used to populate the object, check to make sure this command returns at least one valid object.
WARNING: [Vivado 12-584] No ports matched 'JA[1]'. [C:/Users/lebray/Vivado-Workflow-Scripts/HW9/T1/constraints.xdc:132]
CRITICAL WARNING: [Common 17-55] 'set_property' expects at least one object. [C:/Users/lebray/Vivado-Workflow-Scripts/HW9/T1/constraints.xdc:132]
Resolution: If [get_<value>] was used to populate the object, check to make sure this command returns at least one valid object.
WARNING: [Vivado 12-584] No ports matched 'JA[2]'. [C:/Users/lebray/Vivado-Workflow-Scripts/HW9/T1/constraints.xdc:134]
CRITICAL WARNING: [Common 17-55] 'set_property' expects at least one object. [C:/Users/lebray/Vivado-Workflow-Scripts/HW9/T1/constraints.xdc:134]
Resolution: If [get_<value>] was used to populate the object, check to make sure this command returns at least one valid object.
WARNING: [Vivado 12-584] No ports matched 'JA[2]'. [C:/Users/lebray/Vivado-Workflow-Scripts/HW9/T1/constraints.xdc:135]
CRITICAL WARNING: [Common 17-55] 'set_property' expects at least one object. [C:/Users/lebray/Vivado-Workflow-Scripts/HW9/T1/constraints.xdc:135]
Resolution: If [get_<value>] was used to populate the object, check to make sure this command returns at least one valid object.
WARNING: [Vivado 12-584] No ports matched 'JA[3]'. [C:/Users/lebray/Vivado-Workflow-Scripts/HW9/T1/constraints.xdc:137]
CRITICAL WARNING: [Common 17-55] 'set_property' expects at least one object. [C:/Users/lebray/Vivado-Workflow-Scripts/HW9/T1/constraints.xdc:137]
Resolution: If [get_<value>] was used to populate the object, check to make sure this command returns at least one valid object.
WARNING: [Vivado 12-584] No ports matched 'JA[3]'. [C:/Users/lebray/Vivado-Workflow-Scripts/HW9/T1/constraints.xdc:138]
CRITICAL WARNING: [Common 17-55] 'set_property' expects at least one object. [C:/Users/lebray/Vivado-Workflow-Scripts/HW9/T1/constraints.xdc:138]
Resolution: If [get_<value>] was used to populate the object, check to make sure this command returns at least one valid object.
WARNING: [Vivado 12-584] No ports matched 'JA[4]'. [C:/Users/lebray/Vivado-Workflow-Scripts/HW9/T1/constraints.xdc:140]
CRITICAL WARNING: [Common 17-55] 'set_property' expects at least one object. [C:/Users/lebray/Vivado-Workflow-Scripts/HW9/T1/constraints.xdc:140]
Resolution: If [get_<value>] was used to populate the object, check to make sure this command returns at least one valid object.
WARNING: [Vivado 12-584] No ports matched 'JA[4]'. [C:/Users/lebray/Vivado-Workflow-Scripts/HW9/T1/constraints.xdc:141]
CRITICAL WARNING: [Common 17-55] 'set_property' expects at least one object. [C:/Users/lebray/Vivado-Workflow-Scripts/HW9/T1/constraints.xdc:141]
Resolution: If [get_<value>] was used to populate the object, check to make sure this command returns at least one valid object.
WARNING: [Vivado 12-584] No ports matched 'JA[5]'. [C:/Users/lebray/Vivado-Workflow-Scripts/HW9/T1/constraints.xdc:143]
CRITICAL WARNING: [Common 17-55] 'set_property' expects at least one object. [C:/Users/lebray/Vivado-Workflow-Scripts/HW9/T1/constraints.xdc:143]
Resolution: If [get_<value>] was used to populate the object, check to make sure this command returns at least one valid object.
WARNING: [Vivado 12-584] No ports matched 'JA[5]'. [C:/Users/lebray/Vivado-Workflow-Scripts/HW9/T1/constraints.xdc:144]
CRITICAL WARNING: [Common 17-55] 'set_property' expects at least one object. [C:/Users/lebray/Vivado-Workflow-Scripts/HW9/T1/constraints.xdc:144]
Resolution: If [get_<value>] was used to populate the object, check to make sure this command returns at least one valid object.
WARNING: [Vivado 12-584] No ports matched 'JA[6]'. [C:/Users/lebray/Vivado-Workflow-Scripts/HW9/T1/constraints.xdc:146]
CRITICAL WARNING: [Common 17-55] 'set_property' expects at least one object. [C:/Users/lebray/Vivado-Workflow-Scripts/HW9/T1/constraints.xdc:146]
Resolution: If [get_<value>] was used to populate the object, check to make sure this command returns at least one valid object.
WARNING: [Vivado 12-584] No ports matched 'JA[6]'. [C:/Users/lebray/Vivado-Workflow-Scripts/HW9/T1/constraints.xdc:147]
CRITICAL WARNING: [Common 17-55] 'set_property' expects at least one object. [C:/Users/lebray/Vivado-Workflow-Scripts/HW9/T1/constraints.xdc:147]
Resolution: If [get_<value>] was used to populate the object, check to make sure this command returns at least one valid object.
WARNING: [Vivado 12-584] No ports matched 'JA[7]'. [C:/Users/lebray/Vivado-Workflow-Scripts/HW9/T1/constraints.xdc:149]
CRITICAL WARNING: [Common 17-55] 'set_property' expects at least one object. [C:/Users/lebray/Vivado-Workflow-Scripts/HW9/T1/constraints.xdc:149]
Resolution: If [get_<value>] was used to populate the object, check to make sure this command returns at least one valid object.
WARNING: [Vivado 12-584] No ports matched 'JA[7]'. [C:/Users/lebray/Vivado-Workflow-Scripts/HW9/T1/constraints.xdc:150]
CRITICAL WARNING: [Common 17-55] 'set_property' expects at least one object. [C:/Users/lebray/Vivado-Workflow-Scripts/HW9/T1/constraints.xdc:150]
Resolution: If [get_<value>] was used to populate the object, check to make sure this command returns at least one valid object.
WARNING: [Vivado 12-584] No ports matched 'vauxp14'. [C:/Users/lebray/Vivado-Workflow-Scripts/HW9/T1/constraints.xdc:214]
CRITICAL WARNING: [Common 17-55] 'set_property' expects at least one object. [C:/Users/lebray/Vivado-Workflow-Scripts/HW9/T1/constraints.xdc:214]
Resolution: If [get_<value>] was used to populate the object, check to make sure this command returns at least one valid object.
WARNING: [Vivado 12-584] No ports matched 'vauxp14'. [C:/Users/lebray/Vivado-Workflow-Scripts/HW9/T1/constraints.xdc:215]
CRITICAL WARNING: [Common 17-55] 'set_property' expects at least one object. [C:/Users/lebray/Vivado-Workflow-Scripts/HW9/T1/constraints.xdc:215]
Resolution: If [get_<value>] was used to populate the object, check to make sure this command returns at least one valid object.
WARNING: [Vivado 12-584] No ports matched 'vauxp7'. [C:/Users/lebray/Vivado-Workflow-Scripts/HW9/T1/constraints.xdc:217]
CRITICAL WARNING: [Common 17-55] 'set_property' expects at least one object. [C:/Users/lebray/Vivado-Workflow-Scripts/HW9/T1/constraints.xdc:217]
Resolution: If [get_<value>] was used to populate the object, check to make sure this command returns at least one valid object.
WARNING: [Vivado 12-584] No ports matched 'vauxp7'. [C:/Users/lebray/Vivado-Workflow-Scripts/HW9/T1/constraints.xdc:218]
CRITICAL WARNING: [Common 17-55] 'set_property' expects at least one object. [C:/Users/lebray/Vivado-Workflow-Scripts/HW9/T1/constraints.xdc:218]
Resolution: If [get_<value>] was used to populate the object, check to make sure this command returns at least one valid object.
WARNING: [Vivado 12-584] No ports matched 'vauxp15'. [C:/Users/lebray/Vivado-Workflow-Scripts/HW9/T1/constraints.xdc:220]
CRITICAL WARNING: [Common 17-55] 'set_property' expects at least one object. [C:/Users/lebray/Vivado-Workflow-Scripts/HW9/T1/constraints.xdc:220]
Resolution: If [get_<value>] was used to populate the object, check to make sure this command returns at least one valid object.
WARNING: [Vivado 12-584] No ports matched 'vauxp15'. [C:/Users/lebray/Vivado-Workflow-Scripts/HW9/T1/constraints.xdc:221]
CRITICAL WARNING: [Common 17-55] 'set_property' expects at least one object. [C:/Users/lebray/Vivado-Workflow-Scripts/HW9/T1/constraints.xdc:221]
Resolution: If [get_<value>] was used to populate the object, check to make sure this command returns at least one valid object.
WARNING: [Vivado 12-584] No ports matched 'vauxn14'. [C:/Users/lebray/Vivado-Workflow-Scripts/HW9/T1/constraints.xdc:226]
CRITICAL WARNING: [Common 17-55] 'set_property' expects at least one object. [C:/Users/lebray/Vivado-Workflow-Scripts/HW9/T1/constraints.xdc:226]
Resolution: If [get_<value>] was used to populate the object, check to make sure this command returns at least one valid object.
WARNING: [Vivado 12-584] No ports matched 'vauxn14'. [C:/Users/lebray/Vivado-Workflow-Scripts/HW9/T1/constraints.xdc:227]
CRITICAL WARNING: [Common 17-55] 'set_property' expects at least one object. [C:/Users/lebray/Vivado-Workflow-Scripts/HW9/T1/constraints.xdc:227]
Resolution: If [get_<value>] was used to populate the object, check to make sure this command returns at least one valid object.
WARNING: [Vivado 12-584] No ports matched 'vauxn7'. [C:/Users/lebray/Vivado-Workflow-Scripts/HW9/T1/constraints.xdc:229]
CRITICAL WARNING: [Common 17-55] 'set_property' expects at least one object. [C:/Users/lebray/Vivado-Workflow-Scripts/HW9/T1/constraints.xdc:229]
Resolution: If [get_<value>] was used to populate the object, check to make sure this command returns at least one valid object.
WARNING: [Vivado 12-584] No ports matched 'vauxn7'. [C:/Users/lebray/Vivado-Workflow-Scripts/HW9/T1/constraints.xdc:230]
CRITICAL WARNING: [Common 17-55] 'set_property' expects at least one object. [C:/Users/lebray/Vivado-Workflow-Scripts/HW9/T1/constraints.xdc:230]
Resolution: If [get_<value>] was used to populate the object, check to make sure this command returns at least one valid object.
WARNING: [Vivado 12-584] No ports matched 'vauxn15'. [C:/Users/lebray/Vivado-Workflow-Scripts/HW9/T1/constraints.xdc:232]
CRITICAL WARNING: [Common 17-55] 'set_property' expects at least one object. [C:/Users/lebray/Vivado-Workflow-Scripts/HW9/T1/constraints.xdc:232]
Resolution: If [get_<value>] was used to populate the object, check to make sure this command returns at least one valid object.
WARNING: [Vivado 12-584] No ports matched 'vauxn15'. [C:/Users/lebray/Vivado-Workflow-Scripts/HW9/T1/constraints.xdc:233]
CRITICAL WARNING: [Common 17-55] 'set_property' expects at least one object. [C:/Users/lebray/Vivado-Workflow-Scripts/HW9/T1/constraints.xdc:233]
Resolution: If [get_<value>] was used to populate the object, check to make sure this command returns at least one valid object.
Finished Parsing XDC File [C:/Users/lebray/Vivado-Workflow-Scripts/HW9/T1/constraints.xdc]
INFO: [Opt 31-138] Pushed 0 inverter(s) to 0 load pin(s).
Netlist sorting complete. Time (s): cpu = 00:00:00 ; elapsed = 00:00:00 . Memory (MB): peak = 603.273 ; gain = 0.000
INFO: [Project 1-111] Unisim Transformation Summary:
No Unisim elements were transformed.

8 Infos, 57 Warnings, 57 Critical Warnings and 0 Errors encountered.
link_design completed successfully
Command: opt_design
Attempting to get a license for feature 'Implementation' and/or device 'xc7a35t'
INFO: [Common 17-349] Got license for feature 'Implementation' and/or device 'xc7a35t'
Running DRC as a precondition to command opt_design

Starting DRC Task
INFO: [DRC 23-27] Running DRC with 2 threads
INFO: [Project 1-461] DRC finished with 0 Errors
INFO: [Project 1-462] Please refer to the DRC report (report_drc) for more information.

Time (s): cpu = 00:00:00 ; elapsed = 00:00:00.282 . Memory (MB): peak = 617.207 ; gain = 13.934

Starting Cache Timing Information Task
INFO: [Timing 38-35] Done setting XDC timing constraints.
Ending Cache Timing Information Task | Checksum: 1cd7d78ee

Time (s): cpu = 00:00:04 ; elapsed = 00:00:04 . Memory (MB): peak = 1164.707 ; gain = 547.500

Starting Logic Optimization Task

Phase 1 Retarget
INFO: [Opt 31-138] Pushed 0 inverter(s) to 0 load pin(s).
INFO: [Opt 31-49] Retargeted 0 cell(s).
Phase 1 Retarget | Checksum: 1cd7d78ee

Time (s): cpu = 00:00:00 ; elapsed = 00:00:00.007 . Memory (MB): peak = 1260.754 ; gain = 0.000
INFO: [Opt 31-389] Phase Retarget created 0 cells and removed 0 cells

Phase 2 Constant propagation
INFO: [Opt 31-138] Pushed 0 inverter(s) to 0 load pin(s).
Phase 2 Constant propagation | Checksum: 1cd7d78ee

Time (s): cpu = 00:00:00 ; elapsed = 00:00:00.008 . Memory (MB): peak = 1260.754 ; gain = 0.000
INFO: [Opt 31-389] Phase Constant propagation created 0 cells and removed 0 cells

Phase 3 Sweep
Phase 3 Sweep | Checksum: 17619b40a

Time (s): cpu = 00:00:00 ; elapsed = 00:00:00.011 . Memory (MB): peak = 1260.754 ; gain = 0.000
INFO: [Opt 31-389] Phase Sweep created 0 cells and removed 0 cells

Phase 4 BUFG optimization
Phase 4 BUFG optimization | Checksum: 17619b40a

Time (s): cpu = 00:00:00 ; elapsed = 00:00:00.012 . Memory (MB): peak = 1260.754 ; gain = 0.000
INFO: [Opt 31-662] Phase BUFG optimization created 0 cells of which 0 are BUFGs and removed 0 cells.

Phase 5 Shift Register Optimization
Phase 5 Shift Register Optimization | Checksum: 1cace86bc

Time (s): cpu = 00:00:00 ; elapsed = 00:00:00.019 . Memory (MB): peak = 1260.754 ; gain = 0.000
INFO: [Opt 31-389] Phase Shift Register Optimization created 0 cells and removed 0 cells

Phase 6 Post Processing Netlist
Phase 6 Post Processing Netlist | Checksum: 1cace86bc

Time (s): cpu = 00:00:00 ; elapsed = 00:00:00.020 . Memory (MB): peak = 1260.754 ; gain = 0.000
INFO: [Opt 31-389] Phase Post Processing Netlist created 0 cells and removed 0 cells
Opt_design Change Summary
=========================


-------------------------------------------------------------------------------------------------------------------------
|  Phase                        |  #Cells created  |  #Cells Removed  |  #Constrained objects preventing optimizations  |
-------------------------------------------------------------------------------------------------------------------------
|  Retarget                     |               0  |               0  |                                              0  |
|  Constant propagation         |               0  |               0  |                                              0  |
|  Sweep                        |               0  |               0  |                                              0  |
|  BUFG optimization            |               0  |               0  |                                              0  |
|  Shift Register Optimization  |               0  |               0  |                                              0  |
|  Post Processing Netlist      |               0  |               0  |                                              0  |
-------------------------------------------------------------------------------------------------------------------------



Starting Connectivity Check Task

Time (s): cpu = 00:00:00 ; elapsed = 00:00:00 . Memory (MB): peak = 1260.754 ; gain = 0.000
Ending Logic Optimization Task | Checksum: 1cace86bc

Time (s): cpu = 00:00:00 ; elapsed = 00:00:00.022 . Memory (MB): peak = 1260.754 ; gain = 0.000

Starting Power Optimization Task
INFO: [Pwropt 34-132] Skipping clock gating for clocks with a period < 2.00 ns.
Ending Power Optimization Task | Checksum: 1cace86bc

Time (s): cpu = 00:00:00 ; elapsed = 00:00:00.021 . Memory (MB): peak = 1260.754 ; gain = 0.000

Starting Final Cleanup Task
Ending Final Cleanup Task | Checksum: 1cace86bc

Time (s): cpu = 00:00:00 ; elapsed = 00:00:00 . Memory (MB): peak = 1260.754 ; gain = 0.000

Starting Netlist Obfuscation Task
Netlist sorting complete. Time (s): cpu = 00:00:00 ; elapsed = 00:00:00 . Memory (MB): peak = 1260.754 ; gain = 0.000
Ending Netlist Obfuscation Task | Checksum: 1cace86bc

Time (s): cpu = 00:00:00 ; elapsed = 00:00:00 . Memory (MB): peak = 1260.754 ; gain = 0.000
INFO: [Common 17-83] Releasing license: Implementation
24 Infos, 57 Warnings, 57 Critical Warnings and 0 Errors encountered.
opt_design completed successfully
opt_design: Time (s): cpu = 00:00:05 ; elapsed = 00:00:05 . Memory (MB): peak = 1260.754 ; gain = 657.480
Netlist sorting complete. Time (s): cpu = 00:00:00 ; elapsed = 00:00:00 . Memory (MB): peak = 1260.754 ; gain = 0.000
INFO: [Timing 38-480] Writing timing data to binary archive.
Writing placer database...
Writing XDEF routing.
Writing XDEF routing logical nets.
Writing XDEF routing special nets.
Write XDEF Complete: Time (s): cpu = 00:00:00 ; elapsed = 00:00:00.018 . Memory (MB): peak = 1260.754 ; gain = 0.000
Netlist sorting complete. Time (s): cpu = 00:00:00 ; elapsed = 00:00:00 . Memory (MB): peak = 1260.754 ; gain = 0.000
INFO: [Common 17-1381] The checkpoint 'C:/Users/lebray/Vivado-Workflow-Scripts/HW9/T1/vivado_project/T1.runs/impl_1/XADCdemo_opt.dcp' has been generated.
INFO: [runtcl-4] Executing : report_drc -file XADCdemo_drc_opted.rpt -pb XADCdemo_drc_opted.pb -rpx XADCdemo_drc_opted.rpx
Command: report_drc -file XADCdemo_drc_opted.rpt -pb XADCdemo_drc_opted.pb -rpx XADCdemo_drc_opted.rpx
INFO: [IP_Flow 19-1839] IP Catalog is up to date.
INFO: [DRC 23-27] Running DRC with 2 threads
INFO: [Coretcl 2-168] The results of DRC are in file C:/Users/lebray/Vivado-Workflow-Scripts/HW9/T1/vivado_project/T1.runs/impl_1/XADCdemo_drc_opted.rpt.
report_drc completed successfully
Command: place_design
Attempting to get a license for feature 'Implementation' and/or device 'xc7a35t'
INFO: [Common 17-349] Got license for feature 'Implementation' and/or device 'xc7a35t'
INFO: [DRC 23-27] Running DRC with 2 threads
INFO: [Vivado_Tcl 4-198] DRC finished with 0 Errors
INFO: [Vivado_Tcl 4-199] Please refer to the DRC report (report_drc) for more information.
Running DRC as a precondition to command place_design
INFO: [DRC 23-27] Running DRC with 2 threads
INFO: [Vivado_Tcl 4-198] DRC finished with 0 Errors
INFO: [Vivado_Tcl 4-199] Please refer to the DRC report (report_drc) for more information.

Starting Placer Task
INFO: [Place 30-611] Multithreading enabled for place_design using a maximum of 2 CPUs

Phase 1 Placer Initialization

Phase 1.1 Placer Initialization Netlist Sorting
Netlist sorting complete. Time (s): cpu = 00:00:00 ; elapsed = 00:00:00 . Memory (MB): peak = 1260.754 ; gain = 0.000
Phase 1.1 Placer Initialization Netlist Sorting | Checksum: 1675232a8

Time (s): cpu = 00:00:00 ; elapsed = 00:00:00.011 . Memory (MB): peak = 1260.754 ; gain = 0.000
Netlist sorting complete. Time (s): cpu = 00:00:00 ; elapsed = 00:00:00 . Memory (MB): peak = 1260.754 ; gain = 0.000

Phase 1.2 IO Placement/ Clock Placement/ Build Placer Device
INFO: [Timing 38-35] Done setting XDC timing constraints.
Phase 1.2 IO Placement/ Clock Placement/ Build Placer Device | Checksum: 12b8d649f

Time (s): cpu = 00:00:00 ; elapsed = 00:00:00.240 . Memory (MB): peak = 1260.754 ; gain = 0.000

Phase 1.3 Build Placer Netlist Model
Phase 1.3 Build Placer Netlist Model | Checksum: 147ce0747

Time (s): cpu = 00:00:00 ; elapsed = 00:00:00.290 . Memory (MB): peak = 1260.754 ; gain = 0.000

Phase 1.4 Constrain Clocks/Macros
Phase 1.4 Constrain Clocks/Macros | Checksum: 147ce0747

Time (s): cpu = 00:00:00 ; elapsed = 00:00:00.291 . Memory (MB): peak = 1260.754 ; gain = 0.000
Phase 1 Placer Initialization | Checksum: 147ce0747

Time (s): cpu = 00:00:00 ; elapsed = 00:00:00.291 . Memory (MB): peak = 1260.754 ; gain = 0.000

Phase 2 Global Placement

Phase 2.1 Floorplanning
Phase 2.1 Floorplanning | Checksum: 224c791c9

Time (s): cpu = 00:00:00 ; elapsed = 00:00:00.310 . Memory (MB): peak = 1260.754 ; gain = 0.000

Phase 2.2 Physical Synthesis In Placer
INFO: [Physopt 32-65] No nets found for high-fanout optimization.
INFO: [Physopt 32-232] Optimized 0 net. Created 0 new instance.
INFO: [Physopt 32-775] End 1 Pass. Optimized 0 net or cell. Created 0 new cell, deleted 0 existing cell and moved 0 existing cell
INFO: [Physopt 32-670] No setup violation found.  DSP Register Optimization was not performed.
INFO: [Physopt 32-670] No setup violation found.  Shift Register Optimization was not performed.
INFO: [Physopt 32-670] No setup violation found.  BRAM Register Optimization was not performed.
INFO: [Physopt 32-949] No candidate nets found for HD net replication
INFO: [Physopt 32-775] End 1 Pass. Optimized 0 net or cell. Created 0 new cell, deleted 0 existing cell and moved 0 existing cell
Netlist sorting complete. Time (s): cpu = 00:00:00 ; elapsed = 00:00:00 . Memory (MB): peak = 1260.754 ; gain = 0.000

Summary of Physical Synthesis Optimizations
============================================


----------------------------------------------------------------------------------------------------------------------------------------
|  Optimization                  |  Added Cells  |  Removed Cells  |  Optimized Cells/Nets  |  Dont Touch  |  Iterations  |  Elapsed   |
----------------------------------------------------------------------------------------------------------------------------------------
|  Very High Fanout              |            0  |              0  |                     0  |           0  |           1  |  00:00:00  |
|  DSP Register                  |            0  |              0  |                     0  |           0  |           0  |  00:00:00  |
|  Shift Register                |            0  |              0  |                     0  |           0  |           0  |  00:00:00  |
|  BRAM Register                 |            0  |              0  |                     0  |           0  |           0  |  00:00:00  |
|  HD Interface Net Replication  |            0  |              0  |                     0  |           0  |           1  |  00:00:00  |
|  Total                         |            0  |              0  |                     0  |           0  |           2  |  00:00:00  |
----------------------------------------------------------------------------------------------------------------------------------------


Phase 2.2 Physical Synthesis In Placer | Checksum: 1e91d1b50

Time (s): cpu = 00:00:00 ; elapsed = 00:00:00.446 . Memory (MB): peak = 1260.754 ; gain = 0.000
Phase 2 Global Placement | Checksum: 14d0d3986

Time (s): cpu = 00:00:00 ; elapsed = 00:00:00.459 . Memory (MB): peak = 1260.754 ; gain = 0.000

Phase 3 Detail Placement

Phase 3.1 Commit Multi Column Macros
Phase 3.1 Commit Multi Column Macros | Checksum: 14d0d3986

Time (s): cpu = 00:00:00 ; elapsed = 00:00:00.460 . Memory (MB): peak = 1260.754 ; gain = 0.000

Phase 3.2 Commit Most Macros & LUTRAMs
Phase 3.2 Commit Most Macros & LUTRAMs | Checksum: 1b7cba239

Time (s): cpu = 00:00:00 ; elapsed = 00:00:00.477 . Memory (MB): peak = 1260.754 ; gain = 0.000

Phase 3.3 Area Swap Optimization
Phase 3.3 Area Swap Optimization | Checksum: 201357515

Time (s): cpu = 00:00:00 ; elapsed = 00:00:00.480 . Memory (MB): peak = 1260.754 ; gain = 0.000

Phase 3.4 Pipeline Register Optimization
Phase 3.4 Pipeline Register Optimization | Checksum: 1cf2fd704

Time (s): cpu = 00:00:00 ; elapsed = 00:00:00.480 . Memory (MB): peak = 1260.754 ; gain = 0.000

Phase 3.5 Small Shape Detail Placement
Phase 3.5 Small Shape Detail Placement | Checksum: 14ad7ad1f

Time (s): cpu = 00:00:00 ; elapsed = 00:00:00.524 . Memory (MB): peak = 1260.754 ; gain = 0.000

Phase 3.6 Re-assign LUT pins
Phase 3.6 Re-assign LUT pins | Checksum: 21393bf80

Time (s): cpu = 00:00:00 ; elapsed = 00:00:00.526 . Memory (MB): peak = 1260.754 ; gain = 0.000

Phase 3.7 Pipeline Register Optimization
Phase 3.7 Pipeline Register Optimization | Checksum: 1dd8e21b3

Time (s): cpu = 00:00:00 ; elapsed = 00:00:00.527 . Memory (MB): peak = 1260.754 ; gain = 0.000
Phase 3 Detail Placement | Checksum: 1dd8e21b3

Time (s): cpu = 00:00:00 ; elapsed = 00:00:00.527 . Memory (MB): peak = 1260.754 ; gain = 0.000

Phase 4 Post Placement Optimization and Clean-Up

Phase 4.1 Post Commit Optimization
INFO: [Timing 38-35] Done setting XDC timing constraints.

Phase 4.1.1 Post Placement Optimization
Post Placement Optimization Initialization | Checksum: 1db8c1ab3

Phase 4.1.1.1 BUFG Insertion
INFO: [Place 46-46] BUFG insertion identified 0 candidate nets, 0 success, 0 bufg driver replicated, 0 skipped for placement/routing, 0 skipped for timing, 0 skipped for netlist change reason
Phase 4.1.1.1 BUFG Insertion | Checksum: 1db8c1ab3

Time (s): cpu = 00:00:00 ; elapsed = 00:00:00.566 . Memory (MB): peak = 1260.754 ; gain = 0.000
INFO: [Place 30-746] Post Placement Timing Summary WNS=6.509. For the most accurate timing information please run report_timing.
Phase 4.1.1 Post Placement Optimization | Checksum: 18d970c58

Time (s): cpu = 00:00:00 ; elapsed = 00:00:00.567 . Memory (MB): peak = 1260.754 ; gain = 0.000
Phase 4.1 Post Commit Optimization | Checksum: 18d970c58

Time (s): cpu = 00:00:00 ; elapsed = 00:00:00.567 . Memory (MB): peak = 1260.754 ; gain = 0.000

Phase 4.2 Post Placement Cleanup
Phase 4.2 Post Placement Cleanup | Checksum: 18d970c58

Time (s): cpu = 00:00:00 ; elapsed = 00:00:00.569 . Memory (MB): peak = 1260.754 ; gain = 0.000

Phase 4.3 Placer Reporting
Phase 4.3 Placer Reporting | Checksum: 18d970c58

Time (s): cpu = 00:00:00 ; elapsed = 00:00:00.569 . Memory (MB): peak = 1260.754 ; gain = 0.000

Phase 4.4 Final Placement Cleanup
Netlist sorting complete. Time (s): cpu = 00:00:00 ; elapsed = 00:00:00 . Memory (MB): peak = 1260.754 ; gain = 0.000
Phase 4.4 Final Placement Cleanup | Checksum: 1939c0d91

Time (s): cpu = 00:00:00 ; elapsed = 00:00:00.571 . Memory (MB): peak = 1260.754 ; gain = 0.000
Phase 4 Post Placement Optimization and Clean-Up | Checksum: 1939c0d91

Time (s): cpu = 00:00:00 ; elapsed = 00:00:00.571 . Memory (MB): peak = 1260.754 ; gain = 0.000
Ending Placer Task | Checksum: 1034f187d

Time (s): cpu = 00:00:00 ; elapsed = 00:00:00.573 . Memory (MB): peak = 1260.754 ; gain = 0.000
INFO: [Common 17-83] Releasing license: Implementation
51 Infos, 57 Warnings, 57 Critical Warnings and 0 Errors encountered.
place_design completed successfully
Netlist sorting complete. Time (s): cpu = 00:00:00 ; elapsed = 00:00:00 . Memory (MB): peak = 1260.754 ; gain = 0.000
INFO: [Timing 38-480] Writing timing data to binary archive.
Writing placer database...
Writing XDEF routing.
Writing XDEF routing logical nets.
Writing XDEF routing special nets.
Write XDEF Complete: Time (s): cpu = 00:00:00 ; elapsed = 00:00:00.018 . Memory (MB): peak = 1260.754 ; gain = 0.000
Netlist sorting complete. Time (s): cpu = 00:00:00 ; elapsed = 00:00:00 . Memory (MB): peak = 1260.754 ; gain = 0.000
INFO: [Common 17-1381] The checkpoint 'C:/Users/lebray/Vivado-Workflow-Scripts/HW9/T1/vivado_project/T1.runs/impl_1/XADCdemo_placed.dcp' has been generated.
INFO: [runtcl-4] Executing : report_io -file XADCdemo_io_placed.rpt
report_io: Time (s): cpu = 00:00:01 ; elapsed = 00:00:00.015 . Memory (MB): peak = 1260.754 ; gain = 0.000
INFO: [runtcl-4] Executing : report_utilization -file XADCdemo_utilization_placed.rpt -pb XADCdemo_utilization_placed.pb
INFO: [runtcl-4] Executing : report_control_sets -verbose -file XADCdemo_control_sets_placed.rpt
report_control_sets: Time (s): cpu = 00:00:00 ; elapsed = 00:00:00.001 . Memory (MB): peak = 1260.754 ; gain = 0.000
Command: route_design
Attempting to get a license for feature 'Implementation' and/or device 'xc7a35t'
INFO: [Common 17-349] Got license for feature 'Implementation' and/or device 'xc7a35t'
Running DRC as a precondition to command route_design
INFO: [DRC 23-27] Running DRC with 2 threads
INFO: [Vivado_Tcl 4-198] DRC finished with 0 Errors
INFO: [Vivado_Tcl 4-199] Please refer to the DRC report (report_drc) for more information.


Starting Routing Task
INFO: [Route 35-254] Multithreading enabled for route_design using a maximum of 2 CPUs
Checksum: PlaceDB: d62e8adb ConstDB: 0 ShapeSum: 2d208da2 RouteDB: 0

Phase 1 Build RT Design
Phase 1 Build RT Design | Checksum: 158b93782

Time (s): cpu = 00:00:09 ; elapsed = 00:00:08 . Memory (MB): peak = 1365.855 ; gain = 105.102
Post Restoration Checksum: NetGraph: 6665d8a9 NumContArr: f2535ed9 Constraints: 0 Timing: 0

Phase 2 Router Initialization

Phase 2.1 Create Timer
Phase 2.1 Create Timer | Checksum: 158b93782

Time (s): cpu = 00:00:09 ; elapsed = 00:00:08 . Memory (MB): peak = 1396.148 ; gain = 135.395

Phase 2.2 Fix Topology Constraints
Phase 2.2 Fix Topology Constraints | Checksum: 158b93782

Time (s): cpu = 00:00:09 ; elapsed = 00:00:08 . Memory (MB): peak = 1402.160 ; gain = 141.406

Phase 2.3 Pre Route Cleanup
Phase 2.3 Pre Route Cleanup | Checksum: 158b93782

Time (s): cpu = 00:00:09 ; elapsed = 00:00:08 . Memory (MB): peak = 1402.160 ; gain = 141.406
 Number of Nodes with overlaps = 0

Phase 2.4 Update Timing
Phase 2.4 Update Timing | Checksum: 1d665e765

Time (s): cpu = 00:00:09 ; elapsed = 00:00:08 . Memory (MB): peak = 1412.449 ; gain = 151.695
INFO: [Route 35-416] Intermediate Timing Summary | WNS=6.490  | TNS=0.000  | WHS=-0.057 | THS=-0.217 |

Phase 2 Router Initialization | Checksum: 18183cd78

Time (s): cpu = 00:00:09 ; elapsed = 00:00:08 . Memory (MB): peak = 1412.449 ; gain = 151.695

Phase 3 Initial Routing
Phase 3 Initial Routing | Checksum: 2376dccdc

Time (s): cpu = 00:00:09 ; elapsed = 00:00:08 . Memory (MB): peak = 1412.449 ; gain = 151.695

Phase 4 Rip-up And Reroute

Phase 4.1 Global Iteration 0
 Number of Nodes with overlaps = 2
 Number of Nodes with overlaps = 0
INFO: [Route 35-416] Intermediate Timing Summary | WNS=6.536  | TNS=0.000  | WHS=N/A    | THS=N/A    |

Phase 4.1 Global Iteration 0 | Checksum: 1e2d9c8a9

Time (s): cpu = 00:00:09 ; elapsed = 00:00:08 . Memory (MB): peak = 1412.449 ; gain = 151.695
Phase 4 Rip-up And Reroute | Checksum: 1e2d9c8a9

Time (s): cpu = 00:00:09 ; elapsed = 00:00:08 . Memory (MB): peak = 1412.449 ; gain = 151.695

Phase 5 Delay and Skew Optimization

Phase 5.1 Delay CleanUp
Phase 5.1 Delay CleanUp | Checksum: 1e2d9c8a9

Time (s): cpu = 00:00:09 ; elapsed = 00:00:08 . Memory (MB): peak = 1412.449 ; gain = 151.695

Phase 5.2 Clock Skew Optimization
Phase 5.2 Clock Skew Optimization | Checksum: 1e2d9c8a9

Time (s): cpu = 00:00:09 ; elapsed = 00:00:08 . Memory (MB): peak = 1412.449 ; gain = 151.695
Phase 5 Delay and Skew Optimization | Checksum: 1e2d9c8a9

Time (s): cpu = 00:00:09 ; elapsed = 00:00:08 . Memory (MB): peak = 1412.449 ; gain = 151.695

Phase 6 Post Hold Fix

Phase 6.1 Hold Fix Iter

Phase 6.1.1 Update Timing
Phase 6.1.1 Update Timing | Checksum: 1c7542b54

Time (s): cpu = 00:00:09 ; elapsed = 00:00:08 . Memory (MB): peak = 1412.449 ; gain = 151.695
INFO: [Route 35-416] Intermediate Timing Summary | WNS=6.638  | TNS=0.000  | WHS=0.246  | THS=0.000  |

Phase 6.1 Hold Fix Iter | Checksum: 1c7542b54

Time (s): cpu = 00:00:09 ; elapsed = 00:00:08 . Memory (MB): peak = 1412.449 ; gain = 151.695
Phase 6 Post Hold Fix | Checksum: 1c7542b54

Time (s): cpu = 00:00:09 ; elapsed = 00:00:08 . Memory (MB): peak = 1412.449 ; gain = 151.695

Phase 7 Route finalize

Router Utilization Summary
  Global Vertical Routing Utilization    = 0.0562864 %
  Global Horizontal Routing Utilization  = 0.0205622 %
  Routable Net Status*
  *Does not include unroutable nets such as driverless and loadless.
  Run report_route_status for detailed report.
  Number of Failed Nets               = 0
  Number of Unrouted Nets             = 0
  Number of Partially Routed Nets     = 0
  Number of Node Overlaps             = 0

Phase 7 Route finalize | Checksum: 114e16ba5

Time (s): cpu = 00:00:09 ; elapsed = 00:00:08 . Memory (MB): peak = 1412.449 ; gain = 151.695

Phase 8 Verifying routed nets

 Verification completed successfully
Phase 8 Verifying routed nets | Checksum: 114e16ba5

Time (s): cpu = 00:00:09 ; elapsed = 00:00:08 . Memory (MB): peak = 1413.727 ; gain = 152.973

Phase 9 Depositing Routes
Phase 9 Depositing Routes | Checksum: cc31fb7a

Time (s): cpu = 00:00:09 ; elapsed = 00:00:08 . Memory (MB): peak = 1413.727 ; gain = 152.973

Phase 10 Post Router Timing
INFO: [Route 35-57] Estimated Timing Summary | WNS=6.638  | TNS=0.000  | WHS=0.246  | THS=0.000  |

INFO: [Route 35-327] The final timing numbers are based on the router estimated timing analysis. For a complete and accurate timing signoff, please run report_timing_summary.
Phase 10 Post Router Timing | Checksum: cc31fb7a

Time (s): cpu = 00:00:09 ; elapsed = 00:00:08 . Memory (MB): peak = 1413.727 ; gain = 152.973
INFO: [Route 35-16] Router Completed Successfully

Time (s): cpu = 00:00:09 ; elapsed = 00:00:08 . Memory (MB): peak = 1413.727 ; gain = 152.973

Routing Is Done.
INFO: [Common 17-83] Releasing license: Implementation
68 Infos, 57 Warnings, 57 Critical Warnings and 0 Errors encountered.
route_design completed successfully
route_design: Time (s): cpu = 00:00:09 ; elapsed = 00:00:08 . Memory (MB): peak = 1413.727 ; gain = 152.973
Netlist sorting complete. Time (s): cpu = 00:00:00 ; elapsed = 00:00:00 . Memory (MB): peak = 1413.727 ; gain = 0.000
INFO: [Timing 38-480] Writing timing data to binary archive.
Writing placer database...
Writing XDEF routing.
Writing XDEF routing logical nets.
Writing XDEF routing special nets.
Write XDEF Complete: Time (s): cpu = 00:00:00 ; elapsed = 00:00:00.018 . Memory (MB): peak = 1413.727 ; gain = 0.000
Netlist sorting complete. Time (s): cpu = 00:00:00 ; elapsed = 00:00:00 . Memory (MB): peak = 1413.727 ; gain = 0.000
INFO: [Common 17-1381] The checkpoint 'C:/Users/lebray/Vivado-Workflow-Scripts/HW9/T1/vivado_project/T1.runs/impl_1/XADCdemo_routed.dcp' has been generated.
INFO: [runtcl-4] Executing : report_drc -file XADCdemo_drc_routed.rpt -pb XADCdemo_drc_routed.pb -rpx XADCdemo_drc_routed.rpx
Command: report_drc -file XADCdemo_drc_routed.rpt -pb XADCdemo_drc_routed.pb -rpx XADCdemo_drc_routed.rpx
INFO: [IP_Flow 19-1839] IP Catalog is up to date.
INFO: [DRC 23-27] Running DRC with 2 threads
INFO: [Coretcl 2-168] The results of DRC are in file C:/Users/lebray/Vivado-Workflow-Scripts/HW9/T1/vivado_project/T1.runs/impl_1/XADCdemo_drc_routed.rpt.
report_drc completed successfully
INFO: [runtcl-4] Executing : report_methodology -file XADCdemo_methodology_drc_routed.rpt -pb XADCdemo_methodology_drc_routed.pb -rpx XADCdemo_methodology_drc_routed.rpx
Command: report_methodology -file XADCdemo_methodology_drc_routed.rpt -pb XADCdemo_methodology_drc_routed.pb -rpx XADCdemo_methodology_drc_routed.rpx
INFO: [Timing 38-35] Done setting XDC timing constraints.
INFO: [DRC 23-133] Running Methodology with 2 threads
INFO: [Coretcl 2-1520] The results of Report Methodology are in file C:/Users/lebray/Vivado-Workflow-Scripts/HW9/T1/vivado_project/T1.runs/impl_1/XADCdemo_methodology_drc_routed.rpt.
report_methodology completed successfully
INFO: [runtcl-4] Executing : report_power -file XADCdemo_power_routed.rpt -pb XADCdemo_power_summary_routed.pb -rpx XADCdemo_power_routed.rpx
Command: report_power -file XADCdemo_power_routed.rpt -pb XADCdemo_power_summary_routed.pb -rpx XADCdemo_power_routed.rpx
INFO: [Timing 38-35] Done setting XDC timing constraints.
Running Vector-less Activity Propagation...

Finished Running Vector-less Activity Propagation
80 Infos, 57 Warnings, 57 Critical Warnings and 0 Errors encountered.
report_power completed successfully
INFO: [runtcl-4] Executing : report_route_status -file XADCdemo_route_status.rpt -pb XADCdemo_route_status.pb
INFO: [runtcl-4] Executing : report_timing_summary -max_paths 10 -file XADCdemo_timing_summary_routed.rpt -pb XADCdemo_timing_summary_routed.pb -rpx XADCdemo_timing_summary_routed.rpx -warn_on_violation 
INFO: [Timing 38-91] UpdateTimingParams: Speed grade: -1, Delay Type: min_max.
INFO: [Timing 38-191] Multithreading enabled for timing update using a maximum of 2 CPUs
INFO: [runtcl-4] Executing : report_incremental_reuse -file XADCdemo_incremental_reuse_routed.rpt
INFO: [Vivado_Tcl 4-1062] Incremental flow is disabled. No incremental reuse Info to report.
INFO: [runtcl-4] Executing : report_clock_utilization -file XADCdemo_clock_utilization_routed.rpt
INFO: [runtcl-4] Executing : report_bus_skew -warn_on_violation -file XADCdemo_bus_skew_routed.rpt -pb XADCdemo_bus_skew_routed.pb -rpx XADCdemo_bus_skew_routed.rpx
INFO: [Timing 38-91] UpdateTimingParams: Speed grade: -1, Delay Type: min_max.
INFO: [Timing 38-191] Multithreading enabled for timing update using a maximum of 2 CPUs
INFO: [Common 17-206] Exiting Vivado at Fri Apr  3 20:05:35 2026...

*** Running vivado
    with args -log XADCdemo.vdi -applog -m64 -product Vivado -messageDb vivado.pb -mode batch -source XADCdemo.tcl -notrace


****** Vivado v2018.3 (64-bit)
  **** SW Build 2405991 on Thu Dec  6 23:38:27 MST 2018
  **** IP Build 2404404 on Fri Dec  7 01:43:56 MST 2018
    ** Copyright 1986-2018 Xilinx, Inc. All Rights Reserved.

source XADCdemo.tcl -notrace
Command: open_checkpoint XADCdemo_routed.dcp

Starting open_checkpoint Task

Time (s): cpu = 00:00:00 ; elapsed = 00:00:00.020 . Memory (MB): peak = 254.445 ; gain = 0.000
INFO: [Netlist 29-17] Analyzing 5 Unisim elements for replacement
INFO: [Netlist 29-28] Unisim Transformation completed in 0 CPU seconds
INFO: [Project 1-479] Netlist was created with Vivado 2018.3
INFO: [Device 21-403] Loading part xc7a35tcpg236-1
INFO: [Project 1-570] Preparing netlist for logic optimization
INFO: [Timing 38-478] Restoring timing data from binary archive.
INFO: [Timing 38-479] Binary timing data restore complete.
INFO: [Project 1-856] Restoring constraints from binary archive.
INFO: [Project 1-853] Binary constraint restore complete.
Reading XDEF placement.
Reading placer database...
Reading XDEF routing.
Read XDEF File: Time (s): cpu = 00:00:00 ; elapsed = 00:00:00.043 . Memory (MB): peak = 1127.895 ; gain = 2.566
Restored from archive | CPU: 0.000000 secs | Memory: 0.000000 MB |
Finished XDEF File Restore: Time (s): cpu = 00:00:00 ; elapsed = 00:00:00.043 . Memory (MB): peak = 1127.895 ; gain = 2.566
Netlist sorting complete. Time (s): cpu = 00:00:00 ; elapsed = 00:00:00 . Memory (MB): peak = 1127.930 ; gain = 0.000
INFO: [Project 1-111] Unisim Transformation Summary:
No Unisim elements were transformed.

INFO: [Project 1-604] Checkpoint was created with Vivado v2018.3 (64-bit) build 2405991
open_checkpoint: Time (s): cpu = 00:00:07 ; elapsed = 00:00:09 . Memory (MB): peak = 1127.930 ; gain = 873.484
Command: write_bitstream -force XADCdemo.bit
Attempting to get a license for feature 'Implementation' and/or device 'xc7a35t'
INFO: [Common 17-349] Got license for feature 'Implementation' and/or device 'xc7a35t'
Running DRC as a precondition to command write_bitstream
INFO: [IP_Flow 19-234] Refreshing IP repositories
INFO: [IP_Flow 19-1704] No user IP repositories specified
INFO: [IP_Flow 19-2313] Loaded Vivado IP repository 'C:/Xilinx/Vivado/2018.3/data/ip'.
INFO: [DRC 23-27] Running DRC with 2 threads
WARNING: [DRC CFGBVS-1] Missing CFGBVS and CONFIG_VOLTAGE Design Properties: Neither the CFGBVS nor CONFIG_VOLTAGE voltage property is set in the current_design.  Configuration bank voltage select (CFGBVS) must be set to VCCO or GND, and CONFIG_VOLTAGE must be set to the correct configuration voltage, in order to determine the I/O voltage support for the pins in bank 0.  It is suggested to specify these either using the 'Edit Device Properties' function in the GUI or directly in the XDC file using the following syntax:

 set_property CFGBVS value1 [current_design]
 #where value1 is either VCCO or GND

 set_property CONFIG_VOLTAGE value2 [current_design]
 #where value2 is the voltage provided to configuration bank 0

Refer to the device configuration user guide for more information.
INFO: [Vivado 12-3199] DRC finished with 0 Errors, 1 Warnings
INFO: [Vivado 12-3200] Please refer to the DRC report (report_drc) for more information.
INFO: [Designutils 20-2272] Running write_bitstream with 2 threads.
Loading data files...
Loading site data...
Loading route data...
Processing options...
Creating bitmap...
Creating bitstream...
Writing bitstream ./XADCdemo.bit...
INFO: [Vivado 12-1842] Bitgen Completed Successfully.
INFO: [Project 1-120] WebTalk data collection is mandatory when using a WebPACK part without a full Vivado license. To see the specific WebTalk data collected for your design, open the usage_statistics_webtalk.html or usage_statistics_webtalk.xml file in the implementation directory.
INFO: [Common 17-83] Releasing license: Implementation
22 Infos, 1 Warnings, 0 Critical Warnings and 0 Errors encountered.
write_bitstream completed successfully
write_bitstream: Time (s): cpu = 00:00:06 ; elapsed = 00:00:06 . Memory (MB): peak = 1604.133 ; gain = 476.203
INFO: [Common 17-206] Exiting Vivado at Fri Apr  3 20:06:09 2026...
[Fri Apr  3 20:06:11 2026] impl_1 finished
wait_on_run: Time (s): cpu = 00:00:00 ; elapsed = 00:00:30 . Memory (MB): peak = 485.906 ; gain = 0.000
# set s [get_property STATUS [get_runs impl_1]]
# if {[string first "Complete" $s] < 0} { puts "ERROR: Bitstream failed: $s"; exit 1 }
# puts "SUCCESS: Bitstream written."
SUCCESS: Bitstream written.
# close_project
INFO: [Common 17-206] Exiting Vivado at Fri Apr  3 20:06:11 2026...
