#-----------------------------------------------------------
# Vivado v2018.3 (64-bit)
# SW Build 2405991 on Thu Dec  6 23:38:27 MST 2018
# IP Build 2404404 on Fri Dec  7 01:43:56 MST 2018
# Start of session at: Mon Mar  2 17:03:58 2026
# Process ID: 19064
# Current directory: C:/Users/lebray/Vivado-Workflow-Scripts/Lab7/T2
# Command line: vivado.exe -mode batch -source C:\Users\lebray\Vivado-Workflow-Scripts\Lab7\T2\run_hardware.tcl
# Log file: C:/Users/lebray/Vivado-Workflow-Scripts/Lab7/T2/vivado.log
# Journal file: C:/Users/lebray/Vivado-Workflow-Scripts/Lab7/T2\vivado.jou
#-----------------------------------------------------------
source {C:\Users\lebray\Vivado-Workflow-Scripts\Lab7\T2\run_hardware.tcl}
# create_project T2 {C:\Users\lebray\Vivado-Workflow-Scripts\Lab7\T2\vivado_project} -part xc7a35tcpg236-1 -force
# if {[catch {set_property board_part digilentinc.com:basys3:part0:1.2 [current_project]}]} {
#     puts "Note: Board part not available, using part only"
# }
Note: Board part not available, using part only
# set_property target_language Verilog [current_project]
# add_files -norecurse {C:\Users\lebray\Vivado-Workflow-Scripts\Lab7\T2\scancodeToAscii.v}
# add_files -norecurse {C:\Users\lebray\Vivado-Workflow-Scripts\Lab7\T2\uartTxCtrl.v}
# add_files -norecurse {C:\Users\lebray\Vivado-Workflow-Scripts\Lab7\T2\usbKeyboard.v}
# add_files -norecurse {C:\Users\lebray\Vivado-Workflow-Scripts\Lab7\T2\usbKeyboardUart_top.v}
# add_files -fileset constrs_1 -norecurse {C:\Users\lebray\Vivado-Workflow-Scripts\Basys3_Master.xdc}
# set_property top USB_keyboard_uart_app [current_fileset]
# update_compile_order -fileset sources_1
# reset_run synth_1
# launch_runs synth_1
[Mon Mar  2 17:04:07 2026] Launched synth_1...
Run output will be captured here: C:/Users/lebray/Vivado-Workflow-Scripts/Lab7/T2/vivado_project/T2.runs/synth_1/runme.log
# wait_on_run synth_1
[Mon Mar  2 17:04:07 2026] Waiting for synth_1 to finish...

*** Running vivado
    with args -log USB_keyboard_uart_app.vds -m64 -product Vivado -mode batch -messageDb vivado.pb -notrace -source USB_keyboard_uart_app.tcl


****** Vivado v2018.3 (64-bit)
  **** SW Build 2405991 on Thu Dec  6 23:38:27 MST 2018
  **** IP Build 2404404 on Fri Dec  7 01:43:56 MST 2018
    ** Copyright 1986-2018 Xilinx, Inc. All Rights Reserved.

source USB_keyboard_uart_app.tcl -notrace
Command: synth_design -top USB_keyboard_uart_app -part xc7a35tcpg236-1
Starting synth_design
Attempting to get a license for feature 'Synthesis' and/or device 'xc7a35t'
INFO: [Common 17-349] Got license for feature 'Synthesis' and/or device 'xc7a35t'
INFO: Launching helper process for spawning children vivado processes
INFO: Helper process launched with PID 21992 
---------------------------------------------------------------------------------
Starting RTL Elaboration : Time (s): cpu = 00:00:01 ; elapsed = 00:00:01 . Memory (MB): peak = 355.035 ; gain = 100.836
---------------------------------------------------------------------------------
INFO: [Synth 8-6157] synthesizing module 'USB_keyboard_uart_app' [C:/Users/lebray/Vivado-Workflow-Scripts/Lab7/T2/usbKeyboardUart_top.v:7]
	Parameter PRESS bound to: 2'b00 
	Parameter EXTEND bound to: 2'b01 
	Parameter RLS bound to: 2'b10 
	Parameter CHECK bound to: 2'b11 
INFO: [Synth 8-6157] synthesizing module 'USB_keyboard' [C:/Users/lebray/Vivado-Workflow-Scripts/Lab7/T2/usbKeyboard.v:1]
	Parameter RDY bound to: 2'b00 
	Parameter RECEIVE bound to: 2'b01 
	Parameter PARITY bound to: 2'b10 
	Parameter STOP bound to: 2'b11 
INFO: [Synth 8-155] case statement is not full and has no default [C:/Users/lebray/Vivado-Workflow-Scripts/Lab7/T2/usbKeyboard.v:16]
INFO: [Synth 8-6155] done synthesizing module 'USB_keyboard' (1#1) [C:/Users/lebray/Vivado-Workflow-Scripts/Lab7/T2/usbKeyboard.v:1]
INFO: [Synth 8-6157] synthesizing module 'scancode_to_ascii' [C:/Users/lebray/Vivado-Workflow-Scripts/Lab7/T2/scancodeToAscii.v:4]
INFO: [Synth 8-6155] done synthesizing module 'scancode_to_ascii' (2#1) [C:/Users/lebray/Vivado-Workflow-Scripts/Lab7/T2/scancodeToAscii.v:4]
INFO: [Synth 8-6157] synthesizing module 'uart_ctrl_tx' [C:/Users/lebray/Vivado-Workflow-Scripts/Lab7/T2/uartTxCtrl.v:3]
	Parameter IDLE bound to: 2'b00 
	Parameter START bound to: 2'b01 
	Parameter SEND bound to: 2'b10 
	Parameter STOP_BIT bound to: 2'b11 
	Parameter BAUD_DIV bound to: 10416 - type: integer 
INFO: [Synth 8-6155] done synthesizing module 'uart_ctrl_tx' (3#1) [C:/Users/lebray/Vivado-Workflow-Scripts/Lab7/T2/uartTxCtrl.v:3]
INFO: [Synth 8-155] case statement is not full and has no default [C:/Users/lebray/Vivado-Workflow-Scripts/Lab7/T2/usbKeyboardUart_top.v:80]
INFO: [Synth 8-6155] done synthesizing module 'USB_keyboard_uart_app' (4#1) [C:/Users/lebray/Vivado-Workflow-Scripts/Lab7/T2/usbKeyboardUart_top.v:7]
---------------------------------------------------------------------------------
Finished RTL Elaboration : Time (s): cpu = 00:00:01 ; elapsed = 00:00:02 . Memory (MB): peak = 411.129 ; gain = 156.930
---------------------------------------------------------------------------------

Report Check Netlist: 
+------+------------------+-------+---------+-------+------------------+
|      |Item              |Errors |Warnings |Status |Description       |
+------+------------------+-------+---------+-------+------------------+
|1     |multi_driven_nets |      0|        0|Passed |Multi driven nets |
+------+------------------+-------+---------+-------+------------------+
---------------------------------------------------------------------------------
Start Handling Custom Attributes
---------------------------------------------------------------------------------
---------------------------------------------------------------------------------
Finished Handling Custom Attributes : Time (s): cpu = 00:00:01 ; elapsed = 00:00:02 . Memory (MB): peak = 411.129 ; gain = 156.930
---------------------------------------------------------------------------------
---------------------------------------------------------------------------------
Finished RTL Optimization Phase 1 : Time (s): cpu = 00:00:01 ; elapsed = 00:00:02 . Memory (MB): peak = 411.129 ; gain = 156.930
---------------------------------------------------------------------------------
INFO: [Device 21-403] Loading part xc7a35tcpg236-1
INFO: [Project 1-570] Preparing netlist for logic optimization

Processing XDC Constraints
Initializing timing engine
Parsing XDC File [C:/Users/lebray/Vivado-Workflow-Scripts/Basys3_Master.xdc]
WARNING: [Vivado 12-584] No ports matched 'sw[0]'. [C:/Users/lebray/Vivado-Workflow-Scripts/Basys3_Master.xdc:12]
CRITICAL WARNING: [Common 17-55] 'set_property' expects at least one object. [C:/Users/lebray/Vivado-Workflow-Scripts/Basys3_Master.xdc:12]
Resolution: If [get_<value>] was used to populate the object, check to make sure this command returns at least one valid object.
WARNING: [Vivado 12-584] No ports matched 'sw[0]'. [C:/Users/lebray/Vivado-Workflow-Scripts/Basys3_Master.xdc:13]
CRITICAL WARNING: [Common 17-55] 'set_property' expects at least one object. [C:/Users/lebray/Vivado-Workflow-Scripts/Basys3_Master.xdc:13]
Resolution: If [get_<value>] was used to populate the object, check to make sure this command returns at least one valid object.
WARNING: [Vivado 12-584] No ports matched 'sw[1]'. [C:/Users/lebray/Vivado-Workflow-Scripts/Basys3_Master.xdc:14]
CRITICAL WARNING: [Common 17-55] 'set_property' expects at least one object. [C:/Users/lebray/Vivado-Workflow-Scripts/Basys3_Master.xdc:14]
Resolution: If [get_<value>] was used to populate the object, check to make sure this command returns at least one valid object.
WARNING: [Vivado 12-584] No ports matched 'sw[1]'. [C:/Users/lebray/Vivado-Workflow-Scripts/Basys3_Master.xdc:15]
CRITICAL WARNING: [Common 17-55] 'set_property' expects at least one object. [C:/Users/lebray/Vivado-Workflow-Scripts/Basys3_Master.xdc:15]
Resolution: If [get_<value>] was used to populate the object, check to make sure this command returns at least one valid object.
WARNING: [Vivado 12-584] No ports matched 'sw[2]'. [C:/Users/lebray/Vivado-Workflow-Scripts/Basys3_Master.xdc:16]
CRITICAL WARNING: [Common 17-55] 'set_property' expects at least one object. [C:/Users/lebray/Vivado-Workflow-Scripts/Basys3_Master.xdc:16]
Resolution: If [get_<value>] was used to populate the object, check to make sure this command returns at least one valid object.
WARNING: [Vivado 12-584] No ports matched 'sw[2]'. [C:/Users/lebray/Vivado-Workflow-Scripts/Basys3_Master.xdc:17]
CRITICAL WARNING: [Common 17-55] 'set_property' expects at least one object. [C:/Users/lebray/Vivado-Workflow-Scripts/Basys3_Master.xdc:17]
Resolution: If [get_<value>] was used to populate the object, check to make sure this command returns at least one valid object.
WARNING: [Vivado 12-584] No ports matched 'sw[3]'. [C:/Users/lebray/Vivado-Workflow-Scripts/Basys3_Master.xdc:18]
CRITICAL WARNING: [Common 17-55] 'set_property' expects at least one object. [C:/Users/lebray/Vivado-Workflow-Scripts/Basys3_Master.xdc:18]
Resolution: If [get_<value>] was used to populate the object, check to make sure this command returns at least one valid object.
WARNING: [Vivado 12-584] No ports matched 'sw[3]'. [C:/Users/lebray/Vivado-Workflow-Scripts/Basys3_Master.xdc:19]
CRITICAL WARNING: [Common 17-55] 'set_property' expects at least one object. [C:/Users/lebray/Vivado-Workflow-Scripts/Basys3_Master.xdc:19]
Resolution: If [get_<value>] was used to populate the object, check to make sure this command returns at least one valid object.
WARNING: [Vivado 12-584] No ports matched 'sw[4]'. [C:/Users/lebray/Vivado-Workflow-Scripts/Basys3_Master.xdc:20]
CRITICAL WARNING: [Common 17-55] 'set_property' expects at least one object. [C:/Users/lebray/Vivado-Workflow-Scripts/Basys3_Master.xdc:20]
Resolution: If [get_<value>] was used to populate the object, check to make sure this command returns at least one valid object.
WARNING: [Vivado 12-584] No ports matched 'sw[4]'. [C:/Users/lebray/Vivado-Workflow-Scripts/Basys3_Master.xdc:21]
CRITICAL WARNING: [Common 17-55] 'set_property' expects at least one object. [C:/Users/lebray/Vivado-Workflow-Scripts/Basys3_Master.xdc:21]
Resolution: If [get_<value>] was used to populate the object, check to make sure this command returns at least one valid object.
WARNING: [Vivado 12-584] No ports matched 'sw[5]'. [C:/Users/lebray/Vivado-Workflow-Scripts/Basys3_Master.xdc:22]
CRITICAL WARNING: [Common 17-55] 'set_property' expects at least one object. [C:/Users/lebray/Vivado-Workflow-Scripts/Basys3_Master.xdc:22]
Resolution: If [get_<value>] was used to populate the object, check to make sure this command returns at least one valid object.
WARNING: [Vivado 12-584] No ports matched 'sw[5]'. [C:/Users/lebray/Vivado-Workflow-Scripts/Basys3_Master.xdc:23]
CRITICAL WARNING: [Common 17-55] 'set_property' expects at least one object. [C:/Users/lebray/Vivado-Workflow-Scripts/Basys3_Master.xdc:23]
Resolution: If [get_<value>] was used to populate the object, check to make sure this command returns at least one valid object.
WARNING: [Vivado 12-584] No ports matched 'sw[6]'. [C:/Users/lebray/Vivado-Workflow-Scripts/Basys3_Master.xdc:24]
CRITICAL WARNING: [Common 17-55] 'set_property' expects at least one object. [C:/Users/lebray/Vivado-Workflow-Scripts/Basys3_Master.xdc:24]
Resolution: If [get_<value>] was used to populate the object, check to make sure this command returns at least one valid object.
WARNING: [Vivado 12-584] No ports matched 'sw[6]'. [C:/Users/lebray/Vivado-Workflow-Scripts/Basys3_Master.xdc:25]
CRITICAL WARNING: [Common 17-55] 'set_property' expects at least one object. [C:/Users/lebray/Vivado-Workflow-Scripts/Basys3_Master.xdc:25]
Resolution: If [get_<value>] was used to populate the object, check to make sure this command returns at least one valid object.
WARNING: [Vivado 12-584] No ports matched 'sw[7]'. [C:/Users/lebray/Vivado-Workflow-Scripts/Basys3_Master.xdc:26]
CRITICAL WARNING: [Common 17-55] 'set_property' expects at least one object. [C:/Users/lebray/Vivado-Workflow-Scripts/Basys3_Master.xdc:26]
Resolution: If [get_<value>] was used to populate the object, check to make sure this command returns at least one valid object.
WARNING: [Vivado 12-584] No ports matched 'sw[7]'. [C:/Users/lebray/Vivado-Workflow-Scripts/Basys3_Master.xdc:27]
CRITICAL WARNING: [Common 17-55] 'set_property' expects at least one object. [C:/Users/lebray/Vivado-Workflow-Scripts/Basys3_Master.xdc:27]
Resolution: If [get_<value>] was used to populate the object, check to make sure this command returns at least one valid object.
WARNING: [Vivado 12-584] No ports matched 'sw[8]'. [C:/Users/lebray/Vivado-Workflow-Scripts/Basys3_Master.xdc:28]
CRITICAL WARNING: [Common 17-55] 'set_property' expects at least one object. [C:/Users/lebray/Vivado-Workflow-Scripts/Basys3_Master.xdc:28]
Resolution: If [get_<value>] was used to populate the object, check to make sure this command returns at least one valid object.
WARNING: [Vivado 12-584] No ports matched 'sw[8]'. [C:/Users/lebray/Vivado-Workflow-Scripts/Basys3_Master.xdc:29]
CRITICAL WARNING: [Common 17-55] 'set_property' expects at least one object. [C:/Users/lebray/Vivado-Workflow-Scripts/Basys3_Master.xdc:29]
Resolution: If [get_<value>] was used to populate the object, check to make sure this command returns at least one valid object.
WARNING: [Vivado 12-584] No ports matched 'sw[9]'. [C:/Users/lebray/Vivado-Workflow-Scripts/Basys3_Master.xdc:30]
CRITICAL WARNING: [Common 17-55] 'set_property' expects at least one object. [C:/Users/lebray/Vivado-Workflow-Scripts/Basys3_Master.xdc:30]
Resolution: If [get_<value>] was used to populate the object, check to make sure this command returns at least one valid object.
WARNING: [Vivado 12-584] No ports matched 'sw[9]'. [C:/Users/lebray/Vivado-Workflow-Scripts/Basys3_Master.xdc:31]
CRITICAL WARNING: [Common 17-55] 'set_property' expects at least one object. [C:/Users/lebray/Vivado-Workflow-Scripts/Basys3_Master.xdc:31]
Resolution: If [get_<value>] was used to populate the object, check to make sure this command returns at least one valid object.
WARNING: [Vivado 12-584] No ports matched 'sw[10]'. [C:/Users/lebray/Vivado-Workflow-Scripts/Basys3_Master.xdc:32]
CRITICAL WARNING: [Common 17-55] 'set_property' expects at least one object. [C:/Users/lebray/Vivado-Workflow-Scripts/Basys3_Master.xdc:32]
Resolution: If [get_<value>] was used to populate the object, check to make sure this command returns at least one valid object.
WARNING: [Vivado 12-584] No ports matched 'sw[10]'. [C:/Users/lebray/Vivado-Workflow-Scripts/Basys3_Master.xdc:33]
CRITICAL WARNING: [Common 17-55] 'set_property' expects at least one object. [C:/Users/lebray/Vivado-Workflow-Scripts/Basys3_Master.xdc:33]
Resolution: If [get_<value>] was used to populate the object, check to make sure this command returns at least one valid object.
WARNING: [Vivado 12-584] No ports matched 'sw[11]'. [C:/Users/lebray/Vivado-Workflow-Scripts/Basys3_Master.xdc:34]
CRITICAL WARNING: [Common 17-55] 'set_property' expects at least one object. [C:/Users/lebray/Vivado-Workflow-Scripts/Basys3_Master.xdc:34]
Resolution: If [get_<value>] was used to populate the object, check to make sure this command returns at least one valid object.
WARNING: [Vivado 12-584] No ports matched 'sw[11]'. [C:/Users/lebray/Vivado-Workflow-Scripts/Basys3_Master.xdc:35]
CRITICAL WARNING: [Common 17-55] 'set_property' expects at least one object. [C:/Users/lebray/Vivado-Workflow-Scripts/Basys3_Master.xdc:35]
Resolution: If [get_<value>] was used to populate the object, check to make sure this command returns at least one valid object.
WARNING: [Vivado 12-584] No ports matched 'sw[12]'. [C:/Users/lebray/Vivado-Workflow-Scripts/Basys3_Master.xdc:36]
CRITICAL WARNING: [Common 17-55] 'set_property' expects at least one object. [C:/Users/lebray/Vivado-Workflow-Scripts/Basys3_Master.xdc:36]
Resolution: If [get_<value>] was used to populate the object, check to make sure this command returns at least one valid object.
WARNING: [Vivado 12-584] No ports matched 'sw[12]'. [C:/Users/lebray/Vivado-Workflow-Scripts/Basys3_Master.xdc:37]
CRITICAL WARNING: [Common 17-55] 'set_property' expects at least one object. [C:/Users/lebray/Vivado-Workflow-Scripts/Basys3_Master.xdc:37]
Resolution: If [get_<value>] was used to populate the object, check to make sure this command returns at least one valid object.
WARNING: [Vivado 12-584] No ports matched 'sw[13]'. [C:/Users/lebray/Vivado-Workflow-Scripts/Basys3_Master.xdc:38]
CRITICAL WARNING: [Common 17-55] 'set_property' expects at least one object. [C:/Users/lebray/Vivado-Workflow-Scripts/Basys3_Master.xdc:38]
Resolution: If [get_<value>] was used to populate the object, check to make sure this command returns at least one valid object.
WARNING: [Vivado 12-584] No ports matched 'sw[13]'. [C:/Users/lebray/Vivado-Workflow-Scripts/Basys3_Master.xdc:39]
CRITICAL WARNING: [Common 17-55] 'set_property' expects at least one object. [C:/Users/lebray/Vivado-Workflow-Scripts/Basys3_Master.xdc:39]
Resolution: If [get_<value>] was used to populate the object, check to make sure this command returns at least one valid object.
WARNING: [Vivado 12-584] No ports matched 'sw[14]'. [C:/Users/lebray/Vivado-Workflow-Scripts/Basys3_Master.xdc:40]
CRITICAL WARNING: [Common 17-55] 'set_property' expects at least one object. [C:/Users/lebray/Vivado-Workflow-Scripts/Basys3_Master.xdc:40]
Resolution: If [get_<value>] was used to populate the object, check to make sure this command returns at least one valid object.
WARNING: [Vivado 12-584] No ports matched 'sw[14]'. [C:/Users/lebray/Vivado-Workflow-Scripts/Basys3_Master.xdc:41]
CRITICAL WARNING: [Common 17-55] 'set_property' expects at least one object. [C:/Users/lebray/Vivado-Workflow-Scripts/Basys3_Master.xdc:41]
Resolution: If [get_<value>] was used to populate the object, check to make sure this command returns at least one valid object.
WARNING: [Vivado 12-584] No ports matched 'sw[15]'. [C:/Users/lebray/Vivado-Workflow-Scripts/Basys3_Master.xdc:42]
CRITICAL WARNING: [Common 17-55] 'set_property' expects at least one object. [C:/Users/lebray/Vivado-Workflow-Scripts/Basys3_Master.xdc:42]
Resolution: If [get_<value>] was used to populate the object, check to make sure this command returns at least one valid object.
WARNING: [Vivado 12-584] No ports matched 'sw[15]'. [C:/Users/lebray/Vivado-Workflow-Scripts/Basys3_Master.xdc:43]
CRITICAL WARNING: [Common 17-55] 'set_property' expects at least one object. [C:/Users/lebray/Vivado-Workflow-Scripts/Basys3_Master.xdc:43]
Resolution: If [get_<value>] was used to populate the object, check to make sure this command returns at least one valid object.
WARNING: [Vivado 12-584] No ports matched 'led[8]'. [C:/Users/lebray/Vivado-Workflow-Scripts/Basys3_Master.xdc:63]
CRITICAL WARNING: [Common 17-55] 'set_property' expects at least one object. [C:/Users/lebray/Vivado-Workflow-Scripts/Basys3_Master.xdc:63]
Resolution: If [get_<value>] was used to populate the object, check to make sure this command returns at least one valid object.
WARNING: [Vivado 12-584] No ports matched 'led[8]'. [C:/Users/lebray/Vivado-Workflow-Scripts/Basys3_Master.xdc:64]
CRITICAL WARNING: [Common 17-55] 'set_property' expects at least one object. [C:/Users/lebray/Vivado-Workflow-Scripts/Basys3_Master.xdc:64]
Resolution: If [get_<value>] was used to populate the object, check to make sure this command returns at least one valid object.
WARNING: [Vivado 12-584] No ports matched 'led[9]'. [C:/Users/lebray/Vivado-Workflow-Scripts/Basys3_Master.xdc:65]
CRITICAL WARNING: [Common 17-55] 'set_property' expects at least one object. [C:/Users/lebray/Vivado-Workflow-Scripts/Basys3_Master.xdc:65]
Resolution: If [get_<value>] was used to populate the object, check to make sure this command returns at least one valid object.
WARNING: [Vivado 12-584] No ports matched 'led[9]'. [C:/Users/lebray/Vivado-Workflow-Scripts/Basys3_Master.xdc:66]
CRITICAL WARNING: [Common 17-55] 'set_property' expects at least one object. [C:/Users/lebray/Vivado-Workflow-Scripts/Basys3_Master.xdc:66]
Resolution: If [get_<value>] was used to populate the object, check to make sure this command returns at least one valid object.
WARNING: [Vivado 12-584] No ports matched 'led[10]'. [C:/Users/lebray/Vivado-Workflow-Scripts/Basys3_Master.xdc:67]
CRITICAL WARNING: [Common 17-55] 'set_property' expects at least one object. [C:/Users/lebray/Vivado-Workflow-Scripts/Basys3_Master.xdc:67]
Resolution: If [get_<value>] was used to populate the object, check to make sure this command returns at least one valid object.
WARNING: [Vivado 12-584] No ports matched 'led[10]'. [C:/Users/lebray/Vivado-Workflow-Scripts/Basys3_Master.xdc:68]
CRITICAL WARNING: [Common 17-55] 'set_property' expects at least one object. [C:/Users/lebray/Vivado-Workflow-Scripts/Basys3_Master.xdc:68]
Resolution: If [get_<value>] was used to populate the object, check to make sure this command returns at least one valid object.
WARNING: [Vivado 12-584] No ports matched 'led[11]'. [C:/Users/lebray/Vivado-Workflow-Scripts/Basys3_Master.xdc:69]
CRITICAL WARNING: [Common 17-55] 'set_property' expects at least one object. [C:/Users/lebray/Vivado-Workflow-Scripts/Basys3_Master.xdc:69]
Resolution: If [get_<value>] was used to populate the object, check to make sure this command returns at least one valid object.
WARNING: [Vivado 12-584] No ports matched 'led[11]'. [C:/Users/lebray/Vivado-Workflow-Scripts/Basys3_Master.xdc:70]
CRITICAL WARNING: [Common 17-55] 'set_property' expects at least one object. [C:/Users/lebray/Vivado-Workflow-Scripts/Basys3_Master.xdc:70]
Resolution: If [get_<value>] was used to populate the object, check to make sure this command returns at least one valid object.
WARNING: [Vivado 12-584] No ports matched 'led[12]'. [C:/Users/lebray/Vivado-Workflow-Scripts/Basys3_Master.xdc:71]
CRITICAL WARNING: [Common 17-55] 'set_property' expects at least one object. [C:/Users/lebray/Vivado-Workflow-Scripts/Basys3_Master.xdc:71]
Resolution: If [get_<value>] was used to populate the object, check to make sure this command returns at least one valid object.
WARNING: [Vivado 12-584] No ports matched 'led[12]'. [C:/Users/lebray/Vivado-Workflow-Scripts/Basys3_Master.xdc:72]
CRITICAL WARNING: [Common 17-55] 'set_property' expects at least one object. [C:/Users/lebray/Vivado-Workflow-Scripts/Basys3_Master.xdc:72]
Resolution: If [get_<value>] was used to populate the object, check to make sure this command returns at least one valid object.
WARNING: [Vivado 12-584] No ports matched 'led[13]'. [C:/Users/lebray/Vivado-Workflow-Scripts/Basys3_Master.xdc:73]
CRITICAL WARNING: [Common 17-55] 'set_property' expects at least one object. [C:/Users/lebray/Vivado-Workflow-Scripts/Basys3_Master.xdc:73]
Resolution: If [get_<value>] was used to populate the object, check to make sure this command returns at least one valid object.
WARNING: [Vivado 12-584] No ports matched 'led[13]'. [C:/Users/lebray/Vivado-Workflow-Scripts/Basys3_Master.xdc:74]
CRITICAL WARNING: [Common 17-55] 'set_property' expects at least one object. [C:/Users/lebray/Vivado-Workflow-Scripts/Basys3_Master.xdc:74]
Resolution: If [get_<value>] was used to populate the object, check to make sure this command returns at least one valid object.
WARNING: [Vivado 12-584] No ports matched 'led[14]'. [C:/Users/lebray/Vivado-Workflow-Scripts/Basys3_Master.xdc:75]
CRITICAL WARNING: [Common 17-55] 'set_property' expects at least one object. [C:/Users/lebray/Vivado-Workflow-Scripts/Basys3_Master.xdc:75]
Resolution: If [get_<value>] was used to populate the object, check to make sure this command returns at least one valid object.
WARNING: [Vivado 12-584] No ports matched 'led[14]'. [C:/Users/lebray/Vivado-Workflow-Scripts/Basys3_Master.xdc:76]
CRITICAL WARNING: [Common 17-55] 'set_property' expects at least one object. [C:/Users/lebray/Vivado-Workflow-Scripts/Basys3_Master.xdc:76]
Resolution: If [get_<value>] was used to populate the object, check to make sure this command returns at least one valid object.
WARNING: [Vivado 12-584] No ports matched 'led[15]'. [C:/Users/lebray/Vivado-Workflow-Scripts/Basys3_Master.xdc:77]
CRITICAL WARNING: [Common 17-55] 'set_property' expects at least one object. [C:/Users/lebray/Vivado-Workflow-Scripts/Basys3_Master.xdc:77]
Resolution: If [get_<value>] was used to populate the object, check to make sure this command returns at least one valid object.
WARNING: [Vivado 12-584] No ports matched 'led[15]'. [C:/Users/lebray/Vivado-Workflow-Scripts/Basys3_Master.xdc:78]
CRITICAL WARNING: [Common 17-55] 'set_property' expects at least one object. [C:/Users/lebray/Vivado-Workflow-Scripts/Basys3_Master.xdc:78]
Resolution: If [get_<value>] was used to populate the object, check to make sure this command returns at least one valid object.
WARNING: [Vivado 12-584] No ports matched 'seg[0]'. [C:/Users/lebray/Vivado-Workflow-Scripts/Basys3_Master.xdc:82]
CRITICAL WARNING: [Common 17-55] 'set_property' expects at least one object. [C:/Users/lebray/Vivado-Workflow-Scripts/Basys3_Master.xdc:82]
Resolution: If [get_<value>] was used to populate the object, check to make sure this command returns at least one valid object.
WARNING: [Vivado 12-584] No ports matched 'seg[0]'. [C:/Users/lebray/Vivado-Workflow-Scripts/Basys3_Master.xdc:83]
CRITICAL WARNING: [Common 17-55] 'set_property' expects at least one object. [C:/Users/lebray/Vivado-Workflow-Scripts/Basys3_Master.xdc:83]
Resolution: If [get_<value>] was used to populate the object, check to make sure this command returns at least one valid object.
WARNING: [Vivado 12-584] No ports matched 'seg[1]'. [C:/Users/lebray/Vivado-Workflow-Scripts/Basys3_Master.xdc:84]
CRITICAL WARNING: [Common 17-55] 'set_property' expects at least one object. [C:/Users/lebray/Vivado-Workflow-Scripts/Basys3_Master.xdc:84]
Resolution: If [get_<value>] was used to populate the object, check to make sure this command returns at least one valid object.
WARNING: [Vivado 12-584] No ports matched 'seg[1]'. [C:/Users/lebray/Vivado-Workflow-Scripts/Basys3_Master.xdc:85]
CRITICAL WARNING: [Common 17-55] 'set_property' expects at least one object. [C:/Users/lebray/Vivado-Workflow-Scripts/Basys3_Master.xdc:85]
Resolution: If [get_<value>] was used to populate the object, check to make sure this command returns at least one valid object.
WARNING: [Vivado 12-584] No ports matched 'seg[2]'. [C:/Users/lebray/Vivado-Workflow-Scripts/Basys3_Master.xdc:86]
CRITICAL WARNING: [Common 17-55] 'set_property' expects at least one object. [C:/Users/lebray/Vivado-Workflow-Scripts/Basys3_Master.xdc:86]
Resolution: If [get_<value>] was used to populate the object, check to make sure this command returns at least one valid object.
WARNING: [Vivado 12-584] No ports matched 'seg[2]'. [C:/Users/lebray/Vivado-Workflow-Scripts/Basys3_Master.xdc:87]
CRITICAL WARNING: [Common 17-55] 'set_property' expects at least one object. [C:/Users/lebray/Vivado-Workflow-Scripts/Basys3_Master.xdc:87]
Resolution: If [get_<value>] was used to populate the object, check to make sure this command returns at least one valid object.
WARNING: [Vivado 12-584] No ports matched 'seg[3]'. [C:/Users/lebray/Vivado-Workflow-Scripts/Basys3_Master.xdc:88]
CRITICAL WARNING: [Common 17-55] 'set_property' expects at least one object. [C:/Users/lebray/Vivado-Workflow-Scripts/Basys3_Master.xdc:88]
Resolution: If [get_<value>] was used to populate the object, check to make sure this command returns at least one valid object.
WARNING: [Vivado 12-584] No ports matched 'seg[3]'. [C:/Users/lebray/Vivado-Workflow-Scripts/Basys3_Master.xdc:89]
CRITICAL WARNING: [Common 17-55] 'set_property' expects at least one object. [C:/Users/lebray/Vivado-Workflow-Scripts/Basys3_Master.xdc:89]
Resolution: If [get_<value>] was used to populate the object, check to make sure this command returns at least one valid object.
WARNING: [Vivado 12-584] No ports matched 'seg[4]'. [C:/Users/lebray/Vivado-Workflow-Scripts/Basys3_Master.xdc:90]
CRITICAL WARNING: [Common 17-55] 'set_property' expects at least one object. [C:/Users/lebray/Vivado-Workflow-Scripts/Basys3_Master.xdc:90]
Resolution: If [get_<value>] was used to populate the object, check to make sure this command returns at least one valid object.
WARNING: [Vivado 12-584] No ports matched 'seg[4]'. [C:/Users/lebray/Vivado-Workflow-Scripts/Basys3_Master.xdc:91]
CRITICAL WARNING: [Common 17-55] 'set_property' expects at least one object. [C:/Users/lebray/Vivado-Workflow-Scripts/Basys3_Master.xdc:91]
Resolution: If [get_<value>] was used to populate the object, check to make sure this command returns at least one valid object.
WARNING: [Vivado 12-584] No ports matched 'seg[5]'. [C:/Users/lebray/Vivado-Workflow-Scripts/Basys3_Master.xdc:92]
CRITICAL WARNING: [Common 17-55] 'set_property' expects at least one object. [C:/Users/lebray/Vivado-Workflow-Scripts/Basys3_Master.xdc:92]
Resolution: If [get_<value>] was used to populate the object, check to make sure this command returns at least one valid object.
WARNING: [Vivado 12-584] No ports matched 'seg[5]'. [C:/Users/lebray/Vivado-Workflow-Scripts/Basys3_Master.xdc:93]
CRITICAL WARNING: [Common 17-55] 'set_property' expects at least one object. [C:/Users/lebray/Vivado-Workflow-Scripts/Basys3_Master.xdc:93]
Resolution: If [get_<value>] was used to populate the object, check to make sure this command returns at least one valid object.
WARNING: [Vivado 12-584] No ports matched 'seg[6]'. [C:/Users/lebray/Vivado-Workflow-Scripts/Basys3_Master.xdc:94]
CRITICAL WARNING: [Common 17-55] 'set_property' expects at least one object. [C:/Users/lebray/Vivado-Workflow-Scripts/Basys3_Master.xdc:94]
Resolution: If [get_<value>] was used to populate the object, check to make sure this command returns at least one valid object.
WARNING: [Vivado 12-584] No ports matched 'seg[6]'. [C:/Users/lebray/Vivado-Workflow-Scripts/Basys3_Master.xdc:95]
CRITICAL WARNING: [Common 17-55] 'set_property' expects at least one object. [C:/Users/lebray/Vivado-Workflow-Scripts/Basys3_Master.xdc:95]
Resolution: If [get_<value>] was used to populate the object, check to make sure this command returns at least one valid object.
WARNING: [Vivado 12-584] No ports matched 'dp'. [C:/Users/lebray/Vivado-Workflow-Scripts/Basys3_Master.xdc:97]
CRITICAL WARNING: [Common 17-55] 'set_property' expects at least one object. [C:/Users/lebray/Vivado-Workflow-Scripts/Basys3_Master.xdc:97]
Resolution: If [get_<value>] was used to populate the object, check to make sure this command returns at least one valid object.
WARNING: [Vivado 12-584] No ports matched 'dp'. [C:/Users/lebray/Vivado-Workflow-Scripts/Basys3_Master.xdc:98]
CRITICAL WARNING: [Common 17-55] 'set_property' expects at least one object. [C:/Users/lebray/Vivado-Workflow-Scripts/Basys3_Master.xdc:98]
Resolution: If [get_<value>] was used to populate the object, check to make sure this command returns at least one valid object.
WARNING: [Vivado 12-584] No ports matched 'an[0]'. [C:/Users/lebray/Vivado-Workflow-Scripts/Basys3_Master.xdc:100]
CRITICAL WARNING: [Common 17-55] 'set_property' expects at least one object. [C:/Users/lebray/Vivado-Workflow-Scripts/Basys3_Master.xdc:100]
Resolution: If [get_<value>] was used to populate the object, check to make sure this command returns at least one valid object.
WARNING: [Vivado 12-584] No ports matched 'an[0]'. [C:/Users/lebray/Vivado-Workflow-Scripts/Basys3_Master.xdc:101]
CRITICAL WARNING: [Common 17-55] 'set_property' expects at least one object. [C:/Users/lebray/Vivado-Workflow-Scripts/Basys3_Master.xdc:101]
Resolution: If [get_<value>] was used to populate the object, check to make sure this command returns at least one valid object.
WARNING: [Vivado 12-584] No ports matched 'an[1]'. [C:/Users/lebray/Vivado-Workflow-Scripts/Basys3_Master.xdc:102]
CRITICAL WARNING: [Common 17-55] 'set_property' expects at least one object. [C:/Users/lebray/Vivado-Workflow-Scripts/Basys3_Master.xdc:102]
Resolution: If [get_<value>] was used to populate the object, check to make sure this command returns at least one valid object.
WARNING: [Vivado 12-584] No ports matched 'an[1]'. [C:/Users/lebray/Vivado-Workflow-Scripts/Basys3_Master.xdc:103]
CRITICAL WARNING: [Common 17-55] 'set_property' expects at least one object. [C:/Users/lebray/Vivado-Workflow-Scripts/Basys3_Master.xdc:103]
Resolution: If [get_<value>] was used to populate the object, check to make sure this command returns at least one valid object.
WARNING: [Vivado 12-584] No ports matched 'an[2]'. [C:/Users/lebray/Vivado-Workflow-Scripts/Basys3_Master.xdc:104]
CRITICAL WARNING: [Common 17-55] 'set_property' expects at least one object. [C:/Users/lebray/Vivado-Workflow-Scripts/Basys3_Master.xdc:104]
Resolution: If [get_<value>] was used to populate the object, check to make sure this command returns at least one valid object.
WARNING: [Vivado 12-584] No ports matched 'an[2]'. [C:/Users/lebray/Vivado-Workflow-Scripts/Basys3_Master.xdc:105]
CRITICAL WARNING: [Common 17-55] 'set_property' expects at least one object. [C:/Users/lebray/Vivado-Workflow-Scripts/Basys3_Master.xdc:105]
Resolution: If [get_<value>] was used to populate the object, check to make sure this command returns at least one valid object.
WARNING: [Vivado 12-584] No ports matched 'an[3]'. [C:/Users/lebray/Vivado-Workflow-Scripts/Basys3_Master.xdc:106]
CRITICAL WARNING: [Common 17-55] 'set_property' expects at least one object. [C:/Users/lebray/Vivado-Workflow-Scripts/Basys3_Master.xdc:106]
Resolution: If [get_<value>] was used to populate the object, check to make sure this command returns at least one valid object.
WARNING: [Vivado 12-584] No ports matched 'an[3]'. [C:/Users/lebray/Vivado-Workflow-Scripts/Basys3_Master.xdc:107]
CRITICAL WARNING: [Common 17-55] 'set_property' expects at least one object. [C:/Users/lebray/Vivado-Workflow-Scripts/Basys3_Master.xdc:107]
Resolution: If [get_<value>] was used to populate the object, check to make sure this command returns at least one valid object.
WARNING: [Vivado 12-584] No ports matched 'btnC'. [C:/Users/lebray/Vivado-Workflow-Scripts/Basys3_Master.xdc:111]
CRITICAL WARNING: [Common 17-55] 'set_property' expects at least one object. [C:/Users/lebray/Vivado-Workflow-Scripts/Basys3_Master.xdc:111]
Resolution: If [get_<value>] was used to populate the object, check to make sure this command returns at least one valid object.
WARNING: [Vivado 12-584] No ports matched 'btnC'. [C:/Users/lebray/Vivado-Workflow-Scripts/Basys3_Master.xdc:112]
CRITICAL WARNING: [Common 17-55] 'set_property' expects at least one object. [C:/Users/lebray/Vivado-Workflow-Scripts/Basys3_Master.xdc:112]
Resolution: If [get_<value>] was used to populate the object, check to make sure this command returns at least one valid object.
WARNING: [Vivado 12-584] No ports matched 'btnU'. [C:/Users/lebray/Vivado-Workflow-Scripts/Basys3_Master.xdc:113]
CRITICAL WARNING: [Common 17-55] 'set_property' expects at least one object. [C:/Users/lebray/Vivado-Workflow-Scripts/Basys3_Master.xdc:113]
Resolution: If [get_<value>] was used to populate the object, check to make sure this command returns at least one valid object.
WARNING: [Vivado 12-584] No ports matched 'btnU'. [C:/Users/lebray/Vivado-Workflow-Scripts/Basys3_Master.xdc:114]
CRITICAL WARNING: [Common 17-55] 'set_property' expects at least one object. [C:/Users/lebray/Vivado-Workflow-Scripts/Basys3_Master.xdc:114]
Resolution: If [get_<value>] was used to populate the object, check to make sure this command returns at least one valid object.
WARNING: [Vivado 12-584] No ports matched 'btnL'. [C:/Users/lebray/Vivado-Workflow-Scripts/Basys3_Master.xdc:115]
CRITICAL WARNING: [Common 17-55] 'set_property' expects at least one object. [C:/Users/lebray/Vivado-Workflow-Scripts/Basys3_Master.xdc:115]
Resolution: If [get_<value>] was used to populate the object, check to make sure this command returns at least one valid object.
WARNING: [Vivado 12-584] No ports matched 'btnL'. [C:/Users/lebray/Vivado-Workflow-Scripts/Basys3_Master.xdc:116]
CRITICAL WARNING: [Common 17-55] 'set_property' expects at least one object. [C:/Users/lebray/Vivado-Workflow-Scripts/Basys3_Master.xdc:116]
Resolution: If [get_<value>] was used to populate the object, check to make sure this command returns at least one valid object.
WARNING: [Vivado 12-584] No ports matched 'btnR'. [C:/Users/lebray/Vivado-Workflow-Scripts/Basys3_Master.xdc:117]
CRITICAL WARNING: [Common 17-55] 'set_property' expects at least one object. [C:/Users/lebray/Vivado-Workflow-Scripts/Basys3_Master.xdc:117]
Resolution: If [get_<value>] was used to populate the object, check to make sure this command returns at least one valid object.
WARNING: [Vivado 12-584] No ports matched 'btnR'. [C:/Users/lebray/Vivado-Workflow-Scripts/Basys3_Master.xdc:118]
CRITICAL WARNING: [Common 17-55] 'set_property' expects at least one object. [C:/Users/lebray/Vivado-Workflow-Scripts/Basys3_Master.xdc:118]
Resolution: If [get_<value>] was used to populate the object, check to make sure this command returns at least one valid object.
WARNING: [Vivado 12-584] No ports matched 'btnD'. [C:/Users/lebray/Vivado-Workflow-Scripts/Basys3_Master.xdc:119]
CRITICAL WARNING: [Common 17-55] 'set_property' expects at least one object. [C:/Users/lebray/Vivado-Workflow-Scripts/Basys3_Master.xdc:119]
Resolution: If [get_<value>] was used to populate the object, check to make sure this command returns at least one valid object.
WARNING: [Vivado 12-584] No ports matched 'btnD'. [C:/Users/lebray/Vivado-Workflow-Scripts/Basys3_Master.xdc:120]
CRITICAL WARNING: [Common 17-55] 'set_property' expects at least one object. [C:/Users/lebray/Vivado-Workflow-Scripts/Basys3_Master.xdc:120]
Resolution: If [get_<value>] was used to populate the object, check to make sure this command returns at least one valid object.
WARNING: [Vivado 12-584] No ports matched 'JA[0]'. [C:/Users/lebray/Vivado-Workflow-Scripts/Basys3_Master.xdc:126]
CRITICAL WARNING: [Common 17-55] 'set_property' expects at least one object. [C:/Users/lebray/Vivado-Workflow-Scripts/Basys3_Master.xdc:126]
Resolution: If [get_<value>] was used to populate the object, check to make sure this command returns at least one valid object.
WARNING: [Vivado 12-584] No ports matched 'JA[0]'. [C:/Users/lebray/Vivado-Workflow-Scripts/Basys3_Master.xdc:127]
CRITICAL WARNING: [Common 17-55] 'set_property' expects at least one object. [C:/Users/lebray/Vivado-Workflow-Scripts/Basys3_Master.xdc:127]
Resolution: If [get_<value>] was used to populate the object, check to make sure this command returns at least one valid object.
WARNING: [Vivado 12-584] No ports matched 'JA[1]'. [C:/Users/lebray/Vivado-Workflow-Scripts/Basys3_Master.xdc:129]
CRITICAL WARNING: [Common 17-55] 'set_property' expects at least one object. [C:/Users/lebray/Vivado-Workflow-Scripts/Basys3_Master.xdc:129]
Resolution: If [get_<value>] was used to populate the object, check to make sure this command returns at least one valid object.
WARNING: [Vivado 12-584] No ports matched 'JA[1]'. [C:/Users/lebray/Vivado-Workflow-Scripts/Basys3_Master.xdc:130]
CRITICAL WARNING: [Common 17-55] 'set_property' expects at least one object. [C:/Users/lebray/Vivado-Workflow-Scripts/Basys3_Master.xdc:130]
Resolution: If [get_<value>] was used to populate the object, check to make sure this command returns at least one valid object.
WARNING: [Vivado 12-584] No ports matched 'JA[2]'. [C:/Users/lebray/Vivado-Workflow-Scripts/Basys3_Master.xdc:132]
CRITICAL WARNING: [Common 17-55] 'set_property' expects at least one object. [C:/Users/lebray/Vivado-Workflow-Scripts/Basys3_Master.xdc:132]
Resolution: If [get_<value>] was used to populate the object, check to make sure this command returns at least one valid object.
WARNING: [Vivado 12-584] No ports matched 'JA[2]'. [C:/Users/lebray/Vivado-Workflow-Scripts/Basys3_Master.xdc:133]
CRITICAL WARNING: [Common 17-55] 'set_property' expects at least one object. [C:/Users/lebray/Vivado-Workflow-Scripts/Basys3_Master.xdc:133]
Resolution: If [get_<value>] was used to populate the object, check to make sure this command returns at least one valid object.
WARNING: [Vivado 12-584] No ports matched 'JA[3]'. [C:/Users/lebray/Vivado-Workflow-Scripts/Basys3_Master.xdc:135]
CRITICAL WARNING: [Common 17-55] 'set_property' expects at least one object. [C:/Users/lebray/Vivado-Workflow-Scripts/Basys3_Master.xdc:135]
Resolution: If [get_<value>] was used to populate the object, check to make sure this command returns at least one valid object.
WARNING: [Vivado 12-584] No ports matched 'JA[3]'. [C:/Users/lebray/Vivado-Workflow-Scripts/Basys3_Master.xdc:136]
CRITICAL WARNING: [Common 17-55] 'set_property' expects at least one object. [C:/Users/lebray/Vivado-Workflow-Scripts/Basys3_Master.xdc:136]
Resolution: If [get_<value>] was used to populate the object, check to make sure this command returns at least one valid object.
WARNING: [Vivado 12-584] No ports matched 'JA[4]'. [C:/Users/lebray/Vivado-Workflow-Scripts/Basys3_Master.xdc:138]
CRITICAL WARNING: [Common 17-55] 'set_property' expects at least one object. [C:/Users/lebray/Vivado-Workflow-Scripts/Basys3_Master.xdc:138]
Resolution: If [get_<value>] was used to populate the object, check to make sure this command returns at least one valid object.
WARNING: [Vivado 12-584] No ports matched 'JA[4]'. [C:/Users/lebray/Vivado-Workflow-Scripts/Basys3_Master.xdc:139]
CRITICAL WARNING: [Common 17-55] 'set_property' expects at least one object. [C:/Users/lebray/Vivado-Workflow-Scripts/Basys3_Master.xdc:139]
Resolution: If [get_<value>] was used to populate the object, check to make sure this command returns at least one valid object.
WARNING: [Vivado 12-584] No ports matched 'JA[5]'. [C:/Users/lebray/Vivado-Workflow-Scripts/Basys3_Master.xdc:141]
CRITICAL WARNING: [Common 17-55] 'set_property' expects at least one object. [C:/Users/lebray/Vivado-Workflow-Scripts/Basys3_Master.xdc:141]
Resolution: If [get_<value>] was used to populate the object, check to make sure this command returns at least one valid object.
WARNING: [Vivado 12-584] No ports matched 'JA[5]'. [C:/Users/lebray/Vivado-Workflow-Scripts/Basys3_Master.xdc:142]
CRITICAL WARNING: [Common 17-55] 'set_property' expects at least one object. [C:/Users/lebray/Vivado-Workflow-Scripts/Basys3_Master.xdc:142]
Resolution: If [get_<value>] was used to populate the object, check to make sure this command returns at least one valid object.
WARNING: [Vivado 12-584] No ports matched 'JA[6]'. [C:/Users/lebray/Vivado-Workflow-Scripts/Basys3_Master.xdc:144]
CRITICAL WARNING: [Common 17-55] 'set_property' expects at least one object. [C:/Users/lebray/Vivado-Workflow-Scripts/Basys3_Master.xdc:144]
Resolution: If [get_<value>] was used to populate the object, check to make sure this command returns at least one valid object.
WARNING: [Vivado 12-584] No ports matched 'JA[6]'. [C:/Users/lebray/Vivado-Workflow-Scripts/Basys3_Master.xdc:145]
CRITICAL WARNING: [Common 17-55] 'set_property' expects at least one object. [C:/Users/lebray/Vivado-Workflow-Scripts/Basys3_Master.xdc:145]
Resolution: If [get_<value>] was used to populate the object, check to make sure this command returns at least one valid object.
WARNING: [Vivado 12-584] No ports matched 'JA[7]'. [C:/Users/lebray/Vivado-Workflow-Scripts/Basys3_Master.xdc:147]
CRITICAL WARNING: [Common 17-55] 'set_property' expects at least one object. [C:/Users/lebray/Vivado-Workflow-Scripts/Basys3_Master.xdc:147]
Resolution: If [get_<value>] was used to populate the object, check to make sure this command returns at least one valid object.
WARNING: [Vivado 12-584] No ports matched 'JA[7]'. [C:/Users/lebray/Vivado-Workflow-Scripts/Basys3_Master.xdc:148]
CRITICAL WARNING: [Common 17-55] 'set_property' expects at least one object. [C:/Users/lebray/Vivado-Workflow-Scripts/Basys3_Master.xdc:148]
Resolution: If [get_<value>] was used to populate the object, check to make sure this command returns at least one valid object.
WARNING: [Vivado 12-584] No ports matched 'JB[0]'. [C:/Users/lebray/Vivado-Workflow-Scripts/Basys3_Master.xdc:154]
CRITICAL WARNING: [Common 17-55] 'set_property' expects at least one object. [C:/Users/lebray/Vivado-Workflow-Scripts/Basys3_Master.xdc:154]
Resolution: If [get_<value>] was used to populate the object, check to make sure this command returns at least one valid object.
WARNING: [Vivado 12-584] No ports matched 'JB[0]'. [C:/Users/lebray/Vivado-Workflow-Scripts/Basys3_Master.xdc:155]
INFO: [Common 17-14] Message 'Vivado 12-584' appears 100 times and further instances of the messages will be disabled. Use the Tcl command set_msg_config to change the current settings. [C:/Users/lebray/Vivado-Workflow-Scripts/Basys3_Master.xdc:155]
CRITICAL WARNING: [Common 17-55] 'set_property' expects at least one object. [C:/Users/lebray/Vivado-Workflow-Scripts/Basys3_Master.xdc:155]
Resolution: If [get_<value>] was used to populate the object, check to make sure this command returns at least one valid object.
Finished Parsing XDC File [C:/Users/lebray/Vivado-Workflow-Scripts/Basys3_Master.xdc]
INFO: [Project 1-236] Implementation specific constraints were found while reading constraint file [C:/Users/lebray/Vivado-Workflow-Scripts/Basys3_Master.xdc]. These constraints will be ignored for synthesis but will be used in implementation. Impacted constraints are listed in the file [.Xil/USB_keyboard_uart_app_propImpl.xdc].
Resolution: To avoid this warning, move constraints listed in [.Xil/USB_keyboard_uart_app_propImpl.xdc] to another XDC file and exclude this new file from synthesis with the used_in_synthesis property (File Properties dialog in GUI) and re-run elaboration/synthesis.
Netlist sorting complete. Time (s): cpu = 00:00:00 ; elapsed = 00:00:00 . Memory (MB): peak = 738.289 ; gain = 0.000
Completed Processing XDC Constraints

Netlist sorting complete. Time (s): cpu = 00:00:00 ; elapsed = 00:00:00 . Memory (MB): peak = 738.305 ; gain = 0.000
INFO: [Project 1-111] Unisim Transformation Summary:
No Unisim elements were transformed.

Netlist sorting complete. Time (s): cpu = 00:00:00 ; elapsed = 00:00:00 . Memory (MB): peak = 738.305 ; gain = 0.000
Constraint Validation Runtime : Time (s): cpu = 00:00:00 ; elapsed = 00:00:00.002 . Memory (MB): peak = 738.305 ; gain = 0.000
---------------------------------------------------------------------------------
Finished Constraint Validation : Time (s): cpu = 00:00:04 ; elapsed = 00:00:06 . Memory (MB): peak = 738.305 ; gain = 484.105
---------------------------------------------------------------------------------
---------------------------------------------------------------------------------
Start Loading Part and Timing Information
---------------------------------------------------------------------------------
Loading part: xc7a35tcpg236-1
---------------------------------------------------------------------------------
Finished Loading Part and Timing Information : Time (s): cpu = 00:00:04 ; elapsed = 00:00:06 . Memory (MB): peak = 738.305 ; gain = 484.105
---------------------------------------------------------------------------------
---------------------------------------------------------------------------------
Start Applying 'set_property' XDC Constraints
---------------------------------------------------------------------------------
---------------------------------------------------------------------------------
Finished applying 'set_property' XDC Constraints : Time (s): cpu = 00:00:04 ; elapsed = 00:00:06 . Memory (MB): peak = 738.305 ; gain = 484.105
---------------------------------------------------------------------------------
INFO: [Synth 8-802] inferred FSM for state register 'state_reg' in module 'USB_keyboard'
INFO: [Synth 8-5545] ROM "state" won't be mapped to RAM because address size (32) is larger than maximum supported(25)
INFO: [Synth 8-5544] ROM "prty" won't be mapped to Block RAM because address size (3) smaller than threshold (5)
INFO: [Synth 8-802] inferred FSM for state register 'state_reg' in module 'uart_ctrl_tx'
INFO: [Synth 8-5546] ROM "ready" won't be mapped to RAM because it is too sparse
INFO: [Synth 8-5544] ROM "state" won't be mapped to Block RAM because address size (4) smaller than threshold (5)
INFO: [Synth 8-5544] ROM "bit_index" won't be mapped to Block RAM because address size (4) smaller than threshold (5)
INFO: [Synth 8-5544] ROM "state" won't be mapped to Block RAM because address size (2) smaller than threshold (5)
INFO: [Synth 8-802] inferred FSM for state register 'state_reg' in module 'USB_keyboard_uart_app'
INFO: [Synth 8-5546] ROM "ledreg" won't be mapped to RAM because it is too sparse
---------------------------------------------------------------------------------------------------
                   State |                     New Encoding |                Previous Encoding 
---------------------------------------------------------------------------------------------------
                     RDY |                               00 |                              000
                 RECEIVE |                               01 |                              001
                  PARITY |                               10 |                              010
                    STOP |                               11 |                              011
---------------------------------------------------------------------------------------------------
INFO: [Synth 8-3354] encoded FSM with state register 'state_reg' using encoding 'sequential' in module 'USB_keyboard'
---------------------------------------------------------------------------------------------------
                   State |                     New Encoding |                Previous Encoding 
---------------------------------------------------------------------------------------------------
                    IDLE |                               00 |                               00
                   START |                               01 |                               01
                    SEND |                               10 |                               10
                STOP_BIT |                               11 |                               11
---------------------------------------------------------------------------------------------------
INFO: [Synth 8-3354] encoded FSM with state register 'state_reg' using encoding 'sequential' in module 'uart_ctrl_tx'
---------------------------------------------------------------------------------------------------
                   State |                     New Encoding |                Previous Encoding 
---------------------------------------------------------------------------------------------------
                   PRESS |                               00 |                               00
                  EXTEND |                               01 |                               01
                     RLS |                               10 |                               10
                   CHECK |                               11 |                               11
---------------------------------------------------------------------------------------------------
INFO: [Synth 8-3354] encoded FSM with state register 'state_reg' using encoding 'sequential' in module 'USB_keyboard_uart_app'
---------------------------------------------------------------------------------
Finished RTL Optimization Phase 2 : Time (s): cpu = 00:00:05 ; elapsed = 00:00:07 . Memory (MB): peak = 738.305 ; gain = 484.105
---------------------------------------------------------------------------------

Report RTL Partitions: 
+-+--------------+------------+----------+
| |RTL Partition |Replication |Instances |
+-+--------------+------------+----------+
+-+--------------+------------+----------+
---------------------------------------------------------------------------------
Start RTL Component Statistics 
---------------------------------------------------------------------------------
Detailed RTL Component Info : 
+---Adders : 
	   2 Input     32 Bit       Adders := 1     
	   2 Input     14 Bit       Adders := 1     
	   2 Input      4 Bit       Adders := 1     
+---XORs : 
	                8 Bit    Wide XORs := 1     
+---Registers : 
	               32 Bit    Registers := 1     
	               24 Bit    Registers := 1     
	               14 Bit    Registers := 1     
	                8 Bit    Registers := 5     
	                4 Bit    Registers := 1     
	                1 Bit    Registers := 6     
+---Muxes : 
	   4 Input     32 Bit        Muxes := 1     
	   4 Input     24 Bit        Muxes := 1     
	   2 Input     14 Bit        Muxes := 1     
	   4 Input     14 Bit        Muxes := 1     
	   4 Input      8 Bit        Muxes := 2     
	   2 Input      8 Bit        Muxes := 3     
	   9 Input      8 Bit        Muxes := 1     
	   4 Input      4 Bit        Muxes := 1     
	   4 Input      2 Bit        Muxes := 3     
	   2 Input      2 Bit        Muxes := 2     
	   2 Input      1 Bit        Muxes := 7     
	   4 Input      1 Bit        Muxes := 15    
---------------------------------------------------------------------------------
Finished RTL Component Statistics 
---------------------------------------------------------------------------------
---------------------------------------------------------------------------------
Start RTL Hierarchical Component Statistics 
---------------------------------------------------------------------------------
Hierarchical RTL Component report 
Module USB_keyboard_uart_app 
Detailed RTL Component Info : 
+---Registers : 
	               24 Bit    Registers := 1     
	                8 Bit    Registers := 2     
	                1 Bit    Registers := 2     
+---Muxes : 
	   4 Input     24 Bit        Muxes := 1     
	   9 Input      8 Bit        Muxes := 1     
	   2 Input      8 Bit        Muxes := 2     
	   4 Input      8 Bit        Muxes := 1     
	   4 Input      2 Bit        Muxes := 1     
	   2 Input      2 Bit        Muxes := 2     
	   2 Input      1 Bit        Muxes := 1     
	   4 Input      1 Bit        Muxes := 3     
Module USB_keyboard 
Detailed RTL Component Info : 
+---Adders : 
	   2 Input     32 Bit       Adders := 1     
+---XORs : 
	                8 Bit    Wide XORs := 1     
+---Registers : 
	               32 Bit    Registers := 1     
	                8 Bit    Registers := 2     
	                1 Bit    Registers := 2     
+---Muxes : 
	   4 Input     32 Bit        Muxes := 1     
	   4 Input      8 Bit        Muxes := 1     
	   2 Input      8 Bit        Muxes := 1     
	   4 Input      2 Bit        Muxes := 1     
	   2 Input      1 Bit        Muxes := 1     
	   4 Input      1 Bit        Muxes := 5     
Module uart_ctrl_tx 
Detailed RTL Component Info : 
+---Adders : 
	   2 Input     14 Bit       Adders := 1     
	   2 Input      4 Bit       Adders := 1     
+---Registers : 
	               14 Bit    Registers := 1     
	                8 Bit    Registers := 1     
	                4 Bit    Registers := 1     
	                1 Bit    Registers := 2     
+---Muxes : 
	   2 Input     14 Bit        Muxes := 1     
	   4 Input     14 Bit        Muxes := 1     
	   4 Input      4 Bit        Muxes := 1     
	   4 Input      2 Bit        Muxes := 1     
	   2 Input      1 Bit        Muxes := 5     
	   4 Input      1 Bit        Muxes := 7     
---------------------------------------------------------------------------------
Finished RTL Hierarchical Component Statistics
---------------------------------------------------------------------------------
---------------------------------------------------------------------------------
Start Part Resource Summary
---------------------------------------------------------------------------------
Part Resources:
DSPs: 90 (col length:60)
BRAMs: 100 (col length: RAMB18 60 RAMB36 30)
---------------------------------------------------------------------------------
Finished Part Resource Summary
---------------------------------------------------------------------------------
---------------------------------------------------------------------------------
Start Cross Boundary and Area Optimization
---------------------------------------------------------------------------------
Warning: Parallel synthesis criteria is not met 
INFO: [Synth 8-5544] ROM "uart_tx/state" won't be mapped to Block RAM because address size (4) smaller than threshold (5)
INFO: [Synth 8-5545] ROM "kb1/state" won't be mapped to RAM because address size (32) is larger than maximum supported(25)
INFO: [Synth 8-5546] ROM "uart_tx/ready" won't be mapped to RAM because it is too sparse
INFO: [Synth 8-5546] ROM "ledreg" won't be mapped to RAM because it is too sparse
INFO: [Synth 8-3333] propagating constant 0 across sequential element (\uart_data_reg[7] )
INFO: [Synth 8-3333] propagating constant 0 across sequential element (\uart_tx/shift_reg_reg[7] )
---------------------------------------------------------------------------------
Finished Cross Boundary and Area Optimization : Time (s): cpu = 00:00:05 ; elapsed = 00:00:07 . Memory (MB): peak = 738.305 ; gain = 484.105
---------------------------------------------------------------------------------
---------------------------------------------------------------------------------
Start ROM, RAM, DSP and Shift Register Reporting
---------------------------------------------------------------------------------

ROM:
+----------------------+------------------+---------------+----------------+
|Module Name           | RTL Object       | Depth x Width | Implemented As | 
+----------------------+------------------+---------------+----------------+
|scancode_to_ascii     | ascii            | 256x7         | LUT            | 
|USB_keyboard_uart_app | received_reg_rep | 256x7         | Block RAM      | 
+----------------------+------------------+---------------+----------------+

---------------------------------------------------------------------------------
Finished ROM, RAM, DSP and Shift Register Reporting
---------------------------------------------------------------------------------
INFO: [Synth 8-6837] The timing for the instance uart_data0/received_reg_rep (implemented as a Block RAM) might be sub-optimal as no optional output register could be merged into the block ram. Providing additional output register may help in improving timing.

Report RTL Partitions: 
+-+--------------+------------+----------+
| |RTL Partition |Replication |Instances |
+-+--------------+------------+----------+
+-+--------------+------------+----------+
---------------------------------------------------------------------------------
Start Applying XDC Timing Constraints
---------------------------------------------------------------------------------
---------------------------------------------------------------------------------
Finished Applying XDC Timing Constraints : Time (s): cpu = 00:00:08 ; elapsed = 00:00:11 . Memory (MB): peak = 738.305 ; gain = 484.105
---------------------------------------------------------------------------------
---------------------------------------------------------------------------------
Start Timing Optimization
---------------------------------------------------------------------------------
---------------------------------------------------------------------------------
Finished Timing Optimization : Time (s): cpu = 00:00:08 ; elapsed = 00:00:11 . Memory (MB): peak = 738.305 ; gain = 484.105
---------------------------------------------------------------------------------

Report RTL Partitions: 
+-+--------------+------------+----------+
| |RTL Partition |Replication |Instances |
+-+--------------+------------+----------+
+-+--------------+------------+----------+
---------------------------------------------------------------------------------
Start Technology Mapping
---------------------------------------------------------------------------------
---------------------------------------------------------------------------------
Finished Technology Mapping : Time (s): cpu = 00:00:08 ; elapsed = 00:00:11 . Memory (MB): peak = 754.566 ; gain = 500.367
---------------------------------------------------------------------------------

Report RTL Partitions: 
+-+--------------+------------+----------+
| |RTL Partition |Replication |Instances |
+-+--------------+------------+----------+
+-+--------------+------------+----------+
---------------------------------------------------------------------------------
Start IO Insertion
---------------------------------------------------------------------------------
---------------------------------------------------------------------------------
Start Flattening Before IO Insertion
---------------------------------------------------------------------------------
---------------------------------------------------------------------------------
Finished Flattening Before IO Insertion
---------------------------------------------------------------------------------
---------------------------------------------------------------------------------
Start Final Netlist Cleanup
---------------------------------------------------------------------------------
---------------------------------------------------------------------------------
Finished Final Netlist Cleanup
---------------------------------------------------------------------------------
---------------------------------------------------------------------------------
Finished IO Insertion : Time (s): cpu = 00:00:09 ; elapsed = 00:00:11 . Memory (MB): peak = 754.566 ; gain = 500.367
---------------------------------------------------------------------------------

Report Check Netlist: 
+------+------------------+-------+---------+-------+------------------+
|      |Item              |Errors |Warnings |Status |Description       |
+------+------------------+-------+---------+-------+------------------+
|1     |multi_driven_nets |      0|        0|Passed |Multi driven nets |
+------+------------------+-------+---------+-------+------------------+
---------------------------------------------------------------------------------
Start Renaming Generated Instances
---------------------------------------------------------------------------------
---------------------------------------------------------------------------------
Finished Renaming Generated Instances : Time (s): cpu = 00:00:09 ; elapsed = 00:00:11 . Memory (MB): peak = 754.566 ; gain = 500.367
---------------------------------------------------------------------------------

Report RTL Partitions: 
+-+--------------+------------+----------+
| |RTL Partition |Replication |Instances |
+-+--------------+------------+----------+
+-+--------------+------------+----------+
---------------------------------------------------------------------------------
Start Rebuilding User Hierarchy
---------------------------------------------------------------------------------
---------------------------------------------------------------------------------
Finished Rebuilding User Hierarchy : Time (s): cpu = 00:00:09 ; elapsed = 00:00:11 . Memory (MB): peak = 754.566 ; gain = 500.367
---------------------------------------------------------------------------------
---------------------------------------------------------------------------------
Start Renaming Generated Ports
---------------------------------------------------------------------------------
---------------------------------------------------------------------------------
Finished Renaming Generated Ports : Time (s): cpu = 00:00:09 ; elapsed = 00:00:11 . Memory (MB): peak = 754.566 ; gain = 500.367
---------------------------------------------------------------------------------
---------------------------------------------------------------------------------
Start Handling Custom Attributes
---------------------------------------------------------------------------------
---------------------------------------------------------------------------------
Finished Handling Custom Attributes : Time (s): cpu = 00:00:09 ; elapsed = 00:00:11 . Memory (MB): peak = 754.566 ; gain = 500.367
---------------------------------------------------------------------------------
---------------------------------------------------------------------------------
Start Renaming Generated Nets
---------------------------------------------------------------------------------
---------------------------------------------------------------------------------
Finished Renaming Generated Nets : Time (s): cpu = 00:00:09 ; elapsed = 00:00:11 . Memory (MB): peak = 754.566 ; gain = 500.367
---------------------------------------------------------------------------------
---------------------------------------------------------------------------------
Start Writing Synthesis Report
---------------------------------------------------------------------------------

Report BlackBoxes: 
+-+--------------+----------+
| |BlackBox name |Instances |
+-+--------------+----------+
+-+--------------+----------+

Report Cell Usage: 
+------+-----------+------+
|      |Cell       |Count |
+------+-----------+------+
|1     |BUFG       |     2|
|2     |CARRY4     |    12|
|3     |LUT2       |    37|
|4     |LUT3       |    22|
|5     |LUT4       |    12|
|6     |LUT5       |    20|
|7     |LUT6       |    19|
|8     |RAMB18E1_2 |     1|
|9     |FDRE       |   103|
|10    |FDSE       |     6|
|11    |IBUF       |     3|
|12    |OBUF       |     9|
+------+-----------+------+

Report Instance Areas: 
+------+----------+-------------+------+
|      |Instance  |Module       |Cells |
+------+----------+-------------+------+
|1     |top       |             |   246|
|2     |  kb1     |USB_keyboard |   122|
|3     |  uart_tx |uart_ctrl_tx |    67|
+------+----------+-------------+------+
---------------------------------------------------------------------------------
Finished Writing Synthesis Report : Time (s): cpu = 00:00:09 ; elapsed = 00:00:11 . Memory (MB): peak = 754.566 ; gain = 500.367
---------------------------------------------------------------------------------
Synthesis finished with 0 errors, 0 critical warnings and 0 warnings.
Synthesis Optimization Runtime : Time (s): cpu = 00:00:05 ; elapsed = 00:00:08 . Memory (MB): peak = 754.566 ; gain = 173.191
Synthesis Optimization Complete : Time (s): cpu = 00:00:09 ; elapsed = 00:00:11 . Memory (MB): peak = 754.566 ; gain = 500.367
INFO: [Project 1-571] Translating synthesized netlist
INFO: [Netlist 29-17] Analyzing 13 Unisim elements for replacement
INFO: [Netlist 29-28] Unisim Transformation completed in 0 CPU seconds
INFO: [Project 1-570] Preparing netlist for logic optimization
INFO: [Opt 31-138] Pushed 0 inverter(s) to 0 load pin(s).
Netlist sorting complete. Time (s): cpu = 00:00:00 ; elapsed = 00:00:00 . Memory (MB): peak = 754.566 ; gain = 0.000
INFO: [Project 1-111] Unisim Transformation Summary:
No Unisim elements were transformed.

INFO: [Common 17-83] Releasing license: Synthesis
43 Infos, 100 Warnings, 100 Critical Warnings and 0 Errors encountered.
synth_design completed successfully
synth_design: Time (s): cpu = 00:00:10 ; elapsed = 00:00:13 . Memory (MB): peak = 754.566 ; gain = 500.680
Netlist sorting complete. Time (s): cpu = 00:00:00 ; elapsed = 00:00:00 . Memory (MB): peak = 754.566 ; gain = 0.000
WARNING: [Constraints 18-5210] No constraints selected for write.
Resolution: This message can indicate that there are no constraints for the design, or it can indicate that the used_in flags are set such that the constraints are ignored. This later case is used when running synth_design to not write synthesis constraints to the resulting checkpoint. Instead, project constraints are read when the synthesized design is opened.
INFO: [Common 17-1381] The checkpoint 'C:/Users/lebray/Vivado-Workflow-Scripts/Lab7/T2/vivado_project/T2.runs/synth_1/USB_keyboard_uart_app.dcp' has been generated.
INFO: [runtcl-4] Executing : report_utilization -file USB_keyboard_uart_app_utilization_synth.rpt -pb USB_keyboard_uart_app_utilization_synth.pb
INFO: [Common 17-206] Exiting Vivado at Mon Mar  2 17:04:23 2026...
[Mon Mar  2 17:04:27 2026] synth_1 finished
wait_on_run: Time (s): cpu = 00:00:00 ; elapsed = 00:00:20 . Memory (MB): peak = 255.375 ; gain = 0.000
# set synth_status [get_property STATUS [get_runs synth_1]]
# if {$synth_status != "synth_design Complete!"} {
#     puts "ERROR: Synthesis failed: $synth_status"
#     exit 1
# }
# reset_run impl_1
# launch_runs impl_1
[Mon Mar  2 17:04:27 2026] Launched impl_1...
Run output will be captured here: C:/Users/lebray/Vivado-Workflow-Scripts/Lab7/T2/vivado_project/T2.runs/impl_1/runme.log
# wait_on_run impl_1
[Mon Mar  2 17:04:27 2026] Waiting for impl_1 to finish...

*** Running vivado
    with args -log USB_keyboard_uart_app.vdi -applog -m64 -product Vivado -messageDb vivado.pb -mode batch -source USB_keyboard_uart_app.tcl -notrace


****** Vivado v2018.3 (64-bit)
  **** SW Build 2405991 on Thu Dec  6 23:38:27 MST 2018
  **** IP Build 2404404 on Fri Dec  7 01:43:56 MST 2018
    ** Copyright 1986-2018 Xilinx, Inc. All Rights Reserved.

source USB_keyboard_uart_app.tcl -notrace
Command: link_design -top USB_keyboard_uart_app -part xc7a35tcpg236-1
Design is defaulting to srcset: sources_1
Design is defaulting to constrset: constrs_1
INFO: [Netlist 29-17] Analyzing 13 Unisim elements for replacement
INFO: [Netlist 29-28] Unisim Transformation completed in 0 CPU seconds
INFO: [Project 1-479] Netlist was created with Vivado 2018.3
INFO: [Device 21-403] Loading part xc7a35tcpg236-1
INFO: [Project 1-570] Preparing netlist for logic optimization
Parsing XDC File [C:/Users/lebray/Vivado-Workflow-Scripts/Basys3_Master.xdc]
WARNING: [Vivado 12-584] No ports matched 'sw[0]'. [C:/Users/lebray/Vivado-Workflow-Scripts/Basys3_Master.xdc:12]
CRITICAL WARNING: [Common 17-55] 'set_property' expects at least one object. [C:/Users/lebray/Vivado-Workflow-Scripts/Basys3_Master.xdc:12]
Resolution: If [get_<value>] was used to populate the object, check to make sure this command returns at least one valid object.
WARNING: [Vivado 12-584] No ports matched 'sw[0]'. [C:/Users/lebray/Vivado-Workflow-Scripts/Basys3_Master.xdc:13]
CRITICAL WARNING: [Common 17-55] 'set_property' expects at least one object. [C:/Users/lebray/Vivado-Workflow-Scripts/Basys3_Master.xdc:13]
Resolution: If [get_<value>] was used to populate the object, check to make sure this command returns at least one valid object.
WARNING: [Vivado 12-584] No ports matched 'sw[1]'. [C:/Users/lebray/Vivado-Workflow-Scripts/Basys3_Master.xdc:14]
CRITICAL WARNING: [Common 17-55] 'set_property' expects at least one object. [C:/Users/lebray/Vivado-Workflow-Scripts/Basys3_Master.xdc:14]
Resolution: If [get_<value>] was used to populate the object, check to make sure this command returns at least one valid object.
WARNING: [Vivado 12-584] No ports matched 'sw[1]'. [C:/Users/lebray/Vivado-Workflow-Scripts/Basys3_Master.xdc:15]
CRITICAL WARNING: [Common 17-55] 'set_property' expects at least one object. [C:/Users/lebray/Vivado-Workflow-Scripts/Basys3_Master.xdc:15]
Resolution: If [get_<value>] was used to populate the object, check to make sure this command returns at least one valid object.
WARNING: [Vivado 12-584] No ports matched 'sw[2]'. [C:/Users/lebray/Vivado-Workflow-Scripts/Basys3_Master.xdc:16]
CRITICAL WARNING: [Common 17-55] 'set_property' expects at least one object. [C:/Users/lebray/Vivado-Workflow-Scripts/Basys3_Master.xdc:16]
Resolution: If [get_<value>] was used to populate the object, check to make sure this command returns at least one valid object.
WARNING: [Vivado 12-584] No ports matched 'sw[2]'. [C:/Users/lebray/Vivado-Workflow-Scripts/Basys3_Master.xdc:17]
CRITICAL WARNING: [Common 17-55] 'set_property' expects at least one object. [C:/Users/lebray/Vivado-Workflow-Scripts/Basys3_Master.xdc:17]
Resolution: If [get_<value>] was used to populate the object, check to make sure this command returns at least one valid object.
WARNING: [Vivado 12-584] No ports matched 'sw[3]'. [C:/Users/lebray/Vivado-Workflow-Scripts/Basys3_Master.xdc:18]
CRITICAL WARNING: [Common 17-55] 'set_property' expects at least one object. [C:/Users/lebray/Vivado-Workflow-Scripts/Basys3_Master.xdc:18]
Resolution: If [get_<value>] was used to populate the object, check to make sure this command returns at least one valid object.
WARNING: [Vivado 12-584] No ports matched 'sw[3]'. [C:/Users/lebray/Vivado-Workflow-Scripts/Basys3_Master.xdc:19]
CRITICAL WARNING: [Common 17-55] 'set_property' expects at least one object. [C:/Users/lebray/Vivado-Workflow-Scripts/Basys3_Master.xdc:19]
Resolution: If [get_<value>] was used to populate the object, check to make sure this command returns at least one valid object.
WARNING: [Vivado 12-584] No ports matched 'sw[4]'. [C:/Users/lebray/Vivado-Workflow-Scripts/Basys3_Master.xdc:20]
CRITICAL WARNING: [Common 17-55] 'set_property' expects at least one object. [C:/Users/lebray/Vivado-Workflow-Scripts/Basys3_Master.xdc:20]
Resolution: If [get_<value>] was used to populate the object, check to make sure this command returns at least one valid object.
WARNING: [Vivado 12-584] No ports matched 'sw[4]'. [C:/Users/lebray/Vivado-Workflow-Scripts/Basys3_Master.xdc:21]
CRITICAL WARNING: [Common 17-55] 'set_property' expects at least one object. [C:/Users/lebray/Vivado-Workflow-Scripts/Basys3_Master.xdc:21]
Resolution: If [get_<value>] was used to populate the object, check to make sure this command returns at least one valid object.
WARNING: [Vivado 12-584] No ports matched 'sw[5]'. [C:/Users/lebray/Vivado-Workflow-Scripts/Basys3_Master.xdc:22]
CRITICAL WARNING: [Common 17-55] 'set_property' expects at least one object. [C:/Users/lebray/Vivado-Workflow-Scripts/Basys3_Master.xdc:22]
Resolution: If [get_<value>] was used to populate the object, check to make sure this command returns at least one valid object.
WARNING: [Vivado 12-584] No ports matched 'sw[5]'. [C:/Users/lebray/Vivado-Workflow-Scripts/Basys3_Master.xdc:23]
CRITICAL WARNING: [Common 17-55] 'set_property' expects at least one object. [C:/Users/lebray/Vivado-Workflow-Scripts/Basys3_Master.xdc:23]
Resolution: If [get_<value>] was used to populate the object, check to make sure this command returns at least one valid object.
WARNING: [Vivado 12-584] No ports matched 'sw[6]'. [C:/Users/lebray/Vivado-Workflow-Scripts/Basys3_Master.xdc:24]
CRITICAL WARNING: [Common 17-55] 'set_property' expects at least one object. [C:/Users/lebray/Vivado-Workflow-Scripts/Basys3_Master.xdc:24]
Resolution: If [get_<value>] was used to populate the object, check to make sure this command returns at least one valid object.
WARNING: [Vivado 12-584] No ports matched 'sw[6]'. [C:/Users/lebray/Vivado-Workflow-Scripts/Basys3_Master.xdc:25]
CRITICAL WARNING: [Common 17-55] 'set_property' expects at least one object. [C:/Users/lebray/Vivado-Workflow-Scripts/Basys3_Master.xdc:25]
Resolution: If [get_<value>] was used to populate the object, check to make sure this command returns at least one valid object.
WARNING: [Vivado 12-584] No ports matched 'sw[7]'. [C:/Users/lebray/Vivado-Workflow-Scripts/Basys3_Master.xdc:26]
CRITICAL WARNING: [Common 17-55] 'set_property' expects at least one object. [C:/Users/lebray/Vivado-Workflow-Scripts/Basys3_Master.xdc:26]
Resolution: If [get_<value>] was used to populate the object, check to make sure this command returns at least one valid object.
WARNING: [Vivado 12-584] No ports matched 'sw[7]'. [C:/Users/lebray/Vivado-Workflow-Scripts/Basys3_Master.xdc:27]
CRITICAL WARNING: [Common 17-55] 'set_property' expects at least one object. [C:/Users/lebray/Vivado-Workflow-Scripts/Basys3_Master.xdc:27]
Resolution: If [get_<value>] was used to populate the object, check to make sure this command returns at least one valid object.
WARNING: [Vivado 12-584] No ports matched 'sw[8]'. [C:/Users/lebray/Vivado-Workflow-Scripts/Basys3_Master.xdc:28]
CRITICAL WARNING: [Common 17-55] 'set_property' expects at least one object. [C:/Users/lebray/Vivado-Workflow-Scripts/Basys3_Master.xdc:28]
Resolution: If [get_<value>] was used to populate the object, check to make sure this command returns at least one valid object.
WARNING: [Vivado 12-584] No ports matched 'sw[8]'. [C:/Users/lebray/Vivado-Workflow-Scripts/Basys3_Master.xdc:29]
CRITICAL WARNING: [Common 17-55] 'set_property' expects at least one object. [C:/Users/lebray/Vivado-Workflow-Scripts/Basys3_Master.xdc:29]
Resolution: If [get_<value>] was used to populate the object, check to make sure this command returns at least one valid object.
WARNING: [Vivado 12-584] No ports matched 'sw[9]'. [C:/Users/lebray/Vivado-Workflow-Scripts/Basys3_Master.xdc:30]
CRITICAL WARNING: [Common 17-55] 'set_property' expects at least one object. [C:/Users/lebray/Vivado-Workflow-Scripts/Basys3_Master.xdc:30]
Resolution: If [get_<value>] was used to populate the object, check to make sure this command returns at least one valid object.
WARNING: [Vivado 12-584] No ports matched 'sw[9]'. [C:/Users/lebray/Vivado-Workflow-Scripts/Basys3_Master.xdc:31]
CRITICAL WARNING: [Common 17-55] 'set_property' expects at least one object. [C:/Users/lebray/Vivado-Workflow-Scripts/Basys3_Master.xdc:31]
Resolution: If [get_<value>] was used to populate the object, check to make sure this command returns at least one valid object.
WARNING: [Vivado 12-584] No ports matched 'sw[10]'. [C:/Users/lebray/Vivado-Workflow-Scripts/Basys3_Master.xdc:32]
CRITICAL WARNING: [Common 17-55] 'set_property' expects at least one object. [C:/Users/lebray/Vivado-Workflow-Scripts/Basys3_Master.xdc:32]
Resolution: If [get_<value>] was used to populate the object, check to make sure this command returns at least one valid object.
WARNING: [Vivado 12-584] No ports matched 'sw[10]'. [C:/Users/lebray/Vivado-Workflow-Scripts/Basys3_Master.xdc:33]
CRITICAL WARNING: [Common 17-55] 'set_property' expects at least one object. [C:/Users/lebray/Vivado-Workflow-Scripts/Basys3_Master.xdc:33]
Resolution: If [get_<value>] was used to populate the object, check to make sure this command returns at least one valid object.
WARNING: [Vivado 12-584] No ports matched 'sw[11]'. [C:/Users/lebray/Vivado-Workflow-Scripts/Basys3_Master.xdc:34]
CRITICAL WARNING: [Common 17-55] 'set_property' expects at least one object. [C:/Users/lebray/Vivado-Workflow-Scripts/Basys3_Master.xdc:34]
Resolution: If [get_<value>] was used to populate the object, check to make sure this command returns at least one valid object.
WARNING: [Vivado 12-584] No ports matched 'sw[11]'. [C:/Users/lebray/Vivado-Workflow-Scripts/Basys3_Master.xdc:35]
CRITICAL WARNING: [Common 17-55] 'set_property' expects at least one object. [C:/Users/lebray/Vivado-Workflow-Scripts/Basys3_Master.xdc:35]
Resolution: If [get_<value>] was used to populate the object, check to make sure this command returns at least one valid object.
WARNING: [Vivado 12-584] No ports matched 'sw[12]'. [C:/Users/lebray/Vivado-Workflow-Scripts/Basys3_Master.xdc:36]
CRITICAL WARNING: [Common 17-55] 'set_property' expects at least one object. [C:/Users/lebray/Vivado-Workflow-Scripts/Basys3_Master.xdc:36]
Resolution: If [get_<value>] was used to populate the object, check to make sure this command returns at least one valid object.
WARNING: [Vivado 12-584] No ports matched 'sw[12]'. [C:/Users/lebray/Vivado-Workflow-Scripts/Basys3_Master.xdc:37]
CRITICAL WARNING: [Common 17-55] 'set_property' expects at least one object. [C:/Users/lebray/Vivado-Workflow-Scripts/Basys3_Master.xdc:37]
Resolution: If [get_<value>] was used to populate the object, check to make sure this command returns at least one valid object.
WARNING: [Vivado 12-584] No ports matched 'sw[13]'. [C:/Users/lebray/Vivado-Workflow-Scripts/Basys3_Master.xdc:38]
CRITICAL WARNING: [Common 17-55] 'set_property' expects at least one object. [C:/Users/lebray/Vivado-Workflow-Scripts/Basys3_Master.xdc:38]
Resolution: If [get_<value>] was used to populate the object, check to make sure this command returns at least one valid object.
WARNING: [Vivado 12-584] No ports matched 'sw[13]'. [C:/Users/lebray/Vivado-Workflow-Scripts/Basys3_Master.xdc:39]
CRITICAL WARNING: [Common 17-55] 'set_property' expects at least one object. [C:/Users/lebray/Vivado-Workflow-Scripts/Basys3_Master.xdc:39]
Resolution: If [get_<value>] was used to populate the object, check to make sure this command returns at least one valid object.
WARNING: [Vivado 12-584] No ports matched 'sw[14]'. [C:/Users/lebray/Vivado-Workflow-Scripts/Basys3_Master.xdc:40]
CRITICAL WARNING: [Common 17-55] 'set_property' expects at least one object. [C:/Users/lebray/Vivado-Workflow-Scripts/Basys3_Master.xdc:40]
Resolution: If [get_<value>] was used to populate the object, check to make sure this command returns at least one valid object.
WARNING: [Vivado 12-584] No ports matched 'sw[14]'. [C:/Users/lebray/Vivado-Workflow-Scripts/Basys3_Master.xdc:41]
CRITICAL WARNING: [Common 17-55] 'set_property' expects at least one object. [C:/Users/lebray/Vivado-Workflow-Scripts/Basys3_Master.xdc:41]
Resolution: If [get_<value>] was used to populate the object, check to make sure this command returns at least one valid object.
WARNING: [Vivado 12-584] No ports matched 'sw[15]'. [C:/Users/lebray/Vivado-Workflow-Scripts/Basys3_Master.xdc:42]
CRITICAL WARNING: [Common 17-55] 'set_property' expects at least one object. [C:/Users/lebray/Vivado-Workflow-Scripts/Basys3_Master.xdc:42]
Resolution: If [get_<value>] was used to populate the object, check to make sure this command returns at least one valid object.
WARNING: [Vivado 12-584] No ports matched 'sw[15]'. [C:/Users/lebray/Vivado-Workflow-Scripts/Basys3_Master.xdc:43]
CRITICAL WARNING: [Common 17-55] 'set_property' expects at least one object. [C:/Users/lebray/Vivado-Workflow-Scripts/Basys3_Master.xdc:43]
Resolution: If [get_<value>] was used to populate the object, check to make sure this command returns at least one valid object.
WARNING: [Vivado 12-584] No ports matched 'led[8]'. [C:/Users/lebray/Vivado-Workflow-Scripts/Basys3_Master.xdc:63]
CRITICAL WARNING: [Common 17-55] 'set_property' expects at least one object. [C:/Users/lebray/Vivado-Workflow-Scripts/Basys3_Master.xdc:63]
Resolution: If [get_<value>] was used to populate the object, check to make sure this command returns at least one valid object.
WARNING: [Vivado 12-584] No ports matched 'led[8]'. [C:/Users/lebray/Vivado-Workflow-Scripts/Basys3_Master.xdc:64]
CRITICAL WARNING: [Common 17-55] 'set_property' expects at least one object. [C:/Users/lebray/Vivado-Workflow-Scripts/Basys3_Master.xdc:64]
Resolution: If [get_<value>] was used to populate the object, check to make sure this command returns at least one valid object.
WARNING: [Vivado 12-584] No ports matched 'led[9]'. [C:/Users/lebray/Vivado-Workflow-Scripts/Basys3_Master.xdc:65]
CRITICAL WARNING: [Common 17-55] 'set_property' expects at least one object. [C:/Users/lebray/Vivado-Workflow-Scripts/Basys3_Master.xdc:65]
Resolution: If [get_<value>] was used to populate the object, check to make sure this command returns at least one valid object.
WARNING: [Vivado 12-584] No ports matched 'led[9]'. [C:/Users/lebray/Vivado-Workflow-Scripts/Basys3_Master.xdc:66]
CRITICAL WARNING: [Common 17-55] 'set_property' expects at least one object. [C:/Users/lebray/Vivado-Workflow-Scripts/Basys3_Master.xdc:66]
Resolution: If [get_<value>] was used to populate the object, check to make sure this command returns at least one valid object.
WARNING: [Vivado 12-584] No ports matched 'led[10]'. [C:/Users/lebray/Vivado-Workflow-Scripts/Basys3_Master.xdc:67]
CRITICAL WARNING: [Common 17-55] 'set_property' expects at least one object. [C:/Users/lebray/Vivado-Workflow-Scripts/Basys3_Master.xdc:67]
Resolution: If [get_<value>] was used to populate the object, check to make sure this command returns at least one valid object.
WARNING: [Vivado 12-584] No ports matched 'led[10]'. [C:/Users/lebray/Vivado-Workflow-Scripts/Basys3_Master.xdc:68]
CRITICAL WARNING: [Common 17-55] 'set_property' expects at least one object. [C:/Users/lebray/Vivado-Workflow-Scripts/Basys3_Master.xdc:68]
Resolution: If [get_<value>] was used to populate the object, check to make sure this command returns at least one valid object.
WARNING: [Vivado 12-584] No ports matched 'led[11]'. [C:/Users/lebray/Vivado-Workflow-Scripts/Basys3_Master.xdc:69]
CRITICAL WARNING: [Common 17-55] 'set_property' expects at least one object. [C:/Users/lebray/Vivado-Workflow-Scripts/Basys3_Master.xdc:69]
Resolution: If [get_<value>] was used to populate the object, check to make sure this command returns at least one valid object.
WARNING: [Vivado 12-584] No ports matched 'led[11]'. [C:/Users/lebray/Vivado-Workflow-Scripts/Basys3_Master.xdc:70]
CRITICAL WARNING: [Common 17-55] 'set_property' expects at least one object. [C:/Users/lebray/Vivado-Workflow-Scripts/Basys3_Master.xdc:70]
Resolution: If [get_<value>] was used to populate the object, check to make sure this command returns at least one valid object.
WARNING: [Vivado 12-584] No ports matched 'led[12]'. [C:/Users/lebray/Vivado-Workflow-Scripts/Basys3_Master.xdc:71]
CRITICAL WARNING: [Common 17-55] 'set_property' expects at least one object. [C:/Users/lebray/Vivado-Workflow-Scripts/Basys3_Master.xdc:71]
Resolution: If [get_<value>] was used to populate the object, check to make sure this command returns at least one valid object.
WARNING: [Vivado 12-584] No ports matched 'led[12]'. [C:/Users/lebray/Vivado-Workflow-Scripts/Basys3_Master.xdc:72]
CRITICAL WARNING: [Common 17-55] 'set_property' expects at least one object. [C:/Users/lebray/Vivado-Workflow-Scripts/Basys3_Master.xdc:72]
Resolution: If [get_<value>] was used to populate the object, check to make sure this command returns at least one valid object.
WARNING: [Vivado 12-584] No ports matched 'led[13]'. [C:/Users/lebray/Vivado-Workflow-Scripts/Basys3_Master.xdc:73]
CRITICAL WARNING: [Common 17-55] 'set_property' expects at least one object. [C:/Users/lebray/Vivado-Workflow-Scripts/Basys3_Master.xdc:73]
Resolution: If [get_<value>] was used to populate the object, check to make sure this command returns at least one valid object.
WARNING: [Vivado 12-584] No ports matched 'led[13]'. [C:/Users/lebray/Vivado-Workflow-Scripts/Basys3_Master.xdc:74]
CRITICAL WARNING: [Common 17-55] 'set_property' expects at least one object. [C:/Users/lebray/Vivado-Workflow-Scripts/Basys3_Master.xdc:74]
Resolution: If [get_<value>] was used to populate the object, check to make sure this command returns at least one valid object.
WARNING: [Vivado 12-584] No ports matched 'led[14]'. [C:/Users/lebray/Vivado-Workflow-Scripts/Basys3_Master.xdc:75]
CRITICAL WARNING: [Common 17-55] 'set_property' expects at least one object. [C:/Users/lebray/Vivado-Workflow-Scripts/Basys3_Master.xdc:75]
Resolution: If [get_<value>] was used to populate the object, check to make sure this command returns at least one valid object.
WARNING: [Vivado 12-584] No ports matched 'led[14]'. [C:/Users/lebray/Vivado-Workflow-Scripts/Basys3_Master.xdc:76]
CRITICAL WARNING: [Common 17-55] 'set_property' expects at least one object. [C:/Users/lebray/Vivado-Workflow-Scripts/Basys3_Master.xdc:76]
Resolution: If [get_<value>] was used to populate the object, check to make sure this command returns at least one valid object.
WARNING: [Vivado 12-584] No ports matched 'led[15]'. [C:/Users/lebray/Vivado-Workflow-Scripts/Basys3_Master.xdc:77]
CRITICAL WARNING: [Common 17-55] 'set_property' expects at least one object. [C:/Users/lebray/Vivado-Workflow-Scripts/Basys3_Master.xdc:77]
Resolution: If [get_<value>] was used to populate the object, check to make sure this command returns at least one valid object.
WARNING: [Vivado 12-584] No ports matched 'led[15]'. [C:/Users/lebray/Vivado-Workflow-Scripts/Basys3_Master.xdc:78]
CRITICAL WARNING: [Common 17-55] 'set_property' expects at least one object. [C:/Users/lebray/Vivado-Workflow-Scripts/Basys3_Master.xdc:78]
Resolution: If [get_<value>] was used to populate the object, check to make sure this command returns at least one valid object.
WARNING: [Vivado 12-584] No ports matched 'seg[0]'. [C:/Users/lebray/Vivado-Workflow-Scripts/Basys3_Master.xdc:82]
CRITICAL WARNING: [Common 17-55] 'set_property' expects at least one object. [C:/Users/lebray/Vivado-Workflow-Scripts/Basys3_Master.xdc:82]
Resolution: If [get_<value>] was used to populate the object, check to make sure this command returns at least one valid object.
WARNING: [Vivado 12-584] No ports matched 'seg[0]'. [C:/Users/lebray/Vivado-Workflow-Scripts/Basys3_Master.xdc:83]
CRITICAL WARNING: [Common 17-55] 'set_property' expects at least one object. [C:/Users/lebray/Vivado-Workflow-Scripts/Basys3_Master.xdc:83]
Resolution: If [get_<value>] was used to populate the object, check to make sure this command returns at least one valid object.
WARNING: [Vivado 12-584] No ports matched 'seg[1]'. [C:/Users/lebray/Vivado-Workflow-Scripts/Basys3_Master.xdc:84]
CRITICAL WARNING: [Common 17-55] 'set_property' expects at least one object. [C:/Users/lebray/Vivado-Workflow-Scripts/Basys3_Master.xdc:84]
Resolution: If [get_<value>] was used to populate the object, check to make sure this command returns at least one valid object.
WARNING: [Vivado 12-584] No ports matched 'seg[1]'. [C:/Users/lebray/Vivado-Workflow-Scripts/Basys3_Master.xdc:85]
CRITICAL WARNING: [Common 17-55] 'set_property' expects at least one object. [C:/Users/lebray/Vivado-Workflow-Scripts/Basys3_Master.xdc:85]
Resolution: If [get_<value>] was used to populate the object, check to make sure this command returns at least one valid object.
WARNING: [Vivado 12-584] No ports matched 'seg[2]'. [C:/Users/lebray/Vivado-Workflow-Scripts/Basys3_Master.xdc:86]
CRITICAL WARNING: [Common 17-55] 'set_property' expects at least one object. [C:/Users/lebray/Vivado-Workflow-Scripts/Basys3_Master.xdc:86]
Resolution: If [get_<value>] was used to populate the object, check to make sure this command returns at least one valid object.
WARNING: [Vivado 12-584] No ports matched 'seg[2]'. [C:/Users/lebray/Vivado-Workflow-Scripts/Basys3_Master.xdc:87]
CRITICAL WARNING: [Common 17-55] 'set_property' expects at least one object. [C:/Users/lebray/Vivado-Workflow-Scripts/Basys3_Master.xdc:87]
Resolution: If [get_<value>] was used to populate the object, check to make sure this command returns at least one valid object.
WARNING: [Vivado 12-584] No ports matched 'seg[3]'. [C:/Users/lebray/Vivado-Workflow-Scripts/Basys3_Master.xdc:88]
CRITICAL WARNING: [Common 17-55] 'set_property' expects at least one object. [C:/Users/lebray/Vivado-Workflow-Scripts/Basys3_Master.xdc:88]
Resolution: If [get_<value>] was used to populate the object, check to make sure this command returns at least one valid object.
WARNING: [Vivado 12-584] No ports matched 'seg[3]'. [C:/Users/lebray/Vivado-Workflow-Scripts/Basys3_Master.xdc:89]
CRITICAL WARNING: [Common 17-55] 'set_property' expects at least one object. [C:/Users/lebray/Vivado-Workflow-Scripts/Basys3_Master.xdc:89]
Resolution: If [get_<value>] was used to populate the object, check to make sure this command returns at least one valid object.
WARNING: [Vivado 12-584] No ports matched 'seg[4]'. [C:/Users/lebray/Vivado-Workflow-Scripts/Basys3_Master.xdc:90]
CRITICAL WARNING: [Common 17-55] 'set_property' expects at least one object. [C:/Users/lebray/Vivado-Workflow-Scripts/Basys3_Master.xdc:90]
Resolution: If [get_<value>] was used to populate the object, check to make sure this command returns at least one valid object.
WARNING: [Vivado 12-584] No ports matched 'seg[4]'. [C:/Users/lebray/Vivado-Workflow-Scripts/Basys3_Master.xdc:91]
CRITICAL WARNING: [Common 17-55] 'set_property' expects at least one object. [C:/Users/lebray/Vivado-Workflow-Scripts/Basys3_Master.xdc:91]
Resolution: If [get_<value>] was used to populate the object, check to make sure this command returns at least one valid object.
WARNING: [Vivado 12-584] No ports matched 'seg[5]'. [C:/Users/lebray/Vivado-Workflow-Scripts/Basys3_Master.xdc:92]
CRITICAL WARNING: [Common 17-55] 'set_property' expects at least one object. [C:/Users/lebray/Vivado-Workflow-Scripts/Basys3_Master.xdc:92]
Resolution: If [get_<value>] was used to populate the object, check to make sure this command returns at least one valid object.
WARNING: [Vivado 12-584] No ports matched 'seg[5]'. [C:/Users/lebray/Vivado-Workflow-Scripts/Basys3_Master.xdc:93]
CRITICAL WARNING: [Common 17-55] 'set_property' expects at least one object. [C:/Users/lebray/Vivado-Workflow-Scripts/Basys3_Master.xdc:93]
Resolution: If [get_<value>] was used to populate the object, check to make sure this command returns at least one valid object.
WARNING: [Vivado 12-584] No ports matched 'seg[6]'. [C:/Users/lebray/Vivado-Workflow-Scripts/Basys3_Master.xdc:94]
CRITICAL WARNING: [Common 17-55] 'set_property' expects at least one object. [C:/Users/lebray/Vivado-Workflow-Scripts/Basys3_Master.xdc:94]
Resolution: If [get_<value>] was used to populate the object, check to make sure this command returns at least one valid object.
WARNING: [Vivado 12-584] No ports matched 'seg[6]'. [C:/Users/lebray/Vivado-Workflow-Scripts/Basys3_Master.xdc:95]
CRITICAL WARNING: [Common 17-55] 'set_property' expects at least one object. [C:/Users/lebray/Vivado-Workflow-Scripts/Basys3_Master.xdc:95]
Resolution: If [get_<value>] was used to populate the object, check to make sure this command returns at least one valid object.
WARNING: [Vivado 12-584] No ports matched 'dp'. [C:/Users/lebray/Vivado-Workflow-Scripts/Basys3_Master.xdc:97]
CRITICAL WARNING: [Common 17-55] 'set_property' expects at least one object. [C:/Users/lebray/Vivado-Workflow-Scripts/Basys3_Master.xdc:97]
Resolution: If [get_<value>] was used to populate the object, check to make sure this command returns at least one valid object.
WARNING: [Vivado 12-584] No ports matched 'dp'. [C:/Users/lebray/Vivado-Workflow-Scripts/Basys3_Master.xdc:98]
CRITICAL WARNING: [Common 17-55] 'set_property' expects at least one object. [C:/Users/lebray/Vivado-Workflow-Scripts/Basys3_Master.xdc:98]
Resolution: If [get_<value>] was used to populate the object, check to make sure this command returns at least one valid object.
WARNING: [Vivado 12-584] No ports matched 'an[0]'. [C:/Users/lebray/Vivado-Workflow-Scripts/Basys3_Master.xdc:100]
CRITICAL WARNING: [Common 17-55] 'set_property' expects at least one object. [C:/Users/lebray/Vivado-Workflow-Scripts/Basys3_Master.xdc:100]
Resolution: If [get_<value>] was used to populate the object, check to make sure this command returns at least one valid object.
WARNING: [Vivado 12-584] No ports matched 'an[0]'. [C:/Users/lebray/Vivado-Workflow-Scripts/Basys3_Master.xdc:101]
CRITICAL WARNING: [Common 17-55] 'set_property' expects at least one object. [C:/Users/lebray/Vivado-Workflow-Scripts/Basys3_Master.xdc:101]
Resolution: If [get_<value>] was used to populate the object, check to make sure this command returns at least one valid object.
WARNING: [Vivado 12-584] No ports matched 'an[1]'. [C:/Users/lebray/Vivado-Workflow-Scripts/Basys3_Master.xdc:102]
CRITICAL WARNING: [Common 17-55] 'set_property' expects at least one object. [C:/Users/lebray/Vivado-Workflow-Scripts/Basys3_Master.xdc:102]
Resolution: If [get_<value>] was used to populate the object, check to make sure this command returns at least one valid object.
WARNING: [Vivado 12-584] No ports matched 'an[1]'. [C:/Users/lebray/Vivado-Workflow-Scripts/Basys3_Master.xdc:103]
CRITICAL WARNING: [Common 17-55] 'set_property' expects at least one object. [C:/Users/lebray/Vivado-Workflow-Scripts/Basys3_Master.xdc:103]
Resolution: If [get_<value>] was used to populate the object, check to make sure this command returns at least one valid object.
WARNING: [Vivado 12-584] No ports matched 'an[2]'. [C:/Users/lebray/Vivado-Workflow-Scripts/Basys3_Master.xdc:104]
CRITICAL WARNING: [Common 17-55] 'set_property' expects at least one object. [C:/Users/lebray/Vivado-Workflow-Scripts/Basys3_Master.xdc:104]
Resolution: If [get_<value>] was used to populate the object, check to make sure this command returns at least one valid object.
WARNING: [Vivado 12-584] No ports matched 'an[2]'. [C:/Users/lebray/Vivado-Workflow-Scripts/Basys3_Master.xdc:105]
CRITICAL WARNING: [Common 17-55] 'set_property' expects at least one object. [C:/Users/lebray/Vivado-Workflow-Scripts/Basys3_Master.xdc:105]
Resolution: If [get_<value>] was used to populate the object, check to make sure this command returns at least one valid object.
WARNING: [Vivado 12-584] No ports matched 'an[3]'. [C:/Users/lebray/Vivado-Workflow-Scripts/Basys3_Master.xdc:106]
CRITICAL WARNING: [Common 17-55] 'set_property' expects at least one object. [C:/Users/lebray/Vivado-Workflow-Scripts/Basys3_Master.xdc:106]
Resolution: If [get_<value>] was used to populate the object, check to make sure this command returns at least one valid object.
WARNING: [Vivado 12-584] No ports matched 'an[3]'. [C:/Users/lebray/Vivado-Workflow-Scripts/Basys3_Master.xdc:107]
CRITICAL WARNING: [Common 17-55] 'set_property' expects at least one object. [C:/Users/lebray/Vivado-Workflow-Scripts/Basys3_Master.xdc:107]
Resolution: If [get_<value>] was used to populate the object, check to make sure this command returns at least one valid object.
WARNING: [Vivado 12-584] No ports matched 'btnC'. [C:/Users/lebray/Vivado-Workflow-Scripts/Basys3_Master.xdc:111]
CRITICAL WARNING: [Common 17-55] 'set_property' expects at least one object. [C:/Users/lebray/Vivado-Workflow-Scripts/Basys3_Master.xdc:111]
Resolution: If [get_<value>] was used to populate the object, check to make sure this command returns at least one valid object.
WARNING: [Vivado 12-584] No ports matched 'btnC'. [C:/Users/lebray/Vivado-Workflow-Scripts/Basys3_Master.xdc:112]
CRITICAL WARNING: [Common 17-55] 'set_property' expects at least one object. [C:/Users/lebray/Vivado-Workflow-Scripts/Basys3_Master.xdc:112]
Resolution: If [get_<value>] was used to populate the object, check to make sure this command returns at least one valid object.
WARNING: [Vivado 12-584] No ports matched 'btnU'. [C:/Users/lebray/Vivado-Workflow-Scripts/Basys3_Master.xdc:113]
CRITICAL WARNING: [Common 17-55] 'set_property' expects at least one object. [C:/Users/lebray/Vivado-Workflow-Scripts/Basys3_Master.xdc:113]
Resolution: If [get_<value>] was used to populate the object, check to make sure this command returns at least one valid object.
WARNING: [Vivado 12-584] No ports matched 'btnU'. [C:/Users/lebray/Vivado-Workflow-Scripts/Basys3_Master.xdc:114]
CRITICAL WARNING: [Common 17-55] 'set_property' expects at least one object. [C:/Users/lebray/Vivado-Workflow-Scripts/Basys3_Master.xdc:114]
Resolution: If [get_<value>] was used to populate the object, check to make sure this command returns at least one valid object.
WARNING: [Vivado 12-584] No ports matched 'btnL'. [C:/Users/lebray/Vivado-Workflow-Scripts/Basys3_Master.xdc:115]
CRITICAL WARNING: [Common 17-55] 'set_property' expects at least one object. [C:/Users/lebray/Vivado-Workflow-Scripts/Basys3_Master.xdc:115]
Resolution: If [get_<value>] was used to populate the object, check to make sure this command returns at least one valid object.
WARNING: [Vivado 12-584] No ports matched 'btnL'. [C:/Users/lebray/Vivado-Workflow-Scripts/Basys3_Master.xdc:116]
CRITICAL WARNING: [Common 17-55] 'set_property' expects at least one object. [C:/Users/lebray/Vivado-Workflow-Scripts/Basys3_Master.xdc:116]
Resolution: If [get_<value>] was used to populate the object, check to make sure this command returns at least one valid object.
WARNING: [Vivado 12-584] No ports matched 'btnR'. [C:/Users/lebray/Vivado-Workflow-Scripts/Basys3_Master.xdc:117]
CRITICAL WARNING: [Common 17-55] 'set_property' expects at least one object. [C:/Users/lebray/Vivado-Workflow-Scripts/Basys3_Master.xdc:117]
Resolution: If [get_<value>] was used to populate the object, check to make sure this command returns at least one valid object.
WARNING: [Vivado 12-584] No ports matched 'btnR'. [C:/Users/lebray/Vivado-Workflow-Scripts/Basys3_Master.xdc:118]
CRITICAL WARNING: [Common 17-55] 'set_property' expects at least one object. [C:/Users/lebray/Vivado-Workflow-Scripts/Basys3_Master.xdc:118]
Resolution: If [get_<value>] was used to populate the object, check to make sure this command returns at least one valid object.
WARNING: [Vivado 12-584] No ports matched 'btnD'. [C:/Users/lebray/Vivado-Workflow-Scripts/Basys3_Master.xdc:119]
CRITICAL WARNING: [Common 17-55] 'set_property' expects at least one object. [C:/Users/lebray/Vivado-Workflow-Scripts/Basys3_Master.xdc:119]
Resolution: If [get_<value>] was used to populate the object, check to make sure this command returns at least one valid object.
WARNING: [Vivado 12-584] No ports matched 'btnD'. [C:/Users/lebray/Vivado-Workflow-Scripts/Basys3_Master.xdc:120]
CRITICAL WARNING: [Common 17-55] 'set_property' expects at least one object. [C:/Users/lebray/Vivado-Workflow-Scripts/Basys3_Master.xdc:120]
Resolution: If [get_<value>] was used to populate the object, check to make sure this command returns at least one valid object.
WARNING: [Vivado 12-584] No ports matched 'JA[0]'. [C:/Users/lebray/Vivado-Workflow-Scripts/Basys3_Master.xdc:126]
CRITICAL WARNING: [Common 17-55] 'set_property' expects at least one object. [C:/Users/lebray/Vivado-Workflow-Scripts/Basys3_Master.xdc:126]
Resolution: If [get_<value>] was used to populate the object, check to make sure this command returns at least one valid object.
WARNING: [Vivado 12-584] No ports matched 'JA[0]'. [C:/Users/lebray/Vivado-Workflow-Scripts/Basys3_Master.xdc:127]
CRITICAL WARNING: [Common 17-55] 'set_property' expects at least one object. [C:/Users/lebray/Vivado-Workflow-Scripts/Basys3_Master.xdc:127]
Resolution: If [get_<value>] was used to populate the object, check to make sure this command returns at least one valid object.
WARNING: [Vivado 12-584] No ports matched 'JA[1]'. [C:/Users/lebray/Vivado-Workflow-Scripts/Basys3_Master.xdc:129]
CRITICAL WARNING: [Common 17-55] 'set_property' expects at least one object. [C:/Users/lebray/Vivado-Workflow-Scripts/Basys3_Master.xdc:129]
Resolution: If [get_<value>] was used to populate the object, check to make sure this command returns at least one valid object.
WARNING: [Vivado 12-584] No ports matched 'JA[1]'. [C:/Users/lebray/Vivado-Workflow-Scripts/Basys3_Master.xdc:130]
CRITICAL WARNING: [Common 17-55] 'set_property' expects at least one object. [C:/Users/lebray/Vivado-Workflow-Scripts/Basys3_Master.xdc:130]
Resolution: If [get_<value>] was used to populate the object, check to make sure this command returns at least one valid object.
WARNING: [Vivado 12-584] No ports matched 'JA[2]'. [C:/Users/lebray/Vivado-Workflow-Scripts/Basys3_Master.xdc:132]
CRITICAL WARNING: [Common 17-55] 'set_property' expects at least one object. [C:/Users/lebray/Vivado-Workflow-Scripts/Basys3_Master.xdc:132]
Resolution: If [get_<value>] was used to populate the object, check to make sure this command returns at least one valid object.
WARNING: [Vivado 12-584] No ports matched 'JA[2]'. [C:/Users/lebray/Vivado-Workflow-Scripts/Basys3_Master.xdc:133]
CRITICAL WARNING: [Common 17-55] 'set_property' expects at least one object. [C:/Users/lebray/Vivado-Workflow-Scripts/Basys3_Master.xdc:133]
Resolution: If [get_<value>] was used to populate the object, check to make sure this command returns at least one valid object.
WARNING: [Vivado 12-584] No ports matched 'JA[3]'. [C:/Users/lebray/Vivado-Workflow-Scripts/Basys3_Master.xdc:135]
CRITICAL WARNING: [Common 17-55] 'set_property' expects at least one object. [C:/Users/lebray/Vivado-Workflow-Scripts/Basys3_Master.xdc:135]
Resolution: If [get_<value>] was used to populate the object, check to make sure this command returns at least one valid object.
WARNING: [Vivado 12-584] No ports matched 'JA[3]'. [C:/Users/lebray/Vivado-Workflow-Scripts/Basys3_Master.xdc:136]
CRITICAL WARNING: [Common 17-55] 'set_property' expects at least one object. [C:/Users/lebray/Vivado-Workflow-Scripts/Basys3_Master.xdc:136]
Resolution: If [get_<value>] was used to populate the object, check to make sure this command returns at least one valid object.
WARNING: [Vivado 12-584] No ports matched 'JA[4]'. [C:/Users/lebray/Vivado-Workflow-Scripts/Basys3_Master.xdc:138]
CRITICAL WARNING: [Common 17-55] 'set_property' expects at least one object. [C:/Users/lebray/Vivado-Workflow-Scripts/Basys3_Master.xdc:138]
Resolution: If [get_<value>] was used to populate the object, check to make sure this command returns at least one valid object.
WARNING: [Vivado 12-584] No ports matched 'JA[4]'. [C:/Users/lebray/Vivado-Workflow-Scripts/Basys3_Master.xdc:139]
CRITICAL WARNING: [Common 17-55] 'set_property' expects at least one object. [C:/Users/lebray/Vivado-Workflow-Scripts/Basys3_Master.xdc:139]
Resolution: If [get_<value>] was used to populate the object, check to make sure this command returns at least one valid object.
WARNING: [Vivado 12-584] No ports matched 'JA[5]'. [C:/Users/lebray/Vivado-Workflow-Scripts/Basys3_Master.xdc:141]
CRITICAL WARNING: [Common 17-55] 'set_property' expects at least one object. [C:/Users/lebray/Vivado-Workflow-Scripts/Basys3_Master.xdc:141]
Resolution: If [get_<value>] was used to populate the object, check to make sure this command returns at least one valid object.
WARNING: [Vivado 12-584] No ports matched 'JA[5]'. [C:/Users/lebray/Vivado-Workflow-Scripts/Basys3_Master.xdc:142]
CRITICAL WARNING: [Common 17-55] 'set_property' expects at least one object. [C:/Users/lebray/Vivado-Workflow-Scripts/Basys3_Master.xdc:142]
Resolution: If [get_<value>] was used to populate the object, check to make sure this command returns at least one valid object.
WARNING: [Vivado 12-584] No ports matched 'JA[6]'. [C:/Users/lebray/Vivado-Workflow-Scripts/Basys3_Master.xdc:144]
CRITICAL WARNING: [Common 17-55] 'set_property' expects at least one object. [C:/Users/lebray/Vivado-Workflow-Scripts/Basys3_Master.xdc:144]
Resolution: If [get_<value>] was used to populate the object, check to make sure this command returns at least one valid object.
WARNING: [Vivado 12-584] No ports matched 'JA[6]'. [C:/Users/lebray/Vivado-Workflow-Scripts/Basys3_Master.xdc:145]
CRITICAL WARNING: [Common 17-55] 'set_property' expects at least one object. [C:/Users/lebray/Vivado-Workflow-Scripts/Basys3_Master.xdc:145]
Resolution: If [get_<value>] was used to populate the object, check to make sure this command returns at least one valid object.
WARNING: [Vivado 12-584] No ports matched 'JA[7]'. [C:/Users/lebray/Vivado-Workflow-Scripts/Basys3_Master.xdc:147]
CRITICAL WARNING: [Common 17-55] 'set_property' expects at least one object. [C:/Users/lebray/Vivado-Workflow-Scripts/Basys3_Master.xdc:147]
Resolution: If [get_<value>] was used to populate the object, check to make sure this command returns at least one valid object.
WARNING: [Vivado 12-584] No ports matched 'JA[7]'. [C:/Users/lebray/Vivado-Workflow-Scripts/Basys3_Master.xdc:148]
CRITICAL WARNING: [Common 17-55] 'set_property' expects at least one object. [C:/Users/lebray/Vivado-Workflow-Scripts/Basys3_Master.xdc:148]
Resolution: If [get_<value>] was used to populate the object, check to make sure this command returns at least one valid object.
WARNING: [Vivado 12-584] No ports matched 'JB[0]'. [C:/Users/lebray/Vivado-Workflow-Scripts/Basys3_Master.xdc:154]
CRITICAL WARNING: [Common 17-55] 'set_property' expects at least one object. [C:/Users/lebray/Vivado-Workflow-Scripts/Basys3_Master.xdc:154]
Resolution: If [get_<value>] was used to populate the object, check to make sure this command returns at least one valid object.
WARNING: [Vivado 12-584] No ports matched 'JB[0]'. [C:/Users/lebray/Vivado-Workflow-Scripts/Basys3_Master.xdc:155]
INFO: [Common 17-14] Message 'Vivado 12-584' appears 100 times and further instances of the messages will be disabled. Use the Tcl command set_msg_config to change the current settings. [C:/Users/lebray/Vivado-Workflow-Scripts/Basys3_Master.xdc:155]
CRITICAL WARNING: [Common 17-55] 'set_property' expects at least one object. [C:/Users/lebray/Vivado-Workflow-Scripts/Basys3_Master.xdc:155]
Resolution: If [get_<value>] was used to populate the object, check to make sure this command returns at least one valid object.
INFO: [Common 17-14] Message 'Common 17-55' appears 100 times and further instances of the messages will be disabled. Use the Tcl command set_msg_config to change the current settings. [C:/Users/lebray/Vivado-Workflow-Scripts/Basys3_Master.xdc:155]
Finished Parsing XDC File [C:/Users/lebray/Vivado-Workflow-Scripts/Basys3_Master.xdc]
INFO: [Opt 31-138] Pushed 0 inverter(s) to 0 load pin(s).
Netlist sorting complete. Time (s): cpu = 00:00:00 ; elapsed = 00:00:00 . Memory (MB): peak = 565.004 ; gain = 0.000
INFO: [Project 1-111] Unisim Transformation Summary:
No Unisim elements were transformed.

9 Infos, 100 Warnings, 100 Critical Warnings and 0 Errors encountered.
link_design completed successfully
Command: opt_design
Attempting to get a license for feature 'Implementation' and/or device 'xc7a35t'
INFO: [Common 17-349] Got license for feature 'Implementation' and/or device 'xc7a35t'
Running DRC as a precondition to command opt_design

Starting DRC Task
INFO: [DRC 23-27] Running DRC with 2 threads
INFO: [Project 1-461] DRC finished with 0 Errors
INFO: [Project 1-462] Please refer to the DRC report (report_drc) for more information.

Time (s): cpu = 00:00:00 ; elapsed = 00:00:00.291 . Memory (MB): peak = 577.801 ; gain = 8.746

Starting Cache Timing Information Task
INFO: [Timing 38-35] Done setting XDC timing constraints.
Ending Cache Timing Information Task | Checksum: 283a034c6

Time (s): cpu = 00:00:05 ; elapsed = 00:00:04 . Memory (MB): peak = 1114.090 ; gain = 536.289

Starting Logic Optimization Task

Phase 1 Retarget
INFO: [Opt 31-138] Pushed 0 inverter(s) to 0 load pin(s).
INFO: [Opt 31-49] Retargeted 0 cell(s).
Phase 1 Retarget | Checksum: 283a034c6

Time (s): cpu = 00:00:00 ; elapsed = 00:00:00.009 . Memory (MB): peak = 1209.527 ; gain = 0.000
INFO: [Opt 31-389] Phase Retarget created 0 cells and removed 0 cells

Phase 2 Constant propagation
INFO: [Opt 31-138] Pushed 0 inverter(s) to 0 load pin(s).
Phase 2 Constant propagation | Checksum: 283a034c6

Time (s): cpu = 00:00:00 ; elapsed = 00:00:00.010 . Memory (MB): peak = 1209.527 ; gain = 0.000
INFO: [Opt 31-389] Phase Constant propagation created 0 cells and removed 0 cells

Phase 3 Sweep
Phase 3 Sweep | Checksum: 2761f64a9

Time (s): cpu = 00:00:00 ; elapsed = 00:00:00.012 . Memory (MB): peak = 1209.527 ; gain = 0.000
INFO: [Opt 31-389] Phase Sweep created 0 cells and removed 0 cells

Phase 4 BUFG optimization
Phase 4 BUFG optimization | Checksum: 2761f64a9

Time (s): cpu = 00:00:00 ; elapsed = 00:00:00.014 . Memory (MB): peak = 1209.527 ; gain = 0.000
INFO: [Opt 31-662] Phase BUFG optimization created 0 cells of which 0 are BUFGs and removed 0 cells.

Phase 5 Shift Register Optimization
Phase 5 Shift Register Optimization | Checksum: 1d599a134

Time (s): cpu = 00:00:00 ; elapsed = 00:00:00.024 . Memory (MB): peak = 1209.527 ; gain = 0.000
INFO: [Opt 31-389] Phase Shift Register Optimization created 0 cells and removed 0 cells

Phase 6 Post Processing Netlist
Phase 6 Post Processing Netlist | Checksum: 1d599a134

Time (s): cpu = 00:00:00 ; elapsed = 00:00:00.025 . Memory (MB): peak = 1209.527 ; gain = 0.000
INFO: [Opt 31-389] Phase Post Processing Netlist created 0 cells and removed 0 cells
Opt_design Change Summary
=========================


-------------------------------------------------------------------------------------------------------------------------
|  Phase                        |  #Cells created  |  #Cells Removed  |  #Constrained objects preventing optimizations  |
-------------------------------------------------------------------------------------------------------------------------
|  Retarget                     |               0  |               0  |                                              0  |
|  Constant propagation         |               0  |               0  |                                              0  |
|  Sweep                        |               0  |               0  |                                              0  |
|  BUFG optimization            |               0  |               0  |                                              0  |
|  Shift Register Optimization  |               0  |               0  |                                              0  |
|  Post Processing Netlist      |               0  |               0  |                                              0  |
-------------------------------------------------------------------------------------------------------------------------



Starting Connectivity Check Task

Time (s): cpu = 00:00:00 ; elapsed = 00:00:00 . Memory (MB): peak = 1209.527 ; gain = 0.000
Ending Logic Optimization Task | Checksum: 1d599a134

Time (s): cpu = 00:00:00 ; elapsed = 00:00:00.027 . Memory (MB): peak = 1209.527 ; gain = 0.000

Starting Power Optimization Task
INFO: [Pwropt 34-132] Skipping clock gating for clocks with a period < 2.00 ns.
INFO: [Timing 38-35] Done setting XDC timing constraints.
INFO: [Pwropt 34-9] Applying IDT optimizations ...
INFO: [Pwropt 34-10] Applying ODC optimizations ...
INFO: [Physopt 32-619] Estimated Timing Summary | WNS=5.690 | TNS=0.000 |
Running Vector-less Activity Propagation...

Finished Running Vector-less Activity Propagation


Starting PowerOpt Patch Enables Task
INFO: [Pwropt 34-162] WRITE_MODE attribute of 0 BRAM(s) out of a total of 1 has been updated to save power. Run report_power_opt to get a complete listing of the BRAMs updated.
INFO: [Pwropt 34-201] Structural ODC has moved 0 WE to EN ports
Number of BRAM Ports augmented: 0 newly gated: 0 Total Ports: 2
Ending PowerOpt Patch Enables Task | Checksum: 1d599a134

Time (s): cpu = 00:00:00 ; elapsed = 00:00:00.007 . Memory (MB): peak = 1331.000 ; gain = 0.000
Ending Power Optimization Task | Checksum: 1d599a134

Time (s): cpu = 00:00:00 ; elapsed = 00:00:00.298 . Memory (MB): peak = 1331.000 ; gain = 121.473

Starting Final Cleanup Task
Ending Final Cleanup Task | Checksum: 1d599a134

Time (s): cpu = 00:00:00 ; elapsed = 00:00:00 . Memory (MB): peak = 1331.000 ; gain = 0.000

Starting Netlist Obfuscation Task
Netlist sorting complete. Time (s): cpu = 00:00:00 ; elapsed = 00:00:00.001 . Memory (MB): peak = 1331.000 ; gain = 0.000
Ending Netlist Obfuscation Task | Checksum: 1d599a134

Time (s): cpu = 00:00:00 ; elapsed = 00:00:00.001 . Memory (MB): peak = 1331.000 ; gain = 0.000
INFO: [Common 17-83] Releasing license: Implementation
31 Infos, 100 Warnings, 100 Critical Warnings and 0 Errors encountered.
opt_design completed successfully
opt_design: Time (s): cpu = 00:00:05 ; elapsed = 00:00:05 . Memory (MB): peak = 1331.000 ; gain = 761.945
Netlist sorting complete. Time (s): cpu = 00:00:00 ; elapsed = 00:00:00 . Memory (MB): peak = 1331.000 ; gain = 0.000
INFO: [Timing 38-480] Writing timing data to binary archive.
Writing placer database...
Writing XDEF routing.
Writing XDEF routing logical nets.
Writing XDEF routing special nets.
Write XDEF Complete: Time (s): cpu = 00:00:00 ; elapsed = 00:00:00.014 . Memory (MB): peak = 1331.000 ; gain = 0.000
Netlist sorting complete. Time (s): cpu = 00:00:00 ; elapsed = 00:00:00 . Memory (MB): peak = 1331.000 ; gain = 0.000
INFO: [Common 17-1381] The checkpoint 'C:/Users/lebray/Vivado-Workflow-Scripts/Lab7/T2/vivado_project/T2.runs/impl_1/USB_keyboard_uart_app_opt.dcp' has been generated.
INFO: [runtcl-4] Executing : report_drc -file USB_keyboard_uart_app_drc_opted.rpt -pb USB_keyboard_uart_app_drc_opted.pb -rpx USB_keyboard_uart_app_drc_opted.rpx
Command: report_drc -file USB_keyboard_uart_app_drc_opted.rpt -pb USB_keyboard_uart_app_drc_opted.pb -rpx USB_keyboard_uart_app_drc_opted.rpx
INFO: [IP_Flow 19-234] Refreshing IP repositories
INFO: [IP_Flow 19-1704] No user IP repositories specified
INFO: [IP_Flow 19-2313] Loaded Vivado IP repository 'C:/Xilinx/Vivado/2018.3/data/ip'.
INFO: [DRC 23-27] Running DRC with 2 threads
INFO: [Coretcl 2-168] The results of DRC are in file C:/Users/lebray/Vivado-Workflow-Scripts/Lab7/T2/vivado_project/T2.runs/impl_1/USB_keyboard_uart_app_drc_opted.rpt.
report_drc completed successfully
Command: place_design
Attempting to get a license for feature 'Implementation' and/or device 'xc7a35t'
INFO: [Common 17-349] Got license for feature 'Implementation' and/or device 'xc7a35t'
INFO: [DRC 23-27] Running DRC with 2 threads
INFO: [Vivado_Tcl 4-198] DRC finished with 0 Errors
INFO: [Vivado_Tcl 4-199] Please refer to the DRC report (report_drc) for more information.
Running DRC as a precondition to command place_design
INFO: [DRC 23-27] Running DRC with 2 threads
INFO: [Vivado_Tcl 4-198] DRC finished with 0 Errors
INFO: [Vivado_Tcl 4-199] Please refer to the DRC report (report_drc) for more information.

Starting Placer Task
INFO: [Place 30-611] Multithreading enabled for place_design using a maximum of 2 CPUs

Phase 1 Placer Initialization

Phase 1.1 Placer Initialization Netlist Sorting
Netlist sorting complete. Time (s): cpu = 00:00:00 ; elapsed = 00:00:00 . Memory (MB): peak = 1331.000 ; gain = 0.000
Phase 1.1 Placer Initialization Netlist Sorting | Checksum: 14beb069e

Time (s): cpu = 00:00:00 ; elapsed = 00:00:00.013 . Memory (MB): peak = 1331.000 ; gain = 0.000
Netlist sorting complete. Time (s): cpu = 00:00:00 ; elapsed = 00:00:00 . Memory (MB): peak = 1331.000 ; gain = 0.000

Phase 1.2 IO Placement/ Clock Placement/ Build Placer Device
INFO: [Timing 38-35] Done setting XDC timing constraints.
Phase 1.2 IO Placement/ Clock Placement/ Build Placer Device | Checksum: f63584d3

Time (s): cpu = 00:00:00 ; elapsed = 00:00:00.219 . Memory (MB): peak = 1331.000 ; gain = 0.000

Phase 1.3 Build Placer Netlist Model
Phase 1.3 Build Placer Netlist Model | Checksum: 16dd00560

Time (s): cpu = 00:00:00 ; elapsed = 00:00:00.254 . Memory (MB): peak = 1331.000 ; gain = 0.000

Phase 1.4 Constrain Clocks/Macros
Phase 1.4 Constrain Clocks/Macros | Checksum: 16dd00560

Time (s): cpu = 00:00:00 ; elapsed = 00:00:00.255 . Memory (MB): peak = 1331.000 ; gain = 0.000
Phase 1 Placer Initialization | Checksum: 16dd00560

Time (s): cpu = 00:00:00 ; elapsed = 00:00:00.255 . Memory (MB): peak = 1331.000 ; gain = 0.000

Phase 2 Global Placement

Phase 2.1 Floorplanning
Phase 2.1 Floorplanning | Checksum: 1af8f6a49

Time (s): cpu = 00:00:00 ; elapsed = 00:00:00.275 . Memory (MB): peak = 1331.000 ; gain = 0.000

Phase 2.2 Physical Synthesis In Placer
INFO: [Physopt 32-65] No nets found for high-fanout optimization.
INFO: [Physopt 32-232] Optimized 0 net. Created 0 new instance.
INFO: [Physopt 32-775] End 1 Pass. Optimized 0 net or cell. Created 0 new cell, deleted 0 existing cell and moved 0 existing cell
INFO: [Physopt 32-670] No setup violation found.  DSP Register Optimization was not performed.
INFO: [Physopt 32-670] No setup violation found.  Shift Register Optimization was not performed.
INFO: [Physopt 32-670] No setup violation found.  BRAM Register Optimization was not performed.
INFO: [Physopt 32-949] No candidate nets found for HD net replication
INFO: [Physopt 32-775] End 1 Pass. Optimized 0 net or cell. Created 0 new cell, deleted 0 existing cell and moved 0 existing cell
Netlist sorting complete. Time (s): cpu = 00:00:00 ; elapsed = 00:00:00.001 . Memory (MB): peak = 1331.000 ; gain = 0.000

Summary of Physical Synthesis Optimizations
============================================


----------------------------------------------------------------------------------------------------------------------------------------
|  Optimization                  |  Added Cells  |  Removed Cells  |  Optimized Cells/Nets  |  Dont Touch  |  Iterations  |  Elapsed   |
----------------------------------------------------------------------------------------------------------------------------------------
|  Very High Fanout              |            0  |              0  |                     0  |           0  |           1  |  00:00:00  |
|  DSP Register                  |            0  |              0  |                     0  |           0  |           0  |  00:00:00  |
|  Shift Register                |            0  |              0  |                     0  |           0  |           0  |  00:00:00  |
|  BRAM Register                 |            0  |              0  |                     0  |           0  |           0  |  00:00:00  |
|  HD Interface Net Replication  |            0  |              0  |                     0  |           0  |           1  |  00:00:00  |
|  Total                         |            0  |              0  |                     0  |           0  |           2  |  00:00:00  |
----------------------------------------------------------------------------------------------------------------------------------------


Phase 2.2 Physical Synthesis In Placer | Checksum: 1f224deeb

Time (s): cpu = 00:00:01 ; elapsed = 00:00:00.493 . Memory (MB): peak = 1331.000 ; gain = 0.000
Phase 2 Global Placement | Checksum: 2435b8d8c

Time (s): cpu = 00:00:01 ; elapsed = 00:00:00.509 . Memory (MB): peak = 1331.000 ; gain = 0.000

Phase 3 Detail Placement

Phase 3.1 Commit Multi Column Macros
Phase 3.1 Commit Multi Column Macros | Checksum: 2435b8d8c

Time (s): cpu = 00:00:01 ; elapsed = 00:00:00.510 . Memory (MB): peak = 1331.000 ; gain = 0.000

Phase 3.2 Commit Most Macros & LUTRAMs
Phase 3.2 Commit Most Macros & LUTRAMs | Checksum: 1fbc1745b

Time (s): cpu = 00:00:01 ; elapsed = 00:00:00.531 . Memory (MB): peak = 1331.000 ; gain = 0.000

Phase 3.3 Area Swap Optimization
Phase 3.3 Area Swap Optimization | Checksum: 1db76459d

Time (s): cpu = 00:00:01 ; elapsed = 00:00:00.534 . Memory (MB): peak = 1331.000 ; gain = 0.000

Phase 3.4 Pipeline Register Optimization
Phase 3.4 Pipeline Register Optimization | Checksum: 1a85191d8

Time (s): cpu = 00:00:01 ; elapsed = 00:00:00.535 . Memory (MB): peak = 1331.000 ; gain = 0.000

Phase 3.5 Small Shape Detail Placement
Phase 3.5 Small Shape Detail Placement | Checksum: 14b760f37

Time (s): cpu = 00:00:01 ; elapsed = 00:00:00.584 . Memory (MB): peak = 1331.000 ; gain = 0.000

Phase 3.6 Re-assign LUT pins
Phase 3.6 Re-assign LUT pins | Checksum: 14c878a9b

Time (s): cpu = 00:00:01 ; elapsed = 00:00:00.588 . Memory (MB): peak = 1331.000 ; gain = 0.000

Phase 3.7 Pipeline Register Optimization
Phase 3.7 Pipeline Register Optimization | Checksum: 18fa2d65e

Time (s): cpu = 00:00:01 ; elapsed = 00:00:00.589 . Memory (MB): peak = 1331.000 ; gain = 0.000
Phase 3 Detail Placement | Checksum: 18fa2d65e

Time (s): cpu = 00:00:01 ; elapsed = 00:00:00.590 . Memory (MB): peak = 1331.000 ; gain = 0.000

Phase 4 Post Placement Optimization and Clean-Up

Phase 4.1 Post Commit Optimization
INFO: [Timing 38-35] Done setting XDC timing constraints.

Phase 4.1.1 Post Placement Optimization
Post Placement Optimization Initialization | Checksum: fdb618a4

Phase 4.1.1.1 BUFG Insertion
INFO: [Place 46-46] BUFG insertion identified 0 candidate nets, 0 success, 0 bufg driver replicated, 0 skipped for placement/routing, 0 skipped for timing, 0 skipped for netlist change reason
Phase 4.1.1.1 BUFG Insertion | Checksum: fdb618a4

Time (s): cpu = 00:00:01 ; elapsed = 00:00:00.624 . Memory (MB): peak = 1331.000 ; gain = 0.000
INFO: [Place 30-746] Post Placement Timing Summary WNS=6.095. For the most accurate timing information please run report_timing.
Phase 4.1.1 Post Placement Optimization | Checksum: 147d55f24

Time (s): cpu = 00:00:01 ; elapsed = 00:00:00.625 . Memory (MB): peak = 1331.000 ; gain = 0.000
Phase 4.1 Post Commit Optimization | Checksum: 147d55f24

Time (s): cpu = 00:00:01 ; elapsed = 00:00:00.625 . Memory (MB): peak = 1331.000 ; gain = 0.000

Phase 4.2 Post Placement Cleanup
Phase 4.2 Post Placement Cleanup | Checksum: 147d55f24

Time (s): cpu = 00:00:01 ; elapsed = 00:00:00.627 . Memory (MB): peak = 1331.000 ; gain = 0.000

Phase 4.3 Placer Reporting
Phase 4.3 Placer Reporting | Checksum: 147d55f24

Time (s): cpu = 00:00:01 ; elapsed = 00:00:00.628 . Memory (MB): peak = 1331.000 ; gain = 0.000

Phase 4.4 Final Placement Cleanup
Netlist sorting complete. Time (s): cpu = 00:00:00 ; elapsed = 00:00:00 . Memory (MB): peak = 1331.000 ; gain = 0.000
Phase 4.4 Final Placement Cleanup | Checksum: 1f3a7cff5

Time (s): cpu = 00:00:01 ; elapsed = 00:00:00.629 . Memory (MB): peak = 1331.000 ; gain = 0.000
Phase 4 Post Placement Optimization and Clean-Up | Checksum: 1f3a7cff5

Time (s): cpu = 00:00:01 ; elapsed = 00:00:00.630 . Memory (MB): peak = 1331.000 ; gain = 0.000
Ending Placer Task | Checksum: 12e2f7cd4

Time (s): cpu = 00:00:01 ; elapsed = 00:00:00.631 . Memory (MB): peak = 1331.000 ; gain = 0.000
INFO: [Common 17-83] Releasing license: Implementation
60 Infos, 100 Warnings, 100 Critical Warnings and 0 Errors encountered.
place_design completed successfully
Netlist sorting complete. Time (s): cpu = 00:00:00 ; elapsed = 00:00:00 . Memory (MB): peak = 1331.000 ; gain = 0.000
INFO: [Timing 38-480] Writing timing data to binary archive.
Writing placer database...
Writing XDEF routing.
Writing XDEF routing logical nets.
Writing XDEF routing special nets.
Write XDEF Complete: Time (s): cpu = 00:00:00 ; elapsed = 00:00:00.022 . Memory (MB): peak = 1331.000 ; gain = 0.000
Netlist sorting complete. Time (s): cpu = 00:00:00 ; elapsed = 00:00:00 . Memory (MB): peak = 1331.000 ; gain = 0.000
INFO: [Common 17-1381] The checkpoint 'C:/Users/lebray/Vivado-Workflow-Scripts/Lab7/T2/vivado_project/T2.runs/impl_1/USB_keyboard_uart_app_placed.dcp' has been generated.
INFO: [runtcl-4] Executing : report_io -file USB_keyboard_uart_app_io_placed.rpt
report_io: Time (s): cpu = 00:00:00 ; elapsed = 00:00:00.013 . Memory (MB): peak = 1331.000 ; gain = 0.000
INFO: [runtcl-4] Executing : report_utilization -file USB_keyboard_uart_app_utilization_placed.rpt -pb USB_keyboard_uart_app_utilization_placed.pb
INFO: [runtcl-4] Executing : report_control_sets -verbose -file USB_keyboard_uart_app_control_sets_placed.rpt
report_control_sets: Time (s): cpu = 00:00:00 ; elapsed = 00:00:00.001 . Memory (MB): peak = 1331.000 ; gain = 0.000
Command: route_design
Attempting to get a license for feature 'Implementation' and/or device 'xc7a35t'
INFO: [Common 17-349] Got license for feature 'Implementation' and/or device 'xc7a35t'
Running DRC as a precondition to command route_design
INFO: [DRC 23-27] Running DRC with 2 threads
INFO: [Vivado_Tcl 4-198] DRC finished with 0 Errors
INFO: [Vivado_Tcl 4-199] Please refer to the DRC report (report_drc) for more information.


Starting Routing Task
INFO: [Route 35-254] Multithreading enabled for route_design using a maximum of 2 CPUs
Checksum: PlaceDB: 55acc763 ConstDB: 0 ShapeSum: d882b571 RouteDB: 0

Phase 1 Build RT Design
Phase 1 Build RT Design | Checksum: d8052441

Time (s): cpu = 00:00:08 ; elapsed = 00:00:08 . Memory (MB): peak = 1352.680 ; gain = 21.680
Post Restoration Checksum: NetGraph: a65f37ee NumContArr: 31a5ec53 Constraints: 0 Timing: 0

Phase 2 Router Initialization

Phase 2.1 Create Timer
Phase 2.1 Create Timer | Checksum: d8052441

Time (s): cpu = 00:00:08 ; elapsed = 00:00:08 . Memory (MB): peak = 1378.938 ; gain = 47.938

Phase 2.2 Fix Topology Constraints
Phase 2.2 Fix Topology Constraints | Checksum: d8052441

Time (s): cpu = 00:00:08 ; elapsed = 00:00:08 . Memory (MB): peak = 1384.957 ; gain = 53.957

Phase 2.3 Pre Route Cleanup
Phase 2.3 Pre Route Cleanup | Checksum: d8052441

Time (s): cpu = 00:00:08 ; elapsed = 00:00:08 . Memory (MB): peak = 1384.957 ; gain = 53.957
 Number of Nodes with overlaps = 0

Phase 2.4 Update Timing
Phase 2.4 Update Timing | Checksum: 2a7813e55

Time (s): cpu = 00:00:08 ; elapsed = 00:00:08 . Memory (MB): peak = 1389.672 ; gain = 58.672
INFO: [Route 35-416] Intermediate Timing Summary | WNS=6.090  | TNS=0.000  | WHS=-0.113 | THS=-1.284 |

Phase 2 Router Initialization | Checksum: 223031a81

Time (s): cpu = 00:00:08 ; elapsed = 00:00:08 . Memory (MB): peak = 1389.672 ; gain = 58.672

Phase 3 Initial Routing
Phase 3 Initial Routing | Checksum: 21da5fded

Time (s): cpu = 00:00:08 ; elapsed = 00:00:08 . Memory (MB): peak = 1389.672 ; gain = 58.672

Phase 4 Rip-up And Reroute

Phase 4.1 Global Iteration 0
 Number of Nodes with overlaps = 6
 Number of Nodes with overlaps = 0
INFO: [Route 35-416] Intermediate Timing Summary | WNS=5.748  | TNS=0.000  | WHS=N/A    | THS=N/A    |

Phase 4.1 Global Iteration 0 | Checksum: 18369eb75

Time (s): cpu = 00:00:08 ; elapsed = 00:00:08 . Memory (MB): peak = 1389.672 ; gain = 58.672
Phase 4 Rip-up And Reroute | Checksum: 18369eb75

Time (s): cpu = 00:00:08 ; elapsed = 00:00:08 . Memory (MB): peak = 1389.672 ; gain = 58.672

Phase 5 Delay and Skew Optimization

Phase 5.1 Delay CleanUp
Phase 5.1 Delay CleanUp | Checksum: 18369eb75

Time (s): cpu = 00:00:08 ; elapsed = 00:00:08 . Memory (MB): peak = 1389.672 ; gain = 58.672

Phase 5.2 Clock Skew Optimization
Phase 5.2 Clock Skew Optimization | Checksum: 18369eb75

Time (s): cpu = 00:00:08 ; elapsed = 00:00:08 . Memory (MB): peak = 1389.672 ; gain = 58.672
Phase 5 Delay and Skew Optimization | Checksum: 18369eb75

Time (s): cpu = 00:00:08 ; elapsed = 00:00:08 . Memory (MB): peak = 1389.672 ; gain = 58.672

Phase 6 Post Hold Fix

Phase 6.1 Hold Fix Iter

Phase 6.1.1 Update Timing
Phase 6.1.1 Update Timing | Checksum: 11bc65c96

Time (s): cpu = 00:00:08 ; elapsed = 00:00:08 . Memory (MB): peak = 1389.672 ; gain = 58.672
INFO: [Route 35-416] Intermediate Timing Summary | WNS=5.840  | TNS=0.000  | WHS=0.149  | THS=0.000  |

Phase 6.1 Hold Fix Iter | Checksum: 11bc65c96

Time (s): cpu = 00:00:08 ; elapsed = 00:00:08 . Memory (MB): peak = 1389.672 ; gain = 58.672
Phase 6 Post Hold Fix | Checksum: 11bc65c96

Time (s): cpu = 00:00:08 ; elapsed = 00:00:08 . Memory (MB): peak = 1389.672 ; gain = 58.672

Phase 7 Route finalize

Router Utilization Summary
  Global Vertical Routing Utilization    = 0.051742 %
  Global Horizontal Routing Utilization  = 0.0298022 %
  Routable Net Status*
  *Does not include unroutable nets such as driverless and loadless.
  Run report_route_status for detailed report.
  Number of Failed Nets               = 0
  Number of Unrouted Nets             = 0
  Number of Partially Routed Nets     = 0
  Number of Node Overlaps             = 0

Phase 7 Route finalize | Checksum: 16a754ced

Time (s): cpu = 00:00:08 ; elapsed = 00:00:08 . Memory (MB): peak = 1389.672 ; gain = 58.672

Phase 8 Verifying routed nets

 Verification completed successfully
Phase 8 Verifying routed nets | Checksum: 16a754ced

Time (s): cpu = 00:00:08 ; elapsed = 00:00:08 . Memory (MB): peak = 1390.801 ; gain = 59.801

Phase 9 Depositing Routes
Phase 9 Depositing Routes | Checksum: 1f8b6ebd7

Time (s): cpu = 00:00:08 ; elapsed = 00:00:08 . Memory (MB): peak = 1390.801 ; gain = 59.801

Phase 10 Post Router Timing
INFO: [Route 35-57] Estimated Timing Summary | WNS=5.840  | TNS=0.000  | WHS=0.149  | THS=0.000  |

INFO: [Route 35-327] The final timing numbers are based on the router estimated timing analysis. For a complete and accurate timing signoff, please run report_timing_summary.
Phase 10 Post Router Timing | Checksum: 1f8b6ebd7

Time (s): cpu = 00:00:08 ; elapsed = 00:00:08 . Memory (MB): peak = 1390.801 ; gain = 59.801
INFO: [Route 35-16] Router Completed Successfully

Time (s): cpu = 00:00:08 ; elapsed = 00:00:08 . Memory (MB): peak = 1390.801 ; gain = 59.801

Routing Is Done.
INFO: [Common 17-83] Releasing license: Implementation
77 Infos, 100 Warnings, 100 Critical Warnings and 0 Errors encountered.
route_design completed successfully
route_design: Time (s): cpu = 00:00:09 ; elapsed = 00:00:08 . Memory (MB): peak = 1390.801 ; gain = 59.801
Netlist sorting complete. Time (s): cpu = 00:00:00 ; elapsed = 00:00:00 . Memory (MB): peak = 1390.801 ; gain = 0.000
INFO: [Timing 38-480] Writing timing data to binary archive.
Writing placer database...
Writing XDEF routing.
Writing XDEF routing logical nets.
Writing XDEF routing special nets.
Write XDEF Complete: Time (s): cpu = 00:00:00 ; elapsed = 00:00:00.025 . Memory (MB): peak = 1390.801 ; gain = 0.000
Netlist sorting complete. Time (s): cpu = 00:00:00 ; elapsed = 00:00:00 . Memory (MB): peak = 1390.801 ; gain = 0.000
INFO: [Common 17-1381] The checkpoint 'C:/Users/lebray/Vivado-Workflow-Scripts/Lab7/T2/vivado_project/T2.runs/impl_1/USB_keyboard_uart_app_routed.dcp' has been generated.
INFO: [runtcl-4] Executing : report_drc -file USB_keyboard_uart_app_drc_routed.rpt -pb USB_keyboard_uart_app_drc_routed.pb -rpx USB_keyboard_uart_app_drc_routed.rpx
Command: report_drc -file USB_keyboard_uart_app_drc_routed.rpt -pb USB_keyboard_uart_app_drc_routed.pb -rpx USB_keyboard_uart_app_drc_routed.rpx
INFO: [IP_Flow 19-1839] IP Catalog is up to date.
INFO: [DRC 23-27] Running DRC with 2 threads
INFO: [Coretcl 2-168] The results of DRC are in file C:/Users/lebray/Vivado-Workflow-Scripts/Lab7/T2/vivado_project/T2.runs/impl_1/USB_keyboard_uart_app_drc_routed.rpt.
report_drc completed successfully
INFO: [runtcl-4] Executing : report_methodology -file USB_keyboard_uart_app_methodology_drc_routed.rpt -pb USB_keyboard_uart_app_methodology_drc_routed.pb -rpx USB_keyboard_uart_app_methodology_drc_routed.rpx
Command: report_methodology -file USB_keyboard_uart_app_methodology_drc_routed.rpt -pb USB_keyboard_uart_app_methodology_drc_routed.pb -rpx USB_keyboard_uart_app_methodology_drc_routed.rpx
INFO: [Timing 38-35] Done setting XDC timing constraints.
INFO: [DRC 23-133] Running Methodology with 2 threads
INFO: [Coretcl 2-1520] The results of Report Methodology are in file C:/Users/lebray/Vivado-Workflow-Scripts/Lab7/T2/vivado_project/T2.runs/impl_1/USB_keyboard_uart_app_methodology_drc_routed.rpt.
report_methodology completed successfully
INFO: [runtcl-4] Executing : report_power -file USB_keyboard_uart_app_power_routed.rpt -pb USB_keyboard_uart_app_power_summary_routed.pb -rpx USB_keyboard_uart_app_power_routed.rpx
Command: report_power -file USB_keyboard_uart_app_power_routed.rpt -pb USB_keyboard_uart_app_power_summary_routed.pb -rpx USB_keyboard_uart_app_power_routed.rpx
INFO: [Timing 38-35] Done setting XDC timing constraints.
Running Vector-less Activity Propagation...

Finished Running Vector-less Activity Propagation
89 Infos, 100 Warnings, 100 Critical Warnings and 0 Errors encountered.
report_power completed successfully
INFO: [runtcl-4] Executing : report_route_status -file USB_keyboard_uart_app_route_status.rpt -pb USB_keyboard_uart_app_route_status.pb
INFO: [runtcl-4] Executing : report_timing_summary -max_paths 10 -file USB_keyboard_uart_app_timing_summary_routed.rpt -pb USB_keyboard_uart_app_timing_summary_routed.pb -rpx USB_keyboard_uart_app_timing_summary_routed.rpx -warn_on_violation 
INFO: [Timing 38-91] UpdateTimingParams: Speed grade: -1, Delay Type: min_max.
INFO: [Timing 38-191] Multithreading enabled for timing update using a maximum of 2 CPUs
INFO: [runtcl-4] Executing : report_incremental_reuse -file USB_keyboard_uart_app_incremental_reuse_routed.rpt
INFO: [Vivado_Tcl 4-1062] Incremental flow is disabled. No incremental reuse Info to report.
INFO: [runtcl-4] Executing : report_clock_utilization -file USB_keyboard_uart_app_clock_utilization_routed.rpt
INFO: [runtcl-4] Executing : report_bus_skew -warn_on_violation -file USB_keyboard_uart_app_bus_skew_routed.rpt -pb USB_keyboard_uart_app_bus_skew_routed.pb -rpx USB_keyboard_uart_app_bus_skew_routed.rpx
INFO: [Timing 38-91] UpdateTimingParams: Speed grade: -1, Delay Type: min_max.
INFO: [Timing 38-191] Multithreading enabled for timing update using a maximum of 2 CPUs
INFO: [Common 17-206] Exiting Vivado at Mon Mar  2 17:04:58 2026...
[Mon Mar  2 17:05:02 2026] impl_1 finished
wait_on_run: Time (s): cpu = 00:00:00 ; elapsed = 00:00:35 . Memory (MB): peak = 255.375 ; gain = 0.000
# set impl_status [get_property STATUS [get_runs impl_1]]
# if {$impl_status != "route_design Complete!"} {
#     puts "ERROR: Implementation failed: $impl_status"
#     exit 1
# }
# launch_runs impl_1 -to_step write_bitstream
[Mon Mar  2 17:05:02 2026] Launched impl_1...
Run output will be captured here: C:/Users/lebray/Vivado-Workflow-Scripts/Lab7/T2/vivado_project/T2.runs/impl_1/runme.log
# wait_on_run impl_1
[Mon Mar  2 17:05:02 2026] Waiting for impl_1 to finish...

*** Running vivado
    with args -log USB_keyboard_uart_app.vdi -applog -m64 -product Vivado -messageDb vivado.pb -mode batch -source USB_keyboard_uart_app.tcl -notrace


****** Vivado v2018.3 (64-bit)
  **** SW Build 2405991 on Thu Dec  6 23:38:27 MST 2018
  **** IP Build 2404404 on Fri Dec  7 01:43:56 MST 2018
    ** Copyright 1986-2018 Xilinx, Inc. All Rights Reserved.

source USB_keyboard_uart_app.tcl -notrace
Command: link_design -top USB_keyboard_uart_app -part xc7a35tcpg236-1
Design is defaulting to srcset: sources_1
Design is defaulting to constrset: constrs_1
INFO: [Netlist 29-17] Analyzing 13 Unisim elements for replacement
INFO: [Netlist 29-28] Unisim Transformation completed in 0 CPU seconds
INFO: [Project 1-479] Netlist was created with Vivado 2018.3
INFO: [Device 21-403] Loading part xc7a35tcpg236-1
INFO: [Project 1-570] Preparing netlist for logic optimization
Parsing XDC File [C:/Users/lebray/Vivado-Workflow-Scripts/Basys3_Master.xdc]
WARNING: [Vivado 12-584] No ports matched 'sw[0]'. [C:/Users/lebray/Vivado-Workflow-Scripts/Basys3_Master.xdc:12]
CRITICAL WARNING: [Common 17-55] 'set_property' expects at least one object. [C:/Users/lebray/Vivado-Workflow-Scripts/Basys3_Master.xdc:12]
Resolution: If [get_<value>] was used to populate the object, check to make sure this command returns at least one valid object.
WARNING: [Vivado 12-584] No ports matched 'sw[0]'. [C:/Users/lebray/Vivado-Workflow-Scripts/Basys3_Master.xdc:13]
CRITICAL WARNING: [Common 17-55] 'set_property' expects at least one object. [C:/Users/lebray/Vivado-Workflow-Scripts/Basys3_Master.xdc:13]
Resolution: If [get_<value>] was used to populate the object, check to make sure this command returns at least one valid object.
WARNING: [Vivado 12-584] No ports matched 'sw[1]'. [C:/Users/lebray/Vivado-Workflow-Scripts/Basys3_Master.xdc:14]
CRITICAL WARNING: [Common 17-55] 'set_property' expects at least one object. [C:/Users/lebray/Vivado-Workflow-Scripts/Basys3_Master.xdc:14]
Resolution: If [get_<value>] was used to populate the object, check to make sure this command returns at least one valid object.
WARNING: [Vivado 12-584] No ports matched 'sw[1]'. [C:/Users/lebray/Vivado-Workflow-Scripts/Basys3_Master.xdc:15]
CRITICAL WARNING: [Common 17-55] 'set_property' expects at least one object. [C:/Users/lebray/Vivado-Workflow-Scripts/Basys3_Master.xdc:15]
Resolution: If [get_<value>] was used to populate the object, check to make sure this command returns at least one valid object.
WARNING: [Vivado 12-584] No ports matched 'sw[2]'. [C:/Users/lebray/Vivado-Workflow-Scripts/Basys3_Master.xdc:16]
CRITICAL WARNING: [Common 17-55] 'set_property' expects at least one object. [C:/Users/lebray/Vivado-Workflow-Scripts/Basys3_Master.xdc:16]
Resolution: If [get_<value>] was used to populate the object, check to make sure this command returns at least one valid object.
WARNING: [Vivado 12-584] No ports matched 'sw[2]'. [C:/Users/lebray/Vivado-Workflow-Scripts/Basys3_Master.xdc:17]
CRITICAL WARNING: [Common 17-55] 'set_property' expects at least one object. [C:/Users/lebray/Vivado-Workflow-Scripts/Basys3_Master.xdc:17]
Resolution: If [get_<value>] was used to populate the object, check to make sure this command returns at least one valid object.
WARNING: [Vivado 12-584] No ports matched 'sw[3]'. [C:/Users/lebray/Vivado-Workflow-Scripts/Basys3_Master.xdc:18]
CRITICAL WARNING: [Common 17-55] 'set_property' expects at least one object. [C:/Users/lebray/Vivado-Workflow-Scripts/Basys3_Master.xdc:18]
Resolution: If [get_<value>] was used to populate the object, check to make sure this command returns at least one valid object.
WARNING: [Vivado 12-584] No ports matched 'sw[3]'. [C:/Users/lebray/Vivado-Workflow-Scripts/Basys3_Master.xdc:19]
CRITICAL WARNING: [Common 17-55] 'set_property' expects at least one object. [C:/Users/lebray/Vivado-Workflow-Scripts/Basys3_Master.xdc:19]
Resolution: If [get_<value>] was used to populate the object, check to make sure this command returns at least one valid object.
WARNING: [Vivado 12-584] No ports matched 'sw[4]'. [C:/Users/lebray/Vivado-Workflow-Scripts/Basys3_Master.xdc:20]
CRITICAL WARNING: [Common 17-55] 'set_property' expects at least one object. [C:/Users/lebray/Vivado-Workflow-Scripts/Basys3_Master.xdc:20]
Resolution: If [get_<value>] was used to populate the object, check to make sure this command returns at least one valid object.
WARNING: [Vivado 12-584] No ports matched 'sw[4]'. [C:/Users/lebray/Vivado-Workflow-Scripts/Basys3_Master.xdc:21]
CRITICAL WARNING: [Common 17-55] 'set_property' expects at least one object. [C:/Users/lebray/Vivado-Workflow-Scripts/Basys3_Master.xdc:21]
Resolution: If [get_<value>] was used to populate the object, check to make sure this command returns at least one valid object.
WARNING: [Vivado 12-584] No ports matched 'sw[5]'. [C:/Users/lebray/Vivado-Workflow-Scripts/Basys3_Master.xdc:22]
CRITICAL WARNING: [Common 17-55] 'set_property' expects at least one object. [C:/Users/lebray/Vivado-Workflow-Scripts/Basys3_Master.xdc:22]
Resolution: If [get_<value>] was used to populate the object, check to make sure this command returns at least one valid object.
WARNING: [Vivado 12-584] No ports matched 'sw[5]'. [C:/Users/lebray/Vivado-Workflow-Scripts/Basys3_Master.xdc:23]
CRITICAL WARNING: [Common 17-55] 'set_property' expects at least one object. [C:/Users/lebray/Vivado-Workflow-Scripts/Basys3_Master.xdc:23]
Resolution: If [get_<value>] was used to populate the object, check to make sure this command returns at least one valid object.
WARNING: [Vivado 12-584] No ports matched 'sw[6]'. [C:/Users/lebray/Vivado-Workflow-Scripts/Basys3_Master.xdc:24]
CRITICAL WARNING: [Common 17-55] 'set_property' expects at least one object. [C:/Users/lebray/Vivado-Workflow-Scripts/Basys3_Master.xdc:24]
Resolution: If [get_<value>] was used to populate the object, check to make sure this command returns at least one valid object.
WARNING: [Vivado 12-584] No ports matched 'sw[6]'. [C:/Users/lebray/Vivado-Workflow-Scripts/Basys3_Master.xdc:25]
CRITICAL WARNING: [Common 17-55] 'set_property' expects at least one object. [C:/Users/lebray/Vivado-Workflow-Scripts/Basys3_Master.xdc:25]
Resolution: If [get_<value>] was used to populate the object, check to make sure this command returns at least one valid object.
WARNING: [Vivado 12-584] No ports matched 'sw[7]'. [C:/Users/lebray/Vivado-Workflow-Scripts/Basys3_Master.xdc:26]
CRITICAL WARNING: [Common 17-55] 'set_property' expects at least one object. [C:/Users/lebray/Vivado-Workflow-Scripts/Basys3_Master.xdc:26]
Resolution: If [get_<value>] was used to populate the object, check to make sure this command returns at least one valid object.
WARNING: [Vivado 12-584] No ports matched 'sw[7]'. [C:/Users/lebray/Vivado-Workflow-Scripts/Basys3_Master.xdc:27]
CRITICAL WARNING: [Common 17-55] 'set_property' expects at least one object. [C:/Users/lebray/Vivado-Workflow-Scripts/Basys3_Master.xdc:27]
Resolution: If [get_<value>] was used to populate the object, check to make sure this command returns at least one valid object.
WARNING: [Vivado 12-584] No ports matched 'sw[8]'. [C:/Users/lebray/Vivado-Workflow-Scripts/Basys3_Master.xdc:28]
CRITICAL WARNING: [Common 17-55] 'set_property' expects at least one object. [C:/Users/lebray/Vivado-Workflow-Scripts/Basys3_Master.xdc:28]
Resolution: If [get_<value>] was used to populate the object, check to make sure this command returns at least one valid object.
WARNING: [Vivado 12-584] No ports matched 'sw[8]'. [C:/Users/lebray/Vivado-Workflow-Scripts/Basys3_Master.xdc:29]
CRITICAL WARNING: [Common 17-55] 'set_property' expects at least one object. [C:/Users/lebray/Vivado-Workflow-Scripts/Basys3_Master.xdc:29]
Resolution: If [get_<value>] was used to populate the object, check to make sure this command returns at least one valid object.
WARNING: [Vivado 12-584] No ports matched 'sw[9]'. [C:/Users/lebray/Vivado-Workflow-Scripts/Basys3_Master.xdc:30]
CRITICAL WARNING: [Common 17-55] 'set_property' expects at least one object. [C:/Users/lebray/Vivado-Workflow-Scripts/Basys3_Master.xdc:30]
Resolution: If [get_<value>] was used to populate the object, check to make sure this command returns at least one valid object.
WARNING: [Vivado 12-584] No ports matched 'sw[9]'. [C:/Users/lebray/Vivado-Workflow-Scripts/Basys3_Master.xdc:31]
CRITICAL WARNING: [Common 17-55] 'set_property' expects at least one object. [C:/Users/lebray/Vivado-Workflow-Scripts/Basys3_Master.xdc:31]
Resolution: If [get_<value>] was used to populate the object, check to make sure this command returns at least one valid object.
WARNING: [Vivado 12-584] No ports matched 'sw[10]'. [C:/Users/lebray/Vivado-Workflow-Scripts/Basys3_Master.xdc:32]
CRITICAL WARNING: [Common 17-55] 'set_property' expects at least one object. [C:/Users/lebray/Vivado-Workflow-Scripts/Basys3_Master.xdc:32]
Resolution: If [get_<value>] was used to populate the object, check to make sure this command returns at least one valid object.
WARNING: [Vivado 12-584] No ports matched 'sw[10]'. [C:/Users/lebray/Vivado-Workflow-Scripts/Basys3_Master.xdc:33]
CRITICAL WARNING: [Common 17-55] 'set_property' expects at least one object. [C:/Users/lebray/Vivado-Workflow-Scripts/Basys3_Master.xdc:33]
Resolution: If [get_<value>] was used to populate the object, check to make sure this command returns at least one valid object.
WARNING: [Vivado 12-584] No ports matched 'sw[11]'. [C:/Users/lebray/Vivado-Workflow-Scripts/Basys3_Master.xdc:34]
CRITICAL WARNING: [Common 17-55] 'set_property' expects at least one object. [C:/Users/lebray/Vivado-Workflow-Scripts/Basys3_Master.xdc:34]
Resolution: If [get_<value>] was used to populate the object, check to make sure this command returns at least one valid object.
WARNING: [Vivado 12-584] No ports matched 'sw[11]'. [C:/Users/lebray/Vivado-Workflow-Scripts/Basys3_Master.xdc:35]
CRITICAL WARNING: [Common 17-55] 'set_property' expects at least one object. [C:/Users/lebray/Vivado-Workflow-Scripts/Basys3_Master.xdc:35]
Resolution: If [get_<value>] was used to populate the object, check to make sure this command returns at least one valid object.
WARNING: [Vivado 12-584] No ports matched 'sw[12]'. [C:/Users/lebray/Vivado-Workflow-Scripts/Basys3_Master.xdc:36]
CRITICAL WARNING: [Common 17-55] 'set_property' expects at least one object. [C:/Users/lebray/Vivado-Workflow-Scripts/Basys3_Master.xdc:36]
Resolution: If [get_<value>] was used to populate the object, check to make sure this command returns at least one valid object.
WARNING: [Vivado 12-584] No ports matched 'sw[12]'. [C:/Users/lebray/Vivado-Workflow-Scripts/Basys3_Master.xdc:37]
CRITICAL WARNING: [Common 17-55] 'set_property' expects at least one object. [C:/Users/lebray/Vivado-Workflow-Scripts/Basys3_Master.xdc:37]
Resolution: If [get_<value>] was used to populate the object, check to make sure this command returns at least one valid object.
WARNING: [Vivado 12-584] No ports matched 'sw[13]'. [C:/Users/lebray/Vivado-Workflow-Scripts/Basys3_Master.xdc:38]
CRITICAL WARNING: [Common 17-55] 'set_property' expects at least one object. [C:/Users/lebray/Vivado-Workflow-Scripts/Basys3_Master.xdc:38]
Resolution: If [get_<value>] was used to populate the object, check to make sure this command returns at least one valid object.
WARNING: [Vivado 12-584] No ports matched 'sw[13]'. [C:/Users/lebray/Vivado-Workflow-Scripts/Basys3_Master.xdc:39]
CRITICAL WARNING: [Common 17-55] 'set_property' expects at least one object. [C:/Users/lebray/Vivado-Workflow-Scripts/Basys3_Master.xdc:39]
Resolution: If [get_<value>] was used to populate the object, check to make sure this command returns at least one valid object.
WARNING: [Vivado 12-584] No ports matched 'sw[14]'. [C:/Users/lebray/Vivado-Workflow-Scripts/Basys3_Master.xdc:40]
CRITICAL WARNING: [Common 17-55] 'set_property' expects at least one object. [C:/Users/lebray/Vivado-Workflow-Scripts/Basys3_Master.xdc:40]
Resolution: If [get_<value>] was used to populate the object, check to make sure this command returns at least one valid object.
WARNING: [Vivado 12-584] No ports matched 'sw[14]'. [C:/Users/lebray/Vivado-Workflow-Scripts/Basys3_Master.xdc:41]
CRITICAL WARNING: [Common 17-55] 'set_property' expects at least one object. [C:/Users/lebray/Vivado-Workflow-Scripts/Basys3_Master.xdc:41]
Resolution: If [get_<value>] was used to populate the object, check to make sure this command returns at least one valid object.
WARNING: [Vivado 12-584] No ports matched 'sw[15]'. [C:/Users/lebray/Vivado-Workflow-Scripts/Basys3_Master.xdc:42]
CRITICAL WARNING: [Common 17-55] 'set_property' expects at least one object. [C:/Users/lebray/Vivado-Workflow-Scripts/Basys3_Master.xdc:42]
Resolution: If [get_<value>] was used to populate the object, check to make sure this command returns at least one valid object.
WARNING: [Vivado 12-584] No ports matched 'sw[15]'. [C:/Users/lebray/Vivado-Workflow-Scripts/Basys3_Master.xdc:43]
CRITICAL WARNING: [Common 17-55] 'set_property' expects at least one object. [C:/Users/lebray/Vivado-Workflow-Scripts/Basys3_Master.xdc:43]
Resolution: If [get_<value>] was used to populate the object, check to make sure this command returns at least one valid object.
WARNING: [Vivado 12-584] No ports matched 'led[8]'. [C:/Users/lebray/Vivado-Workflow-Scripts/Basys3_Master.xdc:63]
CRITICAL WARNING: [Common 17-55] 'set_property' expects at least one object. [C:/Users/lebray/Vivado-Workflow-Scripts/Basys3_Master.xdc:63]
Resolution: If [get_<value>] was used to populate the object, check to make sure this command returns at least one valid object.
WARNING: [Vivado 12-584] No ports matched 'led[8]'. [C:/Users/lebray/Vivado-Workflow-Scripts/Basys3_Master.xdc:64]
CRITICAL WARNING: [Common 17-55] 'set_property' expects at least one object. [C:/Users/lebray/Vivado-Workflow-Scripts/Basys3_Master.xdc:64]
Resolution: If [get_<value>] was used to populate the object, check to make sure this command returns at least one valid object.
WARNING: [Vivado 12-584] No ports matched 'led[9]'. [C:/Users/lebray/Vivado-Workflow-Scripts/Basys3_Master.xdc:65]
CRITICAL WARNING: [Common 17-55] 'set_property' expects at least one object. [C:/Users/lebray/Vivado-Workflow-Scripts/Basys3_Master.xdc:65]
Resolution: If [get_<value>] was used to populate the object, check to make sure this command returns at least one valid object.
WARNING: [Vivado 12-584] No ports matched 'led[9]'. [C:/Users/lebray/Vivado-Workflow-Scripts/Basys3_Master.xdc:66]
CRITICAL WARNING: [Common 17-55] 'set_property' expects at least one object. [C:/Users/lebray/Vivado-Workflow-Scripts/Basys3_Master.xdc:66]
Resolution: If [get_<value>] was used to populate the object, check to make sure this command returns at least one valid object.
WARNING: [Vivado 12-584] No ports matched 'led[10]'. [C:/Users/lebray/Vivado-Workflow-Scripts/Basys3_Master.xdc:67]
CRITICAL WARNING: [Common 17-55] 'set_property' expects at least one object. [C:/Users/lebray/Vivado-Workflow-Scripts/Basys3_Master.xdc:67]
Resolution: If [get_<value>] was used to populate the object, check to make sure this command returns at least one valid object.
WARNING: [Vivado 12-584] No ports matched 'led[10]'. [C:/Users/lebray/Vivado-Workflow-Scripts/Basys3_Master.xdc:68]
CRITICAL WARNING: [Common 17-55] 'set_property' expects at least one object. [C:/Users/lebray/Vivado-Workflow-Scripts/Basys3_Master.xdc:68]
Resolution: If [get_<value>] was used to populate the object, check to make sure this command returns at least one valid object.
WARNING: [Vivado 12-584] No ports matched 'led[11]'. [C:/Users/lebray/Vivado-Workflow-Scripts/Basys3_Master.xdc:69]
CRITICAL WARNING: [Common 17-55] 'set_property' expects at least one object. [C:/Users/lebray/Vivado-Workflow-Scripts/Basys3_Master.xdc:69]
Resolution: If [get_<value>] was used to populate the object, check to make sure this command returns at least one valid object.
WARNING: [Vivado 12-584] No ports matched 'led[11]'. [C:/Users/lebray/Vivado-Workflow-Scripts/Basys3_Master.xdc:70]
CRITICAL WARNING: [Common 17-55] 'set_property' expects at least one object. [C:/Users/lebray/Vivado-Workflow-Scripts/Basys3_Master.xdc:70]
Resolution: If [get_<value>] was used to populate the object, check to make sure this command returns at least one valid object.
WARNING: [Vivado 12-584] No ports matched 'led[12]'. [C:/Users/lebray/Vivado-Workflow-Scripts/Basys3_Master.xdc:71]
CRITICAL WARNING: [Common 17-55] 'set_property' expects at least one object. [C:/Users/lebray/Vivado-Workflow-Scripts/Basys3_Master.xdc:71]
Resolution: If [get_<value>] was used to populate the object, check to make sure this command returns at least one valid object.
WARNING: [Vivado 12-584] No ports matched 'led[12]'. [C:/Users/lebray/Vivado-Workflow-Scripts/Basys3_Master.xdc:72]
CRITICAL WARNING: [Common 17-55] 'set_property' expects at least one object. [C:/Users/lebray/Vivado-Workflow-Scripts/Basys3_Master.xdc:72]
Resolution: If [get_<value>] was used to populate the object, check to make sure this command returns at least one valid object.
WARNING: [Vivado 12-584] No ports matched 'led[13]'. [C:/Users/lebray/Vivado-Workflow-Scripts/Basys3_Master.xdc:73]
CRITICAL WARNING: [Common 17-55] 'set_property' expects at least one object. [C:/Users/lebray/Vivado-Workflow-Scripts/Basys3_Master.xdc:73]
Resolution: If [get_<value>] was used to populate the object, check to make sure this command returns at least one valid object.
WARNING: [Vivado 12-584] No ports matched 'led[13]'. [C:/Users/lebray/Vivado-Workflow-Scripts/Basys3_Master.xdc:74]
CRITICAL WARNING: [Common 17-55] 'set_property' expects at least one object. [C:/Users/lebray/Vivado-Workflow-Scripts/Basys3_Master.xdc:74]
Resolution: If [get_<value>] was used to populate the object, check to make sure this command returns at least one valid object.
WARNING: [Vivado 12-584] No ports matched 'led[14]'. [C:/Users/lebray/Vivado-Workflow-Scripts/Basys3_Master.xdc:75]
CRITICAL WARNING: [Common 17-55] 'set_property' expects at least one object. [C:/Users/lebray/Vivado-Workflow-Scripts/Basys3_Master.xdc:75]
Resolution: If [get_<value>] was used to populate the object, check to make sure this command returns at least one valid object.
WARNING: [Vivado 12-584] No ports matched 'led[14]'. [C:/Users/lebray/Vivado-Workflow-Scripts/Basys3_Master.xdc:76]
CRITICAL WARNING: [Common 17-55] 'set_property' expects at least one object. [C:/Users/lebray/Vivado-Workflow-Scripts/Basys3_Master.xdc:76]
Resolution: If [get_<value>] was used to populate the object, check to make sure this command returns at least one valid object.
WARNING: [Vivado 12-584] No ports matched 'led[15]'. [C:/Users/lebray/Vivado-Workflow-Scripts/Basys3_Master.xdc:77]
CRITICAL WARNING: [Common 17-55] 'set_property' expects at least one object. [C:/Users/lebray/Vivado-Workflow-Scripts/Basys3_Master.xdc:77]
Resolution: If [get_<value>] was used to populate the object, check to make sure this command returns at least one valid object.
WARNING: [Vivado 12-584] No ports matched 'led[15]'. [C:/Users/lebray/Vivado-Workflow-Scripts/Basys3_Master.xdc:78]
CRITICAL WARNING: [Common 17-55] 'set_property' expects at least one object. [C:/Users/lebray/Vivado-Workflow-Scripts/Basys3_Master.xdc:78]
Resolution: If [get_<value>] was used to populate the object, check to make sure this command returns at least one valid object.
WARNING: [Vivado 12-584] No ports matched 'seg[0]'. [C:/Users/lebray/Vivado-Workflow-Scripts/Basys3_Master.xdc:82]
CRITICAL WARNING: [Common 17-55] 'set_property' expects at least one object. [C:/Users/lebray/Vivado-Workflow-Scripts/Basys3_Master.xdc:82]
Resolution: If [get_<value>] was used to populate the object, check to make sure this command returns at least one valid object.
WARNING: [Vivado 12-584] No ports matched 'seg[0]'. [C:/Users/lebray/Vivado-Workflow-Scripts/Basys3_Master.xdc:83]
CRITICAL WARNING: [Common 17-55] 'set_property' expects at least one object. [C:/Users/lebray/Vivado-Workflow-Scripts/Basys3_Master.xdc:83]
Resolution: If [get_<value>] was used to populate the object, check to make sure this command returns at least one valid object.
WARNING: [Vivado 12-584] No ports matched 'seg[1]'. [C:/Users/lebray/Vivado-Workflow-Scripts/Basys3_Master.xdc:84]
CRITICAL WARNING: [Common 17-55] 'set_property' expects at least one object. [C:/Users/lebray/Vivado-Workflow-Scripts/Basys3_Master.xdc:84]
Resolution: If [get_<value>] was used to populate the object, check to make sure this command returns at least one valid object.
WARNING: [Vivado 12-584] No ports matched 'seg[1]'. [C:/Users/lebray/Vivado-Workflow-Scripts/Basys3_Master.xdc:85]
CRITICAL WARNING: [Common 17-55] 'set_property' expects at least one object. [C:/Users/lebray/Vivado-Workflow-Scripts/Basys3_Master.xdc:85]
Resolution: If [get_<value>] was used to populate the object, check to make sure this command returns at least one valid object.
WARNING: [Vivado 12-584] No ports matched 'seg[2]'. [C:/Users/lebray/Vivado-Workflow-Scripts/Basys3_Master.xdc:86]
CRITICAL WARNING: [Common 17-55] 'set_property' expects at least one object. [C:/Users/lebray/Vivado-Workflow-Scripts/Basys3_Master.xdc:86]
Resolution: If [get_<value>] was used to populate the object, check to make sure this command returns at least one valid object.
WARNING: [Vivado 12-584] No ports matched 'seg[2]'. [C:/Users/lebray/Vivado-Workflow-Scripts/Basys3_Master.xdc:87]
CRITICAL WARNING: [Common 17-55] 'set_property' expects at least one object. [C:/Users/lebray/Vivado-Workflow-Scripts/Basys3_Master.xdc:87]
Resolution: If [get_<value>] was used to populate the object, check to make sure this command returns at least one valid object.
WARNING: [Vivado 12-584] No ports matched 'seg[3]'. [C:/Users/lebray/Vivado-Workflow-Scripts/Basys3_Master.xdc:88]
CRITICAL WARNING: [Common 17-55] 'set_property' expects at least one object. [C:/Users/lebray/Vivado-Workflow-Scripts/Basys3_Master.xdc:88]
Resolution: If [get_<value>] was used to populate the object, check to make sure this command returns at least one valid object.
WARNING: [Vivado 12-584] No ports matched 'seg[3]'. [C:/Users/lebray/Vivado-Workflow-Scripts/Basys3_Master.xdc:89]
CRITICAL WARNING: [Common 17-55] 'set_property' expects at least one object. [C:/Users/lebray/Vivado-Workflow-Scripts/Basys3_Master.xdc:89]
Resolution: If [get_<value>] was used to populate the object, check to make sure this command returns at least one valid object.
WARNING: [Vivado 12-584] No ports matched 'seg[4]'. [C:/Users/lebray/Vivado-Workflow-Scripts/Basys3_Master.xdc:90]
CRITICAL WARNING: [Common 17-55] 'set_property' expects at least one object. [C:/Users/lebray/Vivado-Workflow-Scripts/Basys3_Master.xdc:90]
Resolution: If [get_<value>] was used to populate the object, check to make sure this command returns at least one valid object.
WARNING: [Vivado 12-584] No ports matched 'seg[4]'. [C:/Users/lebray/Vivado-Workflow-Scripts/Basys3_Master.xdc:91]
CRITICAL WARNING: [Common 17-55] 'set_property' expects at least one object. [C:/Users/lebray/Vivado-Workflow-Scripts/Basys3_Master.xdc:91]
Resolution: If [get_<value>] was used to populate the object, check to make sure this command returns at least one valid object.
WARNING: [Vivado 12-584] No ports matched 'seg[5]'. [C:/Users/lebray/Vivado-Workflow-Scripts/Basys3_Master.xdc:92]
CRITICAL WARNING: [Common 17-55] 'set_property' expects at least one object. [C:/Users/lebray/Vivado-Workflow-Scripts/Basys3_Master.xdc:92]
Resolution: If [get_<value>] was used to populate the object, check to make sure this command returns at least one valid object.
WARNING: [Vivado 12-584] No ports matched 'seg[5]'. [C:/Users/lebray/Vivado-Workflow-Scripts/Basys3_Master.xdc:93]
CRITICAL WARNING: [Common 17-55] 'set_property' expects at least one object. [C:/Users/lebray/Vivado-Workflow-Scripts/Basys3_Master.xdc:93]
Resolution: If [get_<value>] was used to populate the object, check to make sure this command returns at least one valid object.
WARNING: [Vivado 12-584] No ports matched 'seg[6]'. [C:/Users/lebray/Vivado-Workflow-Scripts/Basys3_Master.xdc:94]
CRITICAL WARNING: [Common 17-55] 'set_property' expects at least one object. [C:/Users/lebray/Vivado-Workflow-Scripts/Basys3_Master.xdc:94]
Resolution: If [get_<value>] was used to populate the object, check to make sure this command returns at least one valid object.
WARNING: [Vivado 12-584] No ports matched 'seg[6]'. [C:/Users/lebray/Vivado-Workflow-Scripts/Basys3_Master.xdc:95]
CRITICAL WARNING: [Common 17-55] 'set_property' expects at least one object. [C:/Users/lebray/Vivado-Workflow-Scripts/Basys3_Master.xdc:95]
Resolution: If [get_<value>] was used to populate the object, check to make sure this command returns at least one valid object.
WARNING: [Vivado 12-584] No ports matched 'dp'. [C:/Users/lebray/Vivado-Workflow-Scripts/Basys3_Master.xdc:97]
CRITICAL WARNING: [Common 17-55] 'set_property' expects at least one object. [C:/Users/lebray/Vivado-Workflow-Scripts/Basys3_Master.xdc:97]
Resolution: If [get_<value>] was used to populate the object, check to make sure this command returns at least one valid object.
WARNING: [Vivado 12-584] No ports matched 'dp'. [C:/Users/lebray/Vivado-Workflow-Scripts/Basys3_Master.xdc:98]
CRITICAL WARNING: [Common 17-55] 'set_property' expects at least one object. [C:/Users/lebray/Vivado-Workflow-Scripts/Basys3_Master.xdc:98]
Resolution: If [get_<value>] was used to populate the object, check to make sure this command returns at least one valid object.
WARNING: [Vivado 12-584] No ports matched 'an[0]'. [C:/Users/lebray/Vivado-Workflow-Scripts/Basys3_Master.xdc:100]
CRITICAL WARNING: [Common 17-55] 'set_property' expects at least one object. [C:/Users/lebray/Vivado-Workflow-Scripts/Basys3_Master.xdc:100]
Resolution: If [get_<value>] was used to populate the object, check to make sure this command returns at least one valid object.
WARNING: [Vivado 12-584] No ports matched 'an[0]'. [C:/Users/lebray/Vivado-Workflow-Scripts/Basys3_Master.xdc:101]
CRITICAL WARNING: [Common 17-55] 'set_property' expects at least one object. [C:/Users/lebray/Vivado-Workflow-Scripts/Basys3_Master.xdc:101]
Resolution: If [get_<value>] was used to populate the object, check to make sure this command returns at least one valid object.
WARNING: [Vivado 12-584] No ports matched 'an[1]'. [C:/Users/lebray/Vivado-Workflow-Scripts/Basys3_Master.xdc:102]
CRITICAL WARNING: [Common 17-55] 'set_property' expects at least one object. [C:/Users/lebray/Vivado-Workflow-Scripts/Basys3_Master.xdc:102]
Resolution: If [get_<value>] was used to populate the object, check to make sure this command returns at least one valid object.
WARNING: [Vivado 12-584] No ports matched 'an[1]'. [C:/Users/lebray/Vivado-Workflow-Scripts/Basys3_Master.xdc:103]
CRITICAL WARNING: [Common 17-55] 'set_property' expects at least one object. [C:/Users/lebray/Vivado-Workflow-Scripts/Basys3_Master.xdc:103]
Resolution: If [get_<value>] was used to populate the object, check to make sure this command returns at least one valid object.
WARNING: [Vivado 12-584] No ports matched 'an[2]'. [C:/Users/lebray/Vivado-Workflow-Scripts/Basys3_Master.xdc:104]
CRITICAL WARNING: [Common 17-55] 'set_property' expects at least one object. [C:/Users/lebray/Vivado-Workflow-Scripts/Basys3_Master.xdc:104]
Resolution: If [get_<value>] was used to populate the object, check to make sure this command returns at least one valid object.
WARNING: [Vivado 12-584] No ports matched 'an[2]'. [C:/Users/lebray/Vivado-Workflow-Scripts/Basys3_Master.xdc:105]
CRITICAL WARNING: [Common 17-55] 'set_property' expects at least one object. [C:/Users/lebray/Vivado-Workflow-Scripts/Basys3_Master.xdc:105]
Resolution: If [get_<value>] was used to populate the object, check to make sure this command returns at least one valid object.
WARNING: [Vivado 12-584] No ports matched 'an[3]'. [C:/Users/lebray/Vivado-Workflow-Scripts/Basys3_Master.xdc:106]
CRITICAL WARNING: [Common 17-55] 'set_property' expects at least one object. [C:/Users/lebray/Vivado-Workflow-Scripts/Basys3_Master.xdc:106]
Resolution: If [get_<value>] was used to populate the object, check to make sure this command returns at least one valid object.
WARNING: [Vivado 12-584] No ports matched 'an[3]'. [C:/Users/lebray/Vivado-Workflow-Scripts/Basys3_Master.xdc:107]
CRITICAL WARNING: [Common 17-55] 'set_property' expects at least one object. [C:/Users/lebray/Vivado-Workflow-Scripts/Basys3_Master.xdc:107]
Resolution: If [get_<value>] was used to populate the object, check to make sure this command returns at least one valid object.
WARNING: [Vivado 12-584] No ports matched 'btnC'. [C:/Users/lebray/Vivado-Workflow-Scripts/Basys3_Master.xdc:111]
CRITICAL WARNING: [Common 17-55] 'set_property' expects at least one object. [C:/Users/lebray/Vivado-Workflow-Scripts/Basys3_Master.xdc:111]
Resolution: If [get_<value>] was used to populate the object, check to make sure this command returns at least one valid object.
WARNING: [Vivado 12-584] No ports matched 'btnC'. [C:/Users/lebray/Vivado-Workflow-Scripts/Basys3_Master.xdc:112]
CRITICAL WARNING: [Common 17-55] 'set_property' expects at least one object. [C:/Users/lebray/Vivado-Workflow-Scripts/Basys3_Master.xdc:112]
Resolution: If [get_<value>] was used to populate the object, check to make sure this command returns at least one valid object.
WARNING: [Vivado 12-584] No ports matched 'btnU'. [C:/Users/lebray/Vivado-Workflow-Scripts/Basys3_Master.xdc:113]
CRITICAL WARNING: [Common 17-55] 'set_property' expects at least one object. [C:/Users/lebray/Vivado-Workflow-Scripts/Basys3_Master.xdc:113]
Resolution: If [get_<value>] was used to populate the object, check to make sure this command returns at least one valid object.
WARNING: [Vivado 12-584] No ports matched 'btnU'. [C:/Users/lebray/Vivado-Workflow-Scripts/Basys3_Master.xdc:114]
CRITICAL WARNING: [Common 17-55] 'set_property' expects at least one object. [C:/Users/lebray/Vivado-Workflow-Scripts/Basys3_Master.xdc:114]
Resolution: If [get_<value>] was used to populate the object, check to make sure this command returns at least one valid object.
WARNING: [Vivado 12-584] No ports matched 'btnL'. [C:/Users/lebray/Vivado-Workflow-Scripts/Basys3_Master.xdc:115]
CRITICAL WARNING: [Common 17-55] 'set_property' expects at least one object. [C:/Users/lebray/Vivado-Workflow-Scripts/Basys3_Master.xdc:115]
Resolution: If [get_<value>] was used to populate the object, check to make sure this command returns at least one valid object.
WARNING: [Vivado 12-584] No ports matched 'btnL'. [C:/Users/lebray/Vivado-Workflow-Scripts/Basys3_Master.xdc:116]
CRITICAL WARNING: [Common 17-55] 'set_property' expects at least one object. [C:/Users/lebray/Vivado-Workflow-Scripts/Basys3_Master.xdc:116]
Resolution: If [get_<value>] was used to populate the object, check to make sure this command returns at least one valid object.
WARNING: [Vivado 12-584] No ports matched 'btnR'. [C:/Users/lebray/Vivado-Workflow-Scripts/Basys3_Master.xdc:117]
CRITICAL WARNING: [Common 17-55] 'set_property' expects at least one object. [C:/Users/lebray/Vivado-Workflow-Scripts/Basys3_Master.xdc:117]
Resolution: If [get_<value>] was used to populate the object, check to make sure this command returns at least one valid object.
WARNING: [Vivado 12-584] No ports matched 'btnR'. [C:/Users/lebray/Vivado-Workflow-Scripts/Basys3_Master.xdc:118]
CRITICAL WARNING: [Common 17-55] 'set_property' expects at least one object. [C:/Users/lebray/Vivado-Workflow-Scripts/Basys3_Master.xdc:118]
Resolution: If [get_<value>] was used to populate the object, check to make sure this command returns at least one valid object.
WARNING: [Vivado 12-584] No ports matched 'btnD'. [C:/Users/lebray/Vivado-Workflow-Scripts/Basys3_Master.xdc:119]
CRITICAL WARNING: [Common 17-55] 'set_property' expects at least one object. [C:/Users/lebray/Vivado-Workflow-Scripts/Basys3_Master.xdc:119]
Resolution: If [get_<value>] was used to populate the object, check to make sure this command returns at least one valid object.
WARNING: [Vivado 12-584] No ports matched 'btnD'. [C:/Users/lebray/Vivado-Workflow-Scripts/Basys3_Master.xdc:120]
CRITICAL WARNING: [Common 17-55] 'set_property' expects at least one object. [C:/Users/lebray/Vivado-Workflow-Scripts/Basys3_Master.xdc:120]
Resolution: If [get_<value>] was used to populate the object, check to make sure this command returns at least one valid object.
WARNING: [Vivado 12-584] No ports matched 'JA[0]'. [C:/Users/lebray/Vivado-Workflow-Scripts/Basys3_Master.xdc:126]
CRITICAL WARNING: [Common 17-55] 'set_property' expects at least one object. [C:/Users/lebray/Vivado-Workflow-Scripts/Basys3_Master.xdc:126]
Resolution: If [get_<value>] was used to populate the object, check to make sure this command returns at least one valid object.
WARNING: [Vivado 12-584] No ports matched 'JA[0]'. [C:/Users/lebray/Vivado-Workflow-Scripts/Basys3_Master.xdc:127]
CRITICAL WARNING: [Common 17-55] 'set_property' expects at least one object. [C:/Users/lebray/Vivado-Workflow-Scripts/Basys3_Master.xdc:127]
Resolution: If [get_<value>] was used to populate the object, check to make sure this command returns at least one valid object.
WARNING: [Vivado 12-584] No ports matched 'JA[1]'. [C:/Users/lebray/Vivado-Workflow-Scripts/Basys3_Master.xdc:129]
CRITICAL WARNING: [Common 17-55] 'set_property' expects at least one object. [C:/Users/lebray/Vivado-Workflow-Scripts/Basys3_Master.xdc:129]
Resolution: If [get_<value>] was used to populate the object, check to make sure this command returns at least one valid object.
WARNING: [Vivado 12-584] No ports matched 'JA[1]'. [C:/Users/lebray/Vivado-Workflow-Scripts/Basys3_Master.xdc:130]
CRITICAL WARNING: [Common 17-55] 'set_property' expects at least one object. [C:/Users/lebray/Vivado-Workflow-Scripts/Basys3_Master.xdc:130]
Resolution: If [get_<value>] was used to populate the object, check to make sure this command returns at least one valid object.
WARNING: [Vivado 12-584] No ports matched 'JA[2]'. [C:/Users/lebray/Vivado-Workflow-Scripts/Basys3_Master.xdc:132]
CRITICAL WARNING: [Common 17-55] 'set_property' expects at least one object. [C:/Users/lebray/Vivado-Workflow-Scripts/Basys3_Master.xdc:132]
Resolution: If [get_<value>] was used to populate the object, check to make sure this command returns at least one valid object.
WARNING: [Vivado 12-584] No ports matched 'JA[2]'. [C:/Users/lebray/Vivado-Workflow-Scripts/Basys3_Master.xdc:133]
CRITICAL WARNING: [Common 17-55] 'set_property' expects at least one object. [C:/Users/lebray/Vivado-Workflow-Scripts/Basys3_Master.xdc:133]
Resolution: If [get_<value>] was used to populate the object, check to make sure this command returns at least one valid object.
WARNING: [Vivado 12-584] No ports matched 'JA[3]'. [C:/Users/lebray/Vivado-Workflow-Scripts/Basys3_Master.xdc:135]
CRITICAL WARNING: [Common 17-55] 'set_property' expects at least one object. [C:/Users/lebray/Vivado-Workflow-Scripts/Basys3_Master.xdc:135]
Resolution: If [get_<value>] was used to populate the object, check to make sure this command returns at least one valid object.
WARNING: [Vivado 12-584] No ports matched 'JA[3]'. [C:/Users/lebray/Vivado-Workflow-Scripts/Basys3_Master.xdc:136]
CRITICAL WARNING: [Common 17-55] 'set_property' expects at least one object. [C:/Users/lebray/Vivado-Workflow-Scripts/Basys3_Master.xdc:136]
Resolution: If [get_<value>] was used to populate the object, check to make sure this command returns at least one valid object.
WARNING: [Vivado 12-584] No ports matched 'JA[4]'. [C:/Users/lebray/Vivado-Workflow-Scripts/Basys3_Master.xdc:138]
CRITICAL WARNING: [Common 17-55] 'set_property' expects at least one object. [C:/Users/lebray/Vivado-Workflow-Scripts/Basys3_Master.xdc:138]
Resolution: If [get_<value>] was used to populate the object, check to make sure this command returns at least one valid object.
WARNING: [Vivado 12-584] No ports matched 'JA[4]'. [C:/Users/lebray/Vivado-Workflow-Scripts/Basys3_Master.xdc:139]
CRITICAL WARNING: [Common 17-55] 'set_property' expects at least one object. [C:/Users/lebray/Vivado-Workflow-Scripts/Basys3_Master.xdc:139]
Resolution: If [get_<value>] was used to populate the object, check to make sure this command returns at least one valid object.
WARNING: [Vivado 12-584] No ports matched 'JA[5]'. [C:/Users/lebray/Vivado-Workflow-Scripts/Basys3_Master.xdc:141]
CRITICAL WARNING: [Common 17-55] 'set_property' expects at least one object. [C:/Users/lebray/Vivado-Workflow-Scripts/Basys3_Master.xdc:141]
Resolution: If [get_<value>] was used to populate the object, check to make sure this command returns at least one valid object.
WARNING: [Vivado 12-584] No ports matched 'JA[5]'. [C:/Users/lebray/Vivado-Workflow-Scripts/Basys3_Master.xdc:142]
CRITICAL WARNING: [Common 17-55] 'set_property' expects at least one object. [C:/Users/lebray/Vivado-Workflow-Scripts/Basys3_Master.xdc:142]
Resolution: If [get_<value>] was used to populate the object, check to make sure this command returns at least one valid object.
WARNING: [Vivado 12-584] No ports matched 'JA[6]'. [C:/Users/lebray/Vivado-Workflow-Scripts/Basys3_Master.xdc:144]
CRITICAL WARNING: [Common 17-55] 'set_property' expects at least one object. [C:/Users/lebray/Vivado-Workflow-Scripts/Basys3_Master.xdc:144]
Resolution: If [get_<value>] was used to populate the object, check to make sure this command returns at least one valid object.
WARNING: [Vivado 12-584] No ports matched 'JA[6]'. [C:/Users/lebray/Vivado-Workflow-Scripts/Basys3_Master.xdc:145]
CRITICAL WARNING: [Common 17-55] 'set_property' expects at least one object. [C:/Users/lebray/Vivado-Workflow-Scripts/Basys3_Master.xdc:145]
Resolution: If [get_<value>] was used to populate the object, check to make sure this command returns at least one valid object.
WARNING: [Vivado 12-584] No ports matched 'JA[7]'. [C:/Users/lebray/Vivado-Workflow-Scripts/Basys3_Master.xdc:147]
CRITICAL WARNING: [Common 17-55] 'set_property' expects at least one object. [C:/Users/lebray/Vivado-Workflow-Scripts/Basys3_Master.xdc:147]
Resolution: If [get_<value>] was used to populate the object, check to make sure this command returns at least one valid object.
WARNING: [Vivado 12-584] No ports matched 'JA[7]'. [C:/Users/lebray/Vivado-Workflow-Scripts/Basys3_Master.xdc:148]
CRITICAL WARNING: [Common 17-55] 'set_property' expects at least one object. [C:/Users/lebray/Vivado-Workflow-Scripts/Basys3_Master.xdc:148]
Resolution: If [get_<value>] was used to populate the object, check to make sure this command returns at least one valid object.
WARNING: [Vivado 12-584] No ports matched 'JB[0]'. [C:/Users/lebray/Vivado-Workflow-Scripts/Basys3_Master.xdc:154]
CRITICAL WARNING: [Common 17-55] 'set_property' expects at least one object. [C:/Users/lebray/Vivado-Workflow-Scripts/Basys3_Master.xdc:154]
Resolution: If [get_<value>] was used to populate the object, check to make sure this command returns at least one valid object.
WARNING: [Vivado 12-584] No ports matched 'JB[0]'. [C:/Users/lebray/Vivado-Workflow-Scripts/Basys3_Master.xdc:155]
INFO: [Common 17-14] Message 'Vivado 12-584' appears 100 times and further instances of the messages will be disabled. Use the Tcl command set_msg_config to change the current settings. [C:/Users/lebray/Vivado-Workflow-Scripts/Basys3_Master.xdc:155]
CRITICAL WARNING: [Common 17-55] 'set_property' expects at least one object. [C:/Users/lebray/Vivado-Workflow-Scripts/Basys3_Master.xdc:155]
Resolution: If [get_<value>] was used to populate the object, check to make sure this command returns at least one valid object.
INFO: [Common 17-14] Message 'Common 17-55' appears 100 times and further instances of the messages will be disabled. Use the Tcl command set_msg_config to change the current settings. [C:/Users/lebray/Vivado-Workflow-Scripts/Basys3_Master.xdc:155]
Finished Parsing XDC File [C:/Users/lebray/Vivado-Workflow-Scripts/Basys3_Master.xdc]
INFO: [Opt 31-138] Pushed 0 inverter(s) to 0 load pin(s).
Netlist sorting complete. Time (s): cpu = 00:00:00 ; elapsed = 00:00:00 . Memory (MB): peak = 565.004 ; gain = 0.000
INFO: [Project 1-111] Unisim Transformation Summary:
No Unisim elements were transformed.

9 Infos, 100 Warnings, 100 Critical Warnings and 0 Errors encountered.
link_design completed successfully
Command: opt_design
Attempting to get a license for feature 'Implementation' and/or device 'xc7a35t'
INFO: [Common 17-349] Got license for feature 'Implementation' and/or device 'xc7a35t'
Running DRC as a precondition to command opt_design

Starting DRC Task
INFO: [DRC 23-27] Running DRC with 2 threads
INFO: [Project 1-461] DRC finished with 0 Errors
INFO: [Project 1-462] Please refer to the DRC report (report_drc) for more information.

Time (s): cpu = 00:00:00 ; elapsed = 00:00:00.291 . Memory (MB): peak = 577.801 ; gain = 8.746

Starting Cache Timing Information Task
INFO: [Timing 38-35] Done setting XDC timing constraints.
Ending Cache Timing Information Task | Checksum: 283a034c6

Time (s): cpu = 00:00:05 ; elapsed = 00:00:04 . Memory (MB): peak = 1114.090 ; gain = 536.289

Starting Logic Optimization Task

Phase 1 Retarget
INFO: [Opt 31-138] Pushed 0 inverter(s) to 0 load pin(s).
INFO: [Opt 31-49] Retargeted 0 cell(s).
Phase 1 Retarget | Checksum: 283a034c6

Time (s): cpu = 00:00:00 ; elapsed = 00:00:00.009 . Memory (MB): peak = 1209.527 ; gain = 0.000
INFO: [Opt 31-389] Phase Retarget created 0 cells and removed 0 cells

Phase 2 Constant propagation
INFO: [Opt 31-138] Pushed 0 inverter(s) to 0 load pin(s).
Phase 2 Constant propagation | Checksum: 283a034c6

Time (s): cpu = 00:00:00 ; elapsed = 00:00:00.010 . Memory (MB): peak = 1209.527 ; gain = 0.000
INFO: [Opt 31-389] Phase Constant propagation created 0 cells and removed 0 cells

Phase 3 Sweep
Phase 3 Sweep | Checksum: 2761f64a9

Time (s): cpu = 00:00:00 ; elapsed = 00:00:00.012 . Memory (MB): peak = 1209.527 ; gain = 0.000
INFO: [Opt 31-389] Phase Sweep created 0 cells and removed 0 cells

Phase 4 BUFG optimization
Phase 4 BUFG optimization | Checksum: 2761f64a9

Time (s): cpu = 00:00:00 ; elapsed = 00:00:00.014 . Memory (MB): peak = 1209.527 ; gain = 0.000
INFO: [Opt 31-662] Phase BUFG optimization created 0 cells of which 0 are BUFGs and removed 0 cells.

Phase 5 Shift Register Optimization
Phase 5 Shift Register Optimization | Checksum: 1d599a134

Time (s): cpu = 00:00:00 ; elapsed = 00:00:00.024 . Memory (MB): peak = 1209.527 ; gain = 0.000
INFO: [Opt 31-389] Phase Shift Register Optimization created 0 cells and removed 0 cells

Phase 6 Post Processing Netlist
Phase 6 Post Processing Netlist | Checksum: 1d599a134

Time (s): cpu = 00:00:00 ; elapsed = 00:00:00.025 . Memory (MB): peak = 1209.527 ; gain = 0.000
INFO: [Opt 31-389] Phase Post Processing Netlist created 0 cells and removed 0 cells
Opt_design Change Summary
=========================


-------------------------------------------------------------------------------------------------------------------------
|  Phase                        |  #Cells created  |  #Cells Removed  |  #Constrained objects preventing optimizations  |
-------------------------------------------------------------------------------------------------------------------------
|  Retarget                     |               0  |               0  |                                              0  |
|  Constant propagation         |               0  |               0  |                                              0  |
|  Sweep                        |               0  |               0  |                                              0  |
|  BUFG optimization            |               0  |               0  |                                              0  |
|  Shift Register Optimization  |               0  |               0  |                                              0  |
|  Post Processing Netlist      |               0  |               0  |                                              0  |
-------------------------------------------------------------------------------------------------------------------------



Starting Connectivity Check Task

Time (s): cpu = 00:00:00 ; elapsed = 00:00:00 . Memory (MB): peak = 1209.527 ; gain = 0.000
Ending Logic Optimization Task | Checksum: 1d599a134

Time (s): cpu = 00:00:00 ; elapsed = 00:00:00.027 . Memory (MB): peak = 1209.527 ; gain = 0.000

Starting Power Optimization Task
INFO: [Pwropt 34-132] Skipping clock gating for clocks with a period < 2.00 ns.
INFO: [Timing 38-35] Done setting XDC timing constraints.
INFO: [Pwropt 34-9] Applying IDT optimizations ...
INFO: [Pwropt 34-10] Applying ODC optimizations ...
INFO: [Physopt 32-619] Estimated Timing Summary | WNS=5.690 | TNS=0.000 |
Running Vector-less Activity Propagation...

Finished Running Vector-less Activity Propagation


Starting PowerOpt Patch Enables Task
INFO: [Pwropt 34-162] WRITE_MODE attribute of 0 BRAM(s) out of a total of 1 has been updated to save power. Run report_power_opt to get a complete listing of the BRAMs updated.
INFO: [Pwropt 34-201] Structural ODC has moved 0 WE to EN ports
Number of BRAM Ports augmented: 0 newly gated: 0 Total Ports: 2
Ending PowerOpt Patch Enables Task | Checksum: 1d599a134

Time (s): cpu = 00:00:00 ; elapsed = 00:00:00.007 . Memory (MB): peak = 1331.000 ; gain = 0.000
Ending Power Optimization Task | Checksum: 1d599a134

Time (s): cpu = 00:00:00 ; elapsed = 00:00:00.298 . Memory (MB): peak = 1331.000 ; gain = 121.473

Starting Final Cleanup Task
Ending Final Cleanup Task | Checksum: 1d599a134

Time (s): cpu = 00:00:00 ; elapsed = 00:00:00 . Memory (MB): peak = 1331.000 ; gain = 0.000

Starting Netlist Obfuscation Task
Netlist sorting complete. Time (s): cpu = 00:00:00 ; elapsed = 00:00:00.001 . Memory (MB): peak = 1331.000 ; gain = 0.000
Ending Netlist Obfuscation Task | Checksum: 1d599a134

Time (s): cpu = 00:00:00 ; elapsed = 00:00:00.001 . Memory (MB): peak = 1331.000 ; gain = 0.000
INFO: [Common 17-83] Releasing license: Implementation
31 Infos, 100 Warnings, 100 Critical Warnings and 0 Errors encountered.
opt_design completed successfully
opt_design: Time (s): cpu = 00:00:05 ; elapsed = 00:00:05 . Memory (MB): peak = 1331.000 ; gain = 761.945
Netlist sorting complete. Time (s): cpu = 00:00:00 ; elapsed = 00:00:00 . Memory (MB): peak = 1331.000 ; gain = 0.000
INFO: [Timing 38-480] Writing timing data to binary archive.
Writing placer database...
Writing XDEF routing.
Writing XDEF routing logical nets.
Writing XDEF routing special nets.
Write XDEF Complete: Time (s): cpu = 00:00:00 ; elapsed = 00:00:00.014 . Memory (MB): peak = 1331.000 ; gain = 0.000
Netlist sorting complete. Time (s): cpu = 00:00:00 ; elapsed = 00:00:00 . Memory (MB): peak = 1331.000 ; gain = 0.000
INFO: [Common 17-1381] The checkpoint 'C:/Users/lebray/Vivado-Workflow-Scripts/Lab7/T2/vivado_project/T2.runs/impl_1/USB_keyboard_uart_app_opt.dcp' has been generated.
INFO: [runtcl-4] Executing : report_drc -file USB_keyboard_uart_app_drc_opted.rpt -pb USB_keyboard_uart_app_drc_opted.pb -rpx USB_keyboard_uart_app_drc_opted.rpx
Command: report_drc -file USB_keyboard_uart_app_drc_opted.rpt -pb USB_keyboard_uart_app_drc_opted.pb -rpx USB_keyboard_uart_app_drc_opted.rpx
INFO: [IP_Flow 19-234] Refreshing IP repositories
INFO: [IP_Flow 19-1704] No user IP repositories specified
INFO: [IP_Flow 19-2313] Loaded Vivado IP repository 'C:/Xilinx/Vivado/2018.3/data/ip'.
INFO: [DRC 23-27] Running DRC with 2 threads
INFO: [Coretcl 2-168] The results of DRC are in file C:/Users/lebray/Vivado-Workflow-Scripts/Lab7/T2/vivado_project/T2.runs/impl_1/USB_keyboard_uart_app_drc_opted.rpt.
report_drc completed successfully
Command: place_design
Attempting to get a license for feature 'Implementation' and/or device 'xc7a35t'
INFO: [Common 17-349] Got license for feature 'Implementation' and/or device 'xc7a35t'
INFO: [DRC 23-27] Running DRC with 2 threads
INFO: [Vivado_Tcl 4-198] DRC finished with 0 Errors
INFO: [Vivado_Tcl 4-199] Please refer to the DRC report (report_drc) for more information.
Running DRC as a precondition to command place_design
INFO: [DRC 23-27] Running DRC with 2 threads
INFO: [Vivado_Tcl 4-198] DRC finished with 0 Errors
INFO: [Vivado_Tcl 4-199] Please refer to the DRC report (report_drc) for more information.

Starting Placer Task
INFO: [Place 30-611] Multithreading enabled for place_design using a maximum of 2 CPUs

Phase 1 Placer Initialization

Phase 1.1 Placer Initialization Netlist Sorting
Netlist sorting complete. Time (s): cpu = 00:00:00 ; elapsed = 00:00:00 . Memory (MB): peak = 1331.000 ; gain = 0.000
Phase 1.1 Placer Initialization Netlist Sorting | Checksum: 14beb069e

Time (s): cpu = 00:00:00 ; elapsed = 00:00:00.013 . Memory (MB): peak = 1331.000 ; gain = 0.000
Netlist sorting complete. Time (s): cpu = 00:00:00 ; elapsed = 00:00:00 . Memory (MB): peak = 1331.000 ; gain = 0.000

Phase 1.2 IO Placement/ Clock Placement/ Build Placer Device
INFO: [Timing 38-35] Done setting XDC timing constraints.
Phase 1.2 IO Placement/ Clock Placement/ Build Placer Device | Checksum: f63584d3

Time (s): cpu = 00:00:00 ; elapsed = 00:00:00.219 . Memory (MB): peak = 1331.000 ; gain = 0.000

Phase 1.3 Build Placer Netlist Model
Phase 1.3 Build Placer Netlist Model | Checksum: 16dd00560

Time (s): cpu = 00:00:00 ; elapsed = 00:00:00.254 . Memory (MB): peak = 1331.000 ; gain = 0.000

Phase 1.4 Constrain Clocks/Macros
Phase 1.4 Constrain Clocks/Macros | Checksum: 16dd00560

Time (s): cpu = 00:00:00 ; elapsed = 00:00:00.255 . Memory (MB): peak = 1331.000 ; gain = 0.000
Phase 1 Placer Initialization | Checksum: 16dd00560

Time (s): cpu = 00:00:00 ; elapsed = 00:00:00.255 . Memory (MB): peak = 1331.000 ; gain = 0.000

Phase 2 Global Placement

Phase 2.1 Floorplanning
Phase 2.1 Floorplanning | Checksum: 1af8f6a49

Time (s): cpu = 00:00:00 ; elapsed = 00:00:00.275 . Memory (MB): peak = 1331.000 ; gain = 0.000

Phase 2.2 Physical Synthesis In Placer
INFO: [Physopt 32-65] No nets found for high-fanout optimization.
INFO: [Physopt 32-232] Optimized 0 net. Created 0 new instance.
INFO: [Physopt 32-775] End 1 Pass. Optimized 0 net or cell. Created 0 new cell, deleted 0 existing cell and moved 0 existing cell
INFO: [Physopt 32-670] No setup violation found.  DSP Register Optimization was not performed.
INFO: [Physopt 32-670] No setup violation found.  Shift Register Optimization was not performed.
INFO: [Physopt 32-670] No setup violation found.  BRAM Register Optimization was not performed.
INFO: [Physopt 32-949] No candidate nets found for HD net replication
INFO: [Physopt 32-775] End 1 Pass. Optimized 0 net or cell. Created 0 new cell, deleted 0 existing cell and moved 0 existing cell
Netlist sorting complete. Time (s): cpu = 00:00:00 ; elapsed = 00:00:00.001 . Memory (MB): peak = 1331.000 ; gain = 0.000

Summary of Physical Synthesis Optimizations
============================================


----------------------------------------------------------------------------------------------------------------------------------------
|  Optimization                  |  Added Cells  |  Removed Cells  |  Optimized Cells/Nets  |  Dont Touch  |  Iterations  |  Elapsed   |
----------------------------------------------------------------------------------------------------------------------------------------
|  Very High Fanout              |            0  |              0  |                     0  |           0  |           1  |  00:00:00  |
|  DSP Register                  |            0  |              0  |                     0  |           0  |           0  |  00:00:00  |
|  Shift Register                |            0  |              0  |                     0  |           0  |           0  |  00:00:00  |
|  BRAM Register                 |            0  |              0  |                     0  |           0  |           0  |  00:00:00  |
|  HD Interface Net Replication  |            0  |              0  |                     0  |           0  |           1  |  00:00:00  |
|  Total                         |            0  |              0  |                     0  |           0  |           2  |  00:00:00  |
----------------------------------------------------------------------------------------------------------------------------------------


Phase 2.2 Physical Synthesis In Placer | Checksum: 1f224deeb

Time (s): cpu = 00:00:01 ; elapsed = 00:00:00.493 . Memory (MB): peak = 1331.000 ; gain = 0.000
Phase 2 Global Placement | Checksum: 2435b8d8c

Time (s): cpu = 00:00:01 ; elapsed = 00:00:00.509 . Memory (MB): peak = 1331.000 ; gain = 0.000

Phase 3 Detail Placement

Phase 3.1 Commit Multi Column Macros
Phase 3.1 Commit Multi Column Macros | Checksum: 2435b8d8c

Time (s): cpu = 00:00:01 ; elapsed = 00:00:00.510 . Memory (MB): peak = 1331.000 ; gain = 0.000

Phase 3.2 Commit Most Macros & LUTRAMs
Phase 3.2 Commit Most Macros & LUTRAMs | Checksum: 1fbc1745b

Time (s): cpu = 00:00:01 ; elapsed = 00:00:00.531 . Memory (MB): peak = 1331.000 ; gain = 0.000

Phase 3.3 Area Swap Optimization
Phase 3.3 Area Swap Optimization | Checksum: 1db76459d

Time (s): cpu = 00:00:01 ; elapsed = 00:00:00.534 . Memory (MB): peak = 1331.000 ; gain = 0.000

Phase 3.4 Pipeline Register Optimization
Phase 3.4 Pipeline Register Optimization | Checksum: 1a85191d8

Time (s): cpu = 00:00:01 ; elapsed = 00:00:00.535 . Memory (MB): peak = 1331.000 ; gain = 0.000

Phase 3.5 Small Shape Detail Placement
Phase 3.5 Small Shape Detail Placement | Checksum: 14b760f37

Time (s): cpu = 00:00:01 ; elapsed = 00:00:00.584 . Memory (MB): peak = 1331.000 ; gain = 0.000

Phase 3.6 Re-assign LUT pins
Phase 3.6 Re-assign LUT pins | Checksum: 14c878a9b

Time (s): cpu = 00:00:01 ; elapsed = 00:00:00.588 . Memory (MB): peak = 1331.000 ; gain = 0.000

Phase 3.7 Pipeline Register Optimization
Phase 3.7 Pipeline Register Optimization | Checksum: 18fa2d65e

Time (s): cpu = 00:00:01 ; elapsed = 00:00:00.589 . Memory (MB): peak = 1331.000 ; gain = 0.000
Phase 3 Detail Placement | Checksum: 18fa2d65e

Time (s): cpu = 00:00:01 ; elapsed = 00:00:00.590 . Memory (MB): peak = 1331.000 ; gain = 0.000

Phase 4 Post Placement Optimization and Clean-Up

Phase 4.1 Post Commit Optimization
INFO: [Timing 38-35] Done setting XDC timing constraints.

Phase 4.1.1 Post Placement Optimization
Post Placement Optimization Initialization | Checksum: fdb618a4

Phase 4.1.1.1 BUFG Insertion
INFO: [Place 46-46] BUFG insertion identified 0 candidate nets, 0 success, 0 bufg driver replicated, 0 skipped for placement/routing, 0 skipped for timing, 0 skipped for netlist change reason
Phase 4.1.1.1 BUFG Insertion | Checksum: fdb618a4

Time (s): cpu = 00:00:01 ; elapsed = 00:00:00.624 . Memory (MB): peak = 1331.000 ; gain = 0.000
INFO: [Place 30-746] Post Placement Timing Summary WNS=6.095. For the most accurate timing information please run report_timing.
Phase 4.1.1 Post Placement Optimization | Checksum: 147d55f24

Time (s): cpu = 00:00:01 ; elapsed = 00:00:00.625 . Memory (MB): peak = 1331.000 ; gain = 0.000
Phase 4.1 Post Commit Optimization | Checksum: 147d55f24

Time (s): cpu = 00:00:01 ; elapsed = 00:00:00.625 . Memory (MB): peak = 1331.000 ; gain = 0.000

Phase 4.2 Post Placement Cleanup
Phase 4.2 Post Placement Cleanup | Checksum: 147d55f24

Time (s): cpu = 00:00:01 ; elapsed = 00:00:00.627 . Memory (MB): peak = 1331.000 ; gain = 0.000

Phase 4.3 Placer Reporting
Phase 4.3 Placer Reporting | Checksum: 147d55f24

Time (s): cpu = 00:00:01 ; elapsed = 00:00:00.628 . Memory (MB): peak = 1331.000 ; gain = 0.000

Phase 4.4 Final Placement Cleanup
Netlist sorting complete. Time (s): cpu = 00:00:00 ; elapsed = 00:00:00 . Memory (MB): peak = 1331.000 ; gain = 0.000
Phase 4.4 Final Placement Cleanup | Checksum: 1f3a7cff5

Time (s): cpu = 00:00:01 ; elapsed = 00:00:00.629 . Memory (MB): peak = 1331.000 ; gain = 0.000
Phase 4 Post Placement Optimization and Clean-Up | Checksum: 1f3a7cff5

Time (s): cpu = 00:00:01 ; elapsed = 00:00:00.630 . Memory (MB): peak = 1331.000 ; gain = 0.000
Ending Placer Task | Checksum: 12e2f7cd4

Time (s): cpu = 00:00:01 ; elapsed = 00:00:00.631 . Memory (MB): peak = 1331.000 ; gain = 0.000
INFO: [Common 17-83] Releasing license: Implementation
60 Infos, 100 Warnings, 100 Critical Warnings and 0 Errors encountered.
place_design completed successfully
Netlist sorting complete. Time (s): cpu = 00:00:00 ; elapsed = 00:00:00 . Memory (MB): peak = 1331.000 ; gain = 0.000
INFO: [Timing 38-480] Writing timing data to binary archive.
Writing placer database...
Writing XDEF routing.
Writing XDEF routing logical nets.
Writing XDEF routing special nets.
Write XDEF Complete: Time (s): cpu = 00:00:00 ; elapsed = 00:00:00.022 . Memory (MB): peak = 1331.000 ; gain = 0.000
Netlist sorting complete. Time (s): cpu = 00:00:00 ; elapsed = 00:00:00 . Memory (MB): peak = 1331.000 ; gain = 0.000
INFO: [Common 17-1381] The checkpoint 'C:/Users/lebray/Vivado-Workflow-Scripts/Lab7/T2/vivado_project/T2.runs/impl_1/USB_keyboard_uart_app_placed.dcp' has been generated.
INFO: [runtcl-4] Executing : report_io -file USB_keyboard_uart_app_io_placed.rpt
report_io: Time (s): cpu = 00:00:00 ; elapsed = 00:00:00.013 . Memory (MB): peak = 1331.000 ; gain = 0.000
INFO: [runtcl-4] Executing : report_utilization -file USB_keyboard_uart_app_utilization_placed.rpt -pb USB_keyboard_uart_app_utilization_placed.pb
INFO: [runtcl-4] Executing : report_control_sets -verbose -file USB_keyboard_uart_app_control_sets_placed.rpt
report_control_sets: Time (s): cpu = 00:00:00 ; elapsed = 00:00:00.001 . Memory (MB): peak = 1331.000 ; gain = 0.000
Command: route_design
Attempting to get a license for feature 'Implementation' and/or device 'xc7a35t'
INFO: [Common 17-349] Got license for feature 'Implementation' and/or device 'xc7a35t'
Running DRC as a precondition to command route_design
INFO: [DRC 23-27] Running DRC with 2 threads
INFO: [Vivado_Tcl 4-198] DRC finished with 0 Errors
INFO: [Vivado_Tcl 4-199] Please refer to the DRC report (report_drc) for more information.


Starting Routing Task
INFO: [Route 35-254] Multithreading enabled for route_design using a maximum of 2 CPUs
Checksum: PlaceDB: 55acc763 ConstDB: 0 ShapeSum: d882b571 RouteDB: 0

Phase 1 Build RT Design
Phase 1 Build RT Design | Checksum: d8052441

Time (s): cpu = 00:00:08 ; elapsed = 00:00:08 . Memory (MB): peak = 1352.680 ; gain = 21.680
Post Restoration Checksum: NetGraph: a65f37ee NumContArr: 31a5ec53 Constraints: 0 Timing: 0

Phase 2 Router Initialization

Phase 2.1 Create Timer
Phase 2.1 Create Timer | Checksum: d8052441

Time (s): cpu = 00:00:08 ; elapsed = 00:00:08 . Memory (MB): peak = 1378.938 ; gain = 47.938

Phase 2.2 Fix Topology Constraints
Phase 2.2 Fix Topology Constraints | Checksum: d8052441

Time (s): cpu = 00:00:08 ; elapsed = 00:00:08 . Memory (MB): peak = 1384.957 ; gain = 53.957

Phase 2.3 Pre Route Cleanup
Phase 2.3 Pre Route Cleanup | Checksum: d8052441

Time (s): cpu = 00:00:08 ; elapsed = 00:00:08 . Memory (MB): peak = 1384.957 ; gain = 53.957
 Number of Nodes with overlaps = 0

Phase 2.4 Update Timing
Phase 2.4 Update Timing | Checksum: 2a7813e55

Time (s): cpu = 00:00:08 ; elapsed = 00:00:08 . Memory (MB): peak = 1389.672 ; gain = 58.672
INFO: [Route 35-416] Intermediate Timing Summary | WNS=6.090  | TNS=0.000  | WHS=-0.113 | THS=-1.284 |

Phase 2 Router Initialization | Checksum: 223031a81

Time (s): cpu = 00:00:08 ; elapsed = 00:00:08 . Memory (MB): peak = 1389.672 ; gain = 58.672

Phase 3 Initial Routing
Phase 3 Initial Routing | Checksum: 21da5fded

Time (s): cpu = 00:00:08 ; elapsed = 00:00:08 . Memory (MB): peak = 1389.672 ; gain = 58.672

Phase 4 Rip-up And Reroute

Phase 4.1 Global Iteration 0
 Number of Nodes with overlaps = 6
 Number of Nodes with overlaps = 0
INFO: [Route 35-416] Intermediate Timing Summary | WNS=5.748  | TNS=0.000  | WHS=N/A    | THS=N/A    |

Phase 4.1 Global Iteration 0 | Checksum: 18369eb75

Time (s): cpu = 00:00:08 ; elapsed = 00:00:08 . Memory (MB): peak = 1389.672 ; gain = 58.672
Phase 4 Rip-up And Reroute | Checksum: 18369eb75

Time (s): cpu = 00:00:08 ; elapsed = 00:00:08 . Memory (MB): peak = 1389.672 ; gain = 58.672

Phase 5 Delay and Skew Optimization

Phase 5.1 Delay CleanUp
Phase 5.1 Delay CleanUp | Checksum: 18369eb75

Time (s): cpu = 00:00:08 ; elapsed = 00:00:08 . Memory (MB): peak = 1389.672 ; gain = 58.672

Phase 5.2 Clock Skew Optimization
Phase 5.2 Clock Skew Optimization | Checksum: 18369eb75

Time (s): cpu = 00:00:08 ; elapsed = 00:00:08 . Memory (MB): peak = 1389.672 ; gain = 58.672
Phase 5 Delay and Skew Optimization | Checksum: 18369eb75

Time (s): cpu = 00:00:08 ; elapsed = 00:00:08 . Memory (MB): peak = 1389.672 ; gain = 58.672

Phase 6 Post Hold Fix

Phase 6.1 Hold Fix Iter

Phase 6.1.1 Update Timing
Phase 6.1.1 Update Timing | Checksum: 11bc65c96

Time (s): cpu = 00:00:08 ; elapsed = 00:00:08 . Memory (MB): peak = 1389.672 ; gain = 58.672
INFO: [Route 35-416] Intermediate Timing Summary | WNS=5.840  | TNS=0.000  | WHS=0.149  | THS=0.000  |

Phase 6.1 Hold Fix Iter | Checksum: 11bc65c96

Time (s): cpu = 00:00:08 ; elapsed = 00:00:08 . Memory (MB): peak = 1389.672 ; gain = 58.672
Phase 6 Post Hold Fix | Checksum: 11bc65c96

Time (s): cpu = 00:00:08 ; elapsed = 00:00:08 . Memory (MB): peak = 1389.672 ; gain = 58.672

Phase 7 Route finalize

Router Utilization Summary
  Global Vertical Routing Utilization    = 0.051742 %
  Global Horizontal Routing Utilization  = 0.0298022 %
  Routable Net Status*
  *Does not include unroutable nets such as driverless and loadless.
  Run report_route_status for detailed report.
  Number of Failed Nets               = 0
  Number of Unrouted Nets             = 0
  Number of Partially Routed Nets     = 0
  Number of Node Overlaps             = 0

Phase 7 Route finalize | Checksum: 16a754ced

Time (s): cpu = 00:00:08 ; elapsed = 00:00:08 . Memory (MB): peak = 1389.672 ; gain = 58.672

Phase 8 Verifying routed nets

 Verification completed successfully
Phase 8 Verifying routed nets | Checksum: 16a754ced

Time (s): cpu = 00:00:08 ; elapsed = 00:00:08 . Memory (MB): peak = 1390.801 ; gain = 59.801

Phase 9 Depositing Routes
Phase 9 Depositing Routes | Checksum: 1f8b6ebd7

Time (s): cpu = 00:00:08 ; elapsed = 00:00:08 . Memory (MB): peak = 1390.801 ; gain = 59.801

Phase 10 Post Router Timing
INFO: [Route 35-57] Estimated Timing Summary | WNS=5.840  | TNS=0.000  | WHS=0.149  | THS=0.000  |

INFO: [Route 35-327] The final timing numbers are based on the router estimated timing analysis. For a complete and accurate timing signoff, please run report_timing_summary.
Phase 10 Post Router Timing | Checksum: 1f8b6ebd7

Time (s): cpu = 00:00:08 ; elapsed = 00:00:08 . Memory (MB): peak = 1390.801 ; gain = 59.801
INFO: [Route 35-16] Router Completed Successfully

Time (s): cpu = 00:00:08 ; elapsed = 00:00:08 . Memory (MB): peak = 1390.801 ; gain = 59.801

Routing Is Done.
INFO: [Common 17-83] Releasing license: Implementation
77 Infos, 100 Warnings, 100 Critical Warnings and 0 Errors encountered.
route_design completed successfully
route_design: Time (s): cpu = 00:00:09 ; elapsed = 00:00:08 . Memory (MB): peak = 1390.801 ; gain = 59.801
Netlist sorting complete. Time (s): cpu = 00:00:00 ; elapsed = 00:00:00 . Memory (MB): peak = 1390.801 ; gain = 0.000
INFO: [Timing 38-480] Writing timing data to binary archive.
Writing placer database...
Writing XDEF routing.
Writing XDEF routing logical nets.
Writing XDEF routing special nets.
Write XDEF Complete: Time (s): cpu = 00:00:00 ; elapsed = 00:00:00.025 . Memory (MB): peak = 1390.801 ; gain = 0.000
Netlist sorting complete. Time (s): cpu = 00:00:00 ; elapsed = 00:00:00 . Memory (MB): peak = 1390.801 ; gain = 0.000
INFO: [Common 17-1381] The checkpoint 'C:/Users/lebray/Vivado-Workflow-Scripts/Lab7/T2/vivado_project/T2.runs/impl_1/USB_keyboard_uart_app_routed.dcp' has been generated.
INFO: [runtcl-4] Executing : report_drc -file USB_keyboard_uart_app_drc_routed.rpt -pb USB_keyboard_uart_app_drc_routed.pb -rpx USB_keyboard_uart_app_drc_routed.rpx
Command: report_drc -file USB_keyboard_uart_app_drc_routed.rpt -pb USB_keyboard_uart_app_drc_routed.pb -rpx USB_keyboard_uart_app_drc_routed.rpx
INFO: [IP_Flow 19-1839] IP Catalog is up to date.
INFO: [DRC 23-27] Running DRC with 2 threads
INFO: [Coretcl 2-168] The results of DRC are in file C:/Users/lebray/Vivado-Workflow-Scripts/Lab7/T2/vivado_project/T2.runs/impl_1/USB_keyboard_uart_app_drc_routed.rpt.
report_drc completed successfully
INFO: [runtcl-4] Executing : report_methodology -file USB_keyboard_uart_app_methodology_drc_routed.rpt -pb USB_keyboard_uart_app_methodology_drc_routed.pb -rpx USB_keyboard_uart_app_methodology_drc_routed.rpx
Command: report_methodology -file USB_keyboard_uart_app_methodology_drc_routed.rpt -pb USB_keyboard_uart_app_methodology_drc_routed.pb -rpx USB_keyboard_uart_app_methodology_drc_routed.rpx
INFO: [Timing 38-35] Done setting XDC timing constraints.
INFO: [DRC 23-133] Running Methodology with 2 threads
INFO: [Coretcl 2-1520] The results of Report Methodology are in file C:/Users/lebray/Vivado-Workflow-Scripts/Lab7/T2/vivado_project/T2.runs/impl_1/USB_keyboard_uart_app_methodology_drc_routed.rpt.
report_methodology completed successfully
INFO: [runtcl-4] Executing : report_power -file USB_keyboard_uart_app_power_routed.rpt -pb USB_keyboard_uart_app_power_summary_routed.pb -rpx USB_keyboard_uart_app_power_routed.rpx
Command: report_power -file USB_keyboard_uart_app_power_routed.rpt -pb USB_keyboard_uart_app_power_summary_routed.pb -rpx USB_keyboard_uart_app_power_routed.rpx
INFO: [Timing 38-35] Done setting XDC timing constraints.
Running Vector-less Activity Propagation...

Finished Running Vector-less Activity Propagation
89 Infos, 100 Warnings, 100 Critical Warnings and 0 Errors encountered.
report_power completed successfully
INFO: [runtcl-4] Executing : report_route_status -file USB_keyboard_uart_app_route_status.rpt -pb USB_keyboard_uart_app_route_status.pb
INFO: [runtcl-4] Executing : report_timing_summary -max_paths 10 -file USB_keyboard_uart_app_timing_summary_routed.rpt -pb USB_keyboard_uart_app_timing_summary_routed.pb -rpx USB_keyboard_uart_app_timing_summary_routed.rpx -warn_on_violation 
INFO: [Timing 38-91] UpdateTimingParams: Speed grade: -1, Delay Type: min_max.
INFO: [Timing 38-191] Multithreading enabled for timing update using a maximum of 2 CPUs
INFO: [runtcl-4] Executing : report_incremental_reuse -file USB_keyboard_uart_app_incremental_reuse_routed.rpt
INFO: [Vivado_Tcl 4-1062] Incremental flow is disabled. No incremental reuse Info to report.
INFO: [runtcl-4] Executing : report_clock_utilization -file USB_keyboard_uart_app_clock_utilization_routed.rpt
INFO: [runtcl-4] Executing : report_bus_skew -warn_on_violation -file USB_keyboard_uart_app_bus_skew_routed.rpt -pb USB_keyboard_uart_app_bus_skew_routed.pb -rpx USB_keyboard_uart_app_bus_skew_routed.rpx
INFO: [Timing 38-91] UpdateTimingParams: Speed grade: -1, Delay Type: min_max.
INFO: [Timing 38-191] Multithreading enabled for timing update using a maximum of 2 CPUs
INFO: [Common 17-206] Exiting Vivado at Mon Mar  2 17:04:58 2026...

*** Running vivado
    with args -log USB_keyboard_uart_app.vdi -applog -m64 -product Vivado -messageDb vivado.pb -mode batch -source USB_keyboard_uart_app.tcl -notrace


****** Vivado v2018.3 (64-bit)
  **** SW Build 2405991 on Thu Dec  6 23:38:27 MST 2018
  **** IP Build 2404404 on Fri Dec  7 01:43:56 MST 2018
    ** Copyright 1986-2018 Xilinx, Inc. All Rights Reserved.

source USB_keyboard_uart_app.tcl -notrace
Command: open_checkpoint USB_keyboard_uart_app_routed.dcp

Starting open_checkpoint Task

Time (s): cpu = 00:00:00 ; elapsed = 00:00:00.020 . Memory (MB): peak = 254.117 ; gain = 0.000
INFO: [Netlist 29-17] Analyzing 13 Unisim elements for replacement
INFO: [Netlist 29-28] Unisim Transformation completed in 0 CPU seconds
INFO: [Project 1-479] Netlist was created with Vivado 2018.3
INFO: [Device 21-403] Loading part xc7a35tcpg236-1
INFO: [Project 1-570] Preparing netlist for logic optimization
INFO: [Timing 38-478] Restoring timing data from binary archive.
INFO: [Timing 38-479] Binary timing data restore complete.
INFO: [Project 1-856] Restoring constraints from binary archive.
INFO: [Project 1-853] Binary constraint restore complete.
Reading XDEF placement.
Reading placer database...
Reading XDEF routing.
Read XDEF File: Time (s): cpu = 00:00:00 ; elapsed = 00:00:00.052 . Memory (MB): peak = 1115.609 ; gain = 0.113
Restored from archive | CPU: 0.000000 secs | Memory: 0.000000 MB |
Finished XDEF File Restore: Time (s): cpu = 00:00:00 ; elapsed = 00:00:00.053 . Memory (MB): peak = 1115.609 ; gain = 0.113
Netlist sorting complete. Time (s): cpu = 00:00:00 ; elapsed = 00:00:00 . Memory (MB): peak = 1115.668 ; gain = 0.000
INFO: [Project 1-111] Unisim Transformation Summary:
No Unisim elements were transformed.

INFO: [Project 1-604] Checkpoint was created with Vivado v2018.3 (64-bit) build 2405991
open_checkpoint: Time (s): cpu = 00:00:07 ; elapsed = 00:00:09 . Memory (MB): peak = 1115.668 ; gain = 861.551
Command: write_bitstream -force USB_keyboard_uart_app.bit
Attempting to get a license for feature 'Implementation' and/or device 'xc7a35t'
INFO: [Common 17-349] Got license for feature 'Implementation' and/or device 'xc7a35t'
Running DRC as a precondition to command write_bitstream
INFO: [IP_Flow 19-234] Refreshing IP repositories
INFO: [IP_Flow 19-1704] No user IP repositories specified
INFO: [IP_Flow 19-2313] Loaded Vivado IP repository 'C:/Xilinx/Vivado/2018.3/data/ip'.
INFO: [DRC 23-27] Running DRC with 2 threads
WARNING: [DRC CFGBVS-1] Missing CFGBVS and CONFIG_VOLTAGE Design Properties: Neither the CFGBVS nor CONFIG_VOLTAGE voltage property is set in the current_design.  Configuration bank voltage select (CFGBVS) must be set to VCCO or GND, and CONFIG_VOLTAGE must be set to the correct configuration voltage, in order to determine the I/O voltage support for the pins in bank 0.  It is suggested to specify these either using the 'Edit Device Properties' function in the GUI or directly in the XDC file using the following syntax:

 set_property CFGBVS value1 [current_design]
 #where value1 is either VCCO or GND

 set_property CONFIG_VOLTAGE value2 [current_design]
 #where value2 is the voltage provided to configuration bank 0

Refer to the device configuration user guide for more information.
INFO: [Vivado 12-3199] DRC finished with 0 Errors, 1 Warnings
INFO: [Vivado 12-3200] Please refer to the DRC report (report_drc) for more information.
INFO: [Designutils 20-2272] Running write_bitstream with 2 threads.
Loading data files...
Loading site data...
Loading route data...
Processing options...
Creating bitmap...
Creating bitstream...
Bitstream compression saved 15140192 bits.
Writing bitstream ./USB_keyboard_uart_app.bit...
INFO: [Vivado 12-1842] Bitgen Completed Successfully.
INFO: [Project 1-120] WebTalk data collection is mandatory when using a WebPACK part without a full Vivado license. To see the specific WebTalk data collected for your design, open the usage_statistics_webtalk.html or usage_statistics_webtalk.xml file in the implementation directory.
INFO: [Common 17-83] Releasing license: Implementation
22 Infos, 1 Warnings, 0 Critical Warnings and 0 Errors encountered.
write_bitstream completed successfully
write_bitstream: Time (s): cpu = 00:00:05 ; elapsed = 00:00:05 . Memory (MB): peak = 1588.598 ; gain = 472.930
INFO: [Common 17-206] Exiting Vivado at Mon Mar  2 17:05:30 2026...
[Mon Mar  2 17:05:32 2026] impl_1 finished
wait_on_run: Time (s): cpu = 00:00:00 ; elapsed = 00:00:30 . Memory (MB): peak = 255.375 ; gain = 0.000
# set bit_status [get_property STATUS [get_runs impl_1]]
# if {$bit_status != "write_bitstream Complete!"} {
#     puts "ERROR: Bitstream generation failed: $bit_status"
#     exit 1
# }
# close_project
INFO: [Common 17-206] Exiting Vivado at Mon Mar  2 17:05:32 2026...
