Copyright 1986-2018 Xilinx, Inc. All Rights Reserved.
--------------------------------------------------------------------------------------------------------------------------------------------------------------------------------------------
| Tool Version : Vivado v.2018.3 (win64) Build 2405991 Thu Dec  6 23:38:27 MST 2018
| Date         : Mon Mar 30 14:30:22 2026
| Host         : BH610-DRZVK84 running 64-bit major release  (build 9200)
| Command      : report_timing_summary -max_paths 10 -file als_top_timing_summary_routed.rpt -pb als_top_timing_summary_routed.pb -rpx als_top_timing_summary_routed.rpx -warn_on_violation
| Design       : als_top
| Device       : 7a35t-cpg236
| Speed File   : -1  PRODUCTION 1.23 2018-06-13
--------------------------------------------------------------------------------------------------------------------------------------------------------------------------------------------

Timing Summary Report

------------------------------------------------------------------------------------------------
| Timer Settings
| --------------
------------------------------------------------------------------------------------------------

  Enable Multi Corner Analysis               :  Yes
  Enable Pessimism Removal                   :  Yes
  Pessimism Removal Resolution               :  Nearest Common Node
  Enable Input Delay Default Clock           :  No
  Enable Preset / Clear Arcs                 :  No
  Disable Flight Delays                      :  No
  Ignore I/O Paths                           :  No
  Timing Early Launch at Borrowing Latches   :  false

  Corner  Analyze    Analyze    
  Name    Max Paths  Min Paths  
  ------  ---------  ---------  
  Slow    Yes        Yes        
  Fast    Yes        Yes        



check_timing report

Table of Contents
-----------------
1. checking no_clock
2. checking constant_clock
3. checking pulse_width_clock
4. checking unconstrained_internal_endpoints
5. checking no_input_delay
6. checking no_output_delay
7. checking multiple_clock
8. checking generated_clocks
9. checking loops
10. checking partial_input_delay
11. checking partial_output_delay
12. checking latch_loops

1. checking no_clock
--------------------
 There are 31 register/latch pins with no clock driven by root clock pin: program_rom/instantiate_loader.jtag_loader_6_inst/jtag_loader_gen.BSCAN_7SERIES_gen.BSCAN_BLOCK_inst/DRCK (HIGH)

 There are 6 register/latch pins with no clock driven by root clock pin: program_rom/instantiate_loader.jtag_loader_6_inst/jtag_loader_gen.BSCAN_7SERIES_gen.BSCAN_BLOCK_inst/UPDATE (HIGH)


2. checking constant_clock
--------------------------
 There are 0 register/latch pins with constant_clock.


3. checking pulse_width_clock
-----------------------------
 There are 0 register/latch pins which need pulse_width check


4. checking unconstrained_internal_endpoints
--------------------------------------------
 There are 101 pins that are not constrained for maximum delay. (HIGH)

 There are 0 pins that are not constrained for maximum delay due to constant clock.


5. checking no_input_delay
--------------------------
 There is 1 input port with no input delay specified. (HIGH)

 There are 0 input ports with no input delay but user has a false path constraint.


6. checking no_output_delay
---------------------------
 There are 18 ports with no output delay specified. (HIGH)

 There are 0 ports with no output delay but user has a false path constraint

 There are 0 ports with no output delay but with a timing clock defined on it or propagating through it


7. checking multiple_clock
--------------------------
 There are 0 register/latch pins with multiple clocks.


8. checking generated_clocks
----------------------------
 There are 0 generated clocks that are not connected to a clock source.


9. checking loops
-----------------
 There are 0 combinational loops in the design.


10. checking partial_input_delay
--------------------------------
 There are 0 input ports with partial input delay specified.


11. checking partial_output_delay
---------------------------------
 There are 0 ports with partial output delay specified.


12. checking latch_loops
------------------------
 There are 0 combinational latch loops in the design through latch input



------------------------------------------------------------------------------------------------
| Design Timing Summary
| ---------------------
------------------------------------------------------------------------------------------------

    WNS(ns)      TNS(ns)  TNS Failing Endpoints  TNS Total Endpoints      WHS(ns)      THS(ns)  THS Failing Endpoints  THS Total Endpoints     WPWS(ns)     TPWS(ns)  TPWS Failing Endpoints  TPWS Total Endpoints  
    -------      -------  ---------------------  -------------------      -------      -------  ---------------------  -------------------     --------     --------  ----------------------  --------------------  
      0.493        0.000                      0                  593        0.102        0.000                      0                  593        3.750        0.000                       0                   207  


All user specified timing constraints are met.


------------------------------------------------------------------------------------------------
| Clock Summary
| -------------
------------------------------------------------------------------------------------------------

Clock        Waveform(ns)       Period(ns)      Frequency(MHz)
-----        ------------       ----------      --------------
sys_clk_pin  {0.000 5.000}      10.000          100.000         


------------------------------------------------------------------------------------------------
| Intra Clock Table
| -----------------
------------------------------------------------------------------------------------------------

Clock             WNS(ns)      TNS(ns)  TNS Failing Endpoints  TNS Total Endpoints      WHS(ns)      THS(ns)  THS Failing Endpoints  THS Total Endpoints     WPWS(ns)     TPWS(ns)  TPWS Failing Endpoints  TPWS Total Endpoints  
-----             -------      -------  ---------------------  -------------------      -------      -------  ---------------------  -------------------     --------     --------  ----------------------  --------------------  
sys_clk_pin         0.493        0.000                      0                  593        0.102        0.000                      0                  593        3.750        0.000                       0                   207  


------------------------------------------------------------------------------------------------
| Inter Clock Table
| -----------------
------------------------------------------------------------------------------------------------

From Clock    To Clock          WNS(ns)      TNS(ns)  TNS Failing Endpoints  TNS Total Endpoints      WHS(ns)      THS(ns)  THS Failing Endpoints  THS Total Endpoints  
----------    --------          -------      -------  ---------------------  -------------------      -------      -------  ---------------------  -------------------  


------------------------------------------------------------------------------------------------
| Other Path Groups Table
| -----------------------
------------------------------------------------------------------------------------------------

Path Group    From Clock    To Clock          WNS(ns)      TNS(ns)  TNS Failing Endpoints  TNS Total Endpoints      WHS(ns)      THS(ns)  THS Failing Endpoints  THS Total Endpoints  
----------    ----------    --------          -------      -------  ---------------------  -------------------      -------      -------  ---------------------  -------------------  


------------------------------------------------------------------------------------------------
| Timing Details
| --------------
------------------------------------------------------------------------------------------------


---------------------------------------------------------------------------------------------------
From Clock:  sys_clk_pin
  To Clock:  sys_clk_pin

Setup :            0  Failing Endpoints,  Worst Slack        0.493ns,  Total Violation        0.000ns
Hold  :            0  Failing Endpoints,  Worst Slack        0.102ns,  Total Violation        0.000ns
PW    :            0  Failing Endpoints,  Worst Slack        3.750ns,  Total Violation        0.000ns
---------------------------------------------------------------------------------------------------


Max Delay Paths
--------------------------------------------------------------------------------------
Slack (MET) :             0.493ns  (required time - arrival time)
  Source:                 program_rom/ram_1k_generate.akv7.kcpsm6_rom/CLKARDCLK
                            (rising edge-triggered cell RAMB18E1 clocked by sys_clk_pin  {rise@0.000ns fall@5.000ns period=10.000ns})
  Destination:            processor/zero_flag_flop/D
                            (rising edge-triggered cell FDRE clocked by sys_clk_pin  {rise@0.000ns fall@5.000ns period=10.000ns})
  Path Group:             sys_clk_pin
  Path Type:              Setup (Max at Slow Process Corner)
  Requirement:            10.000ns  (sys_clk_pin rise@10.000ns - sys_clk_pin rise@0.000ns)
  Data Path Delay:        9.115ns  (logic 4.231ns (46.419%)  route 4.884ns (53.581%))
  Logic Levels:           6  (CARRY4=1 LUT2=1 LUT5=2 LUT6=1 RAMD32=1)
  Clock Path Skew:        -0.158ns (DCD - SCD + CPR)
    Destination Clock Delay (DCD):    4.786ns = ( 14.786 - 10.000 ) 
    Source Clock Delay      (SCD):    5.133ns
    Clock Pessimism Removal (CPR):    0.188ns
  Clock Uncertainty:      0.035ns  ((TSJ^2 + TIJ^2)^1/2 + DJ) / 2 + PE
    Total System Jitter     (TSJ):    0.071ns
    Total Input Jitter      (TIJ):    0.000ns
    Discrete Jitter          (DJ):    0.000ns
    Phase Error              (PE):    0.000ns

    Location             Delay type                Incr(ns)  Path(ns)    Netlist Resource(s)
  -------------------------------------------------------------------    -------------------
                         (clock sys_clk_pin rise edge)
                                                      0.000     0.000 r  
    W5                                                0.000     0.000 r  clk (IN)
                         net (fo=0)                   0.000     0.000    clk
    W5                   IBUF (Prop_ibuf_I_O)         1.458     1.458 r  clk_IBUF_inst/O
                         net (fo=1, routed)           1.967     3.425    clk_IBUF
    BUFGCTRL_X0Y0        BUFG (Prop_bufg_I_O)         0.096     3.521 r  clk_IBUF_BUFG_inst/O
                         net (fo=206, routed)         1.612     5.133    program_rom/CLK
    RAMB18_X1Y2          RAMB18E1                                     r  program_rom/ram_1k_generate.akv7.kcpsm6_rom/CLKARDCLK
  -------------------------------------------------------------------    -------------------
    RAMB18_X1Y2          RAMB18E1 (Prop_ramb18e1_CLKARDCLK_DOADO[5])
                                                      2.454     7.587 r  program_rom/ram_1k_generate.akv7.kcpsm6_rom/DOADO[5]
                         net (fo=14, routed)          1.766     9.352    processor/lower_reg_banks/ADDRA1
    SLICE_X30Y6          RAMD32 (Prop_ramd32_RADR1_O)
                                                      0.146     9.498 f  processor/lower_reg_banks/RAMA/O
                         net (fo=3, routed)           1.091    10.589    processor/data_path_loop[0].output_data.sy_kk_mux_lut/I0
    SLICE_X31Y5          LUT5 (Prop_lut5_I0_O)        0.356    10.945 f  processor/data_path_loop[0].output_data.sy_kk_mux_lut/LUT5/O
                         net (fo=28, routed)          0.650    11.595    processor/data_path_loop[0].output_data.sy_kk_mux_lut_n_0
    SLICE_X35Y6          LUT2 (Prop_lut2_I0_O)        0.321    11.916 f  processor/data_path_loop[2].alu_mux_lut_i_1/O
                         net (fo=1, routed)           0.408    12.324    processor/data_path_loop[2].alu_mux_lut_i_1_n_0
    SLICE_X35Y5          LUT6 (Prop_lut6_I2_O)        0.332    12.656 f  processor/data_path_loop[2].alu_mux_lut/O
                         net (fo=3, routed)           0.969    13.625    processor/alu_result_2
    SLICE_X32Y6          LUT5 (Prop_lut5_I2_O)        0.152    13.777 r  processor/lower_zero_lut/O
                         net (fo=1, routed)           0.000    13.777    processor/lower_zero
    SLICE_X32Y6          CARRY4 (Prop_carry4_DI[1]_CO[3])
                                                      0.470    14.247 r  processor/init_zero_muxcy_CARRY4/CO[3]
                         net (fo=1, routed)           0.000    14.247    processor/zero_flag_value
    SLICE_X32Y6          FDRE                                         r  processor/zero_flag_flop/D
  -------------------------------------------------------------------    -------------------

                         (clock sys_clk_pin rise edge)
                                                     10.000    10.000 r  
    W5                                                0.000    10.000 r  clk (IN)
                         net (fo=0)                   0.000    10.000    clk
    W5                   IBUF (Prop_ibuf_I_O)         1.388    11.388 r  clk_IBUF_inst/O
                         net (fo=1, routed)           1.862    13.250    clk_IBUF
    BUFGCTRL_X0Y0        BUFG (Prop_bufg_I_O)         0.091    13.341 r  clk_IBUF_BUFG_inst/O
                         net (fo=206, routed)         1.445    14.786    processor/CLK
    SLICE_X32Y6          FDRE                                         r  processor/zero_flag_flop/C
                         clock pessimism              0.188    14.974    
                         clock uncertainty           -0.035    14.939    
    SLICE_X32Y6          FDRE (Setup_fdre_C_D)       -0.198    14.741    processor/zero_flag_flop
  -------------------------------------------------------------------
                         required time                         14.741    
                         arrival time                         -14.247    
  -------------------------------------------------------------------
                         slack                                  0.493    

Slack (MET) :             1.102ns  (required time - arrival time)
  Source:                 program_rom/ram_1k_generate.akv7.kcpsm6_rom/CLKARDCLK
                            (rising edge-triggered cell RAMB18E1 clocked by sys_clk_pin  {rise@0.000ns fall@5.000ns period=10.000ns})
  Destination:            processor/internal_reset_flop/D
                            (rising edge-triggered cell FDRE clocked by sys_clk_pin  {rise@0.000ns fall@5.000ns period=10.000ns})
  Path Group:             sys_clk_pin
  Path Type:              Setup (Max at Slow Process Corner)
  Requirement:            10.000ns  (sys_clk_pin rise@10.000ns - sys_clk_pin rise@0.000ns)
  Data Path Delay:        8.735ns  (logic 4.252ns (48.678%)  route 4.483ns (51.322%))
  Logic Levels:           6  (CARRY4=2 LUT5=2 LUT6=2)
  Clock Path Skew:        -0.158ns (DCD - SCD + CPR)
    Destination Clock Delay (DCD):    4.786ns = ( 14.786 - 10.000 ) 
    Source Clock Delay      (SCD):    5.133ns
    Clock Pessimism Removal (CPR):    0.188ns
  Clock Uncertainty:      0.035ns  ((TSJ^2 + TIJ^2)^1/2 + DJ) / 2 + PE
    Total System Jitter     (TSJ):    0.071ns
    Total Input Jitter      (TIJ):    0.000ns
    Discrete Jitter          (DJ):    0.000ns
    Phase Error              (PE):    0.000ns

    Location             Delay type                Incr(ns)  Path(ns)    Netlist Resource(s)
  -------------------------------------------------------------------    -------------------
                         (clock sys_clk_pin rise edge)
                                                      0.000     0.000 r  
    W5                                                0.000     0.000 r  clk (IN)
                         net (fo=0)                   0.000     0.000    clk
    W5                   IBUF (Prop_ibuf_I_O)         1.458     1.458 r  clk_IBUF_inst/O
                         net (fo=1, routed)           1.967     3.425    clk_IBUF
    BUFGCTRL_X0Y0        BUFG (Prop_bufg_I_O)         0.096     3.521 r  clk_IBUF_BUFG_inst/O
                         net (fo=206, routed)         1.612     5.133    program_rom/CLK
    RAMB18_X1Y2          RAMB18E1                                     r  program_rom/ram_1k_generate.akv7.kcpsm6_rom/CLKARDCLK
  -------------------------------------------------------------------    -------------------
    RAMB18_X1Y2          RAMB18E1 (Prop_ramb18e1_CLKARDCLK_DOADO[13])
                                                      2.454     7.587 r  program_rom/ram_1k_generate.akv7.kcpsm6_rom/DOADO[13]
                         net (fo=25, routed)          2.273     9.860    processor/move_type_lut/I1
    SLICE_X28Y6          LUT6 (Prop_lut6_I1_O)        0.124     9.984 f  processor/move_type_lut/LUT6/O
                         net (fo=4, routed)           0.793    10.776    processor/push_pop_lut/I2
    SLICE_X28Y6          LUT5 (Prop_lut5_I2_O)        0.153    10.929 f  processor/push_pop_lut/LUT5/O
                         net (fo=5, routed)           0.624    11.554    processor/pop_stack
    SLICE_X31Y6          LUT5 (Prop_lut5_I1_O)        0.327    11.881 r  processor/stack_loop[1].upper_stack.stack_pointer_lut/O
                         net (fo=1, routed)           0.000    11.881    processor/half_pointer_value_1
    SLICE_X31Y6          CARRY4 (Prop_carry4_S[1]_CO[3])
                                                      0.550    12.431 r  processor/stack_loop[0].lsb_stack.stack_muxcy_CARRY4/CO[3]
                         net (fo=1, routed)           0.000    12.431    processor/stack_pointer_carry_3
    SLICE_X31Y7          CARRY4 (Prop_carry4_CI_CO[0])
                                                      0.271    12.702 r  processor/stack_loop[4].upper_stack.stack_muxcy_CARRY4/CO[0]
                         net (fo=2, routed)           0.793    13.495    processor/reset_lut/I2
    SLICE_X31Y5          LUT6 (Prop_lut6_I2_O)        0.373    13.868 r  processor/reset_lut/LUT6/O
                         net (fo=1, routed)           0.000    13.868    processor/internal_reset_value
    SLICE_X31Y5          FDRE                                         r  processor/internal_reset_flop/D
  -------------------------------------------------------------------    -------------------

                         (clock sys_clk_pin rise edge)
                                                     10.000    10.000 r  
    W5                                                0.000    10.000 r  clk (IN)
                         net (fo=0)                   0.000    10.000    clk
    W5                   IBUF (Prop_ibuf_I_O)         1.388    11.388 r  clk_IBUF_inst/O
                         net (fo=1, routed)           1.862    13.250    clk_IBUF
    BUFGCTRL_X0Y0        BUFG (Prop_bufg_I_O)         0.091    13.341 r  clk_IBUF_BUFG_inst/O
                         net (fo=206, routed)         1.445    14.786    processor/CLK
    SLICE_X31Y5          FDRE                                         r  processor/internal_reset_flop/C
                         clock pessimism              0.188    14.974    
                         clock uncertainty           -0.035    14.939    
    SLICE_X31Y5          FDRE (Setup_fdre_C_D)        0.031    14.970    processor/internal_reset_flop
  -------------------------------------------------------------------
                         required time                         14.970    
                         arrival time                         -13.868    
  -------------------------------------------------------------------
                         slack                                  1.102    

Slack (MET) :             1.118ns  (required time - arrival time)
  Source:                 program_rom/ram_1k_generate.akv7.kcpsm6_rom/CLKARDCLK
                            (rising edge-triggered cell RAMB18E1 clocked by sys_clk_pin  {rise@0.000ns fall@5.000ns period=10.000ns})
  Destination:            processor/run_flop/D
                            (rising edge-triggered cell FDRE clocked by sys_clk_pin  {rise@0.000ns fall@5.000ns period=10.000ns})
  Path Group:             sys_clk_pin
  Path Type:              Setup (Max at Slow Process Corner)
  Requirement:            10.000ns  (sys_clk_pin rise@10.000ns - sys_clk_pin rise@0.000ns)
  Data Path Delay:        8.763ns  (logic 4.280ns (48.842%)  route 4.483ns (51.158%))
  Logic Levels:           6  (CARRY4=2 LUT5=3 LUT6=1)
  Clock Path Skew:        -0.158ns (DCD - SCD + CPR)
    Destination Clock Delay (DCD):    4.786ns = ( 14.786 - 10.000 ) 
    Source Clock Delay      (SCD):    5.133ns
    Clock Pessimism Removal (CPR):    0.188ns
  Clock Uncertainty:      0.035ns  ((TSJ^2 + TIJ^2)^1/2 + DJ) / 2 + PE
    Total System Jitter     (TSJ):    0.071ns
    Total Input Jitter      (TIJ):    0.000ns
    Discrete Jitter          (DJ):    0.000ns
    Phase Error              (PE):    0.000ns

    Location             Delay type                Incr(ns)  Path(ns)    Netlist Resource(s)
  -------------------------------------------------------------------    -------------------
                         (clock sys_clk_pin rise edge)
                                                      0.000     0.000 r  
    W5                                                0.000     0.000 r  clk (IN)
                         net (fo=0)                   0.000     0.000    clk
    W5                   IBUF (Prop_ibuf_I_O)         1.458     1.458 r  clk_IBUF_inst/O
                         net (fo=1, routed)           1.967     3.425    clk_IBUF
    BUFGCTRL_X0Y0        BUFG (Prop_bufg_I_O)         0.096     3.521 r  clk_IBUF_BUFG_inst/O
                         net (fo=206, routed)         1.612     5.133    program_rom/CLK
    RAMB18_X1Y2          RAMB18E1                                     r  program_rom/ram_1k_generate.akv7.kcpsm6_rom/CLKARDCLK
  -------------------------------------------------------------------    -------------------
    RAMB18_X1Y2          RAMB18E1 (Prop_ramb18e1_CLKARDCLK_DOADO[13])
                                                      2.454     7.587 r  program_rom/ram_1k_generate.akv7.kcpsm6_rom/DOADO[13]
                         net (fo=25, routed)          2.273     9.860    processor/move_type_lut/I1
    SLICE_X28Y6          LUT6 (Prop_lut6_I1_O)        0.124     9.984 f  processor/move_type_lut/LUT6/O
                         net (fo=4, routed)           0.793    10.776    processor/push_pop_lut/I2
    SLICE_X28Y6          LUT5 (Prop_lut5_I2_O)        0.153    10.929 f  processor/push_pop_lut/LUT5/O
                         net (fo=5, routed)           0.624    11.554    processor/pop_stack
    SLICE_X31Y6          LUT5 (Prop_lut5_I1_O)        0.327    11.881 r  processor/stack_loop[1].upper_stack.stack_pointer_lut/O
                         net (fo=1, routed)           0.000    11.881    processor/half_pointer_value_1
    SLICE_X31Y6          CARRY4 (Prop_carry4_S[1]_CO[3])
                                                      0.550    12.431 r  processor/stack_loop[0].lsb_stack.stack_muxcy_CARRY4/CO[3]
                         net (fo=1, routed)           0.000    12.431    processor/stack_pointer_carry_3
    SLICE_X31Y7          CARRY4 (Prop_carry4_CI_CO[0])
                                                      0.271    12.702 f  processor/stack_loop[4].upper_stack.stack_muxcy_CARRY4/CO[0]
                         net (fo=2, routed)           0.793    13.495    processor/reset_lut/I2
    SLICE_X31Y5          LUT5 (Prop_lut5_I2_O)        0.401    13.896 r  processor/reset_lut/LUT5/O
                         net (fo=1, routed)           0.000    13.896    processor/run_value
    SLICE_X31Y5          FDRE                                         r  processor/run_flop/D
  -------------------------------------------------------------------    -------------------

                         (clock sys_clk_pin rise edge)
                                                     10.000    10.000 r  
    W5                                                0.000    10.000 r  clk (IN)
                         net (fo=0)                   0.000    10.000    clk
    W5                   IBUF (Prop_ibuf_I_O)         1.388    11.388 r  clk_IBUF_inst/O
                         net (fo=1, routed)           1.862    13.250    clk_IBUF
    BUFGCTRL_X0Y0        BUFG (Prop_bufg_I_O)         0.091    13.341 r  clk_IBUF_BUFG_inst/O
                         net (fo=206, routed)         1.445    14.786    processor/CLK
    SLICE_X31Y5          FDRE                                         r  processor/run_flop/C
                         clock pessimism              0.188    14.974    
                         clock uncertainty           -0.035    14.939    
    SLICE_X31Y5          FDRE (Setup_fdre_C_D)        0.075    15.014    processor/run_flop
  -------------------------------------------------------------------
                         required time                         15.014    
                         arrival time                         -13.896    
  -------------------------------------------------------------------
                         slack                                  1.118    

Slack (MET) :             1.418ns  (required time - arrival time)
  Source:                 program_rom/ram_1k_generate.akv7.kcpsm6_rom/CLKARDCLK
                            (rising edge-triggered cell RAMB18E1 clocked by sys_clk_pin  {rise@0.000ns fall@5.000ns period=10.000ns})
  Destination:            processor/upper_reg_banks/RAMB_D1/I
                            (rising edge-triggered cell RAMD32 clocked by sys_clk_pin  {rise@0.000ns fall@5.000ns period=10.000ns})
  Path Group:             sys_clk_pin
  Path Type:              Setup (Max at Slow Process Corner)
  Requirement:            10.000ns  (sys_clk_pin rise@10.000ns - sys_clk_pin rise@0.000ns)
  Data Path Delay:        8.159ns  (logic 3.609ns (44.232%)  route 4.550ns (55.768%))
  Logic Levels:           4  (LUT2=1 LUT5=1 LUT6=1 RAMD32=1)
  Clock Path Skew:        -0.159ns (DCD - SCD + CPR)
    Destination Clock Delay (DCD):    4.785ns = ( 14.785 - 10.000 ) 
    Source Clock Delay      (SCD):    5.133ns
    Clock Pessimism Removal (CPR):    0.188ns
  Clock Uncertainty:      0.035ns  ((TSJ^2 + TIJ^2)^1/2 + DJ) / 2 + PE
    Total System Jitter     (TSJ):    0.071ns
    Total Input Jitter      (TIJ):    0.000ns
    Discrete Jitter          (DJ):    0.000ns
    Phase Error              (PE):    0.000ns

    Location             Delay type                Incr(ns)  Path(ns)    Netlist Resource(s)
  -------------------------------------------------------------------    -------------------
                         (clock sys_clk_pin rise edge)
                                                      0.000     0.000 r  
    W5                                                0.000     0.000 r  clk (IN)
                         net (fo=0)                   0.000     0.000    clk
    W5                   IBUF (Prop_ibuf_I_O)         1.458     1.458 r  clk_IBUF_inst/O
                         net (fo=1, routed)           1.967     3.425    clk_IBUF
    BUFGCTRL_X0Y0        BUFG (Prop_bufg_I_O)         0.096     3.521 r  clk_IBUF_BUFG_inst/O
                         net (fo=206, routed)         1.612     5.133    program_rom/CLK
    RAMB18_X1Y2          RAMB18E1                                     r  program_rom/ram_1k_generate.akv7.kcpsm6_rom/CLKARDCLK
  -------------------------------------------------------------------    -------------------
    RAMB18_X1Y2          RAMB18E1 (Prop_ramb18e1_CLKARDCLK_DOADO[5])
                                                      2.454     7.587 r  program_rom/ram_1k_generate.akv7.kcpsm6_rom/DOADO[5]
                         net (fo=14, routed)          1.766     9.352    processor/lower_reg_banks/ADDRA1
    SLICE_X30Y6          RAMD32 (Prop_ramd32_RADR1_O)
                                                      0.146     9.498 r  processor/lower_reg_banks/RAMA/O
                         net (fo=3, routed)           1.091    10.589    processor/data_path_loop[0].output_data.sy_kk_mux_lut/I0
    SLICE_X31Y5          LUT5 (Prop_lut5_I0_O)        0.356    10.945 r  processor/data_path_loop[0].output_data.sy_kk_mux_lut/LUT5/O
                         net (fo=28, routed)          0.679    11.624    processor/data_path_loop[0].output_data.sy_kk_mux_lut_n_0
    SLICE_X32Y4          LUT2 (Prop_lut2_I0_O)        0.321    11.945 r  processor/data_path_loop[5].alu_mux_lut_i_1/O
                         net (fo=1, routed)           0.435    12.380    processor/data_path_loop[5].alu_mux_lut_i_1_n_0
    SLICE_X35Y5          LUT6 (Prop_lut6_I2_O)        0.332    12.712 r  processor/data_path_loop[5].alu_mux_lut/O
                         net (fo=3, routed)           0.580    13.292    processor/upper_reg_banks/DIB1
    SLICE_X34Y6          RAMD32                                       r  processor/upper_reg_banks/RAMB_D1/I
  -------------------------------------------------------------------    -------------------

                         (clock sys_clk_pin rise edge)
                                                     10.000    10.000 r  
    W5                                                0.000    10.000 r  clk (IN)
                         net (fo=0)                   0.000    10.000    clk
    W5                   IBUF (Prop_ibuf_I_O)         1.388    11.388 r  clk_IBUF_inst/O
                         net (fo=1, routed)           1.862    13.250    clk_IBUF
    BUFGCTRL_X0Y0        BUFG (Prop_bufg_I_O)         0.091    13.341 r  clk_IBUF_BUFG_inst/O
                         net (fo=206, routed)         1.444    14.785    processor/upper_reg_banks/WCLK
    SLICE_X34Y6          RAMD32                                       r  processor/upper_reg_banks/RAMB_D1/CLK
                         clock pessimism              0.188    14.973    
                         clock uncertainty           -0.035    14.938    
    SLICE_X34Y6          RAMD32 (Setup_ramd32_CLK_I)
                                                     -0.228    14.710    processor/upper_reg_banks/RAMB_D1
  -------------------------------------------------------------------
                         required time                         14.710    
                         arrival time                         -13.292    
  -------------------------------------------------------------------
                         slack                                  1.418    

Slack (MET) :             1.536ns  (required time - arrival time)
  Source:                 program_rom/ram_1k_generate.akv7.kcpsm6_rom/CLKARDCLK
                            (rising edge-triggered cell RAMB18E1 clocked by sys_clk_pin  {rise@0.000ns fall@5.000ns period=10.000ns})
  Destination:            processor/upper_reg_banks/RAMC_D1/I
                            (rising edge-triggered cell RAMD32 clocked by sys_clk_pin  {rise@0.000ns fall@5.000ns period=10.000ns})
  Path Group:             sys_clk_pin
  Path Type:              Setup (Max at Slow Process Corner)
  Requirement:            10.000ns  (sys_clk_pin rise@10.000ns - sys_clk_pin rise@0.000ns)
  Data Path Delay:        8.020ns  (logic 3.602ns (44.911%)  route 4.418ns (55.089%))
  Logic Levels:           4  (LUT2=1 LUT5=1 LUT6=1 RAMD32=1)
  Clock Path Skew:        -0.159ns (DCD - SCD + CPR)
    Destination Clock Delay (DCD):    4.785ns = ( 14.785 - 10.000 ) 
    Source Clock Delay      (SCD):    5.133ns
    Clock Pessimism Removal (CPR):    0.188ns
  Clock Uncertainty:      0.035ns  ((TSJ^2 + TIJ^2)^1/2 + DJ) / 2 + PE
    Total System Jitter     (TSJ):    0.071ns
    Total Input Jitter      (TIJ):    0.000ns
    Discrete Jitter          (DJ):    0.000ns
    Phase Error              (PE):    0.000ns

    Location             Delay type                Incr(ns)  Path(ns)    Netlist Resource(s)
  -------------------------------------------------------------------    -------------------
                         (clock sys_clk_pin rise edge)
                                                      0.000     0.000 r  
    W5                                                0.000     0.000 r  clk (IN)
                         net (fo=0)                   0.000     0.000    clk
    W5                   IBUF (Prop_ibuf_I_O)         1.458     1.458 r  clk_IBUF_inst/O
                         net (fo=1, routed)           1.967     3.425    clk_IBUF
    BUFGCTRL_X0Y0        BUFG (Prop_bufg_I_O)         0.096     3.521 r  clk_IBUF_BUFG_inst/O
                         net (fo=206, routed)         1.612     5.133    program_rom/CLK
    RAMB18_X1Y2          RAMB18E1                                     r  program_rom/ram_1k_generate.akv7.kcpsm6_rom/CLKARDCLK
  -------------------------------------------------------------------    -------------------
    RAMB18_X1Y2          RAMB18E1 (Prop_ramb18e1_CLKARDCLK_DOADO[5])
                                                      2.454     7.587 r  program_rom/ram_1k_generate.akv7.kcpsm6_rom/DOADO[5]
                         net (fo=14, routed)          1.766     9.352    processor/lower_reg_banks/ADDRA1
    SLICE_X30Y6          RAMD32 (Prop_ramd32_RADR1_O)
                                                      0.146     9.498 r  processor/lower_reg_banks/RAMA/O
                         net (fo=3, routed)           1.091    10.589    processor/data_path_loop[0].output_data.sy_kk_mux_lut/I0
    SLICE_X31Y5          LUT5 (Prop_lut5_I0_O)        0.356    10.945 r  processor/data_path_loop[0].output_data.sy_kk_mux_lut/LUT5/O
                         net (fo=28, routed)          0.606    11.552    processor/data_path_loop[0].output_data.sy_kk_mux_lut_n_0
    SLICE_X30Y7          LUT2 (Prop_lut2_I0_O)        0.318    11.870 r  processor/data_path_loop[7].alu_mux_lut_i_1/O
                         net (fo=1, routed)           0.455    12.325    processor/data_path_loop[7].alu_mux_lut_i_1_n_0
    SLICE_X31Y7          LUT6 (Prop_lut6_I2_O)        0.328    12.653 r  processor/data_path_loop[7].alu_mux_lut/O
                         net (fo=3, routed)           0.500    13.153    processor/upper_reg_banks/DIC1
    SLICE_X34Y6          RAMD32                                       r  processor/upper_reg_banks/RAMC_D1/I
  -------------------------------------------------------------------    -------------------

                         (clock sys_clk_pin rise edge)
                                                     10.000    10.000 r  
    W5                                                0.000    10.000 r  clk (IN)
                         net (fo=0)                   0.000    10.000    clk
    W5                   IBUF (Prop_ibuf_I_O)         1.388    11.388 r  clk_IBUF_inst/O
                         net (fo=1, routed)           1.862    13.250    clk_IBUF
    BUFGCTRL_X0Y0        BUFG (Prop_bufg_I_O)         0.091    13.341 r  clk_IBUF_BUFG_inst/O
                         net (fo=206, routed)         1.444    14.785    processor/upper_reg_banks/WCLK
    SLICE_X34Y6          RAMD32                                       r  processor/upper_reg_banks/RAMC_D1/CLK
                         clock pessimism              0.188    14.973    
                         clock uncertainty           -0.035    14.938    
    SLICE_X34Y6          RAMD32 (Setup_ramd32_CLK_I)
                                                     -0.249    14.689    processor/upper_reg_banks/RAMC_D1
  -------------------------------------------------------------------
                         required time                         14.689    
                         arrival time                         -13.153    
  -------------------------------------------------------------------
                         slack                                  1.536    

Slack (MET) :             1.543ns  (required time - arrival time)
  Source:                 program_rom/ram_1k_generate.akv7.kcpsm6_rom/CLKARDCLK
                            (rising edge-triggered cell RAMB18E1 clocked by sys_clk_pin  {rise@0.000ns fall@5.000ns period=10.000ns})
  Destination:            processor/lower_reg_banks/RAMC/I
                            (rising edge-triggered cell RAMD32 clocked by sys_clk_pin  {rise@0.000ns fall@5.000ns period=10.000ns})
  Path Group:             sys_clk_pin
  Path Type:              Setup (Max at Slow Process Corner)
  Requirement:            10.000ns  (sys_clk_pin rise@10.000ns - sys_clk_pin rise@0.000ns)
  Data Path Delay:        8.025ns  (logic 3.609ns (44.970%)  route 4.416ns (55.030%))
  Logic Levels:           4  (LUT2=1 LUT5=1 LUT6=1 RAMD32=1)
  Clock Path Skew:        -0.158ns (DCD - SCD + CPR)
    Destination Clock Delay (DCD):    4.786ns = ( 14.786 - 10.000 ) 
    Source Clock Delay      (SCD):    5.133ns
    Clock Pessimism Removal (CPR):    0.188ns
  Clock Uncertainty:      0.035ns  ((TSJ^2 + TIJ^2)^1/2 + DJ) / 2 + PE
    Total System Jitter     (TSJ):    0.071ns
    Total Input Jitter      (TIJ):    0.000ns
    Discrete Jitter          (DJ):    0.000ns
    Phase Error              (PE):    0.000ns

    Location             Delay type                Incr(ns)  Path(ns)    Netlist Resource(s)
  -------------------------------------------------------------------    -------------------
                         (clock sys_clk_pin rise edge)
                                                      0.000     0.000 r  
    W5                                                0.000     0.000 r  clk (IN)
                         net (fo=0)                   0.000     0.000    clk
    W5                   IBUF (Prop_ibuf_I_O)         1.458     1.458 r  clk_IBUF_inst/O
                         net (fo=1, routed)           1.967     3.425    clk_IBUF
    BUFGCTRL_X0Y0        BUFG (Prop_bufg_I_O)         0.096     3.521 r  clk_IBUF_BUFG_inst/O
                         net (fo=206, routed)         1.612     5.133    program_rom/CLK
    RAMB18_X1Y2          RAMB18E1                                     r  program_rom/ram_1k_generate.akv7.kcpsm6_rom/CLKARDCLK
  -------------------------------------------------------------------    -------------------
    RAMB18_X1Y2          RAMB18E1 (Prop_ramb18e1_CLKARDCLK_DOADO[5])
                                                      2.454     7.587 r  program_rom/ram_1k_generate.akv7.kcpsm6_rom/DOADO[5]
                         net (fo=14, routed)          1.766     9.352    processor/lower_reg_banks/ADDRA1
    SLICE_X30Y6          RAMD32 (Prop_ramd32_RADR1_O)
                                                      0.146     9.498 r  processor/lower_reg_banks/RAMA/O
                         net (fo=3, routed)           1.091    10.589    processor/data_path_loop[0].output_data.sy_kk_mux_lut/I0
    SLICE_X31Y5          LUT5 (Prop_lut5_I0_O)        0.356    10.945 r  processor/data_path_loop[0].output_data.sy_kk_mux_lut/LUT5/O
                         net (fo=28, routed)          0.650    11.595    processor/data_path_loop[0].output_data.sy_kk_mux_lut_n_0
    SLICE_X35Y6          LUT2 (Prop_lut2_I0_O)        0.321    11.916 r  processor/data_path_loop[2].alu_mux_lut_i_1/O
                         net (fo=1, routed)           0.408    12.324    processor/data_path_loop[2].alu_mux_lut_i_1_n_0
    SLICE_X35Y5          LUT6 (Prop_lut6_I2_O)        0.332    12.656 r  processor/data_path_loop[2].alu_mux_lut/O
                         net (fo=3, routed)           0.502    13.158    processor/lower_reg_banks/DIC0
    SLICE_X30Y6          RAMD32                                       r  processor/lower_reg_banks/RAMC/I
  -------------------------------------------------------------------    -------------------

                         (clock sys_clk_pin rise edge)
                                                     10.000    10.000 r  
    W5                                                0.000    10.000 r  clk (IN)
                         net (fo=0)                   0.000    10.000    clk
    W5                   IBUF (Prop_ibuf_I_O)         1.388    11.388 r  clk_IBUF_inst/O
                         net (fo=1, routed)           1.862    13.250    clk_IBUF
    BUFGCTRL_X0Y0        BUFG (Prop_bufg_I_O)         0.091    13.341 r  clk_IBUF_BUFG_inst/O
                         net (fo=206, routed)         1.445    14.786    processor/lower_reg_banks/WCLK
    SLICE_X30Y6          RAMD32                                       r  processor/lower_reg_banks/RAMC/CLK
                         clock pessimism              0.188    14.974    
                         clock uncertainty           -0.035    14.939    
    SLICE_X30Y6          RAMD32 (Setup_ramd32_CLK_I)
                                                     -0.238    14.701    processor/lower_reg_banks/RAMC
  -------------------------------------------------------------------
                         required time                         14.701    
                         arrival time                         -13.158    
  -------------------------------------------------------------------
                         slack                                  1.543    

Slack (MET) :             1.555ns  (required time - arrival time)
  Source:                 program_rom/ram_1k_generate.akv7.kcpsm6_rom/CLKARDCLK
                            (rising edge-triggered cell RAMB18E1 clocked by sys_clk_pin  {rise@0.000ns fall@5.000ns period=10.000ns})
  Destination:            led_lsb_reg[1]/CE
                            (rising edge-triggered cell FDRE clocked by sys_clk_pin  {rise@0.000ns fall@5.000ns period=10.000ns})
  Path Group:             sys_clk_pin
  Path Type:              Setup (Max at Slow Process Corner)
  Requirement:            10.000ns  (sys_clk_pin rise@10.000ns - sys_clk_pin rise@0.000ns)
  Data Path Delay:        8.044ns  (logic 3.282ns (40.801%)  route 4.762ns (59.199%))
  Logic Levels:           3  (LUT5=1 LUT6=1 RAMD32=1)
  Clock Path Skew:        -0.160ns (DCD - SCD + CPR)
    Destination Clock Delay (DCD):    4.784ns = ( 14.784 - 10.000 ) 
    Source Clock Delay      (SCD):    5.133ns
    Clock Pessimism Removal (CPR):    0.188ns
  Clock Uncertainty:      0.035ns  ((TSJ^2 + TIJ^2)^1/2 + DJ) / 2 + PE
    Total System Jitter     (TSJ):    0.071ns
    Total Input Jitter      (TIJ):    0.000ns
    Discrete Jitter          (DJ):    0.000ns
    Phase Error              (PE):    0.000ns

    Location             Delay type                Incr(ns)  Path(ns)    Netlist Resource(s)
  -------------------------------------------------------------------    -------------------
                         (clock sys_clk_pin rise edge)
                                                      0.000     0.000 r  
    W5                                                0.000     0.000 r  clk (IN)
                         net (fo=0)                   0.000     0.000    clk
    W5                   IBUF (Prop_ibuf_I_O)         1.458     1.458 r  clk_IBUF_inst/O
                         net (fo=1, routed)           1.967     3.425    clk_IBUF
    BUFGCTRL_X0Y0        BUFG (Prop_bufg_I_O)         0.096     3.521 r  clk_IBUF_BUFG_inst/O
                         net (fo=206, routed)         1.612     5.133    program_rom/CLK
    RAMB18_X1Y2          RAMB18E1                                     r  program_rom/ram_1k_generate.akv7.kcpsm6_rom/CLKARDCLK
  -------------------------------------------------------------------    -------------------
    RAMB18_X1Y2          RAMB18E1 (Prop_ramb18e1_CLKARDCLK_DOADO[5])
                                                      2.454     7.587 r  program_rom/ram_1k_generate.akv7.kcpsm6_rom/DOADO[5]
                         net (fo=14, routed)          1.766     9.352    processor/lower_reg_banks/ADDRA1
    SLICE_X30Y6          RAMD32 (Prop_ramd32_RADR1_O)
                                                      0.146     9.498 f  processor/lower_reg_banks/RAMA/O
                         net (fo=3, routed)           1.091    10.589    processor/data_path_loop[0].output_data.sy_kk_mux_lut/I0
    SLICE_X31Y5          LUT5 (Prop_lut5_I0_O)        0.356    10.945 f  processor/data_path_loop[0].output_data.sy_kk_mux_lut/LUT5/O
                         net (fo=28, routed)          1.046    11.991    processor/data_path_loop[0].output_data.sy_kk_mux_lut_n_0
    SLICE_X34Y4          LUT6 (Prop_lut6_I3_O)        0.326    12.317 r  processor/led_lsb[7]_i_1/O
                         net (fo=8, routed)           0.859    13.177    led_lsb0
    SLICE_X31Y10         FDRE                                         r  led_lsb_reg[1]/CE
  -------------------------------------------------------------------    -------------------

                         (clock sys_clk_pin rise edge)
                                                     10.000    10.000 r  
    W5                                                0.000    10.000 r  clk (IN)
                         net (fo=0)                   0.000    10.000    clk
    W5                   IBUF (Prop_ibuf_I_O)         1.388    11.388 r  clk_IBUF_inst/O
                         net (fo=1, routed)           1.862    13.250    clk_IBUF
    BUFGCTRL_X0Y0        BUFG (Prop_bufg_I_O)         0.091    13.341 r  clk_IBUF_BUFG_inst/O
                         net (fo=206, routed)         1.443    14.784    clk_IBUF_BUFG
    SLICE_X31Y10         FDRE                                         r  led_lsb_reg[1]/C
                         clock pessimism              0.188    14.972    
                         clock uncertainty           -0.035    14.937    
    SLICE_X31Y10         FDRE (Setup_fdre_C_CE)      -0.205    14.732    led_lsb_reg[1]
  -------------------------------------------------------------------
                         required time                         14.732    
                         arrival time                         -13.177    
  -------------------------------------------------------------------
                         slack                                  1.555    

Slack (MET) :             1.568ns  (required time - arrival time)
  Source:                 program_rom/ram_1k_generate.akv7.kcpsm6_rom/CLKARDCLK
                            (rising edge-triggered cell RAMB18E1 clocked by sys_clk_pin  {rise@0.000ns fall@5.000ns period=10.000ns})
  Destination:            processor/upper_reg_banks/RAMD_D1/I
                            (rising edge-triggered cell RAMS32 clocked by sys_clk_pin  {rise@0.000ns fall@5.000ns period=10.000ns})
  Path Group:             sys_clk_pin
  Path Type:              Setup (Max at Slow Process Corner)
  Requirement:            10.000ns  (sys_clk_pin rise@10.000ns - sys_clk_pin rise@0.000ns)
  Data Path Delay:        8.029ns  (logic 3.602ns (44.862%)  route 4.427ns (55.138%))
  Logic Levels:           4  (LUT2=1 LUT5=1 LUT6=1 RAMD32=1)
  Clock Path Skew:        -0.159ns (DCD - SCD + CPR)
    Destination Clock Delay (DCD):    4.785ns = ( 14.785 - 10.000 ) 
    Source Clock Delay      (SCD):    5.133ns
    Clock Pessimism Removal (CPR):    0.188ns
  Clock Uncertainty:      0.035ns  ((TSJ^2 + TIJ^2)^1/2 + DJ) / 2 + PE
    Total System Jitter     (TSJ):    0.071ns
    Total Input Jitter      (TIJ):    0.000ns
    Discrete Jitter          (DJ):    0.000ns
    Phase Error              (PE):    0.000ns

    Location             Delay type                Incr(ns)  Path(ns)    Netlist Resource(s)
  -------------------------------------------------------------------    -------------------
                         (clock sys_clk_pin rise edge)
                                                      0.000     0.000 r  
    W5                                                0.000     0.000 r  clk (IN)
                         net (fo=0)                   0.000     0.000    clk
    W5                   IBUF (Prop_ibuf_I_O)         1.458     1.458 r  clk_IBUF_inst/O
                         net (fo=1, routed)           1.967     3.425    clk_IBUF
    BUFGCTRL_X0Y0        BUFG (Prop_bufg_I_O)         0.096     3.521 r  clk_IBUF_BUFG_inst/O
                         net (fo=206, routed)         1.612     5.133    program_rom/CLK
    RAMB18_X1Y2          RAMB18E1                                     r  program_rom/ram_1k_generate.akv7.kcpsm6_rom/CLKARDCLK
  -------------------------------------------------------------------    -------------------
    RAMB18_X1Y2          RAMB18E1 (Prop_ramb18e1_CLKARDCLK_DOADO[5])
                                                      2.454     7.587 r  program_rom/ram_1k_generate.akv7.kcpsm6_rom/DOADO[5]
                         net (fo=14, routed)          1.766     9.352    processor/lower_reg_banks/ADDRA1
    SLICE_X30Y6          RAMD32 (Prop_ramd32_RADR1_O)
                                                      0.146     9.498 r  processor/lower_reg_banks/RAMA/O
                         net (fo=3, routed)           1.091    10.589    processor/data_path_loop[0].output_data.sy_kk_mux_lut/I0
    SLICE_X31Y5          LUT5 (Prop_lut5_I0_O)        0.356    10.945 r  processor/data_path_loop[0].output_data.sy_kk_mux_lut/LUT5/O
                         net (fo=28, routed)          0.606    11.552    processor/data_path_loop[0].output_data.sy_kk_mux_lut_n_0
    SLICE_X30Y7          LUT2 (Prop_lut2_I0_O)        0.318    11.870 r  processor/data_path_loop[7].alu_mux_lut_i_1/O
                         net (fo=1, routed)           0.455    12.325    processor/data_path_loop[7].alu_mux_lut_i_1_n_0
    SLICE_X31Y7          LUT6 (Prop_lut6_I2_O)        0.328    12.653 r  processor/data_path_loop[7].alu_mux_lut/O
                         net (fo=3, routed)           0.509    13.162    processor/upper_reg_banks/DID1
    SLICE_X34Y6          RAMS32                                       r  processor/upper_reg_banks/RAMD_D1/I
  -------------------------------------------------------------------    -------------------

                         (clock sys_clk_pin rise edge)
                                                     10.000    10.000 r  
    W5                                                0.000    10.000 r  clk (IN)
                         net (fo=0)                   0.000    10.000    clk
    W5                   IBUF (Prop_ibuf_I_O)         1.388    11.388 r  clk_IBUF_inst/O
                         net (fo=1, routed)           1.862    13.250    clk_IBUF
    BUFGCTRL_X0Y0        BUFG (Prop_bufg_I_O)         0.091    13.341 r  clk_IBUF_BUFG_inst/O
                         net (fo=206, routed)         1.444    14.785    processor/upper_reg_banks/WCLK
    SLICE_X34Y6          RAMS32                                       r  processor/upper_reg_banks/RAMD_D1/CLK
                         clock pessimism              0.188    14.973    
                         clock uncertainty           -0.035    14.938    
    SLICE_X34Y6          RAMS32 (Setup_rams32_CLK_I)
                                                     -0.208    14.730    processor/upper_reg_banks/RAMD_D1
  -------------------------------------------------------------------
                         required time                         14.730    
                         arrival time                         -13.162    
  -------------------------------------------------------------------
                         slack                                  1.568    

Slack (MET) :             1.577ns  (required time - arrival time)
  Source:                 program_rom/ram_1k_generate.akv7.kcpsm6_rom/CLKARDCLK
                            (rising edge-triggered cell RAMB18E1 clocked by sys_clk_pin  {rise@0.000ns fall@5.000ns period=10.000ns})
  Destination:            processor/upper_reg_banks/RAMA_D1/I
                            (rising edge-triggered cell RAMD32 clocked by sys_clk_pin  {rise@0.000ns fall@5.000ns period=10.000ns})
  Path Group:             sys_clk_pin
  Path Type:              Setup (Max at Slow Process Corner)
  Requirement:            10.000ns  (sys_clk_pin rise@10.000ns - sys_clk_pin rise@0.000ns)
  Data Path Delay:        7.970ns  (logic 3.609ns (45.283%)  route 4.361ns (54.717%))
  Logic Levels:           4  (LUT2=1 LUT5=1 LUT6=1 RAMD32=1)
  Clock Path Skew:        -0.159ns (DCD - SCD + CPR)
    Destination Clock Delay (DCD):    4.785ns = ( 14.785 - 10.000 ) 
    Source Clock Delay      (SCD):    5.133ns
    Clock Pessimism Removal (CPR):    0.188ns
  Clock Uncertainty:      0.035ns  ((TSJ^2 + TIJ^2)^1/2 + DJ) / 2 + PE
    Total System Jitter     (TSJ):    0.071ns
    Total Input Jitter      (TIJ):    0.000ns
    Discrete Jitter          (DJ):    0.000ns
    Phase Error              (PE):    0.000ns

    Location             Delay type                Incr(ns)  Path(ns)    Netlist Resource(s)
  -------------------------------------------------------------------    -------------------
                         (clock sys_clk_pin rise edge)
                                                      0.000     0.000 r  
    W5                                                0.000     0.000 r  clk (IN)
                         net (fo=0)                   0.000     0.000    clk
    W5                   IBUF (Prop_ibuf_I_O)         1.458     1.458 r  clk_IBUF_inst/O
                         net (fo=1, routed)           1.967     3.425    clk_IBUF
    BUFGCTRL_X0Y0        BUFG (Prop_bufg_I_O)         0.096     3.521 r  clk_IBUF_BUFG_inst/O
                         net (fo=206, routed)         1.612     5.133    program_rom/CLK
    RAMB18_X1Y2          RAMB18E1                                     r  program_rom/ram_1k_generate.akv7.kcpsm6_rom/CLKARDCLK
  -------------------------------------------------------------------    -------------------
    RAMB18_X1Y2          RAMB18E1 (Prop_ramb18e1_CLKARDCLK_DOADO[5])
                                                      2.454     7.587 r  program_rom/ram_1k_generate.akv7.kcpsm6_rom/DOADO[5]
                         net (fo=14, routed)          1.766     9.352    processor/lower_reg_banks/ADDRA1
    SLICE_X30Y6          RAMD32 (Prop_ramd32_RADR1_O)
                                                      0.146     9.498 r  processor/lower_reg_banks/RAMA/O
                         net (fo=3, routed)           1.091    10.589    processor/data_path_loop[0].output_data.sy_kk_mux_lut/I0
    SLICE_X31Y5          LUT5 (Prop_lut5_I0_O)        0.356    10.945 r  processor/data_path_loop[0].output_data.sy_kk_mux_lut/LUT5/O
                         net (fo=28, routed)          0.679    11.624    processor/data_path_loop[0].output_data.sy_kk_mux_lut_n_0
    SLICE_X32Y4          LUT2 (Prop_lut2_I0_O)        0.321    11.945 r  processor/data_path_loop[5].alu_mux_lut_i_1/O
                         net (fo=1, routed)           0.435    12.380    processor/data_path_loop[5].alu_mux_lut_i_1_n_0
    SLICE_X35Y5          LUT6 (Prop_lut6_I2_O)        0.332    12.712 r  processor/data_path_loop[5].alu_mux_lut/O
                         net (fo=3, routed)           0.391    13.103    processor/upper_reg_banks/DIA1
    SLICE_X34Y6          RAMD32                                       r  processor/upper_reg_banks/RAMA_D1/I
  -------------------------------------------------------------------    -------------------

                         (clock sys_clk_pin rise edge)
                                                     10.000    10.000 r  
    W5                                                0.000    10.000 r  clk (IN)
                         net (fo=0)                   0.000    10.000    clk
    W5                   IBUF (Prop_ibuf_I_O)         1.388    11.388 r  clk_IBUF_inst/O
                         net (fo=1, routed)           1.862    13.250    clk_IBUF
    BUFGCTRL_X0Y0        BUFG (Prop_bufg_I_O)         0.091    13.341 r  clk_IBUF_BUFG_inst/O
                         net (fo=206, routed)         1.444    14.785    processor/upper_reg_banks/WCLK
    SLICE_X34Y6          RAMD32                                       r  processor/upper_reg_banks/RAMA_D1/CLK
                         clock pessimism              0.188    14.973    
                         clock uncertainty           -0.035    14.938    
    SLICE_X34Y6          RAMD32 (Setup_ramd32_CLK_I)
                                                     -0.258    14.680    processor/upper_reg_banks/RAMA_D1
  -------------------------------------------------------------------
                         required time                         14.680    
                         arrival time                         -13.103    
  -------------------------------------------------------------------
                         slack                                  1.577    

Slack (MET) :             1.648ns  (required time - arrival time)
  Source:                 program_rom/ram_1k_generate.akv7.kcpsm6_rom/CLKARDCLK
                            (rising edge-triggered cell RAMB18E1 clocked by sys_clk_pin  {rise@0.000ns fall@5.000ns period=10.000ns})
  Destination:            processor/arith_carry_flop/D
                            (rising edge-triggered cell FDRE clocked by sys_clk_pin  {rise@0.000ns fall@5.000ns period=10.000ns})
  Path Group:             sys_clk_pin
  Path Type:              Setup (Max at Slow Process Corner)
  Requirement:            10.000ns  (sys_clk_pin rise@10.000ns - sys_clk_pin rise@0.000ns)
  Data Path Delay:        8.219ns  (logic 4.151ns (50.506%)  route 4.068ns (49.494%))
  Logic Levels:           6  (CARRY4=3 LUT5=1 LUT6=1 RAMD32=1)
  Clock Path Skew:        -0.159ns (DCD - SCD + CPR)
    Destination Clock Delay (DCD):    4.785ns = ( 14.785 - 10.000 ) 
    Source Clock Delay      (SCD):    5.133ns
    Clock Pessimism Removal (CPR):    0.188ns
  Clock Uncertainty:      0.035ns  ((TSJ^2 + TIJ^2)^1/2 + DJ) / 2 + PE
    Total System Jitter     (TSJ):    0.071ns
    Total Input Jitter      (TIJ):    0.000ns
    Discrete Jitter          (DJ):    0.000ns
    Phase Error              (PE):    0.000ns

    Location             Delay type                Incr(ns)  Path(ns)    Netlist Resource(s)
  -------------------------------------------------------------------    -------------------
                         (clock sys_clk_pin rise edge)
                                                      0.000     0.000 r  
    W5                                                0.000     0.000 r  clk (IN)
                         net (fo=0)                   0.000     0.000    clk
    W5                   IBUF (Prop_ibuf_I_O)         1.458     1.458 r  clk_IBUF_inst/O
                         net (fo=1, routed)           1.967     3.425    clk_IBUF
    BUFGCTRL_X0Y0        BUFG (Prop_bufg_I_O)         0.096     3.521 r  clk_IBUF_BUFG_inst/O
                         net (fo=206, routed)         1.612     5.133    program_rom/CLK
    RAMB18_X1Y2          RAMB18E1                                     r  program_rom/ram_1k_generate.akv7.kcpsm6_rom/CLKARDCLK
  -------------------------------------------------------------------    -------------------
    RAMB18_X1Y2          RAMB18E1 (Prop_ramb18e1_CLKARDCLK_DOADO[5])
                                                      2.454     7.587 r  program_rom/ram_1k_generate.akv7.kcpsm6_rom/DOADO[5]
                         net (fo=14, routed)          1.766     9.352    processor/lower_reg_banks/ADDRA1
    SLICE_X30Y6          RAMD32 (Prop_ramd32_RADR1_O)
                                                      0.146     9.498 r  processor/lower_reg_banks/RAMA/O
                         net (fo=3, routed)           1.091    10.589    processor/data_path_loop[0].output_data.sy_kk_mux_lut/I0
    SLICE_X31Y5          LUT5 (Prop_lut5_I0_O)        0.356    10.945 r  processor/data_path_loop[0].output_data.sy_kk_mux_lut/LUT5/O
                         net (fo=28, routed)          1.211    12.157    processor/data_path_loop[0].arith_logical_lut/I0
    SLICE_X33Y6          LUT6 (Prop_lut6_I0_O)        0.326    12.483 r  processor/data_path_loop[0].arith_logical_lut/LUT6/O
                         net (fo=1, routed)           0.000    12.483    processor/half_arith_logical_0
    SLICE_X33Y6          CARRY4 (Prop_carry4_S[0]_CO[3])
                                                      0.532    13.015 r  processor/data_path_loop[0].lsb_arith_logical.arith_logical_muxcy_CARRY4/CO[3]
                         net (fo=1, routed)           0.000    13.015    processor/carry_arith_logical_3
    SLICE_X33Y7          CARRY4 (Prop_carry4_CI_CO[3])
                                                      0.114    13.129 r  processor/data_path_loop[4].upper_arith_logical.arith_logical_muxcy_CARRY4/CO[3]
                         net (fo=1, routed)           0.000    13.129    processor/carry_arith_logical_7
    SLICE_X33Y8          CARRY4 (Prop_carry4_CI_O[0])
                                                      0.223    13.352 r  processor/arith_carry_xorcy_CARRY4/O[0]
                         net (fo=1, routed)           0.000    13.352    processor/arith_carry_value
    SLICE_X33Y8          FDRE                                         r  processor/arith_carry_flop/D
  -------------------------------------------------------------------    -------------------

                         (clock sys_clk_pin rise edge)
                                                     10.000    10.000 r  
    W5                                                0.000    10.000 r  clk (IN)
                         net (fo=0)                   0.000    10.000    clk
    W5                   IBUF (Prop_ibuf_I_O)         1.388    11.388 r  clk_IBUF_inst/O
                         net (fo=1, routed)           1.862    13.250    clk_IBUF
    BUFGCTRL_X0Y0        BUFG (Prop_bufg_I_O)         0.091    13.341 r  clk_IBUF_BUFG_inst/O
                         net (fo=206, routed)         1.444    14.785    processor/CLK
    SLICE_X33Y8          FDRE                                         r  processor/arith_carry_flop/C
                         clock pessimism              0.188    14.973    
                         clock uncertainty           -0.035    14.938    
    SLICE_X33Y8          FDRE (Setup_fdre_C_D)        0.062    15.000    processor/arith_carry_flop
  -------------------------------------------------------------------
                         required time                         15.000    
                         arrival time                         -13.352    
  -------------------------------------------------------------------
                         slack                                  1.648    





Min Delay Paths
--------------------------------------------------------------------------------------
Slack (MET) :             0.102ns  (arrival time - required time)
  Source:                 processor/address_loop[2].pc_flop/C
                            (rising edge-triggered cell FDRE clocked by sys_clk_pin  {rise@0.000ns fall@5.000ns period=10.000ns})
  Destination:            processor/stack_ram_low/RAMD/I
                            (rising edge-triggered cell RAMS32 clocked by sys_clk_pin  {rise@0.000ns fall@5.000ns period=10.000ns})
  Path Group:             sys_clk_pin
  Path Type:              Hold (Min at Fast Process Corner)
  Requirement:            0.000ns  (sys_clk_pin rise@0.000ns - sys_clk_pin rise@0.000ns)
  Data Path Delay:        0.281ns  (logic 0.141ns (50.208%)  route 0.140ns (49.792%))
  Logic Levels:           0  
  Clock Path Skew:        0.035ns (DCD - SCD - CPR)
    Destination Clock Delay (DCD):    1.959ns
    Source Clock Delay      (SCD):    1.446ns
    Clock Pessimism Removal (CPR):    0.478ns

    Location             Delay type                Incr(ns)  Path(ns)    Netlist Resource(s)
  -------------------------------------------------------------------    -------------------
                         (clock sys_clk_pin rise edge)
                                                      0.000     0.000 r  
    W5                                                0.000     0.000 r  clk (IN)
                         net (fo=0)                   0.000     0.000    clk
    W5                   IBUF (Prop_ibuf_I_O)         0.226     0.226 r  clk_IBUF_inst/O
                         net (fo=1, routed)           0.631     0.858    clk_IBUF
    BUFGCTRL_X0Y0        BUFG (Prop_bufg_I_O)         0.026     0.884 r  clk_IBUF_BUFG_inst/O
                         net (fo=206, routed)         0.563     1.446    processor/CLK
    SLICE_X29Y5          FDRE                                         r  processor/address_loop[2].pc_flop/C
  -------------------------------------------------------------------    -------------------
    SLICE_X29Y5          FDRE (Prop_fdre_C_Q)         0.141     1.587 r  processor/address_loop[2].pc_flop/Q
                         net (fo=3, routed)           0.140     1.727    processor/stack_ram_low/DID0
    SLICE_X30Y5          RAMS32                                       r  processor/stack_ram_low/RAMD/I
  -------------------------------------------------------------------    -------------------

                         (clock sys_clk_pin rise edge)
                                                      0.000     0.000 r  
    W5                                                0.000     0.000 r  clk (IN)
                         net (fo=0)                   0.000     0.000    clk
    W5                   IBUF (Prop_ibuf_I_O)         0.414     0.414 r  clk_IBUF_inst/O
                         net (fo=1, routed)           0.685     1.099    clk_IBUF
    BUFGCTRL_X0Y0        BUFG (Prop_bufg_I_O)         0.029     1.128 r  clk_IBUF_BUFG_inst/O
                         net (fo=206, routed)         0.832     1.959    processor/stack_ram_low/WCLK
    SLICE_X30Y5          RAMS32                                       r  processor/stack_ram_low/RAMD/CLK
                         clock pessimism             -0.478     1.481    
    SLICE_X30Y5          RAMS32 (Hold_rams32_CLK_I)
                                                      0.144     1.625    processor/stack_ram_low/RAMD
  -------------------------------------------------------------------
                         required time                         -1.625    
                         arrival time                           1.727    
  -------------------------------------------------------------------
                         slack                                  0.102    

Slack (MET) :             0.125ns  (arrival time - required time)
  Source:                 processor/stack_loop[1].upper_stack.pointer_flop/C
                            (rising edge-triggered cell FDRE clocked by sys_clk_pin  {rise@0.000ns fall@5.000ns period=10.000ns})
  Destination:            processor/stack_ram_low/RAMA/WADR1
                            (rising edge-triggered cell RAMD32 clocked by sys_clk_pin  {rise@0.000ns fall@5.000ns period=10.000ns})
  Path Group:             sys_clk_pin
  Path Type:              Hold (Min at Fast Process Corner)
  Requirement:            0.000ns  (sys_clk_pin rise@0.000ns - sys_clk_pin rise@0.000ns)
  Data Path Delay:        0.450ns  (logic 0.141ns (31.322%)  route 0.309ns (68.678%))
  Logic Levels:           0  
  Clock Path Skew:        0.016ns (DCD - SCD - CPR)
    Destination Clock Delay (DCD):    1.959ns
    Source Clock Delay      (SCD):    1.446ns
    Clock Pessimism Removal (CPR):    0.497ns

    Location             Delay type                Incr(ns)  Path(ns)    Netlist Resource(s)
  -------------------------------------------------------------------    -------------------
                         (clock sys_clk_pin rise edge)
                                                      0.000     0.000 r  
    W5                                                0.000     0.000 r  clk (IN)
                         net (fo=0)                   0.000     0.000    clk
    W5                   IBUF (Prop_ibuf_I_O)         0.226     0.226 r  clk_IBUF_inst/O
                         net (fo=1, routed)           0.631     0.858    clk_IBUF
    BUFGCTRL_X0Y0        BUFG (Prop_bufg_I_O)         0.026     0.884 r  clk_IBUF_BUFG_inst/O
                         net (fo=206, routed)         0.563     1.446    processor/CLK
    SLICE_X31Y6          FDRE                                         r  processor/stack_loop[1].upper_stack.pointer_flop/C
  -------------------------------------------------------------------    -------------------
    SLICE_X31Y6          FDRE (Prop_fdre_C_Q)         0.141     1.587 r  processor/stack_loop[1].upper_stack.pointer_flop/Q
                         net (fo=30, routed)          0.309     1.896    processor/stack_ram_low/ADDRD1
    SLICE_X30Y5          RAMD32                                       r  processor/stack_ram_low/RAMA/WADR1
  -------------------------------------------------------------------    -------------------

                         (clock sys_clk_pin rise edge)
                                                      0.000     0.000 r  
    W5                                                0.000     0.000 r  clk (IN)
                         net (fo=0)                   0.000     0.000    clk
    W5                   IBUF (Prop_ibuf_I_O)         0.414     0.414 r  clk_IBUF_inst/O
                         net (fo=1, routed)           0.685     1.099    clk_IBUF
    BUFGCTRL_X0Y0        BUFG (Prop_bufg_I_O)         0.029     1.128 r  clk_IBUF_BUFG_inst/O
                         net (fo=206, routed)         0.832     1.959    processor/stack_ram_low/WCLK
    SLICE_X30Y5          RAMD32                                       r  processor/stack_ram_low/RAMA/CLK
                         clock pessimism             -0.497     1.462    
    SLICE_X30Y5          RAMD32 (Hold_ramd32_CLK_WADR1)
                                                      0.309     1.771    processor/stack_ram_low/RAMA
  -------------------------------------------------------------------
                         required time                         -1.771    
                         arrival time                           1.896    
  -------------------------------------------------------------------
                         slack                                  0.125    

Slack (MET) :             0.125ns  (arrival time - required time)
  Source:                 processor/stack_loop[1].upper_stack.pointer_flop/C
                            (rising edge-triggered cell FDRE clocked by sys_clk_pin  {rise@0.000ns fall@5.000ns period=10.000ns})
  Destination:            processor/stack_ram_low/RAMA_D1/WADR1
                            (rising edge-triggered cell RAMD32 clocked by sys_clk_pin  {rise@0.000ns fall@5.000ns period=10.000ns})
  Path Group:             sys_clk_pin
  Path Type:              Hold (Min at Fast Process Corner)
  Requirement:            0.000ns  (sys_clk_pin rise@0.000ns - sys_clk_pin rise@0.000ns)
  Data Path Delay:        0.450ns  (logic 0.141ns (31.322%)  route 0.309ns (68.678%))
  Logic Levels:           0  
  Clock Path Skew:        0.016ns (DCD - SCD - CPR)
    Destination Clock Delay (DCD):    1.959ns
    Source Clock Delay      (SCD):    1.446ns
    Clock Pessimism Removal (CPR):    0.497ns

    Location             Delay type                Incr(ns)  Path(ns)    Netlist Resource(s)
  -------------------------------------------------------------------    -------------------
                         (clock sys_clk_pin rise edge)
                                                      0.000     0.000 r  
    W5                                                0.000     0.000 r  clk (IN)
                         net (fo=0)                   0.000     0.000    clk
    W5                   IBUF (Prop_ibuf_I_O)         0.226     0.226 r  clk_IBUF_inst/O
                         net (fo=1, routed)           0.631     0.858    clk_IBUF
    BUFGCTRL_X0Y0        BUFG (Prop_bufg_I_O)         0.026     0.884 r  clk_IBUF_BUFG_inst/O
                         net (fo=206, routed)         0.563     1.446    processor/CLK
    SLICE_X31Y6          FDRE                                         r  processor/stack_loop[1].upper_stack.pointer_flop/C
  -------------------------------------------------------------------    -------------------
    SLICE_X31Y6          FDRE (Prop_fdre_C_Q)         0.141     1.587 r  processor/stack_loop[1].upper_stack.pointer_flop/Q
                         net (fo=30, routed)          0.309     1.896    processor/stack_ram_low/ADDRD1
    SLICE_X30Y5          RAMD32                                       r  processor/stack_ram_low/RAMA_D1/WADR1
  -------------------------------------------------------------------    -------------------

                         (clock sys_clk_pin rise edge)
                                                      0.000     0.000 r  
    W5                                                0.000     0.000 r  clk (IN)
                         net (fo=0)                   0.000     0.000    clk
    W5                   IBUF (Prop_ibuf_I_O)         0.414     0.414 r  clk_IBUF_inst/O
                         net (fo=1, routed)           0.685     1.099    clk_IBUF
    BUFGCTRL_X0Y0        BUFG (Prop_bufg_I_O)         0.029     1.128 r  clk_IBUF_BUFG_inst/O
                         net (fo=206, routed)         0.832     1.959    processor/stack_ram_low/WCLK
    SLICE_X30Y5          RAMD32                                       r  processor/stack_ram_low/RAMA_D1/CLK
                         clock pessimism             -0.497     1.462    
    SLICE_X30Y5          RAMD32 (Hold_ramd32_CLK_WADR1)
                                                      0.309     1.771    processor/stack_ram_low/RAMA_D1
  -------------------------------------------------------------------
                         required time                         -1.771    
                         arrival time                           1.896    
  -------------------------------------------------------------------
                         slack                                  0.125    

Slack (MET) :             0.125ns  (arrival time - required time)
  Source:                 processor/stack_loop[1].upper_stack.pointer_flop/C
                            (rising edge-triggered cell FDRE clocked by sys_clk_pin  {rise@0.000ns fall@5.000ns period=10.000ns})
  Destination:            processor/stack_ram_low/RAMB/WADR1
                            (rising edge-triggered cell RAMD32 clocked by sys_clk_pin  {rise@0.000ns fall@5.000ns period=10.000ns})
  Path Group:             sys_clk_pin
  Path Type:              Hold (Min at Fast Process Corner)
  Requirement:            0.000ns  (sys_clk_pin rise@0.000ns - sys_clk_pin rise@0.000ns)
  Data Path Delay:        0.450ns  (logic 0.141ns (31.322%)  route 0.309ns (68.678%))
  Logic Levels:           0  
  Clock Path Skew:        0.016ns (DCD - SCD - CPR)
    Destination Clock Delay (DCD):    1.959ns
    Source Clock Delay      (SCD):    1.446ns
    Clock Pessimism Removal (CPR):    0.497ns

    Location             Delay type                Incr(ns)  Path(ns)    Netlist Resource(s)
  -------------------------------------------------------------------    -------------------
                         (clock sys_clk_pin rise edge)
                                                      0.000     0.000 r  
    W5                                                0.000     0.000 r  clk (IN)
                         net (fo=0)                   0.000     0.000    clk
    W5                   IBUF (Prop_ibuf_I_O)         0.226     0.226 r  clk_IBUF_inst/O
                         net (fo=1, routed)           0.631     0.858    clk_IBUF
    BUFGCTRL_X0Y0        BUFG (Prop_bufg_I_O)         0.026     0.884 r  clk_IBUF_BUFG_inst/O
                         net (fo=206, routed)         0.563     1.446    processor/CLK
    SLICE_X31Y6          FDRE                                         r  processor/stack_loop[1].upper_stack.pointer_flop/C
  -------------------------------------------------------------------    -------------------
    SLICE_X31Y6          FDRE (Prop_fdre_C_Q)         0.141     1.587 r  processor/stack_loop[1].upper_stack.pointer_flop/Q
                         net (fo=30, routed)          0.309     1.896    processor/stack_ram_low/ADDRD1
    SLICE_X30Y5          RAMD32                                       r  processor/stack_ram_low/RAMB/WADR1
  -------------------------------------------------------------------    -------------------

                         (clock sys_clk_pin rise edge)
                                                      0.000     0.000 r  
    W5                                                0.000     0.000 r  clk (IN)
                         net (fo=0)                   0.000     0.000    clk
    W5                   IBUF (Prop_ibuf_I_O)         0.414     0.414 r  clk_IBUF_inst/O
                         net (fo=1, routed)           0.685     1.099    clk_IBUF
    BUFGCTRL_X0Y0        BUFG (Prop_bufg_I_O)         0.029     1.128 r  clk_IBUF_BUFG_inst/O
                         net (fo=206, routed)         0.832     1.959    processor/stack_ram_low/WCLK
    SLICE_X30Y5          RAMD32                                       r  processor/stack_ram_low/RAMB/CLK
                         clock pessimism             -0.497     1.462    
    SLICE_X30Y5          RAMD32 (Hold_ramd32_CLK_WADR1)
                                                      0.309     1.771    processor/stack_ram_low/RAMB
  -------------------------------------------------------------------
                         required time                         -1.771    
                         arrival time                           1.896    
  -------------------------------------------------------------------
                         slack                                  0.125    

Slack (MET) :             0.125ns  (arrival time - required time)
  Source:                 processor/stack_loop[1].upper_stack.pointer_flop/C
                            (rising edge-triggered cell FDRE clocked by sys_clk_pin  {rise@0.000ns fall@5.000ns period=10.000ns})
  Destination:            processor/stack_ram_low/RAMB_D1/WADR1
                            (rising edge-triggered cell RAMD32 clocked by sys_clk_pin  {rise@0.000ns fall@5.000ns period=10.000ns})
  Path Group:             sys_clk_pin
  Path Type:              Hold (Min at Fast Process Corner)
  Requirement:            0.000ns  (sys_clk_pin rise@0.000ns - sys_clk_pin rise@0.000ns)
  Data Path Delay:        0.450ns  (logic 0.141ns (31.322%)  route 0.309ns (68.678%))
  Logic Levels:           0  
  Clock Path Skew:        0.016ns (DCD - SCD - CPR)
    Destination Clock Delay (DCD):    1.959ns
    Source Clock Delay      (SCD):    1.446ns
    Clock Pessimism Removal (CPR):    0.497ns

    Location             Delay type                Incr(ns)  Path(ns)    Netlist Resource(s)
  -------------------------------------------------------------------    -------------------
                         (clock sys_clk_pin rise edge)
                                                      0.000     0.000 r  
    W5                                                0.000     0.000 r  clk (IN)
                         net (fo=0)                   0.000     0.000    clk
    W5                   IBUF (Prop_ibuf_I_O)         0.226     0.226 r  clk_IBUF_inst/O
                         net (fo=1, routed)           0.631     0.858    clk_IBUF
    BUFGCTRL_X0Y0        BUFG (Prop_bufg_I_O)         0.026     0.884 r  clk_IBUF_BUFG_inst/O
                         net (fo=206, routed)         0.563     1.446    processor/CLK
    SLICE_X31Y6          FDRE                                         r  processor/stack_loop[1].upper_stack.pointer_flop/C
  -------------------------------------------------------------------    -------------------
    SLICE_X31Y6          FDRE (Prop_fdre_C_Q)         0.141     1.587 r  processor/stack_loop[1].upper_stack.pointer_flop/Q
                         net (fo=30, routed)          0.309     1.896    processor/stack_ram_low/ADDRD1
    SLICE_X30Y5          RAMD32                                       r  processor/stack_ram_low/RAMB_D1/WADR1
  -------------------------------------------------------------------    -------------------

                         (clock sys_clk_pin rise edge)
                                                      0.000     0.000 r  
    W5                                                0.000     0.000 r  clk (IN)
                         net (fo=0)                   0.000     0.000    clk
    W5                   IBUF (Prop_ibuf_I_O)         0.414     0.414 r  clk_IBUF_inst/O
                         net (fo=1, routed)           0.685     1.099    clk_IBUF
    BUFGCTRL_X0Y0        BUFG (Prop_bufg_I_O)         0.029     1.128 r  clk_IBUF_BUFG_inst/O
                         net (fo=206, routed)         0.832     1.959    processor/stack_ram_low/WCLK
    SLICE_X30Y5          RAMD32                                       r  processor/stack_ram_low/RAMB_D1/CLK
                         clock pessimism             -0.497     1.462    
    SLICE_X30Y5          RAMD32 (Hold_ramd32_CLK_WADR1)
                                                      0.309     1.771    processor/stack_ram_low/RAMB_D1
  -------------------------------------------------------------------
                         required time                         -1.771    
                         arrival time                           1.896    
  -------------------------------------------------------------------
                         slack                                  0.125    

Slack (MET) :             0.125ns  (arrival time - required time)
  Source:                 processor/stack_loop[1].upper_stack.pointer_flop/C
                            (rising edge-triggered cell FDRE clocked by sys_clk_pin  {rise@0.000ns fall@5.000ns period=10.000ns})
  Destination:            processor/stack_ram_low/RAMC/WADR1
                            (rising edge-triggered cell RAMD32 clocked by sys_clk_pin  {rise@0.000ns fall@5.000ns period=10.000ns})
  Path Group:             sys_clk_pin
  Path Type:              Hold (Min at Fast Process Corner)
  Requirement:            0.000ns  (sys_clk_pin rise@0.000ns - sys_clk_pin rise@0.000ns)
  Data Path Delay:        0.450ns  (logic 0.141ns (31.322%)  route 0.309ns (68.678%))
  Logic Levels:           0  
  Clock Path Skew:        0.016ns (DCD - SCD - CPR)
    Destination Clock Delay (DCD):    1.959ns
    Source Clock Delay      (SCD):    1.446ns
    Clock Pessimism Removal (CPR):    0.497ns

    Location             Delay type                Incr(ns)  Path(ns)    Netlist Resource(s)
  -------------------------------------------------------------------    -------------------
                         (clock sys_clk_pin rise edge)
                                                      0.000     0.000 r  
    W5                                                0.000     0.000 r  clk (IN)
                         net (fo=0)                   0.000     0.000    clk
    W5                   IBUF (Prop_ibuf_I_O)         0.226     0.226 r  clk_IBUF_inst/O
                         net (fo=1, routed)           0.631     0.858    clk_IBUF
    BUFGCTRL_X0Y0        BUFG (Prop_bufg_I_O)         0.026     0.884 r  clk_IBUF_BUFG_inst/O
                         net (fo=206, routed)         0.563     1.446    processor/CLK
    SLICE_X31Y6          FDRE                                         r  processor/stack_loop[1].upper_stack.pointer_flop/C
  -------------------------------------------------------------------    -------------------
    SLICE_X31Y6          FDRE (Prop_fdre_C_Q)         0.141     1.587 r  processor/stack_loop[1].upper_stack.pointer_flop/Q
                         net (fo=30, routed)          0.309     1.896    processor/stack_ram_low/ADDRD1
    SLICE_X30Y5          RAMD32                                       r  processor/stack_ram_low/RAMC/WADR1
  -------------------------------------------------------------------    -------------------

                         (clock sys_clk_pin rise edge)
                                                      0.000     0.000 r  
    W5                                                0.000     0.000 r  clk (IN)
                         net (fo=0)                   0.000     0.000    clk
    W5                   IBUF (Prop_ibuf_I_O)         0.414     0.414 r  clk_IBUF_inst/O
                         net (fo=1, routed)           0.685     1.099    clk_IBUF
    BUFGCTRL_X0Y0        BUFG (Prop_bufg_I_O)         0.029     1.128 r  clk_IBUF_BUFG_inst/O
                         net (fo=206, routed)         0.832     1.959    processor/stack_ram_low/WCLK
    SLICE_X30Y5          RAMD32                                       r  processor/stack_ram_low/RAMC/CLK
                         clock pessimism             -0.497     1.462    
    SLICE_X30Y5          RAMD32 (Hold_ramd32_CLK_WADR1)
                                                      0.309     1.771    processor/stack_ram_low/RAMC
  -------------------------------------------------------------------
                         required time                         -1.771    
                         arrival time                           1.896    
  -------------------------------------------------------------------
                         slack                                  0.125    

Slack (MET) :             0.125ns  (arrival time - required time)
  Source:                 processor/stack_loop[1].upper_stack.pointer_flop/C
                            (rising edge-triggered cell FDRE clocked by sys_clk_pin  {rise@0.000ns fall@5.000ns period=10.000ns})
  Destination:            processor/stack_ram_low/RAMC_D1/WADR1
                            (rising edge-triggered cell RAMD32 clocked by sys_clk_pin  {rise@0.000ns fall@5.000ns period=10.000ns})
  Path Group:             sys_clk_pin
  Path Type:              Hold (Min at Fast Process Corner)
  Requirement:            0.000ns  (sys_clk_pin rise@0.000ns - sys_clk_pin rise@0.000ns)
  Data Path Delay:        0.450ns  (logic 0.141ns (31.322%)  route 0.309ns (68.678%))
  Logic Levels:           0  
  Clock Path Skew:        0.016ns (DCD - SCD - CPR)
    Destination Clock Delay (DCD):    1.959ns
    Source Clock Delay      (SCD):    1.446ns
    Clock Pessimism Removal (CPR):    0.497ns

    Location             Delay type                Incr(ns)  Path(ns)    Netlist Resource(s)
  -------------------------------------------------------------------    -------------------
                         (clock sys_clk_pin rise edge)
                                                      0.000     0.000 r  
    W5                                                0.000     0.000 r  clk (IN)
                         net (fo=0)                   0.000     0.000    clk
    W5                   IBUF (Prop_ibuf_I_O)         0.226     0.226 r  clk_IBUF_inst/O
                         net (fo=1, routed)           0.631     0.858    clk_IBUF
    BUFGCTRL_X0Y0        BUFG (Prop_bufg_I_O)         0.026     0.884 r  clk_IBUF_BUFG_inst/O
                         net (fo=206, routed)         0.563     1.446    processor/CLK
    SLICE_X31Y6          FDRE                                         r  processor/stack_loop[1].upper_stack.pointer_flop/C
  -------------------------------------------------------------------    -------------------
    SLICE_X31Y6          FDRE (Prop_fdre_C_Q)         0.141     1.587 r  processor/stack_loop[1].upper_stack.pointer_flop/Q
                         net (fo=30, routed)          0.309     1.896    processor/stack_ram_low/ADDRD1
    SLICE_X30Y5          RAMD32                                       r  processor/stack_ram_low/RAMC_D1/WADR1
  -------------------------------------------------------------------    -------------------

                         (clock sys_clk_pin rise edge)
                                                      0.000     0.000 r  
    W5                                                0.000     0.000 r  clk (IN)
                         net (fo=0)                   0.000     0.000    clk
    W5                   IBUF (Prop_ibuf_I_O)         0.414     0.414 r  clk_IBUF_inst/O
                         net (fo=1, routed)           0.685     1.099    clk_IBUF
    BUFGCTRL_X0Y0        BUFG (Prop_bufg_I_O)         0.029     1.128 r  clk_IBUF_BUFG_inst/O
                         net (fo=206, routed)         0.832     1.959    processor/stack_ram_low/WCLK
    SLICE_X30Y5          RAMD32                                       r  processor/stack_ram_low/RAMC_D1/CLK
                         clock pessimism             -0.497     1.462    
    SLICE_X30Y5          RAMD32 (Hold_ramd32_CLK_WADR1)
                                                      0.309     1.771    processor/stack_ram_low/RAMC_D1
  -------------------------------------------------------------------
                         required time                         -1.771    
                         arrival time                           1.896    
  -------------------------------------------------------------------
                         slack                                  0.125    

Slack (MET) :             0.125ns  (arrival time - required time)
  Source:                 processor/stack_loop[1].upper_stack.pointer_flop/C
                            (rising edge-triggered cell FDRE clocked by sys_clk_pin  {rise@0.000ns fall@5.000ns period=10.000ns})
  Destination:            processor/stack_ram_low/RAMD/ADR1
                            (rising edge-triggered cell RAMS32 clocked by sys_clk_pin  {rise@0.000ns fall@5.000ns period=10.000ns})
  Path Group:             sys_clk_pin
  Path Type:              Hold (Min at Fast Process Corner)
  Requirement:            0.000ns  (sys_clk_pin rise@0.000ns - sys_clk_pin rise@0.000ns)
  Data Path Delay:        0.450ns  (logic 0.141ns (31.322%)  route 0.309ns (68.678%))
  Logic Levels:           0  
  Clock Path Skew:        0.016ns (DCD - SCD - CPR)
    Destination Clock Delay (DCD):    1.959ns
    Source Clock Delay      (SCD):    1.446ns
    Clock Pessimism Removal (CPR):    0.497ns

    Location             Delay type                Incr(ns)  Path(ns)    Netlist Resource(s)
  -------------------------------------------------------------------    -------------------
                         (clock sys_clk_pin rise edge)
                                                      0.000     0.000 r  
    W5                                                0.000     0.000 r  clk (IN)
                         net (fo=0)                   0.000     0.000    clk
    W5                   IBUF (Prop_ibuf_I_O)         0.226     0.226 r  clk_IBUF_inst/O
                         net (fo=1, routed)           0.631     0.858    clk_IBUF
    BUFGCTRL_X0Y0        BUFG (Prop_bufg_I_O)         0.026     0.884 r  clk_IBUF_BUFG_inst/O
                         net (fo=206, routed)         0.563     1.446    processor/CLK
    SLICE_X31Y6          FDRE                                         r  processor/stack_loop[1].upper_stack.pointer_flop/C
  -------------------------------------------------------------------    -------------------
    SLICE_X31Y6          FDRE (Prop_fdre_C_Q)         0.141     1.587 r  processor/stack_loop[1].upper_stack.pointer_flop/Q
                         net (fo=30, routed)          0.309     1.896    processor/stack_ram_low/ADDRD1
    SLICE_X30Y5          RAMS32                                       r  processor/stack_ram_low/RAMD/ADR1
  -------------------------------------------------------------------    -------------------

                         (clock sys_clk_pin rise edge)
                                                      0.000     0.000 r  
    W5                                                0.000     0.000 r  clk (IN)
                         net (fo=0)                   0.000     0.000    clk
    W5                   IBUF (Prop_ibuf_I_O)         0.414     0.414 r  clk_IBUF_inst/O
                         net (fo=1, routed)           0.685     1.099    clk_IBUF
    BUFGCTRL_X0Y0        BUFG (Prop_bufg_I_O)         0.029     1.128 r  clk_IBUF_BUFG_inst/O
                         net (fo=206, routed)         0.832     1.959    processor/stack_ram_low/WCLK
    SLICE_X30Y5          RAMS32                                       r  processor/stack_ram_low/RAMD/CLK
                         clock pessimism             -0.497     1.462    
    SLICE_X30Y5          RAMS32 (Hold_rams32_CLK_ADR1)
                                                      0.309     1.771    processor/stack_ram_low/RAMD
  -------------------------------------------------------------------
                         required time                         -1.771    
                         arrival time                           1.896    
  -------------------------------------------------------------------
                         slack                                  0.125    

Slack (MET) :             0.125ns  (arrival time - required time)
  Source:                 processor/stack_loop[1].upper_stack.pointer_flop/C
                            (rising edge-triggered cell FDRE clocked by sys_clk_pin  {rise@0.000ns fall@5.000ns period=10.000ns})
  Destination:            processor/stack_ram_low/RAMD_D1/ADR1
                            (rising edge-triggered cell RAMS32 clocked by sys_clk_pin  {rise@0.000ns fall@5.000ns period=10.000ns})
  Path Group:             sys_clk_pin
  Path Type:              Hold (Min at Fast Process Corner)
  Requirement:            0.000ns  (sys_clk_pin rise@0.000ns - sys_clk_pin rise@0.000ns)
  Data Path Delay:        0.450ns  (logic 0.141ns (31.322%)  route 0.309ns (68.678%))
  Logic Levels:           0  
  Clock Path Skew:        0.016ns (DCD - SCD - CPR)
    Destination Clock Delay (DCD):    1.959ns
    Source Clock Delay      (SCD):    1.446ns
    Clock Pessimism Removal (CPR):    0.497ns

    Location             Delay type                Incr(ns)  Path(ns)    Netlist Resource(s)
  -------------------------------------------------------------------    -------------------
                         (clock sys_clk_pin rise edge)
                                                      0.000     0.000 r  
    W5                                                0.000     0.000 r  clk (IN)
                         net (fo=0)                   0.000     0.000    clk
    W5                   IBUF (Prop_ibuf_I_O)         0.226     0.226 r  clk_IBUF_inst/O
                         net (fo=1, routed)           0.631     0.858    clk_IBUF
    BUFGCTRL_X0Y0        BUFG (Prop_bufg_I_O)         0.026     0.884 r  clk_IBUF_BUFG_inst/O
                         net (fo=206, routed)         0.563     1.446    processor/CLK
    SLICE_X31Y6          FDRE                                         r  processor/stack_loop[1].upper_stack.pointer_flop/C
  -------------------------------------------------------------------    -------------------
    SLICE_X31Y6          FDRE (Prop_fdre_C_Q)         0.141     1.587 r  processor/stack_loop[1].upper_stack.pointer_flop/Q
                         net (fo=30, routed)          0.309     1.896    processor/stack_ram_low/ADDRD1
    SLICE_X30Y5          RAMS32                                       r  processor/stack_ram_low/RAMD_D1/ADR1
  -------------------------------------------------------------------    -------------------

                         (clock sys_clk_pin rise edge)
                                                      0.000     0.000 r  
    W5                                                0.000     0.000 r  clk (IN)
                         net (fo=0)                   0.000     0.000    clk
    W5                   IBUF (Prop_ibuf_I_O)         0.414     0.414 r  clk_IBUF_inst/O
                         net (fo=1, routed)           0.685     1.099    clk_IBUF
    BUFGCTRL_X0Y0        BUFG (Prop_bufg_I_O)         0.029     1.128 r  clk_IBUF_BUFG_inst/O
                         net (fo=206, routed)         0.832     1.959    processor/stack_ram_low/WCLK
    SLICE_X30Y5          RAMS32                                       r  processor/stack_ram_low/RAMD_D1/CLK
                         clock pessimism             -0.497     1.462    
    SLICE_X30Y5          RAMS32 (Hold_rams32_CLK_ADR1)
                                                      0.309     1.771    processor/stack_ram_low/RAMD_D1
  -------------------------------------------------------------------
                         required time                         -1.771    
                         arrival time                           1.896    
  -------------------------------------------------------------------
                         slack                                  0.125    

Slack (MET) :             0.126ns  (arrival time - required time)
  Source:                 processor/stack_loop[0].lsb_stack.pointer_flop/C
                            (rising edge-triggered cell FDRE clocked by sys_clk_pin  {rise@0.000ns fall@5.000ns period=10.000ns})
  Destination:            processor/stack_ram_high/RAMA/WADR0
                            (rising edge-triggered cell RAMD32 clocked by sys_clk_pin  {rise@0.000ns fall@5.000ns period=10.000ns})
  Path Group:             sys_clk_pin
  Path Type:              Hold (Min at Fast Process Corner)
  Requirement:            0.000ns  (sys_clk_pin rise@0.000ns - sys_clk_pin rise@0.000ns)
  Data Path Delay:        0.452ns  (logic 0.141ns (31.214%)  route 0.311ns (68.786%))
  Logic Levels:           0  
  Clock Path Skew:        0.016ns (DCD - SCD - CPR)
    Destination Clock Delay (DCD):    1.959ns
    Source Clock Delay      (SCD):    1.446ns
    Clock Pessimism Removal (CPR):    0.497ns

    Location             Delay type                Incr(ns)  Path(ns)    Netlist Resource(s)
  -------------------------------------------------------------------    -------------------
                         (clock sys_clk_pin rise edge)
                                                      0.000     0.000 r  
    W5                                                0.000     0.000 r  clk (IN)
                         net (fo=0)                   0.000     0.000    clk
    W5                   IBUF (Prop_ibuf_I_O)         0.226     0.226 r  clk_IBUF_inst/O
                         net (fo=1, routed)           0.631     0.858    clk_IBUF
    BUFGCTRL_X0Y0        BUFG (Prop_bufg_I_O)         0.026     0.884 r  clk_IBUF_BUFG_inst/O
                         net (fo=206, routed)         0.563     1.446    processor/CLK
    SLICE_X31Y6          FDRE                                         r  processor/stack_loop[0].lsb_stack.pointer_flop/C
  -------------------------------------------------------------------    -------------------
    SLICE_X31Y6          FDRE (Prop_fdre_C_Q)         0.141     1.587 r  processor/stack_loop[0].lsb_stack.pointer_flop/Q
                         net (fo=30, routed)          0.311     1.898    processor/stack_ram_high/ADDRD0
    SLICE_X30Y4          RAMD32                                       r  processor/stack_ram_high/RAMA/WADR0
  -------------------------------------------------------------------    -------------------

                         (clock sys_clk_pin rise edge)
                                                      0.000     0.000 r  
    W5                                                0.000     0.000 r  clk (IN)
                         net (fo=0)                   0.000     0.000    clk
    W5                   IBUF (Prop_ibuf_I_O)         0.414     0.414 r  clk_IBUF_inst/O
                         net (fo=1, routed)           0.685     1.099    clk_IBUF
    BUFGCTRL_X0Y0        BUFG (Prop_bufg_I_O)         0.029     1.128 r  clk_IBUF_BUFG_inst/O
                         net (fo=206, routed)         0.832     1.959    processor/stack_ram_high/WCLK
    SLICE_X30Y4          RAMD32                                       r  processor/stack_ram_high/RAMA/CLK
                         clock pessimism             -0.497     1.462    
    SLICE_X30Y4          RAMD32 (Hold_ramd32_CLK_WADR0)
                                                      0.310     1.772    processor/stack_ram_high/RAMA
  -------------------------------------------------------------------
                         required time                         -1.772    
                         arrival time                           1.898    
  -------------------------------------------------------------------
                         slack                                  0.126    





Pulse Width Checks
--------------------------------------------------------------------------------------
Clock Name:         sys_clk_pin
Waveform(ns):       { 0.000 5.000 }
Period(ns):         10.000
Sources:            { clk }

Check Type        Corner  Lib Pin             Reference Pin  Required(ns)  Actual(ns)  Slack(ns)  Location       Pin
Min Period        n/a     RAMB18E1/CLKARDCLK  n/a            2.576         10.000      7.424      RAMB18_X1Y2    program_rom/ram_1k_generate.akv7.kcpsm6_rom/CLKARDCLK
Min Period        n/a     BUFG/I              n/a            2.155         10.000      7.845      BUFGCTRL_X0Y0  clk_IBUF_BUFG_inst/I
Min Period        n/a     FDRE/C              n/a            1.000         10.000      9.000      SLICE_X28Y10   als_reader/FSM_onehot_state_reg[0]/C
Min Period        n/a     FDRE/C              n/a            1.000         10.000      9.000      SLICE_X28Y10   als_reader/FSM_onehot_state_reg[1]/C
Min Period        n/a     FDRE/C              n/a            1.000         10.000      9.000      SLICE_X31Y11   als_reader/FSM_onehot_state_reg[2]/C
Min Period        n/a     FDRE/C              n/a            1.000         10.000      9.000      SLICE_X33Y18   als_reader/period_reg[10]/C
Min Period        n/a     FDRE/C              n/a            1.000         10.000      9.000      SLICE_X33Y18   als_reader/period_reg[11]/C
Min Period        n/a     FDRE/C              n/a            1.000         10.000      9.000      SLICE_X33Y18   als_reader/period_reg[12]/C
Min Period        n/a     FDRE/C              n/a            1.000         10.000      9.000      SLICE_X33Y19   als_reader/period_reg[13]/C
Min Period        n/a     FDRE/C              n/a            1.000         10.000      9.000      SLICE_X33Y19   als_reader/period_reg[14]/C
Low Pulse Width   Slow    RAMD32/CLK          n/a            1.250         5.000       3.750      SLICE_X30Y6    processor/lower_reg_banks/RAMA/CLK
Low Pulse Width   Slow    RAMD32/CLK          n/a            1.250         5.000       3.750      SLICE_X30Y4    processor/stack_ram_high/RAMA/CLK
Low Pulse Width   Slow    RAMD32/CLK          n/a            1.250         5.000       3.750      SLICE_X30Y4    processor/stack_ram_high/RAMA_D1/CLK
Low Pulse Width   Slow    RAMD32/CLK          n/a            1.250         5.000       3.750      SLICE_X30Y4    processor/stack_ram_high/RAMB/CLK
Low Pulse Width   Slow    RAMD32/CLK          n/a            1.250         5.000       3.750      SLICE_X30Y4    processor/stack_ram_high/RAMB_D1/CLK
Low Pulse Width   Slow    RAMD32/CLK          n/a            1.250         5.000       3.750      SLICE_X30Y4    processor/stack_ram_high/RAMC/CLK
Low Pulse Width   Slow    RAMD32/CLK          n/a            1.250         5.000       3.750      SLICE_X30Y4    processor/stack_ram_high/RAMC_D1/CLK
Low Pulse Width   Slow    RAMS32/CLK          n/a            1.250         5.000       3.750      SLICE_X30Y5    processor/stack_ram_low/RAMD_D1/CLK
Low Pulse Width   Slow    RAMD32/CLK          n/a            1.250         5.000       3.750      SLICE_X30Y6    processor/lower_reg_banks/RAMA_D1/CLK
Low Pulse Width   Slow    RAMD32/CLK          n/a            1.250         5.000       3.750      SLICE_X30Y6    processor/lower_reg_banks/RAMB/CLK
High Pulse Width  Fast    RAMD64E/CLK         n/a            1.250         5.000       3.750      SLICE_X34Y5    processor/data_path_loop[0].small_spm.small_spm_ram.spm_ram/RAMB/CLK
High Pulse Width  Fast    RAMD64E/CLK         n/a            1.250         5.000       3.750      SLICE_X34Y5    processor/data_path_loop[0].small_spm.small_spm_ram.spm_ram/RAMC/CLK
High Pulse Width  Fast    RAMD64E/CLK         n/a            1.250         5.000       3.750      SLICE_X34Y5    processor/data_path_loop[0].small_spm.small_spm_ram.spm_ram/RAMD/CLK
High Pulse Width  Slow    RAMD64E/CLK         n/a            1.250         5.000       3.750      SLICE_X34Y7    processor/data_path_loop[4].small_spm.small_spm_ram.spm_ram/RAMA/CLK
High Pulse Width  Fast    RAMD64E/CLK         n/a            1.250         5.000       3.750      SLICE_X34Y7    processor/data_path_loop[4].small_spm.small_spm_ram.spm_ram/RAMA/CLK
High Pulse Width  Slow    RAMD64E/CLK         n/a            1.250         5.000       3.750      SLICE_X34Y7    processor/data_path_loop[4].small_spm.small_spm_ram.spm_ram/RAMB/CLK
High Pulse Width  Fast    RAMD64E/CLK         n/a            1.250         5.000       3.750      SLICE_X34Y7    processor/data_path_loop[4].small_spm.small_spm_ram.spm_ram/RAMB/CLK
High Pulse Width  Slow    RAMD64E/CLK         n/a            1.250         5.000       3.750      SLICE_X34Y7    processor/data_path_loop[4].small_spm.small_spm_ram.spm_ram/RAMC/CLK
High Pulse Width  Fast    RAMD64E/CLK         n/a            1.250         5.000       3.750      SLICE_X34Y7    processor/data_path_loop[4].small_spm.small_spm_ram.spm_ram/RAMC/CLK
High Pulse Width  Slow    RAMD64E/CLK         n/a            1.250         5.000       3.750      SLICE_X34Y7    processor/data_path_loop[4].small_spm.small_spm_ram.spm_ram/RAMD/CLK



