#-----------------------------------------------------------
# Vivado v2018.3 (64-bit)
# SW Build 2405991 on Thu Dec  6 23:38:27 MST 2018
# IP Build 2404404 on Fri Dec  7 01:43:56 MST 2018
# Start of session at: Fri Apr  3 18:52:39 2026
# Process ID: 5436
# Current directory: C:/Users/lebray/Vivado-Workflow-Scripts
# Command line: vivado.exe -mode batch -source C:\Users\lebray\Vivado-Workflow-Scripts\HW8\T1\build.tcl -log C:\Users\lebray\Vivado-Workflow-Scripts\HW8\T1\vivado.log -journal C:\Users\lebray\Vivado-Workflow-Scripts\HW8\T1\vivado.jou
# Log file: C:/Users/lebray/Vivado-Workflow-Scripts/HW8/T1/vivado.log
# Journal file: C:\Users\lebray\Vivado-Workflow-Scripts\HW8\T1\vivado.jou
#-----------------------------------------------------------
source {C:\Users\lebray\Vivado-Workflow-Scripts\HW8\T1\build.tcl}
# create_project T1 {C:\Users\lebray\Vivado-Workflow-Scripts\HW8\T1\vivado_project} -part xc7a35tcpg236-1 -force
# if {[catch {set_property board_part digilentinc.com:basys3:part0:1.2 [current_project]}]} {
#     puts "Note: board part not available"
# }
Note: board part not available
# set_property target_language Verilog [current_project]
# add_files -norecurse {C:\Users\lebray\Vivado-Workflow-Scripts\HW8\T1\XADCdemo.v}
# add_files -norecurse {C:\Users\lebray\Vivado-Workflow-Scripts\HW8\T1\bin2dec.v}
# add_files -norecurse {C:\Users\lebray\Vivado-Workflow-Scripts\HW8\T1\DigitToSeg.v}
# add_files -norecurse {C:\Users\lebray\Vivado-Workflow-Scripts\HW8\T1\mux4_4bus.v}
# add_files -norecurse {C:\Users\lebray\Vivado-Workflow-Scripts\HW8\T1\sevensegdecoder.v}
# add_files -norecurse {C:\Users\lebray\Vivado-Workflow-Scripts\HW8\T1\counter3bit.v}
# add_files -norecurse {C:\Users\lebray\Vivado-Workflow-Scripts\HW8\T1\segClkDevider.v}
# add_files -norecurse {C:\Users\lebray\Vivado-Workflow-Scripts\HW8\T1\decoder3_8.v}
# add_files -norecurse {C:\Users\lebray\Vivado-Workflow-Scripts\HW8\T1\xadc_wiz_0.xci}
INFO: [IP_Flow 19-234] Refreshing IP repositories
INFO: [IP_Flow 19-1704] No user IP repositories specified
INFO: [IP_Flow 19-2313] Loaded Vivado IP repository 'C:/Xilinx/Vivado/2018.3/data/ip'.
WARNING: [IP_Flow 19-2162] IP 'xadc_wiz_0' is locked:
* IP definition 'XADC Wizard (3.3)' for IP 'xadc_wiz_0' (customized with software release 2018.2) has a different revision in the IP Catalog.
Please select 'Report IP Status' from the 'Tools/Report' menu or run Tcl command 'report_ip_status' for more information.
# upgrade_ip [get_ips xadc_wiz_0]
Upgrading 'xadc_wiz_0'
INFO: [Device 21-403] Loading part xc7a35tcpg236-1
INFO: [IP_Flow 19-3422] Upgraded xadc_wiz_0 (XADC Wizard 3.3) from revision 5 to revision 6
INFO: [IP_Flow 19-1686] Generating 'Instantiation Template' target for IP 'xadc_wiz_0'...
# generate_target {all} [get_ips xadc_wiz_0]
INFO: [IP_Flow 19-1686] Generating 'Synthesis' target for IP 'xadc_wiz_0'...
INFO: [IP_Flow 19-1686] Generating 'Simulation' target for IP 'xadc_wiz_0'...
INFO: [IP_Flow 19-1686] Generating 'Miscellaneous' target for IP 'xadc_wiz_0'...
INFO: [IP_Flow 19-1686] Generating 'Change Log' target for IP 'xadc_wiz_0'...
# synth_ip [get_ips xadc_wiz_0]
CRITICAL WARNING: [Vivado 12-5447] synth_ip is not supported in project mode, please use non-project mode.
INFO: [IP_Flow 19-234] Refreshing IP repositories
INFO: [IP_Flow 19-1704] No user IP repositories specified
INFO: [IP_Flow 19-2313] Loaded Vivado IP repository 'C:/Xilinx/Vivado/2018.3/data/ip'.
Command: synth_design -top xadc_wiz_0 -part xc7a35tcpg236-1 -mode out_of_context
Starting synth_design
Attempting to get a license for feature 'Synthesis' and/or device 'xc7a35t'
INFO: [Common 17-349] Got license for feature 'Synthesis' and/or device 'xc7a35t'
INFO: Launching helper process for spawning children vivado processes
INFO: Helper process launched with PID 20104 
---------------------------------------------------------------------------------
Starting RTL Elaboration : Time (s): cpu = 00:00:01 ; elapsed = 00:00:01 . Memory (MB): peak = 614.512 ; gain = 103.691
---------------------------------------------------------------------------------
INFO: [Synth 8-6157] synthesizing module 'xadc_wiz_0' [c:/Users/lebray/Vivado-Workflow-Scripts/HW8/T1/xadc_wiz_0.v:53]
INFO: [Synth 8-6157] synthesizing module 'XADC' [C:/Xilinx/Vivado/2018.3/scripts/rt/data/unisim_comp.v:53521]
	Parameter INIT_40 bound to: 16'b0000000000000000 
	Parameter INIT_41 bound to: 16'b0010000110101111 
	Parameter INIT_42 bound to: 16'b0000010000000000 
	Parameter INIT_43 bound to: 16'b0000000000000000 
	Parameter INIT_44 bound to: 16'b0000000000000000 
	Parameter INIT_45 bound to: 16'b0000000000000000 
	Parameter INIT_46 bound to: 16'b0000000000000000 
	Parameter INIT_47 bound to: 16'b0000000000000000 
	Parameter INIT_48 bound to: 16'b0000000000000000 
	Parameter INIT_49 bound to: 16'b1100000011000000 
	Parameter INIT_4A bound to: 16'b0000000000000000 
	Parameter INIT_4B bound to: 16'b0000000000000000 
	Parameter INIT_4C bound to: 16'b0000000000000000 
	Parameter INIT_4D bound to: 16'b0000000000000000 
	Parameter INIT_4E bound to: 16'b0000000000000000 
	Parameter INIT_4F bound to: 16'b0000000000000000 
	Parameter INIT_50 bound to: 16'b1011010111101101 
	Parameter INIT_51 bound to: 16'b0101011111100100 
	Parameter INIT_52 bound to: 16'b1010000101000111 
	Parameter INIT_53 bound to: 16'b1100101000110011 
	Parameter INIT_54 bound to: 16'b1010100100111010 
	Parameter INIT_55 bound to: 16'b0101001011000110 
	Parameter INIT_56 bound to: 16'b1001010101010101 
	Parameter INIT_57 bound to: 16'b1010111001001110 
	Parameter INIT_58 bound to: 16'b0101100110011001 
	Parameter INIT_59 bound to: 16'b0000000000000000 
	Parameter INIT_5A bound to: 16'b0000000000000000 
	Parameter INIT_5B bound to: 16'b0000000000000000 
	Parameter INIT_5C bound to: 16'b0101000100010001 
	Parameter INIT_5D bound to: 16'b0000000000000000 
	Parameter INIT_5E bound to: 16'b0000000000000000 
	Parameter INIT_5F bound to: 16'b0000000000000000 
	Parameter IS_CONVSTCLK_INVERTED bound to: 1'b0 
	Parameter IS_DCLK_INVERTED bound to: 1'b0 
	Parameter SIM_DEVICE bound to: 7SERIES - type: string 
	Parameter SIM_MONITOR_FILE bound to: design.txt - type: string 
INFO: [Synth 8-6155] done synthesizing module 'XADC' (1#1) [C:/Xilinx/Vivado/2018.3/scripts/rt/data/unisim_comp.v:53521]
INFO: [Synth 8-6155] done synthesizing module 'xadc_wiz_0' (2#1) [c:/Users/lebray/Vivado-Workflow-Scripts/HW8/T1/xadc_wiz_0.v:53]
---------------------------------------------------------------------------------
Finished RTL Elaboration : Time (s): cpu = 00:00:01 ; elapsed = 00:00:02 . Memory (MB): peak = 670.426 ; gain = 159.605
---------------------------------------------------------------------------------

Report Check Netlist: 
+------+------------------+-------+---------+-------+------------------+
|      |Item              |Errors |Warnings |Status |Description       |
+------+------------------+-------+---------+-------+------------------+
|1     |multi_driven_nets |      0|        0|Passed |Multi driven nets |
+------+------------------+-------+---------+-------+------------------+
---------------------------------------------------------------------------------
Start Handling Custom Attributes
---------------------------------------------------------------------------------
---------------------------------------------------------------------------------
Finished Handling Custom Attributes : Time (s): cpu = 00:00:01 ; elapsed = 00:00:02 . Memory (MB): peak = 670.426 ; gain = 159.605
---------------------------------------------------------------------------------
---------------------------------------------------------------------------------
Finished RTL Optimization Phase 1 : Time (s): cpu = 00:00:01 ; elapsed = 00:00:02 . Memory (MB): peak = 670.426 ; gain = 159.605
---------------------------------------------------------------------------------
INFO: [Netlist 29-17] Analyzing 1 Unisim elements for replacement
INFO: [Netlist 29-28] Unisim Transformation completed in 0 CPU seconds
INFO: [Project 1-570] Preparing netlist for logic optimization

Processing XDC Constraints
Initializing timing engine
Parsing XDC File [c:/Users/lebray/Vivado-Workflow-Scripts/HW8/T1/xadc_wiz_0_ooc.xdc] for cell 'inst'
Finished Parsing XDC File [c:/Users/lebray/Vivado-Workflow-Scripts/HW8/T1/xadc_wiz_0_ooc.xdc] for cell 'inst'
Parsing XDC File [c:/Users/lebray/Vivado-Workflow-Scripts/HW8/T1/xadc_wiz_0.xdc] for cell 'inst'
Finished Parsing XDC File [c:/Users/lebray/Vivado-Workflow-Scripts/HW8/T1/xadc_wiz_0.xdc] for cell 'inst'
Completed Processing XDC Constraints

Netlist sorting complete. Time (s): cpu = 00:00:00 ; elapsed = 00:00:00 . Memory (MB): peak = 722.930 ; gain = 0.000
INFO: [Project 1-111] Unisim Transformation Summary:
No Unisim elements were transformed.

Netlist sorting complete. Time (s): cpu = 00:00:00 ; elapsed = 00:00:00 . Memory (MB): peak = 722.930 ; gain = 0.000
Constraint Validation Runtime : Time (s): cpu = 00:00:00 ; elapsed = 00:00:00.004 . Memory (MB): peak = 722.930 ; gain = 0.000
---------------------------------------------------------------------------------
Finished Constraint Validation : Time (s): cpu = 00:00:04 ; elapsed = 00:00:05 . Memory (MB): peak = 722.930 ; gain = 212.109
---------------------------------------------------------------------------------
---------------------------------------------------------------------------------
Start Loading Part and Timing Information
---------------------------------------------------------------------------------
Loading part: xc7a35tcpg236-1
---------------------------------------------------------------------------------
Finished Loading Part and Timing Information : Time (s): cpu = 00:00:04 ; elapsed = 00:00:05 . Memory (MB): peak = 722.930 ; gain = 212.109
---------------------------------------------------------------------------------
---------------------------------------------------------------------------------
Start Applying 'set_property' XDC Constraints
---------------------------------------------------------------------------------
Applied set_property DONT_TOUCH = true for inst. (constraint file  auto generated constraint, line ).
---------------------------------------------------------------------------------
Finished applying 'set_property' XDC Constraints : Time (s): cpu = 00:00:04 ; elapsed = 00:00:05 . Memory (MB): peak = 722.930 ; gain = 212.109
---------------------------------------------------------------------------------
---------------------------------------------------------------------------------
Finished RTL Optimization Phase 2 : Time (s): cpu = 00:00:04 ; elapsed = 00:00:05 . Memory (MB): peak = 722.930 ; gain = 212.109
---------------------------------------------------------------------------------

Report RTL Partitions: 
+-+--------------+------------+----------+
| |RTL Partition |Replication |Instances |
+-+--------------+------------+----------+
+-+--------------+------------+----------+
---------------------------------------------------------------------------------
Start RTL Component Statistics 
---------------------------------------------------------------------------------
Detailed RTL Component Info : 
---------------------------------------------------------------------------------
Finished RTL Component Statistics 
---------------------------------------------------------------------------------
---------------------------------------------------------------------------------
Start RTL Hierarchical Component Statistics 
---------------------------------------------------------------------------------
Hierarchical RTL Component report 
---------------------------------------------------------------------------------
Finished RTL Hierarchical Component Statistics
---------------------------------------------------------------------------------
---------------------------------------------------------------------------------
Start Part Resource Summary
---------------------------------------------------------------------------------
Part Resources:
DSPs: 90 (col length:60)
BRAMs: 100 (col length: RAMB18 60 RAMB36 30)
---------------------------------------------------------------------------------
Finished Part Resource Summary
---------------------------------------------------------------------------------
---------------------------------------------------------------------------------
Start Cross Boundary and Area Optimization
---------------------------------------------------------------------------------
Warning: Parallel synthesis criteria is not met 
---------------------------------------------------------------------------------
Finished Cross Boundary and Area Optimization : Time (s): cpu = 00:00:04 ; elapsed = 00:00:06 . Memory (MB): peak = 722.930 ; gain = 212.109
---------------------------------------------------------------------------------

Report RTL Partitions: 
+-+--------------+------------+----------+
| |RTL Partition |Replication |Instances |
+-+--------------+------------+----------+
+-+--------------+------------+----------+
---------------------------------------------------------------------------------
Start Applying XDC Timing Constraints
---------------------------------------------------------------------------------
---------------------------------------------------------------------------------
Finished Applying XDC Timing Constraints : Time (s): cpu = 00:00:07 ; elapsed = 00:00:09 . Memory (MB): peak = 787.121 ; gain = 276.301
---------------------------------------------------------------------------------
---------------------------------------------------------------------------------
Start Timing Optimization
---------------------------------------------------------------------------------
---------------------------------------------------------------------------------
Finished Timing Optimization : Time (s): cpu = 00:00:07 ; elapsed = 00:00:09 . Memory (MB): peak = 787.121 ; gain = 276.301
---------------------------------------------------------------------------------

Report RTL Partitions: 
+-+--------------+------------+----------+
| |RTL Partition |Replication |Instances |
+-+--------------+------------+----------+
+-+--------------+------------+----------+
---------------------------------------------------------------------------------
Start Technology Mapping
---------------------------------------------------------------------------------
---------------------------------------------------------------------------------
Finished Technology Mapping : Time (s): cpu = 00:00:07 ; elapsed = 00:00:09 . Memory (MB): peak = 796.668 ; gain = 285.848
---------------------------------------------------------------------------------

Report RTL Partitions: 
+-+--------------+------------+----------+
| |RTL Partition |Replication |Instances |
+-+--------------+------------+----------+
+-+--------------+------------+----------+
---------------------------------------------------------------------------------
Start IO Insertion
---------------------------------------------------------------------------------
---------------------------------------------------------------------------------
Start Flattening Before IO Insertion
---------------------------------------------------------------------------------
---------------------------------------------------------------------------------
Finished Flattening Before IO Insertion
---------------------------------------------------------------------------------
---------------------------------------------------------------------------------
Start Final Netlist Cleanup
---------------------------------------------------------------------------------
---------------------------------------------------------------------------------
Finished Final Netlist Cleanup
---------------------------------------------------------------------------------
---------------------------------------------------------------------------------
Finished IO Insertion : Time (s): cpu = 00:00:07 ; elapsed = 00:00:09 . Memory (MB): peak = 796.668 ; gain = 285.848
---------------------------------------------------------------------------------

Report Check Netlist: 
+------+------------------+-------+---------+-------+------------------+
|      |Item              |Errors |Warnings |Status |Description       |
+------+------------------+-------+---------+-------+------------------+
|1     |multi_driven_nets |      0|        0|Passed |Multi driven nets |
+------+------------------+-------+---------+-------+------------------+
---------------------------------------------------------------------------------
Start Renaming Generated Instances
---------------------------------------------------------------------------------
---------------------------------------------------------------------------------
Finished Renaming Generated Instances : Time (s): cpu = 00:00:07 ; elapsed = 00:00:09 . Memory (MB): peak = 796.668 ; gain = 285.848
---------------------------------------------------------------------------------

Report RTL Partitions: 
+-+--------------+------------+----------+
| |RTL Partition |Replication |Instances |
+-+--------------+------------+----------+
+-+--------------+------------+----------+
---------------------------------------------------------------------------------
Start Rebuilding User Hierarchy
---------------------------------------------------------------------------------
---------------------------------------------------------------------------------
Finished Rebuilding User Hierarchy : Time (s): cpu = 00:00:07 ; elapsed = 00:00:09 . Memory (MB): peak = 796.668 ; gain = 285.848
---------------------------------------------------------------------------------
---------------------------------------------------------------------------------
Start Renaming Generated Ports
---------------------------------------------------------------------------------
---------------------------------------------------------------------------------
Finished Renaming Generated Ports : Time (s): cpu = 00:00:07 ; elapsed = 00:00:09 . Memory (MB): peak = 796.668 ; gain = 285.848
---------------------------------------------------------------------------------
---------------------------------------------------------------------------------
Start Handling Custom Attributes
---------------------------------------------------------------------------------
---------------------------------------------------------------------------------
Finished Handling Custom Attributes : Time (s): cpu = 00:00:07 ; elapsed = 00:00:09 . Memory (MB): peak = 796.668 ; gain = 285.848
---------------------------------------------------------------------------------
---------------------------------------------------------------------------------
Start Renaming Generated Nets
---------------------------------------------------------------------------------
---------------------------------------------------------------------------------
Finished Renaming Generated Nets : Time (s): cpu = 00:00:07 ; elapsed = 00:00:09 . Memory (MB): peak = 796.668 ; gain = 285.848
---------------------------------------------------------------------------------
---------------------------------------------------------------------------------
Start Writing Synthesis Report
---------------------------------------------------------------------------------

Report BlackBoxes: 
+-+--------------+----------+
| |BlackBox name |Instances |
+-+--------------+----------+
+-+--------------+----------+

Report Cell Usage: 
+------+-----+------+
|      |Cell |Count |
+------+-----+------+
|1     |XADC |     1|
+------+-----+------+

Report Instance Areas: 
+------+---------+-------+------+
|      |Instance |Module |Cells |
+------+---------+-------+------+
|1     |top      |       |     1|
+------+---------+-------+------+
---------------------------------------------------------------------------------
Finished Writing Synthesis Report : Time (s): cpu = 00:00:07 ; elapsed = 00:00:09 . Memory (MB): peak = 796.668 ; gain = 285.848
---------------------------------------------------------------------------------
Synthesis finished with 0 errors, 0 critical warnings and 0 warnings.
Synthesis Optimization Runtime : Time (s): cpu = 00:00:04 ; elapsed = 00:00:07 . Memory (MB): peak = 796.668 ; gain = 233.344
Synthesis Optimization Complete : Time (s): cpu = 00:00:07 ; elapsed = 00:00:09 . Memory (MB): peak = 796.668 ; gain = 285.848
INFO: [Project 1-571] Translating synthesized netlist
INFO: [Netlist 29-17] Analyzing 1 Unisim elements for replacement
INFO: [Netlist 29-28] Unisim Transformation completed in 0 CPU seconds
INFO: [Project 1-570] Preparing netlist for logic optimization
Parsing XDC File [c:/Users/lebray/Vivado-Workflow-Scripts/HW8/T1/xadc_wiz_0_ooc.xdc] for cell 'inst'
Finished Parsing XDC File [c:/Users/lebray/Vivado-Workflow-Scripts/HW8/T1/xadc_wiz_0_ooc.xdc] for cell 'inst'
Parsing XDC File [c:/Users/lebray/Vivado-Workflow-Scripts/HW8/T1/xadc_wiz_0.xdc] for cell 'inst'
Finished Parsing XDC File [c:/Users/lebray/Vivado-Workflow-Scripts/HW8/T1/xadc_wiz_0.xdc] for cell 'inst'
INFO: [Opt 31-138] Pushed 0 inverter(s) to 0 load pin(s).
Netlist sorting complete. Time (s): cpu = 00:00:00 ; elapsed = 00:00:00 . Memory (MB): peak = 816.141 ; gain = 0.000
INFO: [Project 1-111] Unisim Transformation Summary:
No Unisim elements were transformed.

INFO: [Common 17-83] Releasing license: Synthesis
19 Infos, 0 Warnings, 0 Critical Warnings and 0 Errors encountered.
synth_design completed successfully
synth_design: Time (s): cpu = 00:00:09 ; elapsed = 00:00:11 . Memory (MB): peak = 816.141 ; gain = 317.559
Netlist sorting complete. Time (s): cpu = 00:00:00 ; elapsed = 00:00:00 . Memory (MB): peak = 816.141 ; gain = 0.000
INFO: [Timing 38-35] Done setting XDC timing constraints.
INFO: [Timing 38-480] Writing timing data to binary archive.
Netlist sorting complete. Time (s): cpu = 00:00:00 ; elapsed = 00:00:00 . Memory (MB): peak = 1158.520 ; gain = 0.000
INFO: [Common 17-1381] The checkpoint 'C:/Users/lebray/Vivado-Workflow-Scripts/HW8/T1/xadc_wiz_0.dcp' has been generated.
INFO: [Vivado 12-3441] generate_netlist_ip - operation complete
synth_ip: Time (s): cpu = 00:00:10 ; elapsed = 00:00:13 . Memory (MB): peak = 1162.531 ; gain = 686.457
# set_property top XADCdemo [current_fileset]
# update_compile_order -fileset sources_1
# add_files -fileset constrs_1 -norecurse {C:\Users\lebray\Vivado-Workflow-Scripts\HW8\T1\xadc.xdc}
# reset_run synth_1
# launch_runs synth_1
INFO: [Vivado 12-4149] The synthesis checkpoint for IP 'C:/Users/lebray/Vivado-Workflow-Scripts/HW8/T1/xadc_wiz_0.xci' is already up-to-date
[Fri Apr  3 18:53:01 2026] Launched synth_1...
Run output will be captured here: C:/Users/lebray/Vivado-Workflow-Scripts/HW8/T1/vivado_project/T1.runs/synth_1/runme.log
# wait_on_run synth_1
[Fri Apr  3 18:53:01 2026] Waiting for synth_1 to finish...

*** Running vivado
    with args -log XADCdemo.vds -m64 -product Vivado -mode batch -messageDb vivado.pb -notrace -source XADCdemo.tcl


****** Vivado v2018.3 (64-bit)
  **** SW Build 2405991 on Thu Dec  6 23:38:27 MST 2018
  **** IP Build 2404404 on Fri Dec  7 01:43:56 MST 2018
    ** Copyright 1986-2018 Xilinx, Inc. All Rights Reserved.

source XADCdemo.tcl -notrace
Command: synth_design -top XADCdemo -part xc7a35tcpg236-1
Starting synth_design
Attempting to get a license for feature 'Synthesis' and/or device 'xc7a35t'
INFO: [Common 17-349] Got license for feature 'Synthesis' and/or device 'xc7a35t'
INFO: Launching helper process for spawning children vivado processes
INFO: Helper process launched with PID 10088 
---------------------------------------------------------------------------------
Starting RTL Elaboration : Time (s): cpu = 00:00:01 ; elapsed = 00:00:00.960 . Memory (MB): peak = 384.672 ; gain = 100.105
---------------------------------------------------------------------------------
INFO: [Synth 8-6157] synthesizing module 'XADCdemo' [C:/Users/lebray/Vivado-Workflow-Scripts/HW8/T1/XADCdemo.v:23]
	Parameter S_IDLE bound to: 0 - type: integer 
	Parameter S_FRAME_WAIT bound to: 1 - type: integer 
	Parameter S_CONVERSION bound to: 2 - type: integer 
INFO: [Synth 8-6157] synthesizing module 'xadc_wiz_0' [C:/Users/lebray/Vivado-Workflow-Scripts/HW8/T1/vivado_project/T1.runs/synth_1/.Xil/Vivado-11004-BH610-DRZVK84/realtime/xadc_wiz_0_stub.v:5]
INFO: [Synth 8-6155] done synthesizing module 'xadc_wiz_0' (1#1) [C:/Users/lebray/Vivado-Workflow-Scripts/HW8/T1/vivado_project/T1.runs/synth_1/.Xil/Vivado-11004-BH610-DRZVK84/realtime/xadc_wiz_0_stub.v:5]
WARNING: [Synth 8-350] instance 'XLXI_7' of module 'xadc_wiz_0' requires 22 connections, but only 21 given [C:/Users/lebray/Vivado-Workflow-Scripts/HW8/T1/XADCdemo.v:62]
INFO: [Synth 8-155] case statement is not full and has no default [C:/Users/lebray/Vivado-Workflow-Scripts/HW8/T1/XADCdemo.v:113]
INFO: [Synth 8-6157] synthesizing module 'bin2dec' [C:/Users/lebray/Vivado-Workflow-Scripts/HW8/T1/bin2dec.v:19]
	Parameter S_IDLE bound to: 0 - type: integer 
	Parameter S_DONE bound to: 1 - type: integer 
	Parameter S_DIVIDE bound to: 2 - type: integer 
	Parameter S_NEXT_DIGIT bound to: 3 - type: integer 
	Parameter S_CONVERT bound to: 4 - type: integer 
INFO: [Synth 8-6155] done synthesizing module 'bin2dec' (2#1) [C:/Users/lebray/Vivado-Workflow-Scripts/HW8/T1/bin2dec.v:19]
INFO: [Synth 8-6157] synthesizing module 'DigitToSeg' [C:/Users/lebray/Vivado-Workflow-Scripts/HW8/T1/DigitToSeg.v:23]
INFO: [Synth 8-6157] synthesizing module 'sevensegdecoder' [C:/Users/lebray/Vivado-Workflow-Scripts/HW8/T1/sevensegdecoder.v:21]
INFO: [Synth 8-226] default block is never used [C:/Users/lebray/Vivado-Workflow-Scripts/HW8/T1/sevensegdecoder.v:28]
INFO: [Synth 8-6155] done synthesizing module 'sevensegdecoder' (3#1) [C:/Users/lebray/Vivado-Workflow-Scripts/HW8/T1/sevensegdecoder.v:21]
INFO: [Synth 8-6157] synthesizing module 'mux4_4bus' [C:/Users/lebray/Vivado-Workflow-Scripts/HW8/T1/mux4_4bus.v:21]
INFO: [Synth 8-6155] done synthesizing module 'mux4_4bus' (4#1) [C:/Users/lebray/Vivado-Workflow-Scripts/HW8/T1/mux4_4bus.v:21]
INFO: [Synth 8-6157] synthesizing module 'segClkDevider' [C:/Users/lebray/Vivado-Workflow-Scripts/HW8/T1/segClkDevider.v:21]
	Parameter constantNumber bound to: 10000 - type: integer 
INFO: [Synth 8-6155] done synthesizing module 'segClkDevider' (5#1) [C:/Users/lebray/Vivado-Workflow-Scripts/HW8/T1/segClkDevider.v:21]
INFO: [Synth 8-6157] synthesizing module 'counter3bit' [C:/Users/lebray/Vivado-Workflow-Scripts/HW8/T1/counter3bit.v:1]
INFO: [Synth 8-6155] done synthesizing module 'counter3bit' (6#1) [C:/Users/lebray/Vivado-Workflow-Scripts/HW8/T1/counter3bit.v:1]
INFO: [Synth 8-6157] synthesizing module 'decoder_3_8' [C:/Users/lebray/Vivado-Workflow-Scripts/HW8/T1/decoder3_8.v:21]
INFO: [Synth 8-6155] done synthesizing module 'decoder_3_8' (7#1) [C:/Users/lebray/Vivado-Workflow-Scripts/HW8/T1/decoder3_8.v:21]
INFO: [Synth 8-6155] done synthesizing module 'DigitToSeg' (8#1) [C:/Users/lebray/Vivado-Workflow-Scripts/HW8/T1/DigitToSeg.v:23]
INFO: [Synth 8-6155] done synthesizing module 'XADCdemo' (9#1) [C:/Users/lebray/Vivado-Workflow-Scripts/HW8/T1/XADCdemo.v:23]
WARNING: [Synth 8-3331] design counter3bit has unconnected port rst
---------------------------------------------------------------------------------
Finished RTL Elaboration : Time (s): cpu = 00:00:02 ; elapsed = 00:00:01 . Memory (MB): peak = 440.223 ; gain = 155.656
---------------------------------------------------------------------------------

Report Check Netlist: 
+------+------------------+-------+---------+-------+------------------+
|      |Item              |Errors |Warnings |Status |Description       |
+------+------------------+-------+---------+-------+------------------+
|1     |multi_driven_nets |      0|        0|Passed |Multi driven nets |
+------+------------------+-------+---------+-------+------------------+
WARNING: [Synth 8-3295] tying undriven pin XLXI_47:rst to constant 0 [C:/Users/lebray/Vivado-Workflow-Scripts/HW8/T1/DigitToSeg.v:67]
WARNING: [Synth 8-3295] tying undriven pin segment1:in5[3] to constant 0 [C:/Users/lebray/Vivado-Workflow-Scripts/HW8/T1/XADCdemo.v:158]
WARNING: [Synth 8-3295] tying undriven pin segment1:in5[2] to constant 0 [C:/Users/lebray/Vivado-Workflow-Scripts/HW8/T1/XADCdemo.v:158]
WARNING: [Synth 8-3295] tying undriven pin segment1:in5[1] to constant 0 [C:/Users/lebray/Vivado-Workflow-Scripts/HW8/T1/XADCdemo.v:158]
WARNING: [Synth 8-3295] tying undriven pin segment1:in5[0] to constant 0 [C:/Users/lebray/Vivado-Workflow-Scripts/HW8/T1/XADCdemo.v:158]
WARNING: [Synth 8-3295] tying undriven pin segment1:in6[3] to constant 0 [C:/Users/lebray/Vivado-Workflow-Scripts/HW8/T1/XADCdemo.v:158]
WARNING: [Synth 8-3295] tying undriven pin segment1:in6[2] to constant 0 [C:/Users/lebray/Vivado-Workflow-Scripts/HW8/T1/XADCdemo.v:158]
WARNING: [Synth 8-3295] tying undriven pin segment1:in6[1] to constant 0 [C:/Users/lebray/Vivado-Workflow-Scripts/HW8/T1/XADCdemo.v:158]
WARNING: [Synth 8-3295] tying undriven pin segment1:in6[0] to constant 0 [C:/Users/lebray/Vivado-Workflow-Scripts/HW8/T1/XADCdemo.v:158]
WARNING: [Synth 8-3295] tying undriven pin segment1:in7[3] to constant 0 [C:/Users/lebray/Vivado-Workflow-Scripts/HW8/T1/XADCdemo.v:158]
WARNING: [Synth 8-3295] tying undriven pin segment1:in7[2] to constant 0 [C:/Users/lebray/Vivado-Workflow-Scripts/HW8/T1/XADCdemo.v:158]
WARNING: [Synth 8-3295] tying undriven pin segment1:in7[1] to constant 0 [C:/Users/lebray/Vivado-Workflow-Scripts/HW8/T1/XADCdemo.v:158]
WARNING: [Synth 8-3295] tying undriven pin segment1:in7[0] to constant 0 [C:/Users/lebray/Vivado-Workflow-Scripts/HW8/T1/XADCdemo.v:158]
WARNING: [Synth 8-3295] tying undriven pin segment1:in8[3] to constant 0 [C:/Users/lebray/Vivado-Workflow-Scripts/HW8/T1/XADCdemo.v:158]
WARNING: [Synth 8-3295] tying undriven pin segment1:in8[2] to constant 0 [C:/Users/lebray/Vivado-Workflow-Scripts/HW8/T1/XADCdemo.v:158]
WARNING: [Synth 8-3295] tying undriven pin segment1:in8[1] to constant 0 [C:/Users/lebray/Vivado-Workflow-Scripts/HW8/T1/XADCdemo.v:158]
WARNING: [Synth 8-3295] tying undriven pin segment1:in8[0] to constant 0 [C:/Users/lebray/Vivado-Workflow-Scripts/HW8/T1/XADCdemo.v:158]
---------------------------------------------------------------------------------
Start Handling Custom Attributes
---------------------------------------------------------------------------------
---------------------------------------------------------------------------------
Finished Handling Custom Attributes : Time (s): cpu = 00:00:02 ; elapsed = 00:00:01 . Memory (MB): peak = 440.223 ; gain = 155.656
---------------------------------------------------------------------------------
---------------------------------------------------------------------------------
Finished RTL Optimization Phase 1 : Time (s): cpu = 00:00:02 ; elapsed = 00:00:01 . Memory (MB): peak = 440.223 ; gain = 155.656
---------------------------------------------------------------------------------
INFO: [Device 21-403] Loading part xc7a35tcpg236-1
INFO: [Project 1-570] Preparing netlist for logic optimization

Processing XDC Constraints
Initializing timing engine
Parsing XDC File [c:/Users/lebray/Vivado-Workflow-Scripts/HW8/T1/xadc_wiz_0/xadc_wiz_0_in_context.xdc] for cell 'XLXI_7'
Finished Parsing XDC File [c:/Users/lebray/Vivado-Workflow-Scripts/HW8/T1/xadc_wiz_0/xadc_wiz_0_in_context.xdc] for cell 'XLXI_7'
Parsing XDC File [C:/Users/lebray/Vivado-Workflow-Scripts/HW8/T1/xadc.xdc]
Finished Parsing XDC File [C:/Users/lebray/Vivado-Workflow-Scripts/HW8/T1/xadc.xdc]
INFO: [Project 1-236] Implementation specific constraints were found while reading constraint file [C:/Users/lebray/Vivado-Workflow-Scripts/HW8/T1/xadc.xdc]. These constraints will be ignored for synthesis but will be used in implementation. Impacted constraints are listed in the file [.Xil/XADCdemo_propImpl.xdc].
Resolution: To avoid this warning, move constraints listed in [.Xil/XADCdemo_propImpl.xdc] to another XDC file and exclude this new file from synthesis with the used_in_synthesis property (File Properties dialog in GUI) and re-run elaboration/synthesis.
Parsing XDC File [C:/Users/lebray/Vivado-Workflow-Scripts/HW8/T1/vivado_project/T1.runs/synth_1/dont_touch.xdc]
Finished Parsing XDC File [C:/Users/lebray/Vivado-Workflow-Scripts/HW8/T1/vivado_project/T1.runs/synth_1/dont_touch.xdc]
Netlist sorting complete. Time (s): cpu = 00:00:00 ; elapsed = 00:00:00 . Memory (MB): peak = 772.621 ; gain = 0.000
Completed Processing XDC Constraints

Netlist sorting complete. Time (s): cpu = 00:00:00 ; elapsed = 00:00:00 . Memory (MB): peak = 772.660 ; gain = 0.000
INFO: [Project 1-111] Unisim Transformation Summary:
No Unisim elements were transformed.

Netlist sorting complete. Time (s): cpu = 00:00:00 ; elapsed = 00:00:00 . Memory (MB): peak = 772.660 ; gain = 0.000
Constraint Validation Runtime : Time (s): cpu = 00:00:00 ; elapsed = 00:00:00.003 . Memory (MB): peak = 772.660 ; gain = 0.000
---------------------------------------------------------------------------------
Finished Constraint Validation : Time (s): cpu = 00:00:05 ; elapsed = 00:00:06 . Memory (MB): peak = 772.660 ; gain = 488.094
---------------------------------------------------------------------------------
---------------------------------------------------------------------------------
Start Loading Part and Timing Information
---------------------------------------------------------------------------------
Loading part: xc7a35tcpg236-1
---------------------------------------------------------------------------------
Finished Loading Part and Timing Information : Time (s): cpu = 00:00:05 ; elapsed = 00:00:06 . Memory (MB): peak = 772.660 ; gain = 488.094
---------------------------------------------------------------------------------
---------------------------------------------------------------------------------
Start Applying 'set_property' XDC Constraints
---------------------------------------------------------------------------------
Applied set_property DONT_TOUCH = true for XLXI_7. (constraint file  auto generated constraint, line ).
---------------------------------------------------------------------------------
Finished applying 'set_property' XDC Constraints : Time (s): cpu = 00:00:05 ; elapsed = 00:00:06 . Memory (MB): peak = 772.660 ; gain = 488.094
---------------------------------------------------------------------------------
INFO: [Synth 8-5544] ROM "state" won't be mapped to Block RAM because address size (2) smaller than threshold (5)
INFO: [Synth 8-802] inferred FSM for state register 'state_reg' in module 'bin2dec'
INFO: [Synth 8-5545] ROM "count" won't be mapped to RAM because address size (32) is larger than maximum supported(25)
INFO: [Synth 8-5545] ROM "clk_div" won't be mapped to RAM because address size (32) is larger than maximum supported(25)
INFO: [Synth 8-802] inferred FSM for state register 'state_reg' in module 'XADCdemo'
INFO: [Synth 8-5544] ROM "b2d_start0" won't be mapped to Block RAM because address size (2) smaller than threshold (5)
INFO: [Synth 8-5544] ROM "count0" won't be mapped to Block RAM because address size (2) smaller than threshold (5)
INFO: [Synth 8-5544] ROM "state" won't be mapped to Block RAM because address size (1) smaller than threshold (5)
---------------------------------------------------------------------------------------------------
                   State |                     New Encoding |                Previous Encoding 
---------------------------------------------------------------------------------------------------
                  S_IDLE |                              000 |                              000
                S_DIVIDE |                              001 |                              010
               S_CONVERT |                              010 |                              100
            S_NEXT_DIGIT |                              011 |                              011
                  S_DONE |                              100 |                              001
                  iSTATE |                              101 |                              111
*
---------------------------------------------------------------------------------------------------
INFO: [Synth 8-3354] encoded FSM with state register 'state_reg' using encoding 'sequential' in module 'bin2dec'
---------------------------------------------------------------------------------------------------
                   State |                     New Encoding |                Previous Encoding 
---------------------------------------------------------------------------------------------------
                  S_IDLE |                              001 |                               00
            S_FRAME_WAIT |                              010 |                               01
            S_CONVERSION |                              100 |                               10
---------------------------------------------------------------------------------------------------
INFO: [Synth 8-3354] encoded FSM with state register 'state_reg' using encoding 'one-hot' in module 'XADCdemo'
---------------------------------------------------------------------------------
Finished RTL Optimization Phase 2 : Time (s): cpu = 00:00:05 ; elapsed = 00:00:06 . Memory (MB): peak = 772.660 ; gain = 488.094
---------------------------------------------------------------------------------

Report RTL Partitions: 
+-+--------------+------------+----------+
| |RTL Partition |Replication |Instances |
+-+--------------+------------+----------+
+-+--------------+------------+----------+
---------------------------------------------------------------------------------
Start RTL Component Statistics 
---------------------------------------------------------------------------------
Detailed RTL Component Info : 
+---Adders : 
	   2 Input     32 Bit       Adders := 1     
	   2 Input      3 Bit       Adders := 1     
	   2 Input      2 Bit       Adders := 1     
+---Registers : 
	               32 Bit    Registers := 2     
	               29 Bit    Registers := 1     
	               16 Bit    Registers := 4     
	                5 Bit    Registers := 1     
	                4 Bit    Registers := 1     
	                3 Bit    Registers := 1     
	                2 Bit    Registers := 1     
	                1 Bit    Registers := 2     
+---Muxes : 
	   6 Input     32 Bit        Muxes := 1     
	   2 Input     32 Bit        Muxes := 1     
	   3 Input     16 Bit        Muxes := 1     
	   6 Input      3 Bit        Muxes := 1     
	   2 Input      3 Bit        Muxes := 3     
	   3 Input      3 Bit        Muxes := 1     
	   6 Input      2 Bit        Muxes := 1     
	   6 Input      1 Bit        Muxes := 4     
	   2 Input      1 Bit        Muxes := 3     
	   3 Input      1 Bit        Muxes := 5     
---------------------------------------------------------------------------------
Finished RTL Component Statistics 
---------------------------------------------------------------------------------
---------------------------------------------------------------------------------
Start RTL Hierarchical Component Statistics 
---------------------------------------------------------------------------------
Hierarchical RTL Component report 
Module XADCdemo 
Detailed RTL Component Info : 
+---Registers : 
	               16 Bit    Registers := 3     
	                5 Bit    Registers := 1     
	                1 Bit    Registers := 1     
+---Muxes : 
	   3 Input     16 Bit        Muxes := 1     
	   3 Input      3 Bit        Muxes := 1     
	   2 Input      3 Bit        Muxes := 1     
	   3 Input      1 Bit        Muxes := 5     
Module bin2dec 
Detailed RTL Component Info : 
+---Adders : 
	   2 Input      2 Bit       Adders := 1     
+---Registers : 
	               32 Bit    Registers := 1     
	               29 Bit    Registers := 1     
	               16 Bit    Registers := 1     
	                4 Bit    Registers := 1     
	                2 Bit    Registers := 1     
+---Muxes : 
	   6 Input     32 Bit        Muxes := 1     
	   6 Input      3 Bit        Muxes := 1     
	   2 Input      3 Bit        Muxes := 2     
	   6 Input      2 Bit        Muxes := 1     
	   6 Input      1 Bit        Muxes := 4     
	   2 Input      1 Bit        Muxes := 2     
Module segClkDevider 
Detailed RTL Component Info : 
+---Adders : 
	   2 Input     32 Bit       Adders := 1     
+---Registers : 
	               32 Bit    Registers := 1     
	                1 Bit    Registers := 1     
+---Muxes : 
	   2 Input     32 Bit        Muxes := 1     
	   2 Input      1 Bit        Muxes := 1     
Module counter3bit 
Detailed RTL Component Info : 
+---Adders : 
	   2 Input      3 Bit       Adders := 1     
+---Registers : 
	                3 Bit    Registers := 1     
---------------------------------------------------------------------------------
Finished RTL Hierarchical Component Statistics
---------------------------------------------------------------------------------
---------------------------------------------------------------------------------
Start Part Resource Summary
---------------------------------------------------------------------------------
Part Resources:
DSPs: 90 (col length:60)
BRAMs: 100 (col length: RAMB18 60 RAMB36 30)
---------------------------------------------------------------------------------
Finished Part Resource Summary
---------------------------------------------------------------------------------
---------------------------------------------------------------------------------
Start Cross Boundary and Area Optimization
---------------------------------------------------------------------------------
Warning: Parallel synthesis criteria is not met 
INFO: [Synth 8-5545] ROM "segment1/XLXI_47/count" won't be mapped to RAM because address size (32) is larger than maximum supported(25)
INFO: [Synth 8-5545] ROM "segment1/XLXI_47/clk_div" won't be mapped to RAM because address size (32) is larger than maximum supported(25)
DSP Report: Generating DSP m_b2d/data1, operation Mode is: A2*(B:0x3e8).
DSP Report: register b2d_din_reg is absorbed into DSP m_b2d/data1.
DSP Report: operator m_b2d/data1 is absorbed into DSP m_b2d/data1.
INFO: [Synth 8-3886] merging instance 'Address_in_reg[1]' (FD) to 'Address_in_reg[2]'
INFO: [Synth 8-3886] merging instance 'Address_in_reg[2]' (FD) to 'Address_in_reg[4]'
INFO: [Synth 8-3333] propagating constant 1 across sequential element (\Address_in_reg[4] )
INFO: [Synth 8-3333] propagating constant 1 across sequential element (\led_reg[0] )
---------------------------------------------------------------------------------
Finished Cross Boundary and Area Optimization : Time (s): cpu = 00:00:06 ; elapsed = 00:00:06 . Memory (MB): peak = 772.660 ; gain = 488.094
---------------------------------------------------------------------------------
---------------------------------------------------------------------------------
Start ROM, RAM, DSP and Shift Register Reporting
---------------------------------------------------------------------------------

DSP: Preliminary Mapping  Report (see note below)
+------------+--------------+--------+--------+--------+--------+--------+------+------+------+------+-------+------+------+
|Module Name | DSP Mapping  | A Size | B Size | C Size | D Size | P Size | AREG | BREG | CREG | DREG | ADREG | MREG | PREG | 
+------------+--------------+--------+--------+--------+--------+--------+------+------+------+------+-------+------+------+
|XADCdemo    | A2*(B:0x3e8) | 16     | 10     | -      | -      | 26     | 1    | 0    | -    | -    | -     | 0    | 0    | 
+------------+--------------+--------+--------+--------+--------+--------+------+------+------+------+-------+------+------+

Note: The table above is a preliminary report that shows the DSPs inferred at the current stage of the synthesis flow. Some DSP may be reimplemented as non DSP primitives later in the synthesis flow. Multiple instantiated DSPs are reported only once.
---------------------------------------------------------------------------------
Finished ROM, RAM, DSP and Shift Register Reporting
---------------------------------------------------------------------------------

Report RTL Partitions: 
+-+--------------+------------+----------+
| |RTL Partition |Replication |Instances |
+-+--------------+------------+----------+
+-+--------------+------------+----------+
---------------------------------------------------------------------------------
Start Applying XDC Timing Constraints
---------------------------------------------------------------------------------
---------------------------------------------------------------------------------
Finished Applying XDC Timing Constraints : Time (s): cpu = 00:00:10 ; elapsed = 00:00:11 . Memory (MB): peak = 807.742 ; gain = 523.176
---------------------------------------------------------------------------------
---------------------------------------------------------------------------------
Start Timing Optimization
---------------------------------------------------------------------------------
---------------------------------------------------------------------------------
Finished Timing Optimization : Time (s): cpu = 00:00:11 ; elapsed = 00:00:11 . Memory (MB): peak = 820.695 ; gain = 536.129
---------------------------------------------------------------------------------

Report RTL Partitions: 
+-+--------------+------------+----------+
| |RTL Partition |Replication |Instances |
+-+--------------+------------+----------+
+-+--------------+------------+----------+
---------------------------------------------------------------------------------
Start Technology Mapping
---------------------------------------------------------------------------------
---------------------------------------------------------------------------------
Finished Technology Mapping : Time (s): cpu = 00:00:11 ; elapsed = 00:00:11 . Memory (MB): peak = 832.969 ; gain = 548.402
---------------------------------------------------------------------------------

Report RTL Partitions: 
+-+--------------+------------+----------+
| |RTL Partition |Replication |Instances |
+-+--------------+------------+----------+
+-+--------------+------------+----------+
---------------------------------------------------------------------------------
Start IO Insertion
---------------------------------------------------------------------------------
---------------------------------------------------------------------------------
Start Flattening Before IO Insertion
---------------------------------------------------------------------------------
---------------------------------------------------------------------------------
Finished Flattening Before IO Insertion
---------------------------------------------------------------------------------
---------------------------------------------------------------------------------
Start Final Netlist Cleanup
---------------------------------------------------------------------------------
---------------------------------------------------------------------------------
Finished Final Netlist Cleanup
---------------------------------------------------------------------------------
---------------------------------------------------------------------------------
Finished IO Insertion : Time (s): cpu = 00:00:11 ; elapsed = 00:00:12 . Memory (MB): peak = 832.969 ; gain = 548.402
---------------------------------------------------------------------------------

Report Check Netlist: 
+------+------------------+-------+---------+-------+------------------+
|      |Item              |Errors |Warnings |Status |Description       |
+------+------------------+-------+---------+-------+------------------+
|1     |multi_driven_nets |      0|        0|Passed |Multi driven nets |
+------+------------------+-------+---------+-------+------------------+
---------------------------------------------------------------------------------
Start Renaming Generated Instances
---------------------------------------------------------------------------------
---------------------------------------------------------------------------------
Finished Renaming Generated Instances : Time (s): cpu = 00:00:11 ; elapsed = 00:00:12 . Memory (MB): peak = 832.969 ; gain = 548.402
---------------------------------------------------------------------------------

Report RTL Partitions: 
+-+--------------+------------+----------+
| |RTL Partition |Replication |Instances |
+-+--------------+------------+----------+
+-+--------------+------------+----------+
---------------------------------------------------------------------------------
Start Rebuilding User Hierarchy
---------------------------------------------------------------------------------
---------------------------------------------------------------------------------
Finished Rebuilding User Hierarchy : Time (s): cpu = 00:00:11 ; elapsed = 00:00:12 . Memory (MB): peak = 832.969 ; gain = 548.402
---------------------------------------------------------------------------------
---------------------------------------------------------------------------------
Start Renaming Generated Ports
---------------------------------------------------------------------------------
---------------------------------------------------------------------------------
Finished Renaming Generated Ports : Time (s): cpu = 00:00:11 ; elapsed = 00:00:12 . Memory (MB): peak = 832.969 ; gain = 548.402
---------------------------------------------------------------------------------
---------------------------------------------------------------------------------
Start Handling Custom Attributes
---------------------------------------------------------------------------------
---------------------------------------------------------------------------------
Finished Handling Custom Attributes : Time (s): cpu = 00:00:11 ; elapsed = 00:00:12 . Memory (MB): peak = 832.969 ; gain = 548.402
---------------------------------------------------------------------------------
---------------------------------------------------------------------------------
Start Renaming Generated Nets
---------------------------------------------------------------------------------
---------------------------------------------------------------------------------
Finished Renaming Generated Nets : Time (s): cpu = 00:00:11 ; elapsed = 00:00:12 . Memory (MB): peak = 832.969 ; gain = 548.402
---------------------------------------------------------------------------------
---------------------------------------------------------------------------------
Start Writing Synthesis Report
---------------------------------------------------------------------------------

Report BlackBoxes: 
+------+--------------+----------+
|      |BlackBox name |Instances |
+------+--------------+----------+
|1     |xadc_wiz_0    |         1|
+------+--------------+----------+

Report Cell Usage: 
+------+-----------+------+
|      |Cell       |Count |
+------+-----------+------+
|1     |xadc_wiz_0 |     1|
|2     |BUFG       |     1|
|3     |CARRY4     |   158|
|4     |DSP48E1    |     1|
|5     |LUT1       |    16|
|6     |LUT2       |   140|
|7     |LUT3       |   224|
|8     |LUT4       |   147|
|9     |LUT5       |    79|
|10    |LUT6       |   266|
|11    |FDRE       |   189|
|12    |IBUF       |    13|
|13    |OBUF       |    28|
+------+-----------+------+

Report Instance Areas: 
+------+------------+--------------+------+
|      |Instance    |Module        |Cells |
+------+------------+--------------+------+
|1     |top         |              |  1288|
|2     |  m_b2d     |bin2dec       |  1018|
|3     |  segment1  |DigitToSeg    |   103|
|4     |    XLXI_47 |segClkDevider |    82|
|5     |    XLXI_49 |counter3bit   |    21|
+------+------------+--------------+------+
---------------------------------------------------------------------------------
Finished Writing Synthesis Report : Time (s): cpu = 00:00:11 ; elapsed = 00:00:12 . Memory (MB): peak = 832.969 ; gain = 548.402
---------------------------------------------------------------------------------
Synthesis finished with 0 errors, 0 critical warnings and 0 warnings.
Synthesis Optimization Runtime : Time (s): cpu = 00:00:07 ; elapsed = 00:00:09 . Memory (MB): peak = 832.969 ; gain = 215.965
Synthesis Optimization Complete : Time (s): cpu = 00:00:11 ; elapsed = 00:00:12 . Memory (MB): peak = 832.969 ; gain = 548.402
INFO: [Project 1-571] Translating synthesized netlist
INFO: [Netlist 29-17] Analyzing 159 Unisim elements for replacement
INFO: [Netlist 29-28] Unisim Transformation completed in 0 CPU seconds
WARNING: [Netlist 29-101] Netlist 'XADCdemo' is not ideal for floorplanning, since the cellview 'bin2dec' contains a large number of primitives.  Please consider enabling hierarchy in synthesis if you want to do floorplanning.
INFO: [Project 1-570] Preparing netlist for logic optimization
INFO: [Opt 31-138] Pushed 0 inverter(s) to 0 load pin(s).
Netlist sorting complete. Time (s): cpu = 00:00:00 ; elapsed = 00:00:00 . Memory (MB): peak = 832.969 ; gain = 0.000
INFO: [Project 1-111] Unisim Transformation Summary:
No Unisim elements were transformed.

INFO: [Common 17-83] Releasing license: Synthesis
48 Infos, 20 Warnings, 0 Critical Warnings and 0 Errors encountered.
synth_design completed successfully
synth_design: Time (s): cpu = 00:00:12 ; elapsed = 00:00:14 . Memory (MB): peak = 832.969 ; gain = 559.910
Netlist sorting complete. Time (s): cpu = 00:00:00 ; elapsed = 00:00:00 . Memory (MB): peak = 832.969 ; gain = 0.000
WARNING: [Constraints 18-5210] No constraints selected for write.
Resolution: This message can indicate that there are no constraints for the design, or it can indicate that the used_in flags are set such that the constraints are ignored. This later case is used when running synth_design to not write synthesis constraints to the resulting checkpoint. Instead, project constraints are read when the synthesized design is opened.
INFO: [Common 17-1381] The checkpoint 'C:/Users/lebray/Vivado-Workflow-Scripts/HW8/T1/vivado_project/T1.runs/synth_1/XADCdemo.dcp' has been generated.
INFO: [runtcl-4] Executing : report_utilization -file XADCdemo_utilization_synth.rpt -pb XADCdemo_utilization_synth.pb
INFO: [Common 17-206] Exiting Vivado at Fri Apr  3 18:53:19 2026...
[Fri Apr  3 18:53:21 2026] synth_1 finished
wait_on_run: Time (s): cpu = 00:00:00 ; elapsed = 00:00:20 . Memory (MB): peak = 1162.531 ; gain = 0.000
# set s [get_property STATUS [get_runs synth_1]]
# if {[string first "Complete" $s] < 0} { puts "ERROR: Synthesis failed: $s"; exit 1 }
# reset_run impl_1
# launch_runs impl_1
INFO: [Vivado 12-4149] The synthesis checkpoint for IP 'C:/Users/lebray/Vivado-Workflow-Scripts/HW8/T1/xadc_wiz_0.xci' is already up-to-date
[Fri Apr  3 18:53:21 2026] Launched impl_1...
Run output will be captured here: C:/Users/lebray/Vivado-Workflow-Scripts/HW8/T1/vivado_project/T1.runs/impl_1/runme.log
# wait_on_run impl_1
[Fri Apr  3 18:53:21 2026] Waiting for impl_1 to finish...

*** Running vivado
    with args -log XADCdemo.vdi -applog -m64 -product Vivado -messageDb vivado.pb -mode batch -source XADCdemo.tcl -notrace


****** Vivado v2018.3 (64-bit)
  **** SW Build 2405991 on Thu Dec  6 23:38:27 MST 2018
  **** IP Build 2404404 on Fri Dec  7 01:43:56 MST 2018
    ** Copyright 1986-2018 Xilinx, Inc. All Rights Reserved.

source XADCdemo.tcl -notrace
Command: link_design -top XADCdemo -part xc7a35tcpg236-1
Design is defaulting to srcset: sources_1
Design is defaulting to constrset: constrs_1
INFO: [Project 1-454] Reading design checkpoint 'c:/Users/lebray/Vivado-Workflow-Scripts/HW8/T1/xadc_wiz_0.dcp' for cell 'XLXI_7'
INFO: [Netlist 29-17] Analyzing 160 Unisim elements for replacement
INFO: [Netlist 29-28] Unisim Transformation completed in 0 CPU seconds
WARNING: [Netlist 29-101] Netlist 'XADCdemo' is not ideal for floorplanning, since the cellview 'bin2dec' contains a large number of primitives.  Please consider enabling hierarchy in synthesis if you want to do floorplanning.
INFO: [Project 1-479] Netlist was created with Vivado 2018.3
INFO: [Device 21-403] Loading part xc7a35tcpg236-1
INFO: [Project 1-570] Preparing netlist for logic optimization
Parsing XDC File [c:/Users/lebray/Vivado-Workflow-Scripts/HW8/T1/xadc_wiz_0.xdc] for cell 'XLXI_7/inst'
Finished Parsing XDC File [c:/Users/lebray/Vivado-Workflow-Scripts/HW8/T1/xadc_wiz_0.xdc] for cell 'XLXI_7/inst'
Parsing XDC File [C:/Users/lebray/Vivado-Workflow-Scripts/HW8/T1/xadc.xdc]
Finished Parsing XDC File [C:/Users/lebray/Vivado-Workflow-Scripts/HW8/T1/xadc.xdc]
INFO: [Project 1-538] Using original IP XDC constraints instead of the XDC constraints in dcp 'c:/Users/lebray/Vivado-Workflow-Scripts/HW8/T1/xadc_wiz_0.dcp'
INFO: [Opt 31-138] Pushed 0 inverter(s) to 0 load pin(s).
Netlist sorting complete. Time (s): cpu = 00:00:00 ; elapsed = 00:00:00 . Memory (MB): peak = 605.973 ; gain = 0.000
INFO: [Project 1-111] Unisim Transformation Summary:
No Unisim elements were transformed.

9 Infos, 1 Warnings, 0 Critical Warnings and 0 Errors encountered.
link_design completed successfully
Command: opt_design
Attempting to get a license for feature 'Implementation' and/or device 'xc7a35t'
INFO: [Common 17-349] Got license for feature 'Implementation' and/or device 'xc7a35t'
Running DRC as a precondition to command opt_design

Starting DRC Task
INFO: [DRC 23-27] Running DRC with 2 threads
INFO: [Project 1-461] DRC finished with 0 Errors
INFO: [Project 1-462] Please refer to the DRC report (report_drc) for more information.

Time (s): cpu = 00:00:01 ; elapsed = 00:00:00.311 . Memory (MB): peak = 619.617 ; gain = 13.645

Starting Cache Timing Information Task
INFO: [Timing 38-35] Done setting XDC timing constraints.
Ending Cache Timing Information Task | Checksum: 215856d6c

Time (s): cpu = 00:00:04 ; elapsed = 00:00:04 . Memory (MB): peak = 1100.129 ; gain = 480.512

Starting Logic Optimization Task

Phase 1 Retarget
INFO: [Opt 31-138] Pushed 0 inverter(s) to 0 load pin(s).
INFO: [Opt 31-49] Retargeted 0 cell(s).
Phase 1 Retarget | Checksum: 215856d6c

Time (s): cpu = 00:00:00 ; elapsed = 00:00:00.038 . Memory (MB): peak = 1197.098 ; gain = 0.000
INFO: [Opt 31-389] Phase Retarget created 0 cells and removed 0 cells

Phase 2 Constant propagation
INFO: [Opt 31-138] Pushed 0 inverter(s) to 0 load pin(s).
Phase 2 Constant propagation | Checksum: 27e2293cd

Time (s): cpu = 00:00:00 ; elapsed = 00:00:00.048 . Memory (MB): peak = 1197.098 ; gain = 0.000
INFO: [Opt 31-389] Phase Constant propagation created 0 cells and removed 0 cells

Phase 3 Sweep
Phase 3 Sweep | Checksum: 22ab22dd5

Time (s): cpu = 00:00:00 ; elapsed = 00:00:00.066 . Memory (MB): peak = 1197.098 ; gain = 0.000
INFO: [Opt 31-389] Phase Sweep created 0 cells and removed 0 cells

Phase 4 BUFG optimization
Phase 4 BUFG optimization | Checksum: 22ab22dd5

Time (s): cpu = 00:00:00 ; elapsed = 00:00:00.080 . Memory (MB): peak = 1197.098 ; gain = 0.000
INFO: [Opt 31-662] Phase BUFG optimization created 0 cells of which 0 are BUFGs and removed 0 cells.

Phase 5 Shift Register Optimization
Phase 5 Shift Register Optimization | Checksum: 1aa320a0e

Time (s): cpu = 00:00:00 ; elapsed = 00:00:00.122 . Memory (MB): peak = 1197.098 ; gain = 0.000
INFO: [Opt 31-389] Phase Shift Register Optimization created 0 cells and removed 0 cells

Phase 6 Post Processing Netlist
Phase 6 Post Processing Netlist | Checksum: 1aa320a0e

Time (s): cpu = 00:00:00 ; elapsed = 00:00:00.126 . Memory (MB): peak = 1197.098 ; gain = 0.000
INFO: [Opt 31-389] Phase Post Processing Netlist created 0 cells and removed 0 cells
Opt_design Change Summary
=========================


-------------------------------------------------------------------------------------------------------------------------
|  Phase                        |  #Cells created  |  #Cells Removed  |  #Constrained objects preventing optimizations  |
-------------------------------------------------------------------------------------------------------------------------
|  Retarget                     |               0  |               0  |                                              0  |
|  Constant propagation         |               0  |               0  |                                              0  |
|  Sweep                        |               0  |               0  |                                              0  |
|  BUFG optimization            |               0  |               0  |                                              0  |
|  Shift Register Optimization  |               0  |               0  |                                              0  |
|  Post Processing Netlist      |               0  |               0  |                                              0  |
-------------------------------------------------------------------------------------------------------------------------



Starting Connectivity Check Task

Time (s): cpu = 00:00:00 ; elapsed = 00:00:00.001 . Memory (MB): peak = 1197.098 ; gain = 0.000
Ending Logic Optimization Task | Checksum: 1aa320a0e

Time (s): cpu = 00:00:00 ; elapsed = 00:00:00.129 . Memory (MB): peak = 1197.098 ; gain = 0.000

Starting Power Optimization Task
INFO: [Pwropt 34-132] Skipping clock gating for clocks with a period < 2.00 ns.
Ending Power Optimization Task | Checksum: 1aa320a0e

Time (s): cpu = 00:00:00 ; elapsed = 00:00:00.016 . Memory (MB): peak = 1197.098 ; gain = 0.000

Starting Final Cleanup Task
Ending Final Cleanup Task | Checksum: 1aa320a0e

Time (s): cpu = 00:00:00 ; elapsed = 00:00:00 . Memory (MB): peak = 1197.098 ; gain = 0.000

Starting Netlist Obfuscation Task
Netlist sorting complete. Time (s): cpu = 00:00:00 ; elapsed = 00:00:00 . Memory (MB): peak = 1197.098 ; gain = 0.000
Ending Netlist Obfuscation Task | Checksum: 1aa320a0e

Time (s): cpu = 00:00:00 ; elapsed = 00:00:00 . Memory (MB): peak = 1197.098 ; gain = 0.000
INFO: [Common 17-83] Releasing license: Implementation
25 Infos, 1 Warnings, 0 Critical Warnings and 0 Errors encountered.
opt_design completed successfully
opt_design: Time (s): cpu = 00:00:05 ; elapsed = 00:00:05 . Memory (MB): peak = 1197.098 ; gain = 591.125
Netlist sorting complete. Time (s): cpu = 00:00:00 ; elapsed = 00:00:00 . Memory (MB): peak = 1197.098 ; gain = 0.000
INFO: [Timing 38-480] Writing timing data to binary archive.
Writing placer database...
Writing XDEF routing.
Writing XDEF routing logical nets.
Writing XDEF routing special nets.
Write XDEF Complete: Time (s): cpu = 00:00:00 ; elapsed = 00:00:00.022 . Memory (MB): peak = 1197.098 ; gain = 0.000
Netlist sorting complete. Time (s): cpu = 00:00:00 ; elapsed = 00:00:00 . Memory (MB): peak = 1197.098 ; gain = 0.000
INFO: [Common 17-1381] The checkpoint 'C:/Users/lebray/Vivado-Workflow-Scripts/HW8/T1/vivado_project/T1.runs/impl_1/XADCdemo_opt.dcp' has been generated.
INFO: [runtcl-4] Executing : report_drc -file XADCdemo_drc_opted.rpt -pb XADCdemo_drc_opted.pb -rpx XADCdemo_drc_opted.rpx
Command: report_drc -file XADCdemo_drc_opted.rpt -pb XADCdemo_drc_opted.pb -rpx XADCdemo_drc_opted.rpx
INFO: [IP_Flow 19-1839] IP Catalog is up to date.
INFO: [DRC 23-27] Running DRC with 2 threads
INFO: [Coretcl 2-168] The results of DRC are in file C:/Users/lebray/Vivado-Workflow-Scripts/HW8/T1/vivado_project/T1.runs/impl_1/XADCdemo_drc_opted.rpt.
report_drc completed successfully
Command: place_design
Attempting to get a license for feature 'Implementation' and/or device 'xc7a35t'
INFO: [Common 17-349] Got license for feature 'Implementation' and/or device 'xc7a35t'
INFO: [DRC 23-27] Running DRC with 2 threads
INFO: [Vivado_Tcl 4-198] DRC finished with 0 Errors
INFO: [Vivado_Tcl 4-199] Please refer to the DRC report (report_drc) for more information.
Running DRC as a precondition to command place_design
INFO: [DRC 23-27] Running DRC with 2 threads
INFO: [Vivado_Tcl 4-198] DRC finished with 0 Errors
INFO: [Vivado_Tcl 4-199] Please refer to the DRC report (report_drc) for more information.

Starting Placer Task
INFO: [Place 30-611] Multithreading enabled for place_design using a maximum of 2 CPUs

Phase 1 Placer Initialization

Phase 1.1 Placer Initialization Netlist Sorting
Netlist sorting complete. Time (s): cpu = 00:00:00 ; elapsed = 00:00:00.001 . Memory (MB): peak = 1197.098 ; gain = 0.000
Phase 1.1 Placer Initialization Netlist Sorting | Checksum: 12bdf39fe

Time (s): cpu = 00:00:00 ; elapsed = 00:00:00.021 . Memory (MB): peak = 1197.098 ; gain = 0.000
Netlist sorting complete. Time (s): cpu = 00:00:00 ; elapsed = 00:00:00 . Memory (MB): peak = 1197.098 ; gain = 0.000

Phase 1.2 IO Placement/ Clock Placement/ Build Placer Device
INFO: [Timing 38-35] Done setting XDC timing constraints.
Phase 1.2 IO Placement/ Clock Placement/ Build Placer Device | Checksum: 184c80c60

Time (s): cpu = 00:00:00 ; elapsed = 00:00:00.325 . Memory (MB): peak = 1197.098 ; gain = 0.000

Phase 1.3 Build Placer Netlist Model
Phase 1.3 Build Placer Netlist Model | Checksum: 1de190039

Time (s): cpu = 00:00:00 ; elapsed = 00:00:00.512 . Memory (MB): peak = 1205.148 ; gain = 8.051

Phase 1.4 Constrain Clocks/Macros
Phase 1.4 Constrain Clocks/Macros | Checksum: 1de190039

Time (s): cpu = 00:00:00 ; elapsed = 00:00:00.514 . Memory (MB): peak = 1205.148 ; gain = 8.051
Phase 1 Placer Initialization | Checksum: 1de190039

Time (s): cpu = 00:00:00 ; elapsed = 00:00:00.517 . Memory (MB): peak = 1205.148 ; gain = 8.051

Phase 2 Global Placement

Phase 2.1 Floorplanning
Phase 2.1 Floorplanning | Checksum: 1aebd5766

Time (s): cpu = 00:00:00 ; elapsed = 00:00:00.575 . Memory (MB): peak = 1205.148 ; gain = 8.051

Phase 2.2 Physical Synthesis In Placer
INFO: [Physopt 32-65] No nets found for high-fanout optimization.
INFO: [Physopt 32-232] Optimized 0 net. Created 0 new instance.
INFO: [Physopt 32-775] End 1 Pass. Optimized 0 net or cell. Created 0 new cell, deleted 0 existing cell and moved 0 existing cell
INFO: [Physopt 32-456] No candidate cells for DSP register optimization found in the design.
INFO: [Physopt 32-775] End 2 Pass. Optimized 0 net or cell. Created 0 new cell, deleted 0 existing cell and moved 0 existing cell
INFO: [Physopt 32-677] No candidate cells for Shift Register optimization found in the design
INFO: [Physopt 32-775] End 1 Pass. Optimized 0 net or cell. Created 0 new cell, deleted 0 existing cell and moved 0 existing cell
INFO: [Physopt 32-526] No candidate cells for BRAM register optimization found in the design
INFO: [Physopt 32-775] End 1 Pass. Optimized 0 net or cell. Created 0 new cell, deleted 0 existing cell and moved 0 existing cell
INFO: [Physopt 32-949] No candidate nets found for HD net replication
INFO: [Physopt 32-775] End 1 Pass. Optimized 0 net or cell. Created 0 new cell, deleted 0 existing cell and moved 0 existing cell
Netlist sorting complete. Time (s): cpu = 00:00:00 ; elapsed = 00:00:00 . Memory (MB): peak = 1205.148 ; gain = 0.000

Summary of Physical Synthesis Optimizations
============================================


----------------------------------------------------------------------------------------------------------------------------------------
|  Optimization                  |  Added Cells  |  Removed Cells  |  Optimized Cells/Nets  |  Dont Touch  |  Iterations  |  Elapsed   |
----------------------------------------------------------------------------------------------------------------------------------------
|  Very High Fanout              |            0  |              0  |                     0  |           0  |           1  |  00:00:00  |
|  DSP Register                  |            0  |              0  |                     0  |           0  |           1  |  00:00:00  |
|  Shift Register                |            0  |              0  |                     0  |           0  |           1  |  00:00:00  |
|  BRAM Register                 |            0  |              0  |                     0  |           0  |           1  |  00:00:00  |
|  HD Interface Net Replication  |            0  |              0  |                     0  |           0  |           1  |  00:00:00  |
|  Total                         |            0  |              0  |                     0  |           0  |           5  |  00:00:00  |
----------------------------------------------------------------------------------------------------------------------------------------


Phase 2.2 Physical Synthesis In Placer | Checksum: 21e98cd82

Time (s): cpu = 00:00:02 ; elapsed = 00:00:02 . Memory (MB): peak = 1205.148 ; gain = 8.051
Phase 2 Global Placement | Checksum: 2113fc7f1

Time (s): cpu = 00:00:02 ; elapsed = 00:00:02 . Memory (MB): peak = 1205.148 ; gain = 8.051

Phase 3 Detail Placement

Phase 3.1 Commit Multi Column Macros
Phase 3.1 Commit Multi Column Macros | Checksum: 2113fc7f1

Time (s): cpu = 00:00:02 ; elapsed = 00:00:02 . Memory (MB): peak = 1205.148 ; gain = 8.051

Phase 3.2 Commit Most Macros & LUTRAMs
Phase 3.2 Commit Most Macros & LUTRAMs | Checksum: 1728cfe57

Time (s): cpu = 00:00:02 ; elapsed = 00:00:02 . Memory (MB): peak = 1205.148 ; gain = 8.051

Phase 3.3 Area Swap Optimization
Phase 3.3 Area Swap Optimization | Checksum: 1b6a0a48e

Time (s): cpu = 00:00:02 ; elapsed = 00:00:02 . Memory (MB): peak = 1205.148 ; gain = 8.051

Phase 3.4 Pipeline Register Optimization
Phase 3.4 Pipeline Register Optimization | Checksum: 1eedf1e42

Time (s): cpu = 00:00:02 ; elapsed = 00:00:02 . Memory (MB): peak = 1205.148 ; gain = 8.051

Phase 3.5 Fast Optimization
Phase 3.5 Fast Optimization | Checksum: 1e926ecd0

Time (s): cpu = 00:00:03 ; elapsed = 00:00:02 . Memory (MB): peak = 1205.148 ; gain = 8.051

Phase 3.6 Small Shape Detail Placement
Phase 3.6 Small Shape Detail Placement | Checksum: 216a888bb

Time (s): cpu = 00:00:03 ; elapsed = 00:00:02 . Memory (MB): peak = 1205.148 ; gain = 8.051

Phase 3.7 Re-assign LUT pins
Phase 3.7 Re-assign LUT pins | Checksum: 1469944ce

Time (s): cpu = 00:00:03 ; elapsed = 00:00:02 . Memory (MB): peak = 1205.148 ; gain = 8.051

Phase 3.8 Pipeline Register Optimization
Phase 3.8 Pipeline Register Optimization | Checksum: 13672f08c

Time (s): cpu = 00:00:03 ; elapsed = 00:00:02 . Memory (MB): peak = 1205.148 ; gain = 8.051

Phase 3.9 Fast Optimization
Phase 3.9 Fast Optimization | Checksum: 1999e7cc2

Time (s): cpu = 00:00:03 ; elapsed = 00:00:03 . Memory (MB): peak = 1205.148 ; gain = 8.051
Phase 3 Detail Placement | Checksum: 1999e7cc2

Time (s): cpu = 00:00:03 ; elapsed = 00:00:03 . Memory (MB): peak = 1205.148 ; gain = 8.051

Phase 4 Post Placement Optimization and Clean-Up

Phase 4.1 Post Commit Optimization
INFO: [Timing 38-35] Done setting XDC timing constraints.

Phase 4.1.1 Post Placement Optimization
Post Placement Optimization Initialization | Checksum: c3a01686

Phase 4.1.1.1 BUFG Insertion
INFO: [Place 46-46] BUFG insertion identified 0 candidate nets, 0 success, 0 bufg driver replicated, 0 skipped for placement/routing, 0 skipped for timing, 0 skipped for netlist change reason
Phase 4.1.1.1 BUFG Insertion | Checksum: c3a01686

Time (s): cpu = 00:00:03 ; elapsed = 00:00:03 . Memory (MB): peak = 1205.148 ; gain = 8.051
INFO: [Place 30-746] Post Placement Timing Summary WNS=-2.152. For the most accurate timing information please run report_timing.
Phase 4.1.1 Post Placement Optimization | Checksum: 13ba49d80

Time (s): cpu = 00:00:07 ; elapsed = 00:00:07 . Memory (MB): peak = 1205.148 ; gain = 8.051
Phase 4.1 Post Commit Optimization | Checksum: 13ba49d80

Time (s): cpu = 00:00:07 ; elapsed = 00:00:07 . Memory (MB): peak = 1205.148 ; gain = 8.051

Phase 4.2 Post Placement Cleanup
Phase 4.2 Post Placement Cleanup | Checksum: 13ba49d80

Time (s): cpu = 00:00:07 ; elapsed = 00:00:07 . Memory (MB): peak = 1205.148 ; gain = 8.051

Phase 4.3 Placer Reporting
Phase 4.3 Placer Reporting | Checksum: 13ba49d80

Time (s): cpu = 00:00:07 ; elapsed = 00:00:07 . Memory (MB): peak = 1205.148 ; gain = 8.051

Phase 4.4 Final Placement Cleanup
Netlist sorting complete. Time (s): cpu = 00:00:00 ; elapsed = 00:00:00 . Memory (MB): peak = 1205.148 ; gain = 0.000
Phase 4.4 Final Placement Cleanup | Checksum: 171e338d9

Time (s): cpu = 00:00:07 ; elapsed = 00:00:07 . Memory (MB): peak = 1205.148 ; gain = 8.051
Phase 4 Post Placement Optimization and Clean-Up | Checksum: 171e338d9

Time (s): cpu = 00:00:07 ; elapsed = 00:00:07 . Memory (MB): peak = 1205.148 ; gain = 8.051
Ending Placer Task | Checksum: 93c824f4

Time (s): cpu = 00:00:07 ; elapsed = 00:00:07 . Memory (MB): peak = 1205.148 ; gain = 8.051
INFO: [Common 17-83] Releasing license: Implementation
55 Infos, 1 Warnings, 0 Critical Warnings and 0 Errors encountered.
place_design completed successfully
place_design: Time (s): cpu = 00:00:08 ; elapsed = 00:00:07 . Memory (MB): peak = 1205.148 ; gain = 8.051
Netlist sorting complete. Time (s): cpu = 00:00:00 ; elapsed = 00:00:00.001 . Memory (MB): peak = 1205.148 ; gain = 0.000
INFO: [Timing 38-480] Writing timing data to binary archive.
Writing placer database...
Writing XDEF routing.
Netlist sorting complete. Time (s): cpu = 00:00:00 ; elapsed = 00:00:00.001 . Memory (MB): peak = 1211.918 ; gain = 0.000
Writing XDEF routing logical nets.
Writing XDEF routing special nets.
Write XDEF Complete: Time (s): cpu = 00:00:00 ; elapsed = 00:00:00.050 . Memory (MB): peak = 1211.918 ; gain = 6.770
INFO: [Common 17-1381] The checkpoint 'C:/Users/lebray/Vivado-Workflow-Scripts/HW8/T1/vivado_project/T1.runs/impl_1/XADCdemo_placed.dcp' has been generated.
INFO: [runtcl-4] Executing : report_io -file XADCdemo_io_placed.rpt
report_io: Time (s): cpu = 00:00:00 ; elapsed = 00:00:00.019 . Memory (MB): peak = 1211.973 ; gain = 0.000
INFO: [runtcl-4] Executing : report_utilization -file XADCdemo_utilization_placed.rpt -pb XADCdemo_utilization_placed.pb
INFO: [runtcl-4] Executing : report_control_sets -verbose -file XADCdemo_control_sets_placed.rpt
report_control_sets: Time (s): cpu = 00:00:00 ; elapsed = 00:00:00.002 . Memory (MB): peak = 1211.973 ; gain = 0.000
Command: route_design
Attempting to get a license for feature 'Implementation' and/or device 'xc7a35t'
INFO: [Common 17-349] Got license for feature 'Implementation' and/or device 'xc7a35t'
Running DRC as a precondition to command route_design
INFO: [DRC 23-27] Running DRC with 2 threads
INFO: [Vivado_Tcl 4-198] DRC finished with 0 Errors
INFO: [Vivado_Tcl 4-199] Please refer to the DRC report (report_drc) for more information.


Starting Routing Task
INFO: [Route 35-254] Multithreading enabled for route_design using a maximum of 2 CPUs
Checksum: PlaceDB: fd377b5 ConstDB: 0 ShapeSum: 83f4ad3f RouteDB: 0

Phase 1 Build RT Design
Phase 1 Build RT Design | Checksum: 15231ad13

Time (s): cpu = 00:00:08 ; elapsed = 00:00:08 . Memory (MB): peak = 1331.965 ; gain = 119.992
Post Restoration Checksum: NetGraph: afed98a1 NumContArr: a2441472 Constraints: 0 Timing: 0

Phase 2 Router Initialization

Phase 2.1 Create Timer
Phase 2.1 Create Timer | Checksum: 15231ad13

Time (s): cpu = 00:00:08 ; elapsed = 00:00:08 . Memory (MB): peak = 1340.051 ; gain = 128.078

Phase 2.2 Fix Topology Constraints
Phase 2.2 Fix Topology Constraints | Checksum: 15231ad13

Time (s): cpu = 00:00:08 ; elapsed = 00:00:08 . Memory (MB): peak = 1346.047 ; gain = 134.074

Phase 2.3 Pre Route Cleanup
Phase 2.3 Pre Route Cleanup | Checksum: 15231ad13

Time (s): cpu = 00:00:08 ; elapsed = 00:00:08 . Memory (MB): peak = 1346.047 ; gain = 134.074
 Number of Nodes with overlaps = 0

Phase 2.4 Update Timing
Phase 2.4 Update Timing | Checksum: 108c787a8

Time (s): cpu = 00:00:08 ; elapsed = 00:00:08 . Memory (MB): peak = 1353.840 ; gain = 141.867
INFO: [Route 35-416] Intermediate Timing Summary | WNS=-1.964 | TNS=-61.085| WHS=-0.098 | THS=-1.117 |

Phase 2 Router Initialization | Checksum: 12ed146af

Time (s): cpu = 00:00:08 ; elapsed = 00:00:08 . Memory (MB): peak = 1355.137 ; gain = 143.164

Phase 3 Initial Routing
Phase 3 Initial Routing | Checksum: 202997e89

Time (s): cpu = 00:00:08 ; elapsed = 00:00:08 . Memory (MB): peak = 1356.422 ; gain = 144.449

Phase 4 Rip-up And Reroute

Phase 4.1 Global Iteration 0
 Number of Nodes with overlaps = 895
 Number of Nodes with overlaps = 381
 Number of Nodes with overlaps = 136
 Number of Nodes with overlaps = 66
 Number of Nodes with overlaps = 48
 Number of Nodes with overlaps = 10
 Number of Nodes with overlaps = 1
 Number of Nodes with overlaps = 0
INFO: [Route 35-416] Intermediate Timing Summary | WNS=-2.738 | TNS=-84.840| WHS=N/A    | THS=N/A    |

Phase 4.1 Global Iteration 0 | Checksum: 229439b9d

Time (s): cpu = 00:00:11 ; elapsed = 00:00:10 . Memory (MB): peak = 1356.430 ; gain = 144.457

Phase 4.2 Global Iteration 1
 Number of Nodes with overlaps = 365
 Number of Nodes with overlaps = 225
 Number of Nodes with overlaps = 86
 Number of Nodes with overlaps = 75
 Number of Nodes with overlaps = 45
 Number of Nodes with overlaps = 32
 Number of Nodes with overlaps = 10
 Number of Nodes with overlaps = 15
 Number of Nodes with overlaps = 6
 Number of Nodes with overlaps = 2
 Number of Nodes with overlaps = 1
 Number of Nodes with overlaps = 0
INFO: [Route 35-416] Intermediate Timing Summary | WNS=-2.895 | TNS=-87.849| WHS=N/A    | THS=N/A    |

Phase 4.2 Global Iteration 1 | Checksum: 1421ae98f

Time (s): cpu = 00:00:14 ; elapsed = 00:00:12 . Memory (MB): peak = 1356.496 ; gain = 144.523
Phase 4 Rip-up And Reroute | Checksum: 1421ae98f

Time (s): cpu = 00:00:14 ; elapsed = 00:00:12 . Memory (MB): peak = 1356.496 ; gain = 144.523

Phase 5 Delay and Skew Optimization

Phase 5.1 Delay CleanUp

Phase 5.1.1 Update Timing
Phase 5.1.1 Update Timing | Checksum: 18a13d186

Time (s): cpu = 00:00:14 ; elapsed = 00:00:12 . Memory (MB): peak = 1356.496 ; gain = 144.523
INFO: [Route 35-416] Intermediate Timing Summary | WNS=-2.658 | TNS=-82.280| WHS=N/A    | THS=N/A    |

 Number of Nodes with overlaps = 0
Phase 5.1 Delay CleanUp | Checksum: 1a2e8b1e6

Time (s): cpu = 00:00:15 ; elapsed = 00:00:12 . Memory (MB): peak = 1362.582 ; gain = 150.609

Phase 5.2 Clock Skew Optimization
Phase 5.2 Clock Skew Optimization | Checksum: 1a2e8b1e6

Time (s): cpu = 00:00:15 ; elapsed = 00:00:12 . Memory (MB): peak = 1362.582 ; gain = 150.609
Phase 5 Delay and Skew Optimization | Checksum: 1a2e8b1e6

Time (s): cpu = 00:00:15 ; elapsed = 00:00:12 . Memory (MB): peak = 1362.582 ; gain = 150.609

Phase 6 Post Hold Fix

Phase 6.1 Hold Fix Iter

Phase 6.1.1 Update Timing
Phase 6.1.1 Update Timing | Checksum: 1ea59c9e4

Time (s): cpu = 00:00:15 ; elapsed = 00:00:12 . Memory (MB): peak = 1362.582 ; gain = 150.609
INFO: [Route 35-416] Intermediate Timing Summary | WNS=-2.663 | TNS=-82.426| WHS=0.153  | THS=0.000  |

Phase 6.1 Hold Fix Iter | Checksum: 1ea59c9e4

Time (s): cpu = 00:00:15 ; elapsed = 00:00:12 . Memory (MB): peak = 1362.582 ; gain = 150.609
Phase 6 Post Hold Fix | Checksum: 1ea59c9e4

Time (s): cpu = 00:00:15 ; elapsed = 00:00:12 . Memory (MB): peak = 1362.582 ; gain = 150.609

Phase 7 Route finalize

Router Utilization Summary
  Global Vertical Routing Utilization    = 0.50873 %
  Global Horizontal Routing Utilization  = 0.568454 %
  Routable Net Status*
  *Does not include unroutable nets such as driverless and loadless.
  Run report_route_status for detailed report.
  Number of Failed Nets               = 0
  Number of Unrouted Nets             = 0
  Number of Partially Routed Nets     = 0
  Number of Node Overlaps             = 0

Congestion Report
North Dir 1x1 Area, Max Cong = 54.955%, No Congested Regions.
South Dir 1x1 Area, Max Cong = 72.0721%, No Congested Regions.
East Dir 1x1 Area, Max Cong = 55.8824%, No Congested Regions.
West Dir 1x1 Area, Max Cong = 50%, No Congested Regions.

------------------------------
Reporting congestion hotspots
------------------------------
Direction: North
----------------
Congested clusters found at Level 0
Effective congestion level: 0 Aspect Ratio: 1 Sparse Ratio: 0
Direction: South
----------------
Congested clusters found at Level 0
Effective congestion level: 0 Aspect Ratio: 1 Sparse Ratio: 0
Direction: East
----------------
Congested clusters found at Level 0
Effective congestion level: 0 Aspect Ratio: 1 Sparse Ratio: 0
Direction: West
----------------
Congested clusters found at Level 0
Effective congestion level: 0 Aspect Ratio: 1 Sparse Ratio: 0

Phase 7 Route finalize | Checksum: 1e44ebf80

Time (s): cpu = 00:00:15 ; elapsed = 00:00:12 . Memory (MB): peak = 1362.582 ; gain = 150.609

Phase 8 Verifying routed nets

 Verification completed successfully
Phase 8 Verifying routed nets | Checksum: 1e44ebf80

Time (s): cpu = 00:00:15 ; elapsed = 00:00:12 . Memory (MB): peak = 1362.582 ; gain = 150.609

Phase 9 Depositing Routes
Phase 9 Depositing Routes | Checksum: 22b7cd040

Time (s): cpu = 00:00:15 ; elapsed = 00:00:12 . Memory (MB): peak = 1362.582 ; gain = 150.609

Phase 10 Post Router Timing
INFO: [Route 35-57] Estimated Timing Summary | WNS=-2.663 | TNS=-82.426| WHS=0.153  | THS=0.000  |

WARNING: [Route 35-328] Router estimated timing not met.
Resolution: For a complete and accurate timing signoff, report_timing_summary must be run after route_design. Alternatively, route_design can be run with the -timing_summary option to enable a complete timing signoff at the end of route_design.
Phase 10 Post Router Timing | Checksum: 22b7cd040

Time (s): cpu = 00:00:15 ; elapsed = 00:00:12 . Memory (MB): peak = 1362.582 ; gain = 150.609
INFO: [Route 35-16] Router Completed Successfully

Time (s): cpu = 00:00:15 ; elapsed = 00:00:12 . Memory (MB): peak = 1362.582 ; gain = 150.609

Routing Is Done.
INFO: [Common 17-83] Releasing license: Implementation
73 Infos, 2 Warnings, 0 Critical Warnings and 0 Errors encountered.
route_design completed successfully
route_design: Time (s): cpu = 00:00:16 ; elapsed = 00:00:13 . Memory (MB): peak = 1362.582 ; gain = 150.609
Netlist sorting complete. Time (s): cpu = 00:00:00 ; elapsed = 00:00:00 . Memory (MB): peak = 1362.582 ; gain = 0.000
INFO: [Timing 38-480] Writing timing data to binary archive.
Writing placer database...
Writing XDEF routing.
Netlist sorting complete. Time (s): cpu = 00:00:00 ; elapsed = 00:00:00 . Memory (MB): peak = 1362.582 ; gain = 0.000
Writing XDEF routing logical nets.
Writing XDEF routing special nets.
Write XDEF Complete: Time (s): cpu = 00:00:00 ; elapsed = 00:00:00.063 . Memory (MB): peak = 1362.582 ; gain = 0.000
INFO: [Common 17-1381] The checkpoint 'C:/Users/lebray/Vivado-Workflow-Scripts/HW8/T1/vivado_project/T1.runs/impl_1/XADCdemo_routed.dcp' has been generated.
INFO: [runtcl-4] Executing : report_drc -file XADCdemo_drc_routed.rpt -pb XADCdemo_drc_routed.pb -rpx XADCdemo_drc_routed.rpx
Command: report_drc -file XADCdemo_drc_routed.rpt -pb XADCdemo_drc_routed.pb -rpx XADCdemo_drc_routed.rpx
INFO: [IP_Flow 19-1839] IP Catalog is up to date.
INFO: [DRC 23-27] Running DRC with 2 threads
INFO: [Coretcl 2-168] The results of DRC are in file C:/Users/lebray/Vivado-Workflow-Scripts/HW8/T1/vivado_project/T1.runs/impl_1/XADCdemo_drc_routed.rpt.
report_drc completed successfully
INFO: [runtcl-4] Executing : report_methodology -file XADCdemo_methodology_drc_routed.rpt -pb XADCdemo_methodology_drc_routed.pb -rpx XADCdemo_methodology_drc_routed.rpx
Command: report_methodology -file XADCdemo_methodology_drc_routed.rpt -pb XADCdemo_methodology_drc_routed.pb -rpx XADCdemo_methodology_drc_routed.rpx
INFO: [Timing 38-35] Done setting XDC timing constraints.
INFO: [DRC 23-133] Running Methodology with 2 threads
INFO: [Coretcl 2-1520] The results of Report Methodology are in file C:/Users/lebray/Vivado-Workflow-Scripts/HW8/T1/vivado_project/T1.runs/impl_1/XADCdemo_methodology_drc_routed.rpt.
report_methodology completed successfully
INFO: [runtcl-4] Executing : report_power -file XADCdemo_power_routed.rpt -pb XADCdemo_power_summary_routed.pb -rpx XADCdemo_power_routed.rpx
Command: report_power -file XADCdemo_power_routed.rpt -pb XADCdemo_power_summary_routed.pb -rpx XADCdemo_power_routed.rpx
INFO: [Timing 38-35] Done setting XDC timing constraints.
Running Vector-less Activity Propagation...

Finished Running Vector-less Activity Propagation
85 Infos, 2 Warnings, 0 Critical Warnings and 0 Errors encountered.
report_power completed successfully
INFO: [runtcl-4] Executing : report_route_status -file XADCdemo_route_status.rpt -pb XADCdemo_route_status.pb
INFO: [runtcl-4] Executing : report_timing_summary -max_paths 10 -file XADCdemo_timing_summary_routed.rpt -pb XADCdemo_timing_summary_routed.pb -rpx XADCdemo_timing_summary_routed.rpx -warn_on_violation 
INFO: [Timing 38-91] UpdateTimingParams: Speed grade: -1, Delay Type: min_max.
INFO: [Timing 38-191] Multithreading enabled for timing update using a maximum of 2 CPUs
CRITICAL WARNING: [Timing 38-282] The design failed to meet the timing requirements. Please see the timing summary report for details on the timing violations.
INFO: [runtcl-4] Executing : report_incremental_reuse -file XADCdemo_incremental_reuse_routed.rpt
INFO: [Vivado_Tcl 4-1062] Incremental flow is disabled. No incremental reuse Info to report.
INFO: [runtcl-4] Executing : report_clock_utilization -file XADCdemo_clock_utilization_routed.rpt
INFO: [runtcl-4] Executing : report_bus_skew -warn_on_violation -file XADCdemo_bus_skew_routed.rpt -pb XADCdemo_bus_skew_routed.pb -rpx XADCdemo_bus_skew_routed.rpx
INFO: [Timing 38-91] UpdateTimingParams: Speed grade: -1, Delay Type: min_max.
INFO: [Timing 38-191] Multithreading enabled for timing update using a maximum of 2 CPUs
INFO: [Common 17-206] Exiting Vivado at Fri Apr  3 18:54:02 2026...
[Fri Apr  3 18:54:07 2026] impl_1 finished
wait_on_run: Time (s): cpu = 00:00:00 ; elapsed = 00:00:45 . Memory (MB): peak = 1162.531 ; gain = 0.000
# set s [get_property STATUS [get_runs impl_1]]
# if {[string first "Complete" $s] < 0} { puts "ERROR: Implementation failed: $s"; exit 1 }
# launch_runs impl_1 -to_step write_bitstream
INFO: [Vivado 12-4149] The synthesis checkpoint for IP 'C:/Users/lebray/Vivado-Workflow-Scripts/HW8/T1/xadc_wiz_0.xci' is already up-to-date
[Fri Apr  3 18:54:07 2026] Launched impl_1...
Run output will be captured here: C:/Users/lebray/Vivado-Workflow-Scripts/HW8/T1/vivado_project/T1.runs/impl_1/runme.log
# wait_on_run impl_1
[Fri Apr  3 18:54:07 2026] Waiting for impl_1 to finish...

*** Running vivado
    with args -log XADCdemo.vdi -applog -m64 -product Vivado -messageDb vivado.pb -mode batch -source XADCdemo.tcl -notrace


****** Vivado v2018.3 (64-bit)
  **** SW Build 2405991 on Thu Dec  6 23:38:27 MST 2018
  **** IP Build 2404404 on Fri Dec  7 01:43:56 MST 2018
    ** Copyright 1986-2018 Xilinx, Inc. All Rights Reserved.

source XADCdemo.tcl -notrace
Command: link_design -top XADCdemo -part xc7a35tcpg236-1
Design is defaulting to srcset: sources_1
Design is defaulting to constrset: constrs_1
INFO: [Project 1-454] Reading design checkpoint 'c:/Users/lebray/Vivado-Workflow-Scripts/HW8/T1/xadc_wiz_0.dcp' for cell 'XLXI_7'
INFO: [Netlist 29-17] Analyzing 160 Unisim elements for replacement
INFO: [Netlist 29-28] Unisim Transformation completed in 0 CPU seconds
WARNING: [Netlist 29-101] Netlist 'XADCdemo' is not ideal for floorplanning, since the cellview 'bin2dec' contains a large number of primitives.  Please consider enabling hierarchy in synthesis if you want to do floorplanning.
INFO: [Project 1-479] Netlist was created with Vivado 2018.3
INFO: [Device 21-403] Loading part xc7a35tcpg236-1
INFO: [Project 1-570] Preparing netlist for logic optimization
Parsing XDC File [c:/Users/lebray/Vivado-Workflow-Scripts/HW8/T1/xadc_wiz_0.xdc] for cell 'XLXI_7/inst'
Finished Parsing XDC File [c:/Users/lebray/Vivado-Workflow-Scripts/HW8/T1/xadc_wiz_0.xdc] for cell 'XLXI_7/inst'
Parsing XDC File [C:/Users/lebray/Vivado-Workflow-Scripts/HW8/T1/xadc.xdc]
Finished Parsing XDC File [C:/Users/lebray/Vivado-Workflow-Scripts/HW8/T1/xadc.xdc]
INFO: [Project 1-538] Using original IP XDC constraints instead of the XDC constraints in dcp 'c:/Users/lebray/Vivado-Workflow-Scripts/HW8/T1/xadc_wiz_0.dcp'
INFO: [Opt 31-138] Pushed 0 inverter(s) to 0 load pin(s).
Netlist sorting complete. Time (s): cpu = 00:00:00 ; elapsed = 00:00:00 . Memory (MB): peak = 605.973 ; gain = 0.000
INFO: [Project 1-111] Unisim Transformation Summary:
No Unisim elements were transformed.

9 Infos, 1 Warnings, 0 Critical Warnings and 0 Errors encountered.
link_design completed successfully
Command: opt_design
Attempting to get a license for feature 'Implementation' and/or device 'xc7a35t'
INFO: [Common 17-349] Got license for feature 'Implementation' and/or device 'xc7a35t'
Running DRC as a precondition to command opt_design

Starting DRC Task
INFO: [DRC 23-27] Running DRC with 2 threads
INFO: [Project 1-461] DRC finished with 0 Errors
INFO: [Project 1-462] Please refer to the DRC report (report_drc) for more information.

Time (s): cpu = 00:00:01 ; elapsed = 00:00:00.311 . Memory (MB): peak = 619.617 ; gain = 13.645

Starting Cache Timing Information Task
INFO: [Timing 38-35] Done setting XDC timing constraints.
Ending Cache Timing Information Task | Checksum: 215856d6c

Time (s): cpu = 00:00:04 ; elapsed = 00:00:04 . Memory (MB): peak = 1100.129 ; gain = 480.512

Starting Logic Optimization Task

Phase 1 Retarget
INFO: [Opt 31-138] Pushed 0 inverter(s) to 0 load pin(s).
INFO: [Opt 31-49] Retargeted 0 cell(s).
Phase 1 Retarget | Checksum: 215856d6c

Time (s): cpu = 00:00:00 ; elapsed = 00:00:00.038 . Memory (MB): peak = 1197.098 ; gain = 0.000
INFO: [Opt 31-389] Phase Retarget created 0 cells and removed 0 cells

Phase 2 Constant propagation
INFO: [Opt 31-138] Pushed 0 inverter(s) to 0 load pin(s).
Phase 2 Constant propagation | Checksum: 27e2293cd

Time (s): cpu = 00:00:00 ; elapsed = 00:00:00.048 . Memory (MB): peak = 1197.098 ; gain = 0.000
INFO: [Opt 31-389] Phase Constant propagation created 0 cells and removed 0 cells

Phase 3 Sweep
Phase 3 Sweep | Checksum: 22ab22dd5

Time (s): cpu = 00:00:00 ; elapsed = 00:00:00.066 . Memory (MB): peak = 1197.098 ; gain = 0.000
INFO: [Opt 31-389] Phase Sweep created 0 cells and removed 0 cells

Phase 4 BUFG optimization
Phase 4 BUFG optimization | Checksum: 22ab22dd5

Time (s): cpu = 00:00:00 ; elapsed = 00:00:00.080 . Memory (MB): peak = 1197.098 ; gain = 0.000
INFO: [Opt 31-662] Phase BUFG optimization created 0 cells of which 0 are BUFGs and removed 0 cells.

Phase 5 Shift Register Optimization
Phase 5 Shift Register Optimization | Checksum: 1aa320a0e

Time (s): cpu = 00:00:00 ; elapsed = 00:00:00.122 . Memory (MB): peak = 1197.098 ; gain = 0.000
INFO: [Opt 31-389] Phase Shift Register Optimization created 0 cells and removed 0 cells

Phase 6 Post Processing Netlist
Phase 6 Post Processing Netlist | Checksum: 1aa320a0e

Time (s): cpu = 00:00:00 ; elapsed = 00:00:00.126 . Memory (MB): peak = 1197.098 ; gain = 0.000
INFO: [Opt 31-389] Phase Post Processing Netlist created 0 cells and removed 0 cells
Opt_design Change Summary
=========================


-------------------------------------------------------------------------------------------------------------------------
|  Phase                        |  #Cells created  |  #Cells Removed  |  #Constrained objects preventing optimizations  |
-------------------------------------------------------------------------------------------------------------------------
|  Retarget                     |               0  |               0  |                                              0  |
|  Constant propagation         |               0  |               0  |                                              0  |
|  Sweep                        |               0  |               0  |                                              0  |
|  BUFG optimization            |               0  |               0  |                                              0  |
|  Shift Register Optimization  |               0  |               0  |                                              0  |
|  Post Processing Netlist      |               0  |               0  |                                              0  |
-------------------------------------------------------------------------------------------------------------------------



Starting Connectivity Check Task

Time (s): cpu = 00:00:00 ; elapsed = 00:00:00.001 . Memory (MB): peak = 1197.098 ; gain = 0.000
Ending Logic Optimization Task | Checksum: 1aa320a0e

Time (s): cpu = 00:00:00 ; elapsed = 00:00:00.129 . Memory (MB): peak = 1197.098 ; gain = 0.000

Starting Power Optimization Task
INFO: [Pwropt 34-132] Skipping clock gating for clocks with a period < 2.00 ns.
Ending Power Optimization Task | Checksum: 1aa320a0e

Time (s): cpu = 00:00:00 ; elapsed = 00:00:00.016 . Memory (MB): peak = 1197.098 ; gain = 0.000

Starting Final Cleanup Task
Ending Final Cleanup Task | Checksum: 1aa320a0e

Time (s): cpu = 00:00:00 ; elapsed = 00:00:00 . Memory (MB): peak = 1197.098 ; gain = 0.000

Starting Netlist Obfuscation Task
Netlist sorting complete. Time (s): cpu = 00:00:00 ; elapsed = 00:00:00 . Memory (MB): peak = 1197.098 ; gain = 0.000
Ending Netlist Obfuscation Task | Checksum: 1aa320a0e

Time (s): cpu = 00:00:00 ; elapsed = 00:00:00 . Memory (MB): peak = 1197.098 ; gain = 0.000
INFO: [Common 17-83] Releasing license: Implementation
25 Infos, 1 Warnings, 0 Critical Warnings and 0 Errors encountered.
opt_design completed successfully
opt_design: Time (s): cpu = 00:00:05 ; elapsed = 00:00:05 . Memory (MB): peak = 1197.098 ; gain = 591.125
Netlist sorting complete. Time (s): cpu = 00:00:00 ; elapsed = 00:00:00 . Memory (MB): peak = 1197.098 ; gain = 0.000
INFO: [Timing 38-480] Writing timing data to binary archive.
Writing placer database...
Writing XDEF routing.
Writing XDEF routing logical nets.
Writing XDEF routing special nets.
Write XDEF Complete: Time (s): cpu = 00:00:00 ; elapsed = 00:00:00.022 . Memory (MB): peak = 1197.098 ; gain = 0.000
Netlist sorting complete. Time (s): cpu = 00:00:00 ; elapsed = 00:00:00 . Memory (MB): peak = 1197.098 ; gain = 0.000
INFO: [Common 17-1381] The checkpoint 'C:/Users/lebray/Vivado-Workflow-Scripts/HW8/T1/vivado_project/T1.runs/impl_1/XADCdemo_opt.dcp' has been generated.
INFO: [runtcl-4] Executing : report_drc -file XADCdemo_drc_opted.rpt -pb XADCdemo_drc_opted.pb -rpx XADCdemo_drc_opted.rpx
Command: report_drc -file XADCdemo_drc_opted.rpt -pb XADCdemo_drc_opted.pb -rpx XADCdemo_drc_opted.rpx
INFO: [IP_Flow 19-1839] IP Catalog is up to date.
INFO: [DRC 23-27] Running DRC with 2 threads
INFO: [Coretcl 2-168] The results of DRC are in file C:/Users/lebray/Vivado-Workflow-Scripts/HW8/T1/vivado_project/T1.runs/impl_1/XADCdemo_drc_opted.rpt.
report_drc completed successfully
Command: place_design
Attempting to get a license for feature 'Implementation' and/or device 'xc7a35t'
INFO: [Common 17-349] Got license for feature 'Implementation' and/or device 'xc7a35t'
INFO: [DRC 23-27] Running DRC with 2 threads
INFO: [Vivado_Tcl 4-198] DRC finished with 0 Errors
INFO: [Vivado_Tcl 4-199] Please refer to the DRC report (report_drc) for more information.
Running DRC as a precondition to command place_design
INFO: [DRC 23-27] Running DRC with 2 threads
INFO: [Vivado_Tcl 4-198] DRC finished with 0 Errors
INFO: [Vivado_Tcl 4-199] Please refer to the DRC report (report_drc) for more information.

Starting Placer Task
INFO: [Place 30-611] Multithreading enabled for place_design using a maximum of 2 CPUs

Phase 1 Placer Initialization

Phase 1.1 Placer Initialization Netlist Sorting
Netlist sorting complete. Time (s): cpu = 00:00:00 ; elapsed = 00:00:00.001 . Memory (MB): peak = 1197.098 ; gain = 0.000
Phase 1.1 Placer Initialization Netlist Sorting | Checksum: 12bdf39fe

Time (s): cpu = 00:00:00 ; elapsed = 00:00:00.021 . Memory (MB): peak = 1197.098 ; gain = 0.000
Netlist sorting complete. Time (s): cpu = 00:00:00 ; elapsed = 00:00:00 . Memory (MB): peak = 1197.098 ; gain = 0.000

Phase 1.2 IO Placement/ Clock Placement/ Build Placer Device
INFO: [Timing 38-35] Done setting XDC timing constraints.
Phase 1.2 IO Placement/ Clock Placement/ Build Placer Device | Checksum: 184c80c60

Time (s): cpu = 00:00:00 ; elapsed = 00:00:00.325 . Memory (MB): peak = 1197.098 ; gain = 0.000

Phase 1.3 Build Placer Netlist Model
Phase 1.3 Build Placer Netlist Model | Checksum: 1de190039

Time (s): cpu = 00:00:00 ; elapsed = 00:00:00.512 . Memory (MB): peak = 1205.148 ; gain = 8.051

Phase 1.4 Constrain Clocks/Macros
Phase 1.4 Constrain Clocks/Macros | Checksum: 1de190039

Time (s): cpu = 00:00:00 ; elapsed = 00:00:00.514 . Memory (MB): peak = 1205.148 ; gain = 8.051
Phase 1 Placer Initialization | Checksum: 1de190039

Time (s): cpu = 00:00:00 ; elapsed = 00:00:00.517 . Memory (MB): peak = 1205.148 ; gain = 8.051

Phase 2 Global Placement

Phase 2.1 Floorplanning
Phase 2.1 Floorplanning | Checksum: 1aebd5766

Time (s): cpu = 00:00:00 ; elapsed = 00:00:00.575 . Memory (MB): peak = 1205.148 ; gain = 8.051

Phase 2.2 Physical Synthesis In Placer
INFO: [Physopt 32-65] No nets found for high-fanout optimization.
INFO: [Physopt 32-232] Optimized 0 net. Created 0 new instance.
INFO: [Physopt 32-775] End 1 Pass. Optimized 0 net or cell. Created 0 new cell, deleted 0 existing cell and moved 0 existing cell
INFO: [Physopt 32-456] No candidate cells for DSP register optimization found in the design.
INFO: [Physopt 32-775] End 2 Pass. Optimized 0 net or cell. Created 0 new cell, deleted 0 existing cell and moved 0 existing cell
INFO: [Physopt 32-677] No candidate cells for Shift Register optimization found in the design
INFO: [Physopt 32-775] End 1 Pass. Optimized 0 net or cell. Created 0 new cell, deleted 0 existing cell and moved 0 existing cell
INFO: [Physopt 32-526] No candidate cells for BRAM register optimization found in the design
INFO: [Physopt 32-775] End 1 Pass. Optimized 0 net or cell. Created 0 new cell, deleted 0 existing cell and moved 0 existing cell
INFO: [Physopt 32-949] No candidate nets found for HD net replication
INFO: [Physopt 32-775] End 1 Pass. Optimized 0 net or cell. Created 0 new cell, deleted 0 existing cell and moved 0 existing cell
Netlist sorting complete. Time (s): cpu = 00:00:00 ; elapsed = 00:00:00 . Memory (MB): peak = 1205.148 ; gain = 0.000

Summary of Physical Synthesis Optimizations
============================================


----------------------------------------------------------------------------------------------------------------------------------------
|  Optimization                  |  Added Cells  |  Removed Cells  |  Optimized Cells/Nets  |  Dont Touch  |  Iterations  |  Elapsed   |
----------------------------------------------------------------------------------------------------------------------------------------
|  Very High Fanout              |            0  |              0  |                     0  |           0  |           1  |  00:00:00  |
|  DSP Register                  |            0  |              0  |                     0  |           0  |           1  |  00:00:00  |
|  Shift Register                |            0  |              0  |                     0  |           0  |           1  |  00:00:00  |
|  BRAM Register                 |            0  |              0  |                     0  |           0  |           1  |  00:00:00  |
|  HD Interface Net Replication  |            0  |              0  |                     0  |           0  |           1  |  00:00:00  |
|  Total                         |            0  |              0  |                     0  |           0  |           5  |  00:00:00  |
----------------------------------------------------------------------------------------------------------------------------------------


Phase 2.2 Physical Synthesis In Placer | Checksum: 21e98cd82

Time (s): cpu = 00:00:02 ; elapsed = 00:00:02 . Memory (MB): peak = 1205.148 ; gain = 8.051
Phase 2 Global Placement | Checksum: 2113fc7f1

Time (s): cpu = 00:00:02 ; elapsed = 00:00:02 . Memory (MB): peak = 1205.148 ; gain = 8.051

Phase 3 Detail Placement

Phase 3.1 Commit Multi Column Macros
Phase 3.1 Commit Multi Column Macros | Checksum: 2113fc7f1

Time (s): cpu = 00:00:02 ; elapsed = 00:00:02 . Memory (MB): peak = 1205.148 ; gain = 8.051

Phase 3.2 Commit Most Macros & LUTRAMs
Phase 3.2 Commit Most Macros & LUTRAMs | Checksum: 1728cfe57

Time (s): cpu = 00:00:02 ; elapsed = 00:00:02 . Memory (MB): peak = 1205.148 ; gain = 8.051

Phase 3.3 Area Swap Optimization
Phase 3.3 Area Swap Optimization | Checksum: 1b6a0a48e

Time (s): cpu = 00:00:02 ; elapsed = 00:00:02 . Memory (MB): peak = 1205.148 ; gain = 8.051

Phase 3.4 Pipeline Register Optimization
Phase 3.4 Pipeline Register Optimization | Checksum: 1eedf1e42

Time (s): cpu = 00:00:02 ; elapsed = 00:00:02 . Memory (MB): peak = 1205.148 ; gain = 8.051

Phase 3.5 Fast Optimization
Phase 3.5 Fast Optimization | Checksum: 1e926ecd0

Time (s): cpu = 00:00:03 ; elapsed = 00:00:02 . Memory (MB): peak = 1205.148 ; gain = 8.051

Phase 3.6 Small Shape Detail Placement
Phase 3.6 Small Shape Detail Placement | Checksum: 216a888bb

Time (s): cpu = 00:00:03 ; elapsed = 00:00:02 . Memory (MB): peak = 1205.148 ; gain = 8.051

Phase 3.7 Re-assign LUT pins
Phase 3.7 Re-assign LUT pins | Checksum: 1469944ce

Time (s): cpu = 00:00:03 ; elapsed = 00:00:02 . Memory (MB): peak = 1205.148 ; gain = 8.051

Phase 3.8 Pipeline Register Optimization
Phase 3.8 Pipeline Register Optimization | Checksum: 13672f08c

Time (s): cpu = 00:00:03 ; elapsed = 00:00:02 . Memory (MB): peak = 1205.148 ; gain = 8.051

Phase 3.9 Fast Optimization
Phase 3.9 Fast Optimization | Checksum: 1999e7cc2

Time (s): cpu = 00:00:03 ; elapsed = 00:00:03 . Memory (MB): peak = 1205.148 ; gain = 8.051
Phase 3 Detail Placement | Checksum: 1999e7cc2

Time (s): cpu = 00:00:03 ; elapsed = 00:00:03 . Memory (MB): peak = 1205.148 ; gain = 8.051

Phase 4 Post Placement Optimization and Clean-Up

Phase 4.1 Post Commit Optimization
INFO: [Timing 38-35] Done setting XDC timing constraints.

Phase 4.1.1 Post Placement Optimization
Post Placement Optimization Initialization | Checksum: c3a01686

Phase 4.1.1.1 BUFG Insertion
INFO: [Place 46-46] BUFG insertion identified 0 candidate nets, 0 success, 0 bufg driver replicated, 0 skipped for placement/routing, 0 skipped for timing, 0 skipped for netlist change reason
Phase 4.1.1.1 BUFG Insertion | Checksum: c3a01686

Time (s): cpu = 00:00:03 ; elapsed = 00:00:03 . Memory (MB): peak = 1205.148 ; gain = 8.051
INFO: [Place 30-746] Post Placement Timing Summary WNS=-2.152. For the most accurate timing information please run report_timing.
Phase 4.1.1 Post Placement Optimization | Checksum: 13ba49d80

Time (s): cpu = 00:00:07 ; elapsed = 00:00:07 . Memory (MB): peak = 1205.148 ; gain = 8.051
Phase 4.1 Post Commit Optimization | Checksum: 13ba49d80

Time (s): cpu = 00:00:07 ; elapsed = 00:00:07 . Memory (MB): peak = 1205.148 ; gain = 8.051

Phase 4.2 Post Placement Cleanup
Phase 4.2 Post Placement Cleanup | Checksum: 13ba49d80

Time (s): cpu = 00:00:07 ; elapsed = 00:00:07 . Memory (MB): peak = 1205.148 ; gain = 8.051

Phase 4.3 Placer Reporting
Phase 4.3 Placer Reporting | Checksum: 13ba49d80

Time (s): cpu = 00:00:07 ; elapsed = 00:00:07 . Memory (MB): peak = 1205.148 ; gain = 8.051

Phase 4.4 Final Placement Cleanup
Netlist sorting complete. Time (s): cpu = 00:00:00 ; elapsed = 00:00:00 . Memory (MB): peak = 1205.148 ; gain = 0.000
Phase 4.4 Final Placement Cleanup | Checksum: 171e338d9

Time (s): cpu = 00:00:07 ; elapsed = 00:00:07 . Memory (MB): peak = 1205.148 ; gain = 8.051
Phase 4 Post Placement Optimization and Clean-Up | Checksum: 171e338d9

Time (s): cpu = 00:00:07 ; elapsed = 00:00:07 . Memory (MB): peak = 1205.148 ; gain = 8.051
Ending Placer Task | Checksum: 93c824f4

Time (s): cpu = 00:00:07 ; elapsed = 00:00:07 . Memory (MB): peak = 1205.148 ; gain = 8.051
INFO: [Common 17-83] Releasing license: Implementation
55 Infos, 1 Warnings, 0 Critical Warnings and 0 Errors encountered.
place_design completed successfully
place_design: Time (s): cpu = 00:00:08 ; elapsed = 00:00:07 . Memory (MB): peak = 1205.148 ; gain = 8.051
Netlist sorting complete. Time (s): cpu = 00:00:00 ; elapsed = 00:00:00.001 . Memory (MB): peak = 1205.148 ; gain = 0.000
INFO: [Timing 38-480] Writing timing data to binary archive.
Writing placer database...
Writing XDEF routing.
Netlist sorting complete. Time (s): cpu = 00:00:00 ; elapsed = 00:00:00.001 . Memory (MB): peak = 1211.918 ; gain = 0.000
Writing XDEF routing logical nets.
Writing XDEF routing special nets.
Write XDEF Complete: Time (s): cpu = 00:00:00 ; elapsed = 00:00:00.050 . Memory (MB): peak = 1211.918 ; gain = 6.770
INFO: [Common 17-1381] The checkpoint 'C:/Users/lebray/Vivado-Workflow-Scripts/HW8/T1/vivado_project/T1.runs/impl_1/XADCdemo_placed.dcp' has been generated.
INFO: [runtcl-4] Executing : report_io -file XADCdemo_io_placed.rpt
report_io: Time (s): cpu = 00:00:00 ; elapsed = 00:00:00.019 . Memory (MB): peak = 1211.973 ; gain = 0.000
INFO: [runtcl-4] Executing : report_utilization -file XADCdemo_utilization_placed.rpt -pb XADCdemo_utilization_placed.pb
INFO: [runtcl-4] Executing : report_control_sets -verbose -file XADCdemo_control_sets_placed.rpt
report_control_sets: Time (s): cpu = 00:00:00 ; elapsed = 00:00:00.002 . Memory (MB): peak = 1211.973 ; gain = 0.000
Command: route_design
Attempting to get a license for feature 'Implementation' and/or device 'xc7a35t'
INFO: [Common 17-349] Got license for feature 'Implementation' and/or device 'xc7a35t'
Running DRC as a precondition to command route_design
INFO: [DRC 23-27] Running DRC with 2 threads
INFO: [Vivado_Tcl 4-198] DRC finished with 0 Errors
INFO: [Vivado_Tcl 4-199] Please refer to the DRC report (report_drc) for more information.


Starting Routing Task
INFO: [Route 35-254] Multithreading enabled for route_design using a maximum of 2 CPUs
Checksum: PlaceDB: fd377b5 ConstDB: 0 ShapeSum: 83f4ad3f RouteDB: 0

Phase 1 Build RT Design
Phase 1 Build RT Design | Checksum: 15231ad13

Time (s): cpu = 00:00:08 ; elapsed = 00:00:08 . Memory (MB): peak = 1331.965 ; gain = 119.992
Post Restoration Checksum: NetGraph: afed98a1 NumContArr: a2441472 Constraints: 0 Timing: 0

Phase 2 Router Initialization

Phase 2.1 Create Timer
Phase 2.1 Create Timer | Checksum: 15231ad13

Time (s): cpu = 00:00:08 ; elapsed = 00:00:08 . Memory (MB): peak = 1340.051 ; gain = 128.078

Phase 2.2 Fix Topology Constraints
Phase 2.2 Fix Topology Constraints | Checksum: 15231ad13

Time (s): cpu = 00:00:08 ; elapsed = 00:00:08 . Memory (MB): peak = 1346.047 ; gain = 134.074

Phase 2.3 Pre Route Cleanup
Phase 2.3 Pre Route Cleanup | Checksum: 15231ad13

Time (s): cpu = 00:00:08 ; elapsed = 00:00:08 . Memory (MB): peak = 1346.047 ; gain = 134.074
 Number of Nodes with overlaps = 0

Phase 2.4 Update Timing
Phase 2.4 Update Timing | Checksum: 108c787a8

Time (s): cpu = 00:00:08 ; elapsed = 00:00:08 . Memory (MB): peak = 1353.840 ; gain = 141.867
INFO: [Route 35-416] Intermediate Timing Summary | WNS=-1.964 | TNS=-61.085| WHS=-0.098 | THS=-1.117 |

Phase 2 Router Initialization | Checksum: 12ed146af

Time (s): cpu = 00:00:08 ; elapsed = 00:00:08 . Memory (MB): peak = 1355.137 ; gain = 143.164

Phase 3 Initial Routing
Phase 3 Initial Routing | Checksum: 202997e89

Time (s): cpu = 00:00:08 ; elapsed = 00:00:08 . Memory (MB): peak = 1356.422 ; gain = 144.449

Phase 4 Rip-up And Reroute

Phase 4.1 Global Iteration 0
 Number of Nodes with overlaps = 895
 Number of Nodes with overlaps = 381
 Number of Nodes with overlaps = 136
 Number of Nodes with overlaps = 66
 Number of Nodes with overlaps = 48
 Number of Nodes with overlaps = 10
 Number of Nodes with overlaps = 1
 Number of Nodes with overlaps = 0
INFO: [Route 35-416] Intermediate Timing Summary | WNS=-2.738 | TNS=-84.840| WHS=N/A    | THS=N/A    |

Phase 4.1 Global Iteration 0 | Checksum: 229439b9d

Time (s): cpu = 00:00:11 ; elapsed = 00:00:10 . Memory (MB): peak = 1356.430 ; gain = 144.457

Phase 4.2 Global Iteration 1
 Number of Nodes with overlaps = 365
 Number of Nodes with overlaps = 225
 Number of Nodes with overlaps = 86
 Number of Nodes with overlaps = 75
 Number of Nodes with overlaps = 45
 Number of Nodes with overlaps = 32
 Number of Nodes with overlaps = 10
 Number of Nodes with overlaps = 15
 Number of Nodes with overlaps = 6
 Number of Nodes with overlaps = 2
 Number of Nodes with overlaps = 1
 Number of Nodes with overlaps = 0
INFO: [Route 35-416] Intermediate Timing Summary | WNS=-2.895 | TNS=-87.849| WHS=N/A    | THS=N/A    |

Phase 4.2 Global Iteration 1 | Checksum: 1421ae98f

Time (s): cpu = 00:00:14 ; elapsed = 00:00:12 . Memory (MB): peak = 1356.496 ; gain = 144.523
Phase 4 Rip-up And Reroute | Checksum: 1421ae98f

Time (s): cpu = 00:00:14 ; elapsed = 00:00:12 . Memory (MB): peak = 1356.496 ; gain = 144.523

Phase 5 Delay and Skew Optimization

Phase 5.1 Delay CleanUp

Phase 5.1.1 Update Timing
Phase 5.1.1 Update Timing | Checksum: 18a13d186

Time (s): cpu = 00:00:14 ; elapsed = 00:00:12 . Memory (MB): peak = 1356.496 ; gain = 144.523
INFO: [Route 35-416] Intermediate Timing Summary | WNS=-2.658 | TNS=-82.280| WHS=N/A    | THS=N/A    |

 Number of Nodes with overlaps = 0
Phase 5.1 Delay CleanUp | Checksum: 1a2e8b1e6

Time (s): cpu = 00:00:15 ; elapsed = 00:00:12 . Memory (MB): peak = 1362.582 ; gain = 150.609

Phase 5.2 Clock Skew Optimization
Phase 5.2 Clock Skew Optimization | Checksum: 1a2e8b1e6

Time (s): cpu = 00:00:15 ; elapsed = 00:00:12 . Memory (MB): peak = 1362.582 ; gain = 150.609
Phase 5 Delay and Skew Optimization | Checksum: 1a2e8b1e6

Time (s): cpu = 00:00:15 ; elapsed = 00:00:12 . Memory (MB): peak = 1362.582 ; gain = 150.609

Phase 6 Post Hold Fix

Phase 6.1 Hold Fix Iter

Phase 6.1.1 Update Timing
Phase 6.1.1 Update Timing | Checksum: 1ea59c9e4

Time (s): cpu = 00:00:15 ; elapsed = 00:00:12 . Memory (MB): peak = 1362.582 ; gain = 150.609
INFO: [Route 35-416] Intermediate Timing Summary | WNS=-2.663 | TNS=-82.426| WHS=0.153  | THS=0.000  |

Phase 6.1 Hold Fix Iter | Checksum: 1ea59c9e4

Time (s): cpu = 00:00:15 ; elapsed = 00:00:12 . Memory (MB): peak = 1362.582 ; gain = 150.609
Phase 6 Post Hold Fix | Checksum: 1ea59c9e4

Time (s): cpu = 00:00:15 ; elapsed = 00:00:12 . Memory (MB): peak = 1362.582 ; gain = 150.609

Phase 7 Route finalize

Router Utilization Summary
  Global Vertical Routing Utilization    = 0.50873 %
  Global Horizontal Routing Utilization  = 0.568454 %
  Routable Net Status*
  *Does not include unroutable nets such as driverless and loadless.
  Run report_route_status for detailed report.
  Number of Failed Nets               = 0
  Number of Unrouted Nets             = 0
  Number of Partially Routed Nets     = 0
  Number of Node Overlaps             = 0

Congestion Report
North Dir 1x1 Area, Max Cong = 54.955%, No Congested Regions.
South Dir 1x1 Area, Max Cong = 72.0721%, No Congested Regions.
East Dir 1x1 Area, Max Cong = 55.8824%, No Congested Regions.
West Dir 1x1 Area, Max Cong = 50%, No Congested Regions.

------------------------------
Reporting congestion hotspots
------------------------------
Direction: North
----------------
Congested clusters found at Level 0
Effective congestion level: 0 Aspect Ratio: 1 Sparse Ratio: 0
Direction: South
----------------
Congested clusters found at Level 0
Effective congestion level: 0 Aspect Ratio: 1 Sparse Ratio: 0
Direction: East
----------------
Congested clusters found at Level 0
Effective congestion level: 0 Aspect Ratio: 1 Sparse Ratio: 0
Direction: West
----------------
Congested clusters found at Level 0
Effective congestion level: 0 Aspect Ratio: 1 Sparse Ratio: 0

Phase 7 Route finalize | Checksum: 1e44ebf80

Time (s): cpu = 00:00:15 ; elapsed = 00:00:12 . Memory (MB): peak = 1362.582 ; gain = 150.609

Phase 8 Verifying routed nets

 Verification completed successfully
Phase 8 Verifying routed nets | Checksum: 1e44ebf80

Time (s): cpu = 00:00:15 ; elapsed = 00:00:12 . Memory (MB): peak = 1362.582 ; gain = 150.609

Phase 9 Depositing Routes
Phase 9 Depositing Routes | Checksum: 22b7cd040

Time (s): cpu = 00:00:15 ; elapsed = 00:00:12 . Memory (MB): peak = 1362.582 ; gain = 150.609

Phase 10 Post Router Timing
INFO: [Route 35-57] Estimated Timing Summary | WNS=-2.663 | TNS=-82.426| WHS=0.153  | THS=0.000  |

WARNING: [Route 35-328] Router estimated timing not met.
Resolution: For a complete and accurate timing signoff, report_timing_summary must be run after route_design. Alternatively, route_design can be run with the -timing_summary option to enable a complete timing signoff at the end of route_design.
Phase 10 Post Router Timing | Checksum: 22b7cd040

Time (s): cpu = 00:00:15 ; elapsed = 00:00:12 . Memory (MB): peak = 1362.582 ; gain = 150.609
INFO: [Route 35-16] Router Completed Successfully

Time (s): cpu = 00:00:15 ; elapsed = 00:00:12 . Memory (MB): peak = 1362.582 ; gain = 150.609

Routing Is Done.
INFO: [Common 17-83] Releasing license: Implementation
73 Infos, 2 Warnings, 0 Critical Warnings and 0 Errors encountered.
route_design completed successfully
route_design: Time (s): cpu = 00:00:16 ; elapsed = 00:00:13 . Memory (MB): peak = 1362.582 ; gain = 150.609
Netlist sorting complete. Time (s): cpu = 00:00:00 ; elapsed = 00:00:00 . Memory (MB): peak = 1362.582 ; gain = 0.000
INFO: [Timing 38-480] Writing timing data to binary archive.
Writing placer database...
Writing XDEF routing.
Netlist sorting complete. Time (s): cpu = 00:00:00 ; elapsed = 00:00:00 . Memory (MB): peak = 1362.582 ; gain = 0.000
Writing XDEF routing logical nets.
Writing XDEF routing special nets.
Write XDEF Complete: Time (s): cpu = 00:00:00 ; elapsed = 00:00:00.063 . Memory (MB): peak = 1362.582 ; gain = 0.000
INFO: [Common 17-1381] The checkpoint 'C:/Users/lebray/Vivado-Workflow-Scripts/HW8/T1/vivado_project/T1.runs/impl_1/XADCdemo_routed.dcp' has been generated.
INFO: [runtcl-4] Executing : report_drc -file XADCdemo_drc_routed.rpt -pb XADCdemo_drc_routed.pb -rpx XADCdemo_drc_routed.rpx
Command: report_drc -file XADCdemo_drc_routed.rpt -pb XADCdemo_drc_routed.pb -rpx XADCdemo_drc_routed.rpx
INFO: [IP_Flow 19-1839] IP Catalog is up to date.
INFO: [DRC 23-27] Running DRC with 2 threads
INFO: [Coretcl 2-168] The results of DRC are in file C:/Users/lebray/Vivado-Workflow-Scripts/HW8/T1/vivado_project/T1.runs/impl_1/XADCdemo_drc_routed.rpt.
report_drc completed successfully
INFO: [runtcl-4] Executing : report_methodology -file XADCdemo_methodology_drc_routed.rpt -pb XADCdemo_methodology_drc_routed.pb -rpx XADCdemo_methodology_drc_routed.rpx
Command: report_methodology -file XADCdemo_methodology_drc_routed.rpt -pb XADCdemo_methodology_drc_routed.pb -rpx XADCdemo_methodology_drc_routed.rpx
INFO: [Timing 38-35] Done setting XDC timing constraints.
INFO: [DRC 23-133] Running Methodology with 2 threads
INFO: [Coretcl 2-1520] The results of Report Methodology are in file C:/Users/lebray/Vivado-Workflow-Scripts/HW8/T1/vivado_project/T1.runs/impl_1/XADCdemo_methodology_drc_routed.rpt.
report_methodology completed successfully
INFO: [runtcl-4] Executing : report_power -file XADCdemo_power_routed.rpt -pb XADCdemo_power_summary_routed.pb -rpx XADCdemo_power_routed.rpx
Command: report_power -file XADCdemo_power_routed.rpt -pb XADCdemo_power_summary_routed.pb -rpx XADCdemo_power_routed.rpx
INFO: [Timing 38-35] Done setting XDC timing constraints.
Running Vector-less Activity Propagation...

Finished Running Vector-less Activity Propagation
85 Infos, 2 Warnings, 0 Critical Warnings and 0 Errors encountered.
report_power completed successfully
INFO: [runtcl-4] Executing : report_route_status -file XADCdemo_route_status.rpt -pb XADCdemo_route_status.pb
INFO: [runtcl-4] Executing : report_timing_summary -max_paths 10 -file XADCdemo_timing_summary_routed.rpt -pb XADCdemo_timing_summary_routed.pb -rpx XADCdemo_timing_summary_routed.rpx -warn_on_violation 
INFO: [Timing 38-91] UpdateTimingParams: Speed grade: -1, Delay Type: min_max.
INFO: [Timing 38-191] Multithreading enabled for timing update using a maximum of 2 CPUs
CRITICAL WARNING: [Timing 38-282] The design failed to meet the timing requirements. Please see the timing summary report for details on the timing violations.
INFO: [runtcl-4] Executing : report_incremental_reuse -file XADCdemo_incremental_reuse_routed.rpt
INFO: [Vivado_Tcl 4-1062] Incremental flow is disabled. No incremental reuse Info to report.
INFO: [runtcl-4] Executing : report_clock_utilization -file XADCdemo_clock_utilization_routed.rpt
INFO: [runtcl-4] Executing : report_bus_skew -warn_on_violation -file XADCdemo_bus_skew_routed.rpt -pb XADCdemo_bus_skew_routed.pb -rpx XADCdemo_bus_skew_routed.rpx
INFO: [Timing 38-91] UpdateTimingParams: Speed grade: -1, Delay Type: min_max.
INFO: [Timing 38-191] Multithreading enabled for timing update using a maximum of 2 CPUs
INFO: [Common 17-206] Exiting Vivado at Fri Apr  3 18:54:02 2026...

*** Running vivado
    with args -log XADCdemo.vdi -applog -m64 -product Vivado -messageDb vivado.pb -mode batch -source XADCdemo.tcl -notrace


****** Vivado v2018.3 (64-bit)
  **** SW Build 2405991 on Thu Dec  6 23:38:27 MST 2018
  **** IP Build 2404404 on Fri Dec  7 01:43:56 MST 2018
    ** Copyright 1986-2018 Xilinx, Inc. All Rights Reserved.

source XADCdemo.tcl -notrace
Command: open_checkpoint XADCdemo_routed.dcp

Starting open_checkpoint Task

Time (s): cpu = 00:00:00 ; elapsed = 00:00:00.020 . Memory (MB): peak = 254.148 ; gain = 0.000
INFO: [Netlist 29-17] Analyzing 160 Unisim elements for replacement
INFO: [Netlist 29-28] Unisim Transformation completed in 1 CPU seconds
WARNING: [Netlist 29-101] Netlist 'XADCdemo' is not ideal for floorplanning, since the cellview 'bin2dec' contains a large number of primitives.  Please consider enabling hierarchy in synthesis if you want to do floorplanning.
INFO: [Project 1-479] Netlist was created with Vivado 2018.3
INFO: [Device 21-403] Loading part xc7a35tcpg236-1
INFO: [Project 1-570] Preparing netlist for logic optimization
INFO: [Timing 38-478] Restoring timing data from binary archive.
INFO: [Timing 38-479] Binary timing data restore complete.
INFO: [Project 1-856] Restoring constraints from binary archive.
INFO: [Project 1-853] Binary constraint restore complete.
Reading XDEF placement.
Reading placer database...
Reading XDEF routing.
Read XDEF File: Time (s): cpu = 00:00:00 ; elapsed = 00:00:00.094 . Memory (MB): peak = 1063.270 ; gain = 2.395
Restored from archive | CPU: 0.000000 secs | Memory: 0.000000 MB |
Finished XDEF File Restore: Time (s): cpu = 00:00:00 ; elapsed = 00:00:00.094 . Memory (MB): peak = 1063.270 ; gain = 2.395
Netlist sorting complete. Time (s): cpu = 00:00:00 ; elapsed = 00:00:00 . Memory (MB): peak = 1063.301 ; gain = 0.000
INFO: [Project 1-111] Unisim Transformation Summary:
No Unisim elements were transformed.

INFO: [Project 1-604] Checkpoint was created with Vivado v2018.3 (64-bit) build 2405991
open_checkpoint: Time (s): cpu = 00:00:07 ; elapsed = 00:00:09 . Memory (MB): peak = 1063.301 ; gain = 809.152
Command: write_bitstream -force XADCdemo.bit
Attempting to get a license for feature 'Implementation' and/or device 'xc7a35t'
INFO: [Common 17-349] Got license for feature 'Implementation' and/or device 'xc7a35t'
Running DRC as a precondition to command write_bitstream
INFO: [IP_Flow 19-234] Refreshing IP repositories
INFO: [IP_Flow 19-1704] No user IP repositories specified
INFO: [IP_Flow 19-2313] Loaded Vivado IP repository 'C:/Xilinx/Vivado/2018.3/data/ip'.
INFO: [DRC 23-27] Running DRC with 2 threads
WARNING: [DRC CFGBVS-1] Missing CFGBVS and CONFIG_VOLTAGE Design Properties: Neither the CFGBVS nor CONFIG_VOLTAGE voltage property is set in the current_design.  Configuration bank voltage select (CFGBVS) must be set to VCCO or GND, and CONFIG_VOLTAGE must be set to the correct configuration voltage, in order to determine the I/O voltage support for the pins in bank 0.  It is suggested to specify these either using the 'Edit Device Properties' function in the GUI or directly in the XDC file using the following syntax:

 set_property CFGBVS value1 [current_design]
 #where value1 is either VCCO or GND

 set_property CONFIG_VOLTAGE value2 [current_design]
 #where value2 is the voltage provided to configuration bank 0

Refer to the device configuration user guide for more information.
WARNING: [DRC DPOP-1] PREG Output pipelining: DSP m_b2d/data1 output m_b2d/data1/P[47:0] is not pipelined (PREG=0). Pipelining the DSP48 output will improve performance and often saves power so it is suggested whenever possible to fully pipeline this function.  If this DSP48 function was inferred, it is suggested to describe an additional register stage after this function.  If the DSP48 was instantiated in the design, it is suggested to set the PREG attribute to 1.
WARNING: [DRC DPOP-2] MREG Output pipelining: DSP m_b2d/data1 multiplier stage m_b2d/data1/P[47:0] is not pipelined (MREG=0). Pipelining the multiplier function will improve performance and will save significant power so it is suggested whenever possible to fully pipeline this function.  If this multiplier was inferred, it is suggested to describe an additional register stage after this function.  If there is no registered adder/accumulator following the multiply function, two pipeline stages are suggested to allow both the MREG and PREG registers to be used.  If the DSP48 was instantiated in the design, it is suggested to set both the MREG and PREG attributes to 1 when performing multiply functions.
INFO: [Vivado 12-3199] DRC finished with 0 Errors, 3 Warnings
INFO: [Vivado 12-3200] Please refer to the DRC report (report_drc) for more information.
INFO: [Designutils 20-2272] Running write_bitstream with 2 threads.
Loading data files...
Loading site data...
Loading route data...
Processing options...
Creating bitmap...
Creating bitstream...
Writing bitstream ./XADCdemo.bit...
INFO: [Vivado 12-1842] Bitgen Completed Successfully.
INFO: [Project 1-120] WebTalk data collection is mandatory when using a WebPACK part without a full Vivado license. To see the specific WebTalk data collected for your design, open the usage_statistics_webtalk.html or usage_statistics_webtalk.xml file in the implementation directory.
INFO: [Common 17-83] Releasing license: Implementation
22 Infos, 4 Warnings, 0 Critical Warnings and 0 Errors encountered.
write_bitstream completed successfully
write_bitstream: Time (s): cpu = 00:00:06 ; elapsed = 00:00:06 . Memory (MB): peak = 1542.062 ; gain = 478.762
INFO: [Common 17-206] Exiting Vivado at Fri Apr  3 18:54:35 2026...
[Fri Apr  3 18:54:37 2026] impl_1 finished
wait_on_run: Time (s): cpu = 00:00:00 ; elapsed = 00:00:30 . Memory (MB): peak = 1162.531 ; gain = 0.000
# set s [get_property STATUS [get_runs impl_1]]
# if {[string first "Complete" $s] < 0} { puts "ERROR: Bitstream failed: $s"; exit 1 }
# puts "SUCCESS: Bitstream written."
SUCCESS: Bitstream written.
# close_project
INFO: [Common 17-206] Exiting Vivado at Fri Apr  3 18:54:37 2026...
