Copyright 1986-2018 Xilinx, Inc. All Rights Reserved.
-----------------------------------------------------------------------------------------------------------------------------------------------------------------------------------------------------------------
| Tool Version : Vivado v.2018.3 (win64) Build 2405991 Thu Dec  6 23:38:27 MST 2018
| Date         : Mon Feb 23 14:59:43 2026
| Host         : BH610-DRZVK84 running 64-bit major release  (build 9200)
| Command      : report_timing_summary -max_paths 10 -file LCD_driver_top_timing_summary_routed.rpt -pb LCD_driver_top_timing_summary_routed.pb -rpx LCD_driver_top_timing_summary_routed.rpx -warn_on_violation
| Design       : LCD_driver_top
| Device       : 7a35t-cpg236
| Speed File   : -1  PRODUCTION 1.23 2018-06-13
-----------------------------------------------------------------------------------------------------------------------------------------------------------------------------------------------------------------

Timing Summary Report

------------------------------------------------------------------------------------------------
| Timer Settings
| --------------
------------------------------------------------------------------------------------------------

  Enable Multi Corner Analysis               :  Yes
  Enable Pessimism Removal                   :  Yes
  Pessimism Removal Resolution               :  Nearest Common Node
  Enable Input Delay Default Clock           :  No
  Enable Preset / Clear Arcs                 :  No
  Disable Flight Delays                      :  No
  Ignore I/O Paths                           :  No
  Timing Early Launch at Borrowing Latches   :  false

  Corner  Analyze    Analyze    
  Name    Max Paths  Min Paths  
  ------  ---------  ---------  
  Slow    Yes        Yes        
  Fast    Yes        Yes        



check_timing report

Table of Contents
-----------------
1. checking no_clock
2. checking constant_clock
3. checking pulse_width_clock
4. checking unconstrained_internal_endpoints
5. checking no_input_delay
6. checking no_output_delay
7. checking multiple_clock
8. checking generated_clocks
9. checking loops
10. checking partial_input_delay
11. checking partial_output_delay
12. checking latch_loops

1. checking no_clock
--------------------
 There are 0 register/latch pins with no clock.


2. checking constant_clock
--------------------------
 There are 0 register/latch pins with constant_clock.


3. checking pulse_width_clock
-----------------------------
 There are 0 register/latch pins which need pulse_width check


4. checking unconstrained_internal_endpoints
--------------------------------------------
 There are 0 pins that are not constrained for maximum delay.

 There are 0 pins that are not constrained for maximum delay due to constant clock.


5. checking no_input_delay
--------------------------
 There are 7 input ports with no input delay specified. (HIGH)

 There are 0 input ports with no input delay but user has a false path constraint.


6. checking no_output_delay
---------------------------
 There are 8 ports with no output delay specified. (HIGH)

 There are 0 ports with no output delay but user has a false path constraint

 There are 0 ports with no output delay but with a timing clock defined on it or propagating through it


7. checking multiple_clock
--------------------------
 There are 0 register/latch pins with multiple clocks.


8. checking generated_clocks
----------------------------
 There are 0 generated clocks that are not connected to a clock source.


9. checking loops
-----------------
 There are 0 combinational loops in the design.


10. checking partial_input_delay
--------------------------------
 There are 0 input ports with partial input delay specified.


11. checking partial_output_delay
---------------------------------
 There are 0 ports with partial output delay specified.


12. checking latch_loops
------------------------
 There are 0 combinational latch loops in the design through latch input



------------------------------------------------------------------------------------------------
| Design Timing Summary
| ---------------------
------------------------------------------------------------------------------------------------

    WNS(ns)      TNS(ns)  TNS Failing Endpoints  TNS Total Endpoints      WHS(ns)      THS(ns)  THS Failing Endpoints  THS Total Endpoints     WPWS(ns)     TPWS(ns)  TPWS Failing Endpoints  TPWS Total Endpoints  
    -------      -------  ---------------------  -------------------      -------      -------  ---------------------  -------------------     --------     --------  ----------------------  --------------------  
      3.261        0.000                      0                  201        0.156        0.000                      0                  201        4.500        0.000                       0                   125  


All user specified timing constraints are met.


------------------------------------------------------------------------------------------------
| Clock Summary
| -------------
------------------------------------------------------------------------------------------------

Clock        Waveform(ns)       Period(ns)      Frequency(MHz)
-----        ------------       ----------      --------------
sys_clk_pin  {0.000 5.000}      10.000          100.000         


------------------------------------------------------------------------------------------------
| Intra Clock Table
| -----------------
------------------------------------------------------------------------------------------------

Clock             WNS(ns)      TNS(ns)  TNS Failing Endpoints  TNS Total Endpoints      WHS(ns)      THS(ns)  THS Failing Endpoints  THS Total Endpoints     WPWS(ns)     TPWS(ns)  TPWS Failing Endpoints  TPWS Total Endpoints  
-----             -------      -------  ---------------------  -------------------      -------      -------  ---------------------  -------------------     --------     --------  ----------------------  --------------------  
sys_clk_pin         3.261        0.000                      0                  201        0.156        0.000                      0                  201        4.500        0.000                       0                   125  


------------------------------------------------------------------------------------------------
| Inter Clock Table
| -----------------
------------------------------------------------------------------------------------------------

From Clock    To Clock          WNS(ns)      TNS(ns)  TNS Failing Endpoints  TNS Total Endpoints      WHS(ns)      THS(ns)  THS Failing Endpoints  THS Total Endpoints  
----------    --------          -------      -------  ---------------------  -------------------      -------      -------  ---------------------  -------------------  


------------------------------------------------------------------------------------------------
| Other Path Groups Table
| -----------------------
------------------------------------------------------------------------------------------------

Path Group    From Clock    To Clock          WNS(ns)      TNS(ns)  TNS Failing Endpoints  TNS Total Endpoints      WHS(ns)      THS(ns)  THS Failing Endpoints  THS Total Endpoints  
----------    ----------    --------          -------      -------  ---------------------  -------------------      -------      -------  ---------------------  -------------------  


------------------------------------------------------------------------------------------------
| Timing Details
| --------------
------------------------------------------------------------------------------------------------


---------------------------------------------------------------------------------------------------
From Clock:  sys_clk_pin
  To Clock:  sys_clk_pin

Setup :            0  Failing Endpoints,  Worst Slack        3.261ns,  Total Violation        0.000ns
Hold  :            0  Failing Endpoints,  Worst Slack        0.156ns,  Total Violation        0.000ns
PW    :            0  Failing Endpoints,  Worst Slack        4.500ns,  Total Violation        0.000ns
---------------------------------------------------------------------------------------------------


Max Delay Paths
--------------------------------------------------------------------------------------
Slack (MET) :             3.261ns  (required time - arrival time)
  Source:                 data_in_reg[1]/C
                            (rising edge-triggered cell FDRE clocked by sys_clk_pin  {rise@0.000ns fall@5.000ns period=10.000ns})
  Destination:            lcd1/data_out_reg[1]/D
                            (falling edge-triggered cell FDRE clocked by sys_clk_pin  {rise@0.000ns fall@5.000ns period=10.000ns})
  Path Group:             sys_clk_pin
  Path Type:              Setup (Max at Slow Process Corner)
  Requirement:            5.000ns  (sys_clk_pin fall@5.000ns - sys_clk_pin rise@0.000ns)
  Data Path Delay:        1.693ns  (logic 0.580ns (34.251%)  route 1.113ns (65.749%))
  Logic Levels:           1  (LUT3=1)
  Clock Path Skew:        -0.044ns (DCD - SCD + CPR)
    Destination Clock Delay (DCD):    4.771ns = ( 9.771 - 5.000 ) 
    Source Clock Delay      (SCD):    5.073ns
    Clock Pessimism Removal (CPR):    0.258ns
  Clock Uncertainty:      0.035ns  ((TSJ^2 + TIJ^2)^1/2 + DJ) / 2 + PE
    Total System Jitter     (TSJ):    0.071ns
    Total Input Jitter      (TIJ):    0.000ns
    Discrete Jitter          (DJ):    0.000ns
    Phase Error              (PE):    0.000ns

    Location             Delay type                Incr(ns)  Path(ns)    Netlist Resource(s)
  -------------------------------------------------------------------    -------------------
                         (clock sys_clk_pin rise edge)
                                                      0.000     0.000 r  
    W5                                                0.000     0.000 r  clk (IN)
                         net (fo=0)                   0.000     0.000    clk
    W5                   IBUF (Prop_ibuf_I_O)         1.458     1.458 r  clk_IBUF_inst/O
                         net (fo=1, routed)           1.967     3.425    clk_IBUF
    BUFGCTRL_X0Y0        BUFG (Prop_bufg_I_O)         0.096     3.521 r  clk_IBUF_BUFG_inst/O
                         net (fo=124, routed)         1.552     5.073    clk_IBUF_BUFG
    SLICE_X11Y64         FDRE                                         r  data_in_reg[1]/C
  -------------------------------------------------------------------    -------------------
    SLICE_X11Y64         FDRE (Prop_fdre_C_Q)         0.456     5.529 r  data_in_reg[1]/Q
                         net (fo=1, routed)           1.113     6.642    lcd1/data_in[1]
    SLICE_X13Y68         LUT3 (Prop_lut3_I0_O)        0.124     6.766 r  lcd1/data_out[1]_i_1/O
                         net (fo=1, routed)           0.000     6.766    lcd1/data_out[1]_i_1_n_0
    SLICE_X13Y68         FDRE                                         r  lcd1/data_out_reg[1]/D
  -------------------------------------------------------------------    -------------------

                         (clock sys_clk_pin fall edge)
                                                      5.000     5.000 f  
    W5                                                0.000     5.000 f  clk (IN)
                         net (fo=0)                   0.000     5.000    clk
    W5                   IBUF (Prop_ibuf_I_O)         1.388     6.388 f  clk_IBUF_inst/O
                         net (fo=1, routed)           1.862     8.250    clk_IBUF
    BUFGCTRL_X0Y0        BUFG (Prop_bufg_I_O)         0.091     8.341 f  clk_IBUF_BUFG_inst/O
                         net (fo=124, routed)         1.430     9.771    lcd1/clk_IBUF_BUFG
    SLICE_X13Y68         FDRE                                         r  lcd1/data_out_reg[1]/C  (IS_INVERTED)
                         clock pessimism              0.258    10.029    
                         clock uncertainty           -0.035     9.994    
    SLICE_X13Y68         FDRE (Setup_fdre_C_D)        0.034    10.028    lcd1/data_out_reg[1]
  -------------------------------------------------------------------
                         required time                         10.028    
                         arrival time                          -6.766    
  -------------------------------------------------------------------
                         slack                                  3.261    

Slack (MET) :             3.354ns  (required time - arrival time)
  Source:                 data_in_reg[0]/C
                            (rising edge-triggered cell FDRE clocked by sys_clk_pin  {rise@0.000ns fall@5.000ns period=10.000ns})
  Destination:            lcd1/data_out_reg[0]/D
                            (falling edge-triggered cell FDRE clocked by sys_clk_pin  {rise@0.000ns fall@5.000ns period=10.000ns})
  Path Group:             sys_clk_pin
  Path Type:              Setup (Max at Slow Process Corner)
  Requirement:            5.000ns  (sys_clk_pin fall@5.000ns - sys_clk_pin rise@0.000ns)
  Data Path Delay:        1.599ns  (logic 0.580ns (36.280%)  route 1.019ns (63.720%))
  Logic Levels:           1  (LUT3=1)
  Clock Path Skew:        -0.044ns (DCD - SCD + CPR)
    Destination Clock Delay (DCD):    4.771ns = ( 9.771 - 5.000 ) 
    Source Clock Delay      (SCD):    5.073ns
    Clock Pessimism Removal (CPR):    0.258ns
  Clock Uncertainty:      0.035ns  ((TSJ^2 + TIJ^2)^1/2 + DJ) / 2 + PE
    Total System Jitter     (TSJ):    0.071ns
    Total Input Jitter      (TIJ):    0.000ns
    Discrete Jitter          (DJ):    0.000ns
    Phase Error              (PE):    0.000ns

    Location             Delay type                Incr(ns)  Path(ns)    Netlist Resource(s)
  -------------------------------------------------------------------    -------------------
                         (clock sys_clk_pin rise edge)
                                                      0.000     0.000 r  
    W5                                                0.000     0.000 r  clk (IN)
                         net (fo=0)                   0.000     0.000    clk
    W5                   IBUF (Prop_ibuf_I_O)         1.458     1.458 r  clk_IBUF_inst/O
                         net (fo=1, routed)           1.967     3.425    clk_IBUF
    BUFGCTRL_X0Y0        BUFG (Prop_bufg_I_O)         0.096     3.521 r  clk_IBUF_BUFG_inst/O
                         net (fo=124, routed)         1.552     5.073    clk_IBUF_BUFG
    SLICE_X11Y64         FDRE                                         r  data_in_reg[0]/C
  -------------------------------------------------------------------    -------------------
    SLICE_X11Y64         FDRE (Prop_fdre_C_Q)         0.456     5.529 r  data_in_reg[0]/Q
                         net (fo=1, routed)           1.019     6.548    lcd1/data_in[0]
    SLICE_X13Y68         LUT3 (Prop_lut3_I0_O)        0.124     6.672 r  lcd1/data_out[0]_i_1/O
                         net (fo=1, routed)           0.000     6.672    lcd1/data_out[0]_i_1_n_0
    SLICE_X13Y68         FDRE                                         r  lcd1/data_out_reg[0]/D
  -------------------------------------------------------------------    -------------------

                         (clock sys_clk_pin fall edge)
                                                      5.000     5.000 f  
    W5                                                0.000     5.000 f  clk (IN)
                         net (fo=0)                   0.000     5.000    clk
    W5                   IBUF (Prop_ibuf_I_O)         1.388     6.388 f  clk_IBUF_inst/O
                         net (fo=1, routed)           1.862     8.250    clk_IBUF
    BUFGCTRL_X0Y0        BUFG (Prop_bufg_I_O)         0.091     8.341 f  clk_IBUF_BUFG_inst/O
                         net (fo=124, routed)         1.430     9.771    lcd1/clk_IBUF_BUFG
    SLICE_X13Y68         FDRE                                         r  lcd1/data_out_reg[0]/C  (IS_INVERTED)
                         clock pessimism              0.258    10.029    
                         clock uncertainty           -0.035     9.994    
    SLICE_X13Y68         FDRE (Setup_fdre_C_D)        0.032    10.026    lcd1/data_out_reg[0]
  -------------------------------------------------------------------
                         required time                         10.026    
                         arrival time                          -6.672    
  -------------------------------------------------------------------
                         slack                                  3.354    

Slack (MET) :             3.479ns  (required time - arrival time)
  Source:                 data_in_reg[2]/C
                            (rising edge-triggered cell FDRE clocked by sys_clk_pin  {rise@0.000ns fall@5.000ns period=10.000ns})
  Destination:            lcd1/data_out_reg[2]/D
                            (falling edge-triggered cell FDRE clocked by sys_clk_pin  {rise@0.000ns fall@5.000ns period=10.000ns})
  Path Group:             sys_clk_pin
  Path Type:              Setup (Max at Slow Process Corner)
  Requirement:            5.000ns  (sys_clk_pin fall@5.000ns - sys_clk_pin rise@0.000ns)
  Data Path Delay:        1.522ns  (logic 0.670ns (44.030%)  route 0.852ns (55.970%))
  Logic Levels:           1  (LUT3=1)
  Clock Path Skew:        -0.042ns (DCD - SCD + CPR)
    Destination Clock Delay (DCD):    4.771ns = ( 9.771 - 5.000 ) 
    Source Clock Delay      (SCD):    5.071ns
    Clock Pessimism Removal (CPR):    0.258ns
  Clock Uncertainty:      0.035ns  ((TSJ^2 + TIJ^2)^1/2 + DJ) / 2 + PE
    Total System Jitter     (TSJ):    0.071ns
    Total Input Jitter      (TIJ):    0.000ns
    Discrete Jitter          (DJ):    0.000ns
    Phase Error              (PE):    0.000ns

    Location             Delay type                Incr(ns)  Path(ns)    Netlist Resource(s)
  -------------------------------------------------------------------    -------------------
                         (clock sys_clk_pin rise edge)
                                                      0.000     0.000 r  
    W5                                                0.000     0.000 r  clk (IN)
                         net (fo=0)                   0.000     0.000    clk
    W5                   IBUF (Prop_ibuf_I_O)         1.458     1.458 r  clk_IBUF_inst/O
                         net (fo=1, routed)           1.967     3.425    clk_IBUF
    BUFGCTRL_X0Y0        BUFG (Prop_bufg_I_O)         0.096     3.521 r  clk_IBUF_BUFG_inst/O
                         net (fo=124, routed)         1.550     5.071    clk_IBUF_BUFG
    SLICE_X10Y65         FDRE                                         r  data_in_reg[2]/C
  -------------------------------------------------------------------    -------------------
    SLICE_X10Y65         FDRE (Prop_fdre_C_Q)         0.518     5.589 r  data_in_reg[2]/Q
                         net (fo=1, routed)           0.852     6.441    lcd1/data_in[2]
    SLICE_X13Y68         LUT3 (Prop_lut3_I0_O)        0.152     6.593 r  lcd1/data_out[2]_i_1/O
                         net (fo=1, routed)           0.000     6.593    lcd1/data_out[2]_i_1_n_0
    SLICE_X13Y68         FDRE                                         r  lcd1/data_out_reg[2]/D
  -------------------------------------------------------------------    -------------------

                         (clock sys_clk_pin fall edge)
                                                      5.000     5.000 f  
    W5                                                0.000     5.000 f  clk (IN)
                         net (fo=0)                   0.000     5.000    clk
    W5                   IBUF (Prop_ibuf_I_O)         1.388     6.388 f  clk_IBUF_inst/O
                         net (fo=1, routed)           1.862     8.250    clk_IBUF
    BUFGCTRL_X0Y0        BUFG (Prop_bufg_I_O)         0.091     8.341 f  clk_IBUF_BUFG_inst/O
                         net (fo=124, routed)         1.430     9.771    lcd1/clk_IBUF_BUFG
    SLICE_X13Y68         FDRE                                         r  lcd1/data_out_reg[2]/C  (IS_INVERTED)
                         clock pessimism              0.258    10.029    
                         clock uncertainty           -0.035     9.994    
    SLICE_X13Y68         FDRE (Setup_fdre_C_D)        0.078    10.072    lcd1/data_out_reg[2]
  -------------------------------------------------------------------
                         required time                         10.072    
                         arrival time                          -6.593    
  -------------------------------------------------------------------
                         slack                                  3.479    

Slack (MET) :             3.498ns  (required time - arrival time)
  Source:                 data_in_reg[3]/C
                            (rising edge-triggered cell FDRE clocked by sys_clk_pin  {rise@0.000ns fall@5.000ns period=10.000ns})
  Destination:            lcd1/data_out_reg[3]/D
                            (falling edge-triggered cell FDRE clocked by sys_clk_pin  {rise@0.000ns fall@5.000ns period=10.000ns})
  Path Group:             sys_clk_pin
  Path Type:              Setup (Max at Slow Process Corner)
  Requirement:            5.000ns  (sys_clk_pin fall@5.000ns - sys_clk_pin rise@0.000ns)
  Data Path Delay:        1.456ns  (logic 0.580ns (39.824%)  route 0.876ns (60.176%))
  Logic Levels:           1  (LUT4=1)
  Clock Path Skew:        -0.044ns (DCD - SCD + CPR)
    Destination Clock Delay (DCD):    4.771ns = ( 9.771 - 5.000 ) 
    Source Clock Delay      (SCD):    5.073ns
    Clock Pessimism Removal (CPR):    0.258ns
  Clock Uncertainty:      0.035ns  ((TSJ^2 + TIJ^2)^1/2 + DJ) / 2 + PE
    Total System Jitter     (TSJ):    0.071ns
    Total Input Jitter      (TIJ):    0.000ns
    Discrete Jitter          (DJ):    0.000ns
    Phase Error              (PE):    0.000ns

    Location             Delay type                Incr(ns)  Path(ns)    Netlist Resource(s)
  -------------------------------------------------------------------    -------------------
                         (clock sys_clk_pin rise edge)
                                                      0.000     0.000 r  
    W5                                                0.000     0.000 r  clk (IN)
                         net (fo=0)                   0.000     0.000    clk
    W5                   IBUF (Prop_ibuf_I_O)         1.458     1.458 r  clk_IBUF_inst/O
                         net (fo=1, routed)           1.967     3.425    clk_IBUF
    BUFGCTRL_X0Y0        BUFG (Prop_bufg_I_O)         0.096     3.521 r  clk_IBUF_BUFG_inst/O
                         net (fo=124, routed)         1.552     5.073    clk_IBUF_BUFG
    SLICE_X11Y64         FDRE                                         r  data_in_reg[3]/C
  -------------------------------------------------------------------    -------------------
    SLICE_X11Y64         FDRE (Prop_fdre_C_Q)         0.456     5.529 r  data_in_reg[3]/Q
                         net (fo=1, routed)           0.876     6.405    lcd1/data_in[3]
    SLICE_X13Y68         LUT4 (Prop_lut4_I0_O)        0.124     6.529 r  lcd1/data_out[3]_i_1/O
                         net (fo=1, routed)           0.000     6.529    lcd1/data_out[3]_i_1_n_0
    SLICE_X13Y68         FDRE                                         r  lcd1/data_out_reg[3]/D
  -------------------------------------------------------------------    -------------------

                         (clock sys_clk_pin fall edge)
                                                      5.000     5.000 f  
    W5                                                0.000     5.000 f  clk (IN)
                         net (fo=0)                   0.000     5.000    clk
    W5                   IBUF (Prop_ibuf_I_O)         1.388     6.388 f  clk_IBUF_inst/O
                         net (fo=1, routed)           1.862     8.250    clk_IBUF
    BUFGCTRL_X0Y0        BUFG (Prop_bufg_I_O)         0.091     8.341 f  clk_IBUF_BUFG_inst/O
                         net (fo=124, routed)         1.430     9.771    lcd1/clk_IBUF_BUFG
    SLICE_X13Y68         FDRE                                         r  lcd1/data_out_reg[3]/C  (IS_INVERTED)
                         clock pessimism              0.258    10.029    
                         clock uncertainty           -0.035     9.994    
    SLICE_X13Y68         FDRE (Setup_fdre_C_D)        0.034    10.028    lcd1/data_out_reg[3]
  -------------------------------------------------------------------
                         required time                         10.028    
                         arrival time                          -6.529    
  -------------------------------------------------------------------
                         slack                                  3.498    

Slack (MET) :             3.548ns  (required time - arrival time)
  Source:                 wr_en_reg/C
                            (rising edge-triggered cell FDRE clocked by sys_clk_pin  {rise@0.000ns fall@5.000ns period=10.000ns})
  Destination:            lcd1/FSM_sequential_state_reg[1]/D
                            (falling edge-triggered cell FDRE clocked by sys_clk_pin  {rise@0.000ns fall@5.000ns period=10.000ns})
  Path Group:             sys_clk_pin
  Path Type:              Setup (Max at Slow Process Corner)
  Requirement:            5.000ns  (sys_clk_pin fall@5.000ns - sys_clk_pin rise@0.000ns)
  Data Path Delay:        1.468ns  (logic 0.580ns (39.497%)  route 0.888ns (60.503%))
  Logic Levels:           1  (LUT4=1)
  Clock Path Skew:        -0.030ns (DCD - SCD + CPR)
    Destination Clock Delay (DCD):    4.771ns = ( 9.771 - 5.000 ) 
    Source Clock Delay      (SCD):    5.073ns
    Clock Pessimism Removal (CPR):    0.272ns
  Clock Uncertainty:      0.035ns  ((TSJ^2 + TIJ^2)^1/2 + DJ) / 2 + PE
    Total System Jitter     (TSJ):    0.071ns
    Total Input Jitter      (TIJ):    0.000ns
    Discrete Jitter          (DJ):    0.000ns
    Phase Error              (PE):    0.000ns

    Location             Delay type                Incr(ns)  Path(ns)    Netlist Resource(s)
  -------------------------------------------------------------------    -------------------
                         (clock sys_clk_pin rise edge)
                                                      0.000     0.000 r  
    W5                                                0.000     0.000 r  clk (IN)
                         net (fo=0)                   0.000     0.000    clk
    W5                   IBUF (Prop_ibuf_I_O)         1.458     1.458 r  clk_IBUF_inst/O
                         net (fo=1, routed)           1.967     3.425    clk_IBUF
    BUFGCTRL_X0Y0        BUFG (Prop_bufg_I_O)         0.096     3.521 r  clk_IBUF_BUFG_inst/O
                         net (fo=124, routed)         1.552     5.073    clk_IBUF_BUFG
    SLICE_X13Y63         FDRE                                         r  wr_en_reg/C
  -------------------------------------------------------------------    -------------------
    SLICE_X13Y63         FDRE (Prop_fdre_C_Q)         0.456     5.529 r  wr_en_reg/Q
                         net (fo=2, routed)           0.888     6.417    lcd1/wr_en
    SLICE_X12Y68         LUT4 (Prop_lut4_I3_O)        0.124     6.541 r  lcd1/FSM_sequential_state[1]_i_1/O
                         net (fo=1, routed)           0.000     6.541    lcd1/FSM_sequential_state[1]_i_1_n_0
    SLICE_X12Y68         FDRE                                         r  lcd1/FSM_sequential_state_reg[1]/D
  -------------------------------------------------------------------    -------------------

                         (clock sys_clk_pin fall edge)
                                                      5.000     5.000 f  
    W5                                                0.000     5.000 f  clk (IN)
                         net (fo=0)                   0.000     5.000    clk
    W5                   IBUF (Prop_ibuf_I_O)         1.388     6.388 f  clk_IBUF_inst/O
                         net (fo=1, routed)           1.862     8.250    clk_IBUF
    BUFGCTRL_X0Y0        BUFG (Prop_bufg_I_O)         0.091     8.341 f  clk_IBUF_BUFG_inst/O
                         net (fo=124, routed)         1.430     9.771    lcd1/clk_IBUF_BUFG
    SLICE_X12Y68         FDRE                                         r  lcd1/FSM_sequential_state_reg[1]/C  (IS_INVERTED)
                         clock pessimism              0.272    10.043    
                         clock uncertainty           -0.035    10.008    
    SLICE_X12Y68         FDRE (Setup_fdre_C_D)        0.082    10.090    lcd1/FSM_sequential_state_reg[1]
  -------------------------------------------------------------------
                         required time                         10.090    
                         arrival time                          -6.541    
  -------------------------------------------------------------------
                         slack                                  3.548    

Slack (MET) :             3.656ns  (required time - arrival time)
  Source:                 data_in_reg[4]/C
                            (rising edge-triggered cell FDRE clocked by sys_clk_pin  {rise@0.000ns fall@5.000ns period=10.000ns})
  Destination:            lcd1/data_out_reg[4]/D
                            (falling edge-triggered cell FDRE clocked by sys_clk_pin  {rise@0.000ns fall@5.000ns period=10.000ns})
  Path Group:             sys_clk_pin
  Path Type:              Setup (Max at Slow Process Corner)
  Requirement:            5.000ns  (sys_clk_pin fall@5.000ns - sys_clk_pin rise@0.000ns)
  Data Path Delay:        1.356ns  (logic 0.576ns (42.471%)  route 0.780ns (57.529%))
  Logic Levels:           1  (LUT4=1)
  Clock Path Skew:        -0.030ns (DCD - SCD + CPR)
    Destination Clock Delay (DCD):    4.771ns = ( 9.771 - 5.000 ) 
    Source Clock Delay      (SCD):    5.073ns
    Clock Pessimism Removal (CPR):    0.272ns
  Clock Uncertainty:      0.035ns  ((TSJ^2 + TIJ^2)^1/2 + DJ) / 2 + PE
    Total System Jitter     (TSJ):    0.071ns
    Total Input Jitter      (TIJ):    0.000ns
    Discrete Jitter          (DJ):    0.000ns
    Phase Error              (PE):    0.000ns

    Location             Delay type                Incr(ns)  Path(ns)    Netlist Resource(s)
  -------------------------------------------------------------------    -------------------
                         (clock sys_clk_pin rise edge)
                                                      0.000     0.000 r  
    W5                                                0.000     0.000 r  clk (IN)
                         net (fo=0)                   0.000     0.000    clk
    W5                   IBUF (Prop_ibuf_I_O)         1.458     1.458 r  clk_IBUF_inst/O
                         net (fo=1, routed)           1.967     3.425    clk_IBUF
    BUFGCTRL_X0Y0        BUFG (Prop_bufg_I_O)         0.096     3.521 r  clk_IBUF_BUFG_inst/O
                         net (fo=124, routed)         1.552     5.073    clk_IBUF_BUFG
    SLICE_X13Y64         FDRE                                         r  data_in_reg[4]/C
  -------------------------------------------------------------------    -------------------
    SLICE_X13Y64         FDRE (Prop_fdre_C_Q)         0.456     5.529 r  data_in_reg[4]/Q
                         net (fo=1, routed)           0.780     6.309    lcd1/data_in[4]
    SLICE_X13Y68         LUT4 (Prop_lut4_I0_O)        0.120     6.429 r  lcd1/data_out[4]_i_1/O
                         net (fo=1, routed)           0.000     6.429    lcd1/data_out[4]_i_1_n_0
    SLICE_X13Y68         FDRE                                         r  lcd1/data_out_reg[4]/D
  -------------------------------------------------------------------    -------------------

                         (clock sys_clk_pin fall edge)
                                                      5.000     5.000 f  
    W5                                                0.000     5.000 f  clk (IN)
                         net (fo=0)                   0.000     5.000    clk
    W5                   IBUF (Prop_ibuf_I_O)         1.388     6.388 f  clk_IBUF_inst/O
                         net (fo=1, routed)           1.862     8.250    clk_IBUF
    BUFGCTRL_X0Y0        BUFG (Prop_bufg_I_O)         0.091     8.341 f  clk_IBUF_BUFG_inst/O
                         net (fo=124, routed)         1.430     9.771    lcd1/clk_IBUF_BUFG
    SLICE_X13Y68         FDRE                                         r  lcd1/data_out_reg[4]/C  (IS_INVERTED)
                         clock pessimism              0.272    10.043    
                         clock uncertainty           -0.035    10.008    
    SLICE_X13Y68         FDRE (Setup_fdre_C_D)        0.078    10.086    lcd1/data_out_reg[4]
  -------------------------------------------------------------------
                         required time                         10.086    
                         arrival time                          -6.429    
  -------------------------------------------------------------------
                         slack                                  3.656    

Slack (MET) :             3.842ns  (required time - arrival time)
  Source:                 wr_en_reg/C
                            (rising edge-triggered cell FDRE clocked by sys_clk_pin  {rise@0.000ns fall@5.000ns period=10.000ns})
  Destination:            lcd1/FSM_sequential_state_reg[0]/D
                            (falling edge-triggered cell FDRE clocked by sys_clk_pin  {rise@0.000ns fall@5.000ns period=10.000ns})
  Path Group:             sys_clk_pin
  Path Type:              Setup (Max at Slow Process Corner)
  Requirement:            5.000ns  (sys_clk_pin fall@5.000ns - sys_clk_pin rise@0.000ns)
  Data Path Delay:        1.178ns  (logic 0.580ns (49.216%)  route 0.598ns (50.784%))
  Logic Levels:           1  (LUT6=1)
  Clock Path Skew:        -0.030ns (DCD - SCD + CPR)
    Destination Clock Delay (DCD):    4.771ns = ( 9.771 - 5.000 ) 
    Source Clock Delay      (SCD):    5.073ns
    Clock Pessimism Removal (CPR):    0.272ns
  Clock Uncertainty:      0.035ns  ((TSJ^2 + TIJ^2)^1/2 + DJ) / 2 + PE
    Total System Jitter     (TSJ):    0.071ns
    Total Input Jitter      (TIJ):    0.000ns
    Discrete Jitter          (DJ):    0.000ns
    Phase Error              (PE):    0.000ns

    Location             Delay type                Incr(ns)  Path(ns)    Netlist Resource(s)
  -------------------------------------------------------------------    -------------------
                         (clock sys_clk_pin rise edge)
                                                      0.000     0.000 r  
    W5                                                0.000     0.000 r  clk (IN)
                         net (fo=0)                   0.000     0.000    clk
    W5                   IBUF (Prop_ibuf_I_O)         1.458     1.458 r  clk_IBUF_inst/O
                         net (fo=1, routed)           1.967     3.425    clk_IBUF
    BUFGCTRL_X0Y0        BUFG (Prop_bufg_I_O)         0.096     3.521 r  clk_IBUF_BUFG_inst/O
                         net (fo=124, routed)         1.552     5.073    clk_IBUF_BUFG
    SLICE_X13Y63         FDRE                                         r  wr_en_reg/C
  -------------------------------------------------------------------    -------------------
    SLICE_X13Y63         FDRE (Prop_fdre_C_Q)         0.456     5.529 f  wr_en_reg/Q
                         net (fo=2, routed)           0.598     6.127    lcd1/wr_en
    SLICE_X12Y68         LUT6 (Prop_lut6_I5_O)        0.124     6.251 r  lcd1/FSM_sequential_state[0]_i_1/O
                         net (fo=1, routed)           0.000     6.251    lcd1/FSM_sequential_state[0]_i_1_n_0
    SLICE_X12Y68         FDRE                                         r  lcd1/FSM_sequential_state_reg[0]/D
  -------------------------------------------------------------------    -------------------

                         (clock sys_clk_pin fall edge)
                                                      5.000     5.000 f  
    W5                                                0.000     5.000 f  clk (IN)
                         net (fo=0)                   0.000     5.000    clk
    W5                   IBUF (Prop_ibuf_I_O)         1.388     6.388 f  clk_IBUF_inst/O
                         net (fo=1, routed)           1.862     8.250    clk_IBUF
    BUFGCTRL_X0Y0        BUFG (Prop_bufg_I_O)         0.091     8.341 f  clk_IBUF_BUFG_inst/O
                         net (fo=124, routed)         1.430     9.771    lcd1/clk_IBUF_BUFG
    SLICE_X12Y68         FDRE                                         r  lcd1/FSM_sequential_state_reg[0]/C  (IS_INVERTED)
                         clock pessimism              0.272    10.043    
                         clock uncertainty           -0.035    10.008    
    SLICE_X12Y68         FDRE (Setup_fdre_C_D)        0.086    10.094    lcd1/FSM_sequential_state_reg[0]
  -------------------------------------------------------------------
                         required time                         10.094    
                         arrival time                          -6.251    
  -------------------------------------------------------------------
                         slack                                  3.842    

Slack (MET) :             4.631ns  (required time - arrival time)
  Source:                 lcd1/cnt_setup_reg[3]/C
                            (falling edge-triggered cell FDRE clocked by sys_clk_pin  {rise@0.000ns fall@5.000ns period=10.000ns})
  Destination:            lcd1/cnt_setup_reg[29]/D
                            (falling edge-triggered cell FDRE clocked by sys_clk_pin  {rise@0.000ns fall@5.000ns period=10.000ns})
  Path Group:             sys_clk_pin
  Path Type:              Setup (Max at Slow Process Corner)
  Requirement:            10.000ns  (sys_clk_pin fall@15.000ns - sys_clk_pin fall@5.000ns)
  Data Path Delay:        5.416ns  (logic 3.222ns (59.490%)  route 2.194ns (40.510%))
  Logic Levels:           14  (CARRY4=12 LUT2=2)
  Clock Path Skew:        -0.032ns (DCD - SCD + CPR)
    Destination Clock Delay (DCD):    4.771ns = ( 19.771 - 15.000 ) 
    Source Clock Delay      (SCD):    5.075ns = ( 10.075 - 5.000 ) 
    Clock Pessimism Removal (CPR):    0.272ns
  Clock Uncertainty:      0.035ns  ((TSJ^2 + TIJ^2)^1/2 + DJ) / 2 + PE
    Total System Jitter     (TSJ):    0.071ns
    Total Input Jitter      (TIJ):    0.000ns
    Discrete Jitter          (DJ):    0.000ns
    Phase Error              (PE):    0.000ns

    Location             Delay type                Incr(ns)  Path(ns)    Netlist Resource(s)
  -------------------------------------------------------------------    -------------------
                         (clock sys_clk_pin fall edge)
                                                      5.000     5.000 f  
    W5                                                0.000     5.000 f  clk (IN)
                         net (fo=0)                   0.000     5.000    clk
    W5                   IBUF (Prop_ibuf_I_O)         1.458     6.458 f  clk_IBUF_inst/O
                         net (fo=1, routed)           1.967     8.425    clk_IBUF
    BUFGCTRL_X0Y0        BUFG (Prop_bufg_I_O)         0.096     8.521 f  clk_IBUF_BUFG_inst/O
                         net (fo=124, routed)         1.554    10.075    lcd1/clk_IBUF_BUFG
    SLICE_X14Y61         FDRE                                         r  lcd1/cnt_setup_reg[3]/C  (IS_INVERTED)
  -------------------------------------------------------------------    -------------------
    SLICE_X14Y61         FDRE (Prop_fdre_C_Q)         0.524    10.599 f  lcd1/cnt_setup_reg[3]/Q
                         net (fo=3, routed)           0.822    11.420    lcd1/cnt_setup_reg[3]
    SLICE_X15Y63         LUT2 (Prop_lut2_I1_O)        0.124    11.544 r  lcd1/en1_carry_i_7/O
                         net (fo=1, routed)           0.000    11.544    lcd1/en1_carry_i_7_n_0
    SLICE_X15Y63         CARRY4 (Prop_carry4_S[1]_CO[3])
                                                      0.550    12.094 r  lcd1/en1_carry/CO[3]
                         net (fo=1, routed)           0.000    12.094    lcd1/en1_carry_n_0
    SLICE_X15Y64         CARRY4 (Prop_carry4_CI_CO[3])
                                                      0.114    12.208 r  lcd1/en1_carry__0/CO[3]
                         net (fo=1, routed)           0.000    12.208    lcd1/en1_carry__0_n_0
    SLICE_X15Y65         CARRY4 (Prop_carry4_CI_CO[3])
                                                      0.114    12.322 r  lcd1/en1_carry__1/CO[3]
                         net (fo=1, routed)           0.000    12.322    lcd1/en1_carry__1_n_0
    SLICE_X15Y66         CARRY4 (Prop_carry4_CI_CO[3])
                                                      0.114    12.436 f  lcd1/en1_carry__2/CO[3]
                         net (fo=40, routed)          1.373    13.809    lcd1/en1_carry__2_n_0
    SLICE_X14Y61         LUT2 (Prop_lut2_I1_O)        0.124    13.933 r  lcd1/cnt_setup[0]_i_5/O
                         net (fo=1, routed)           0.000    13.933    lcd1/cnt_setup[0]_i_5_n_0
    SLICE_X14Y61         CARRY4 (Prop_carry4_S[1]_CO[3])
                                                      0.533    14.466 r  lcd1/cnt_setup_reg[0]_i_1/CO[3]
                         net (fo=1, routed)           0.000    14.466    lcd1/cnt_setup_reg[0]_i_1_n_0
    SLICE_X14Y62         CARRY4 (Prop_carry4_CI_CO[3])
                                                      0.117    14.583 r  lcd1/cnt_setup_reg[4]_i_1/CO[3]
                         net (fo=1, routed)           0.000    14.583    lcd1/cnt_setup_reg[4]_i_1_n_0
    SLICE_X14Y63         CARRY4 (Prop_carry4_CI_CO[3])
                                                      0.117    14.700 r  lcd1/cnt_setup_reg[8]_i_1/CO[3]
                         net (fo=1, routed)           0.000    14.700    lcd1/cnt_setup_reg[8]_i_1_n_0
    SLICE_X14Y64         CARRY4 (Prop_carry4_CI_CO[3])
                                                      0.117    14.817 r  lcd1/cnt_setup_reg[12]_i_1/CO[3]
                         net (fo=1, routed)           0.000    14.817    lcd1/cnt_setup_reg[12]_i_1_n_0
    SLICE_X14Y65         CARRY4 (Prop_carry4_CI_CO[3])
                                                      0.117    14.934 r  lcd1/cnt_setup_reg[16]_i_1/CO[3]
                         net (fo=1, routed)           0.000    14.934    lcd1/cnt_setup_reg[16]_i_1_n_0
    SLICE_X14Y66         CARRY4 (Prop_carry4_CI_CO[3])
                                                      0.117    15.051 r  lcd1/cnt_setup_reg[20]_i_1/CO[3]
                         net (fo=1, routed)           0.000    15.051    lcd1/cnt_setup_reg[20]_i_1_n_0
    SLICE_X14Y67         CARRY4 (Prop_carry4_CI_CO[3])
                                                      0.117    15.168 r  lcd1/cnt_setup_reg[24]_i_1/CO[3]
                         net (fo=1, routed)           0.000    15.168    lcd1/cnt_setup_reg[24]_i_1_n_0
    SLICE_X14Y68         CARRY4 (Prop_carry4_CI_O[1])
                                                      0.323    15.491 r  lcd1/cnt_setup_reg[28]_i_1/O[1]
                         net (fo=1, routed)           0.000    15.491    lcd1/cnt_setup_reg[28]_i_1_n_6
    SLICE_X14Y68         FDRE                                         r  lcd1/cnt_setup_reg[29]/D
  -------------------------------------------------------------------    -------------------

                         (clock sys_clk_pin fall edge)
                                                     15.000    15.000 f  
    W5                                                0.000    15.000 f  clk (IN)
                         net (fo=0)                   0.000    15.000    clk
    W5                   IBUF (Prop_ibuf_I_O)         1.388    16.388 f  clk_IBUF_inst/O
                         net (fo=1, routed)           1.862    18.250    clk_IBUF
    BUFGCTRL_X0Y0        BUFG (Prop_bufg_I_O)         0.091    18.341 f  clk_IBUF_BUFG_inst/O
                         net (fo=124, routed)         1.430    19.771    lcd1/clk_IBUF_BUFG
    SLICE_X14Y68         FDRE                                         r  lcd1/cnt_setup_reg[29]/C  (IS_INVERTED)
                         clock pessimism              0.272    20.043    
                         clock uncertainty           -0.035    20.008    
    SLICE_X14Y68         FDRE (Setup_fdre_C_D)        0.114    20.122    lcd1/cnt_setup_reg[29]
  -------------------------------------------------------------------
                         required time                         20.122    
                         arrival time                         -15.491    
  -------------------------------------------------------------------
                         slack                                  4.631    

Slack (MET) :             4.639ns  (required time - arrival time)
  Source:                 lcd1/cnt_setup_reg[3]/C
                            (falling edge-triggered cell FDRE clocked by sys_clk_pin  {rise@0.000ns fall@5.000ns period=10.000ns})
  Destination:            lcd1/cnt_setup_reg[31]/D
                            (falling edge-triggered cell FDRE clocked by sys_clk_pin  {rise@0.000ns fall@5.000ns period=10.000ns})
  Path Group:             sys_clk_pin
  Path Type:              Setup (Max at Slow Process Corner)
  Requirement:            10.000ns  (sys_clk_pin fall@15.000ns - sys_clk_pin fall@5.000ns)
  Data Path Delay:        5.408ns  (logic 3.214ns (59.430%)  route 2.194ns (40.570%))
  Logic Levels:           14  (CARRY4=12 LUT2=2)
  Clock Path Skew:        -0.032ns (DCD - SCD + CPR)
    Destination Clock Delay (DCD):    4.771ns = ( 19.771 - 15.000 ) 
    Source Clock Delay      (SCD):    5.075ns = ( 10.075 - 5.000 ) 
    Clock Pessimism Removal (CPR):    0.272ns
  Clock Uncertainty:      0.035ns  ((TSJ^2 + TIJ^2)^1/2 + DJ) / 2 + PE
    Total System Jitter     (TSJ):    0.071ns
    Total Input Jitter      (TIJ):    0.000ns
    Discrete Jitter          (DJ):    0.000ns
    Phase Error              (PE):    0.000ns

    Location             Delay type                Incr(ns)  Path(ns)    Netlist Resource(s)
  -------------------------------------------------------------------    -------------------
                         (clock sys_clk_pin fall edge)
                                                      5.000     5.000 f  
    W5                                                0.000     5.000 f  clk (IN)
                         net (fo=0)                   0.000     5.000    clk
    W5                   IBUF (Prop_ibuf_I_O)         1.458     6.458 f  clk_IBUF_inst/O
                         net (fo=1, routed)           1.967     8.425    clk_IBUF
    BUFGCTRL_X0Y0        BUFG (Prop_bufg_I_O)         0.096     8.521 f  clk_IBUF_BUFG_inst/O
                         net (fo=124, routed)         1.554    10.075    lcd1/clk_IBUF_BUFG
    SLICE_X14Y61         FDRE                                         r  lcd1/cnt_setup_reg[3]/C  (IS_INVERTED)
  -------------------------------------------------------------------    -------------------
    SLICE_X14Y61         FDRE (Prop_fdre_C_Q)         0.524    10.599 f  lcd1/cnt_setup_reg[3]/Q
                         net (fo=3, routed)           0.822    11.420    lcd1/cnt_setup_reg[3]
    SLICE_X15Y63         LUT2 (Prop_lut2_I1_O)        0.124    11.544 r  lcd1/en1_carry_i_7/O
                         net (fo=1, routed)           0.000    11.544    lcd1/en1_carry_i_7_n_0
    SLICE_X15Y63         CARRY4 (Prop_carry4_S[1]_CO[3])
                                                      0.550    12.094 r  lcd1/en1_carry/CO[3]
                         net (fo=1, routed)           0.000    12.094    lcd1/en1_carry_n_0
    SLICE_X15Y64         CARRY4 (Prop_carry4_CI_CO[3])
                                                      0.114    12.208 r  lcd1/en1_carry__0/CO[3]
                         net (fo=1, routed)           0.000    12.208    lcd1/en1_carry__0_n_0
    SLICE_X15Y65         CARRY4 (Prop_carry4_CI_CO[3])
                                                      0.114    12.322 r  lcd1/en1_carry__1/CO[3]
                         net (fo=1, routed)           0.000    12.322    lcd1/en1_carry__1_n_0
    SLICE_X15Y66         CARRY4 (Prop_carry4_CI_CO[3])
                                                      0.114    12.436 f  lcd1/en1_carry__2/CO[3]
                         net (fo=40, routed)          1.373    13.809    lcd1/en1_carry__2_n_0
    SLICE_X14Y61         LUT2 (Prop_lut2_I1_O)        0.124    13.933 r  lcd1/cnt_setup[0]_i_5/O
                         net (fo=1, routed)           0.000    13.933    lcd1/cnt_setup[0]_i_5_n_0
    SLICE_X14Y61         CARRY4 (Prop_carry4_S[1]_CO[3])
                                                      0.533    14.466 r  lcd1/cnt_setup_reg[0]_i_1/CO[3]
                         net (fo=1, routed)           0.000    14.466    lcd1/cnt_setup_reg[0]_i_1_n_0
    SLICE_X14Y62         CARRY4 (Prop_carry4_CI_CO[3])
                                                      0.117    14.583 r  lcd1/cnt_setup_reg[4]_i_1/CO[3]
                         net (fo=1, routed)           0.000    14.583    lcd1/cnt_setup_reg[4]_i_1_n_0
    SLICE_X14Y63         CARRY4 (Prop_carry4_CI_CO[3])
                                                      0.117    14.700 r  lcd1/cnt_setup_reg[8]_i_1/CO[3]
                         net (fo=1, routed)           0.000    14.700    lcd1/cnt_setup_reg[8]_i_1_n_0
    SLICE_X14Y64         CARRY4 (Prop_carry4_CI_CO[3])
                                                      0.117    14.817 r  lcd1/cnt_setup_reg[12]_i_1/CO[3]
                         net (fo=1, routed)           0.000    14.817    lcd1/cnt_setup_reg[12]_i_1_n_0
    SLICE_X14Y65         CARRY4 (Prop_carry4_CI_CO[3])
                                                      0.117    14.934 r  lcd1/cnt_setup_reg[16]_i_1/CO[3]
                         net (fo=1, routed)           0.000    14.934    lcd1/cnt_setup_reg[16]_i_1_n_0
    SLICE_X14Y66         CARRY4 (Prop_carry4_CI_CO[3])
                                                      0.117    15.051 r  lcd1/cnt_setup_reg[20]_i_1/CO[3]
                         net (fo=1, routed)           0.000    15.051    lcd1/cnt_setup_reg[20]_i_1_n_0
    SLICE_X14Y67         CARRY4 (Prop_carry4_CI_CO[3])
                                                      0.117    15.168 r  lcd1/cnt_setup_reg[24]_i_1/CO[3]
                         net (fo=1, routed)           0.000    15.168    lcd1/cnt_setup_reg[24]_i_1_n_0
    SLICE_X14Y68         CARRY4 (Prop_carry4_CI_O[3])
                                                      0.315    15.483 r  lcd1/cnt_setup_reg[28]_i_1/O[3]
                         net (fo=1, routed)           0.000    15.483    lcd1/cnt_setup_reg[28]_i_1_n_4
    SLICE_X14Y68         FDRE                                         r  lcd1/cnt_setup_reg[31]/D
  -------------------------------------------------------------------    -------------------

                         (clock sys_clk_pin fall edge)
                                                     15.000    15.000 f  
    W5                                                0.000    15.000 f  clk (IN)
                         net (fo=0)                   0.000    15.000    clk
    W5                   IBUF (Prop_ibuf_I_O)         1.388    16.388 f  clk_IBUF_inst/O
                         net (fo=1, routed)           1.862    18.250    clk_IBUF
    BUFGCTRL_X0Y0        BUFG (Prop_bufg_I_O)         0.091    18.341 f  clk_IBUF_BUFG_inst/O
                         net (fo=124, routed)         1.430    19.771    lcd1/clk_IBUF_BUFG
    SLICE_X14Y68         FDRE                                         r  lcd1/cnt_setup_reg[31]/C  (IS_INVERTED)
                         clock pessimism              0.272    20.043    
                         clock uncertainty           -0.035    20.008    
    SLICE_X14Y68         FDRE (Setup_fdre_C_D)        0.114    20.122    lcd1/cnt_setup_reg[31]
  -------------------------------------------------------------------
                         required time                         20.122    
                         arrival time                         -15.483    
  -------------------------------------------------------------------
                         slack                                  4.639    

Slack (MET) :             4.715ns  (required time - arrival time)
  Source:                 lcd1/cnt_setup_reg[3]/C
                            (falling edge-triggered cell FDRE clocked by sys_clk_pin  {rise@0.000ns fall@5.000ns period=10.000ns})
  Destination:            lcd1/cnt_setup_reg[30]/D
                            (falling edge-triggered cell FDRE clocked by sys_clk_pin  {rise@0.000ns fall@5.000ns period=10.000ns})
  Path Group:             sys_clk_pin
  Path Type:              Setup (Max at Slow Process Corner)
  Requirement:            10.000ns  (sys_clk_pin fall@15.000ns - sys_clk_pin fall@5.000ns)
  Data Path Delay:        5.332ns  (logic 3.138ns (58.851%)  route 2.194ns (41.149%))
  Logic Levels:           14  (CARRY4=12 LUT2=2)
  Clock Path Skew:        -0.032ns (DCD - SCD + CPR)
    Destination Clock Delay (DCD):    4.771ns = ( 19.771 - 15.000 ) 
    Source Clock Delay      (SCD):    5.075ns = ( 10.075 - 5.000 ) 
    Clock Pessimism Removal (CPR):    0.272ns
  Clock Uncertainty:      0.035ns  ((TSJ^2 + TIJ^2)^1/2 + DJ) / 2 + PE
    Total System Jitter     (TSJ):    0.071ns
    Total Input Jitter      (TIJ):    0.000ns
    Discrete Jitter          (DJ):    0.000ns
    Phase Error              (PE):    0.000ns

    Location             Delay type                Incr(ns)  Path(ns)    Netlist Resource(s)
  -------------------------------------------------------------------    -------------------
                         (clock sys_clk_pin fall edge)
                                                      5.000     5.000 f  
    W5                                                0.000     5.000 f  clk (IN)
                         net (fo=0)                   0.000     5.000    clk
    W5                   IBUF (Prop_ibuf_I_O)         1.458     6.458 f  clk_IBUF_inst/O
                         net (fo=1, routed)           1.967     8.425    clk_IBUF
    BUFGCTRL_X0Y0        BUFG (Prop_bufg_I_O)         0.096     8.521 f  clk_IBUF_BUFG_inst/O
                         net (fo=124, routed)         1.554    10.075    lcd1/clk_IBUF_BUFG
    SLICE_X14Y61         FDRE                                         r  lcd1/cnt_setup_reg[3]/C  (IS_INVERTED)
  -------------------------------------------------------------------    -------------------
    SLICE_X14Y61         FDRE (Prop_fdre_C_Q)         0.524    10.599 f  lcd1/cnt_setup_reg[3]/Q
                         net (fo=3, routed)           0.822    11.420    lcd1/cnt_setup_reg[3]
    SLICE_X15Y63         LUT2 (Prop_lut2_I1_O)        0.124    11.544 r  lcd1/en1_carry_i_7/O
                         net (fo=1, routed)           0.000    11.544    lcd1/en1_carry_i_7_n_0
    SLICE_X15Y63         CARRY4 (Prop_carry4_S[1]_CO[3])
                                                      0.550    12.094 r  lcd1/en1_carry/CO[3]
                         net (fo=1, routed)           0.000    12.094    lcd1/en1_carry_n_0
    SLICE_X15Y64         CARRY4 (Prop_carry4_CI_CO[3])
                                                      0.114    12.208 r  lcd1/en1_carry__0/CO[3]
                         net (fo=1, routed)           0.000    12.208    lcd1/en1_carry__0_n_0
    SLICE_X15Y65         CARRY4 (Prop_carry4_CI_CO[3])
                                                      0.114    12.322 r  lcd1/en1_carry__1/CO[3]
                         net (fo=1, routed)           0.000    12.322    lcd1/en1_carry__1_n_0
    SLICE_X15Y66         CARRY4 (Prop_carry4_CI_CO[3])
                                                      0.114    12.436 f  lcd1/en1_carry__2/CO[3]
                         net (fo=40, routed)          1.373    13.809    lcd1/en1_carry__2_n_0
    SLICE_X14Y61         LUT2 (Prop_lut2_I1_O)        0.124    13.933 r  lcd1/cnt_setup[0]_i_5/O
                         net (fo=1, routed)           0.000    13.933    lcd1/cnt_setup[0]_i_5_n_0
    SLICE_X14Y61         CARRY4 (Prop_carry4_S[1]_CO[3])
                                                      0.533    14.466 r  lcd1/cnt_setup_reg[0]_i_1/CO[3]
                         net (fo=1, routed)           0.000    14.466    lcd1/cnt_setup_reg[0]_i_1_n_0
    SLICE_X14Y62         CARRY4 (Prop_carry4_CI_CO[3])
                                                      0.117    14.583 r  lcd1/cnt_setup_reg[4]_i_1/CO[3]
                         net (fo=1, routed)           0.000    14.583    lcd1/cnt_setup_reg[4]_i_1_n_0
    SLICE_X14Y63         CARRY4 (Prop_carry4_CI_CO[3])
                                                      0.117    14.700 r  lcd1/cnt_setup_reg[8]_i_1/CO[3]
                         net (fo=1, routed)           0.000    14.700    lcd1/cnt_setup_reg[8]_i_1_n_0
    SLICE_X14Y64         CARRY4 (Prop_carry4_CI_CO[3])
                                                      0.117    14.817 r  lcd1/cnt_setup_reg[12]_i_1/CO[3]
                         net (fo=1, routed)           0.000    14.817    lcd1/cnt_setup_reg[12]_i_1_n_0
    SLICE_X14Y65         CARRY4 (Prop_carry4_CI_CO[3])
                                                      0.117    14.934 r  lcd1/cnt_setup_reg[16]_i_1/CO[3]
                         net (fo=1, routed)           0.000    14.934    lcd1/cnt_setup_reg[16]_i_1_n_0
    SLICE_X14Y66         CARRY4 (Prop_carry4_CI_CO[3])
                                                      0.117    15.051 r  lcd1/cnt_setup_reg[20]_i_1/CO[3]
                         net (fo=1, routed)           0.000    15.051    lcd1/cnt_setup_reg[20]_i_1_n_0
    SLICE_X14Y67         CARRY4 (Prop_carry4_CI_CO[3])
                                                      0.117    15.168 r  lcd1/cnt_setup_reg[24]_i_1/CO[3]
                         net (fo=1, routed)           0.000    15.168    lcd1/cnt_setup_reg[24]_i_1_n_0
    SLICE_X14Y68         CARRY4 (Prop_carry4_CI_O[2])
                                                      0.239    15.407 r  lcd1/cnt_setup_reg[28]_i_1/O[2]
                         net (fo=1, routed)           0.000    15.407    lcd1/cnt_setup_reg[28]_i_1_n_5
    SLICE_X14Y68         FDRE                                         r  lcd1/cnt_setup_reg[30]/D
  -------------------------------------------------------------------    -------------------

                         (clock sys_clk_pin fall edge)
                                                     15.000    15.000 f  
    W5                                                0.000    15.000 f  clk (IN)
                         net (fo=0)                   0.000    15.000    clk
    W5                   IBUF (Prop_ibuf_I_O)         1.388    16.388 f  clk_IBUF_inst/O
                         net (fo=1, routed)           1.862    18.250    clk_IBUF
    BUFGCTRL_X0Y0        BUFG (Prop_bufg_I_O)         0.091    18.341 f  clk_IBUF_BUFG_inst/O
                         net (fo=124, routed)         1.430    19.771    lcd1/clk_IBUF_BUFG
    SLICE_X14Y68         FDRE                                         r  lcd1/cnt_setup_reg[30]/C  (IS_INVERTED)
                         clock pessimism              0.272    20.043    
                         clock uncertainty           -0.035    20.008    
    SLICE_X14Y68         FDRE (Setup_fdre_C_D)        0.114    20.122    lcd1/cnt_setup_reg[30]
  -------------------------------------------------------------------
                         required time                         20.122    
                         arrival time                         -15.407    
  -------------------------------------------------------------------
                         slack                                  4.715    





Min Delay Paths
--------------------------------------------------------------------------------------
Slack (MET) :             0.156ns  (arrival time - required time)
  Source:                 data_reg[1][1]/C
                            (rising edge-triggered cell FDRE clocked by sys_clk_pin  {rise@0.000ns fall@5.000ns period=10.000ns})
  Destination:            data_in_reg[1]/D
                            (rising edge-triggered cell FDRE clocked by sys_clk_pin  {rise@0.000ns fall@5.000ns period=10.000ns})
  Path Group:             sys_clk_pin
  Path Type:              Hold (Min at Fast Process Corner)
  Requirement:            0.000ns  (sys_clk_pin rise@0.000ns - sys_clk_pin rise@0.000ns)
  Data Path Delay:        0.261ns  (logic 0.209ns (80.045%)  route 0.052ns (19.955%))
  Logic Levels:           1  (LUT6=1)
  Clock Path Skew:        0.013ns (DCD - SCD - CPR)
    Destination Clock Delay (DCD):    1.956ns
    Source Clock Delay      (SCD):    1.443ns
    Clock Pessimism Removal (CPR):    0.500ns

    Location             Delay type                Incr(ns)  Path(ns)    Netlist Resource(s)
  -------------------------------------------------------------------    -------------------
                         (clock sys_clk_pin rise edge)
                                                      0.000     0.000 r  
    W5                                                0.000     0.000 r  clk (IN)
                         net (fo=0)                   0.000     0.000    clk
    W5                   IBUF (Prop_ibuf_I_O)         0.226     0.226 r  clk_IBUF_inst/O
                         net (fo=1, routed)           0.631     0.858    clk_IBUF
    BUFGCTRL_X0Y0        BUFG (Prop_bufg_I_O)         0.026     0.884 r  clk_IBUF_BUFG_inst/O
                         net (fo=124, routed)         0.560     1.443    clk_IBUF_BUFG
    SLICE_X10Y64         FDRE                                         r  data_reg[1][1]/C
  -------------------------------------------------------------------    -------------------
    SLICE_X10Y64         FDRE (Prop_fdre_C_Q)         0.164     1.607 r  data_reg[1][1]/Q
                         net (fo=1, routed)           0.052     1.659    data_reg[1]__0[1]
    SLICE_X11Y64         LUT6 (Prop_lut6_I5_O)        0.045     1.704 r  data_in[1]_i_1/O
                         net (fo=1, routed)           0.000     1.704    data_in[1]_i_1_n_0
    SLICE_X11Y64         FDRE                                         r  data_in_reg[1]/D
  -------------------------------------------------------------------    -------------------

                         (clock sys_clk_pin rise edge)
                                                      0.000     0.000 r  
    W5                                                0.000     0.000 r  clk (IN)
                         net (fo=0)                   0.000     0.000    clk
    W5                   IBUF (Prop_ibuf_I_O)         0.414     0.414 r  clk_IBUF_inst/O
                         net (fo=1, routed)           0.685     1.099    clk_IBUF
    BUFGCTRL_X0Y0        BUFG (Prop_bufg_I_O)         0.029     1.128 r  clk_IBUF_BUFG_inst/O
                         net (fo=124, routed)         0.828     1.956    clk_IBUF_BUFG
    SLICE_X11Y64         FDRE                                         r  data_in_reg[1]/C
                         clock pessimism             -0.500     1.456    
    SLICE_X11Y64         FDRE (Hold_fdre_C_D)         0.092     1.548    data_in_reg[1]
  -------------------------------------------------------------------
                         required time                         -1.548    
                         arrival time                           1.704    
  -------------------------------------------------------------------
                         slack                                  0.156    

Slack (MET) :             0.169ns  (arrival time - required time)
  Source:                 Res_mag_reg[4]/C
                            (rising edge-triggered cell FDRE clocked by sys_clk_pin  {rise@0.000ns fall@5.000ns period=10.000ns})
  Destination:            data_reg[7][4]/D
                            (rising edge-triggered cell FDRE clocked by sys_clk_pin  {rise@0.000ns fall@5.000ns period=10.000ns})
  Path Group:             sys_clk_pin
  Path Type:              Hold (Min at Fast Process Corner)
  Requirement:            0.000ns  (sys_clk_pin rise@0.000ns - sys_clk_pin rise@0.000ns)
  Data Path Delay:        0.253ns  (logic 0.141ns (55.730%)  route 0.112ns (44.270%))
  Logic Levels:           0  
  Clock Path Skew:        0.014ns (DCD - SCD - CPR)
    Destination Clock Delay (DCD):    1.957ns
    Source Clock Delay      (SCD):    1.445ns
    Clock Pessimism Removal (CPR):    0.498ns

    Location             Delay type                Incr(ns)  Path(ns)    Netlist Resource(s)
  -------------------------------------------------------------------    -------------------
                         (clock sys_clk_pin rise edge)
                                                      0.000     0.000 r  
    W5                                                0.000     0.000 r  clk (IN)
                         net (fo=0)                   0.000     0.000    clk
    W5                   IBUF (Prop_ibuf_I_O)         0.226     0.226 r  clk_IBUF_inst/O
                         net (fo=1, routed)           0.631     0.858    clk_IBUF
    BUFGCTRL_X0Y0        BUFG (Prop_bufg_I_O)         0.026     0.884 r  clk_IBUF_BUFG_inst/O
                         net (fo=124, routed)         0.562     1.445    clk_IBUF_BUFG
    SLICE_X13Y61         FDRE                                         r  Res_mag_reg[4]/C
  -------------------------------------------------------------------    -------------------
    SLICE_X13Y61         FDRE (Prop_fdre_C_Q)         0.141     1.586 r  Res_mag_reg[4]/Q
                         net (fo=1, routed)           0.112     1.698    Res_mag_reg_n_0_[4]
    SLICE_X13Y62         FDRE                                         r  data_reg[7][4]/D
  -------------------------------------------------------------------    -------------------

                         (clock sys_clk_pin rise edge)
                                                      0.000     0.000 r  
    W5                                                0.000     0.000 r  clk (IN)
                         net (fo=0)                   0.000     0.000    clk
    W5                   IBUF (Prop_ibuf_I_O)         0.414     0.414 r  clk_IBUF_inst/O
                         net (fo=1, routed)           0.685     1.099    clk_IBUF
    BUFGCTRL_X0Y0        BUFG (Prop_bufg_I_O)         0.029     1.128 r  clk_IBUF_BUFG_inst/O
                         net (fo=124, routed)         0.829     1.957    clk_IBUF_BUFG
    SLICE_X13Y62         FDRE                                         r  data_reg[7][4]/C
                         clock pessimism             -0.498     1.459    
    SLICE_X13Y62         FDRE (Hold_fdre_C_D)         0.070     1.529    data_reg[7][4]
  -------------------------------------------------------------------
                         required time                         -1.529    
                         arrival time                           1.698    
  -------------------------------------------------------------------
                         slack                                  0.169    

Slack (MET) :             0.171ns  (arrival time - required time)
  Source:                 adder1/data_reg[0]/C
                            (rising edge-triggered cell FDRE clocked by sys_clk_pin  {rise@0.000ns fall@5.000ns period=10.000ns})
  Destination:            Res_mag_reg[0]/D
                            (rising edge-triggered cell FDRE clocked by sys_clk_pin  {rise@0.000ns fall@5.000ns period=10.000ns})
  Path Group:             sys_clk_pin
  Path Type:              Hold (Min at Fast Process Corner)
  Requirement:            0.000ns  (sys_clk_pin rise@0.000ns - sys_clk_pin rise@0.000ns)
  Data Path Delay:        0.266ns  (logic 0.141ns (52.990%)  route 0.125ns (47.010%))
  Logic Levels:           0  
  Clock Path Skew:        0.035ns (DCD - SCD - CPR)
    Destination Clock Delay (DCD):    1.956ns
    Source Clock Delay      (SCD):    1.443ns
    Clock Pessimism Removal (CPR):    0.478ns

    Location             Delay type                Incr(ns)  Path(ns)    Netlist Resource(s)
  -------------------------------------------------------------------    -------------------
                         (clock sys_clk_pin rise edge)
                                                      0.000     0.000 r  
    W5                                                0.000     0.000 r  clk (IN)
                         net (fo=0)                   0.000     0.000    clk
    W5                   IBUF (Prop_ibuf_I_O)         0.226     0.226 r  clk_IBUF_inst/O
                         net (fo=1, routed)           0.631     0.858    clk_IBUF
    BUFGCTRL_X0Y0        BUFG (Prop_bufg_I_O)         0.026     0.884 r  clk_IBUF_BUFG_inst/O
                         net (fo=124, routed)         0.560     1.443    adder1/clk_IBUF_BUFG
    SLICE_X9Y63          FDRE                                         r  adder1/data_reg[0]/C
  -------------------------------------------------------------------    -------------------
    SLICE_X9Y63          FDRE (Prop_fdre_C_Q)         0.141     1.584 r  adder1/data_reg[0]/Q
                         net (fo=4, routed)           0.125     1.709    adder1_n_1
    SLICE_X10Y63         FDRE                                         r  Res_mag_reg[0]/D
  -------------------------------------------------------------------    -------------------

                         (clock sys_clk_pin rise edge)
                                                      0.000     0.000 r  
    W5                                                0.000     0.000 r  clk (IN)
                         net (fo=0)                   0.000     0.000    clk
    W5                   IBUF (Prop_ibuf_I_O)         0.414     0.414 r  clk_IBUF_inst/O
                         net (fo=1, routed)           0.685     1.099    clk_IBUF
    BUFGCTRL_X0Y0        BUFG (Prop_bufg_I_O)         0.029     1.128 r  clk_IBUF_BUFG_inst/O
                         net (fo=124, routed)         0.828     1.956    clk_IBUF_BUFG
    SLICE_X10Y63         FDRE                                         r  Res_mag_reg[0]/C
                         clock pessimism             -0.478     1.478    
    SLICE_X10Y63         FDRE (Hold_fdre_C_D)         0.060     1.538    Res_mag_reg[0]
  -------------------------------------------------------------------
                         required time                         -1.538    
                         arrival time                           1.709    
  -------------------------------------------------------------------
                         slack                                  0.171    

Slack (MET) :             0.172ns  (arrival time - required time)
  Source:                 adder1/data_reg[3]/C
                            (rising edge-triggered cell FDRE clocked by sys_clk_pin  {rise@0.000ns fall@5.000ns period=10.000ns})
  Destination:            Res_sign_reg[3]/D
                            (rising edge-triggered cell FDRE clocked by sys_clk_pin  {rise@0.000ns fall@5.000ns period=10.000ns})
  Path Group:             sys_clk_pin
  Path Type:              Hold (Min at Fast Process Corner)
  Requirement:            0.000ns  (sys_clk_pin rise@0.000ns - sys_clk_pin rise@0.000ns)
  Data Path Delay:        0.270ns  (logic 0.141ns (52.228%)  route 0.129ns (47.772%))
  Logic Levels:           0  
  Clock Path Skew:        0.035ns (DCD - SCD - CPR)
    Destination Clock Delay (DCD):    1.956ns
    Source Clock Delay      (SCD):    1.443ns
    Clock Pessimism Removal (CPR):    0.478ns

    Location             Delay type                Incr(ns)  Path(ns)    Netlist Resource(s)
  -------------------------------------------------------------------    -------------------
                         (clock sys_clk_pin rise edge)
                                                      0.000     0.000 r  
    W5                                                0.000     0.000 r  clk (IN)
                         net (fo=0)                   0.000     0.000    clk
    W5                   IBUF (Prop_ibuf_I_O)         0.226     0.226 r  clk_IBUF_inst/O
                         net (fo=1, routed)           0.631     0.858    clk_IBUF
    BUFGCTRL_X0Y0        BUFG (Prop_bufg_I_O)         0.026     0.884 r  clk_IBUF_BUFG_inst/O
                         net (fo=124, routed)         0.560     1.443    adder1/clk_IBUF_BUFG
    SLICE_X9Y63          FDRE                                         r  adder1/data_reg[3]/C
  -------------------------------------------------------------------    -------------------
    SLICE_X9Y63          FDRE (Prop_fdre_C_Q)         0.141     1.584 r  adder1/data_reg[3]/Q
                         net (fo=4, routed)           0.129     1.713    p_1_in0
    SLICE_X10Y63         FDRE                                         r  Res_sign_reg[3]/D
  -------------------------------------------------------------------    -------------------

                         (clock sys_clk_pin rise edge)
                                                      0.000     0.000 r  
    W5                                                0.000     0.000 r  clk (IN)
                         net (fo=0)                   0.000     0.000    clk
    W5                   IBUF (Prop_ibuf_I_O)         0.414     0.414 r  clk_IBUF_inst/O
                         net (fo=1, routed)           0.685     1.099    clk_IBUF
    BUFGCTRL_X0Y0        BUFG (Prop_bufg_I_O)         0.029     1.128 r  clk_IBUF_BUFG_inst/O
                         net (fo=124, routed)         0.828     1.956    clk_IBUF_BUFG
    SLICE_X10Y63         FDRE                                         r  Res_sign_reg[3]/C
                         clock pessimism             -0.478     1.478    
    SLICE_X10Y63         FDRE (Hold_fdre_C_D)         0.063     1.541    Res_sign_reg[3]
  -------------------------------------------------------------------
                         required time                         -1.541    
                         arrival time                           1.713    
  -------------------------------------------------------------------
                         slack                                  0.172    

Slack (MET) :             0.177ns  (arrival time - required time)
  Source:                 B_mag_reg[0]/C
                            (rising edge-triggered cell FDRE clocked by sys_clk_pin  {rise@0.000ns fall@5.000ns period=10.000ns})
  Destination:            data_reg[1][0]/D
                            (rising edge-triggered cell FDRE clocked by sys_clk_pin  {rise@0.000ns fall@5.000ns period=10.000ns})
  Path Group:             sys_clk_pin
  Path Type:              Hold (Min at Fast Process Corner)
  Requirement:            0.000ns  (sys_clk_pin rise@0.000ns - sys_clk_pin rise@0.000ns)
  Data Path Delay:        0.251ns  (logic 0.141ns (56.174%)  route 0.110ns (43.826%))
  Logic Levels:           0  
  Clock Path Skew:        0.015ns (DCD - SCD - CPR)
    Destination Clock Delay (DCD):    1.956ns
    Source Clock Delay      (SCD):    1.443ns
    Clock Pessimism Removal (CPR):    0.498ns

    Location             Delay type                Incr(ns)  Path(ns)    Netlist Resource(s)
  -------------------------------------------------------------------    -------------------
                         (clock sys_clk_pin rise edge)
                                                      0.000     0.000 r  
    W5                                                0.000     0.000 r  clk (IN)
                         net (fo=0)                   0.000     0.000    clk
    W5                   IBUF (Prop_ibuf_I_O)         0.226     0.226 r  clk_IBUF_inst/O
                         net (fo=1, routed)           0.631     0.858    clk_IBUF
    BUFGCTRL_X0Y0        BUFG (Prop_bufg_I_O)         0.026     0.884 r  clk_IBUF_BUFG_inst/O
                         net (fo=124, routed)         0.560     1.443    clk_IBUF_BUFG
    SLICE_X11Y63         FDRE                                         r  B_mag_reg[0]/C
  -------------------------------------------------------------------    -------------------
    SLICE_X11Y63         FDRE (Prop_fdre_C_Q)         0.141     1.584 r  B_mag_reg[0]/Q
                         net (fo=1, routed)           0.110     1.694    B_mag[0]
    SLICE_X10Y64         FDRE                                         r  data_reg[1][0]/D
  -------------------------------------------------------------------    -------------------

                         (clock sys_clk_pin rise edge)
                                                      0.000     0.000 r  
    W5                                                0.000     0.000 r  clk (IN)
                         net (fo=0)                   0.000     0.000    clk
    W5                   IBUF (Prop_ibuf_I_O)         0.414     0.414 r  clk_IBUF_inst/O
                         net (fo=1, routed)           0.685     1.099    clk_IBUF
    BUFGCTRL_X0Y0        BUFG (Prop_bufg_I_O)         0.029     1.128 r  clk_IBUF_BUFG_inst/O
                         net (fo=124, routed)         0.828     1.956    clk_IBUF_BUFG
    SLICE_X10Y64         FDRE                                         r  data_reg[1][0]/C
                         clock pessimism             -0.498     1.458    
    SLICE_X10Y64         FDRE (Hold_fdre_C_D)         0.059     1.517    data_reg[1][0]
  -------------------------------------------------------------------
                         required time                         -1.517    
                         arrival time                           1.694    
  -------------------------------------------------------------------
                         slack                                  0.177    

Slack (MET) :             0.179ns  (arrival time - required time)
  Source:                 A_mag_reg[0]/C
                            (rising edge-triggered cell FDRE clocked by sys_clk_pin  {rise@0.000ns fall@5.000ns period=10.000ns})
  Destination:            data_reg[4][0]/D
                            (rising edge-triggered cell FDRE clocked by sys_clk_pin  {rise@0.000ns fall@5.000ns period=10.000ns})
  Path Group:             sys_clk_pin
  Path Type:              Hold (Min at Fast Process Corner)
  Requirement:            0.000ns  (sys_clk_pin rise@0.000ns - sys_clk_pin rise@0.000ns)
  Data Path Delay:        0.251ns  (logic 0.141ns (56.174%)  route 0.110ns (43.826%))
  Logic Levels:           0  
  Clock Path Skew:        0.000ns (DCD - SCD - CPR)
    Destination Clock Delay (DCD):    1.956ns
    Source Clock Delay      (SCD):    1.443ns
    Clock Pessimism Removal (CPR):    0.513ns

    Location             Delay type                Incr(ns)  Path(ns)    Netlist Resource(s)
  -------------------------------------------------------------------    -------------------
                         (clock sys_clk_pin rise edge)
                                                      0.000     0.000 r  
    W5                                                0.000     0.000 r  clk (IN)
                         net (fo=0)                   0.000     0.000    clk
    W5                   IBUF (Prop_ibuf_I_O)         0.226     0.226 r  clk_IBUF_inst/O
                         net (fo=1, routed)           0.631     0.858    clk_IBUF
    BUFGCTRL_X0Y0        BUFG (Prop_bufg_I_O)         0.026     0.884 r  clk_IBUF_BUFG_inst/O
                         net (fo=124, routed)         0.560     1.443    clk_IBUF_BUFG
    SLICE_X11Y63         FDRE                                         r  A_mag_reg[0]/C
  -------------------------------------------------------------------    -------------------
    SLICE_X11Y63         FDRE (Prop_fdre_C_Q)         0.141     1.584 r  A_mag_reg[0]/Q
                         net (fo=1, routed)           0.110     1.694    A_mag[0]
    SLICE_X11Y63         FDRE                                         r  data_reg[4][0]/D
  -------------------------------------------------------------------    -------------------

                         (clock sys_clk_pin rise edge)
                                                      0.000     0.000 r  
    W5                                                0.000     0.000 r  clk (IN)
                         net (fo=0)                   0.000     0.000    clk
    W5                   IBUF (Prop_ibuf_I_O)         0.414     0.414 r  clk_IBUF_inst/O
                         net (fo=1, routed)           0.685     1.099    clk_IBUF
    BUFGCTRL_X0Y0        BUFG (Prop_bufg_I_O)         0.029     1.128 r  clk_IBUF_BUFG_inst/O
                         net (fo=124, routed)         0.828     1.956    clk_IBUF_BUFG
    SLICE_X11Y63         FDRE                                         r  data_reg[4][0]/C
                         clock pessimism             -0.513     1.443    
    SLICE_X11Y63         FDRE (Hold_fdre_C_D)         0.072     1.515    data_reg[4][0]
  -------------------------------------------------------------------
                         required time                         -1.515    
                         arrival time                           1.694    
  -------------------------------------------------------------------
                         slack                                  0.179    

Slack (MET) :             0.197ns  (arrival time - required time)
  Source:                 B_sign_reg[3]/C
                            (rising edge-triggered cell FDRE clocked by sys_clk_pin  {rise@0.000ns fall@5.000ns period=10.000ns})
  Destination:            data_reg[0][3]/D
                            (rising edge-triggered cell FDRE clocked by sys_clk_pin  {rise@0.000ns fall@5.000ns period=10.000ns})
  Path Group:             sys_clk_pin
  Path Type:              Hold (Min at Fast Process Corner)
  Requirement:            0.000ns  (sys_clk_pin rise@0.000ns - sys_clk_pin rise@0.000ns)
  Data Path Delay:        0.280ns  (logic 0.164ns (58.537%)  route 0.116ns (41.463%))
  Logic Levels:           0  
  Clock Path Skew:        0.013ns (DCD - SCD - CPR)
    Destination Clock Delay (DCD):    1.956ns
    Source Clock Delay      (SCD):    1.443ns
    Clock Pessimism Removal (CPR):    0.500ns

    Location             Delay type                Incr(ns)  Path(ns)    Netlist Resource(s)
  -------------------------------------------------------------------    -------------------
                         (clock sys_clk_pin rise edge)
                                                      0.000     0.000 r  
    W5                                                0.000     0.000 r  clk (IN)
                         net (fo=0)                   0.000     0.000    clk
    W5                   IBUF (Prop_ibuf_I_O)         0.226     0.226 r  clk_IBUF_inst/O
                         net (fo=1, routed)           0.631     0.858    clk_IBUF
    BUFGCTRL_X0Y0        BUFG (Prop_bufg_I_O)         0.026     0.884 r  clk_IBUF_BUFG_inst/O
                         net (fo=124, routed)         0.560     1.443    clk_IBUF_BUFG
    SLICE_X8Y64          FDRE                                         r  B_sign_reg[3]/C
  -------------------------------------------------------------------    -------------------
    SLICE_X8Y64          FDRE (Prop_fdre_C_Q)         0.164     1.607 r  B_sign_reg[3]/Q
                         net (fo=1, routed)           0.116     1.723    B_sign[3]
    SLICE_X9Y64          FDRE                                         r  data_reg[0][3]/D
  -------------------------------------------------------------------    -------------------

                         (clock sys_clk_pin rise edge)
                                                      0.000     0.000 r  
    W5                                                0.000     0.000 r  clk (IN)
                         net (fo=0)                   0.000     0.000    clk
    W5                   IBUF (Prop_ibuf_I_O)         0.414     0.414 r  clk_IBUF_inst/O
                         net (fo=1, routed)           0.685     1.099    clk_IBUF
    BUFGCTRL_X0Y0        BUFG (Prop_bufg_I_O)         0.029     1.128 r  clk_IBUF_BUFG_inst/O
                         net (fo=124, routed)         0.828     1.956    clk_IBUF_BUFG
    SLICE_X9Y64          FDRE                                         r  data_reg[0][3]/C
                         clock pessimism             -0.500     1.456    
    SLICE_X9Y64          FDRE (Hold_fdre_C_D)         0.070     1.526    data_reg[0][3]
  -------------------------------------------------------------------
                         required time                         -1.526    
                         arrival time                           1.723    
  -------------------------------------------------------------------
                         slack                                  0.197    

Slack (MET) :             0.201ns  (arrival time - required time)
  Source:                 adder1/data_reg[1]/C
                            (rising edge-triggered cell FDRE clocked by sys_clk_pin  {rise@0.000ns fall@5.000ns period=10.000ns})
  Destination:            Res_mag_reg[1]/D
                            (rising edge-triggered cell FDRE clocked by sys_clk_pin  {rise@0.000ns fall@5.000ns period=10.000ns})
  Path Group:             sys_clk_pin
  Path Type:              Hold (Min at Fast Process Corner)
  Requirement:            0.000ns  (sys_clk_pin rise@0.000ns - sys_clk_pin rise@0.000ns)
  Data Path Delay:        0.356ns  (logic 0.226ns (63.442%)  route 0.130ns (36.558%))
  Logic Levels:           1  (LUT3=1)
  Clock Path Skew:        0.035ns (DCD - SCD - CPR)
    Destination Clock Delay (DCD):    1.956ns
    Source Clock Delay      (SCD):    1.443ns
    Clock Pessimism Removal (CPR):    0.478ns

    Location             Delay type                Incr(ns)  Path(ns)    Netlist Resource(s)
  -------------------------------------------------------------------    -------------------
                         (clock sys_clk_pin rise edge)
                                                      0.000     0.000 r  
    W5                                                0.000     0.000 r  clk (IN)
                         net (fo=0)                   0.000     0.000    clk
    W5                   IBUF (Prop_ibuf_I_O)         0.226     0.226 r  clk_IBUF_inst/O
                         net (fo=1, routed)           0.631     0.858    clk_IBUF
    BUFGCTRL_X0Y0        BUFG (Prop_bufg_I_O)         0.026     0.884 r  clk_IBUF_BUFG_inst/O
                         net (fo=124, routed)         0.560     1.443    adder1/clk_IBUF_BUFG
    SLICE_X9Y63          FDRE                                         r  adder1/data_reg[1]/C
  -------------------------------------------------------------------    -------------------
    SLICE_X9Y63          FDRE (Prop_fdre_C_Q)         0.128     1.571 r  adder1/data_reg[1]/Q
                         net (fo=3, routed)           0.130     1.701    adder1/data_reg_n_0_[1]
    SLICE_X10Y63         LUT3 (Prop_lut3_I2_O)        0.098     1.799 r  adder1/Res_mag[1]_i_1/O
                         net (fo=1, routed)           0.000     1.799    Res_mag[1]
    SLICE_X10Y63         FDRE                                         r  Res_mag_reg[1]/D
  -------------------------------------------------------------------    -------------------

                         (clock sys_clk_pin rise edge)
                                                      0.000     0.000 r  
    W5                                                0.000     0.000 r  clk (IN)
                         net (fo=0)                   0.000     0.000    clk
    W5                   IBUF (Prop_ibuf_I_O)         0.414     0.414 r  clk_IBUF_inst/O
                         net (fo=1, routed)           0.685     1.099    clk_IBUF
    BUFGCTRL_X0Y0        BUFG (Prop_bufg_I_O)         0.029     1.128 r  clk_IBUF_BUFG_inst/O
                         net (fo=124, routed)         0.828     1.956    clk_IBUF_BUFG
    SLICE_X10Y63         FDRE                                         r  Res_mag_reg[1]/C
                         clock pessimism             -0.478     1.478    
    SLICE_X10Y63         FDRE (Hold_fdre_C_D)         0.120     1.598    Res_mag_reg[1]
  -------------------------------------------------------------------
                         required time                         -1.598    
                         arrival time                           1.799    
  -------------------------------------------------------------------
                         slack                                  0.201    

Slack (MET) :             0.216ns  (arrival time - required time)
  Source:                 lcd1/FSM_sequential_state_reg[1]/C
                            (falling edge-triggered cell FDRE clocked by sys_clk_pin  {rise@0.000ns fall@5.000ns period=10.000ns})
  Destination:            lcd1/data_out_reg[5]/D
                            (falling edge-triggered cell FDRE clocked by sys_clk_pin  {rise@0.000ns fall@5.000ns period=10.000ns})
  Path Group:             sys_clk_pin
  Path Type:              Hold (Min at Fast Process Corner)
  Requirement:            0.000ns  (sys_clk_pin fall@5.000ns - sys_clk_pin fall@5.000ns)
  Data Path Delay:        0.343ns  (logic 0.215ns (62.753%)  route 0.128ns (37.247%))
  Logic Levels:           1  (LUT3=1)
  Clock Path Skew:        0.013ns (DCD - SCD - CPR)
    Destination Clock Delay (DCD):    1.952ns = ( 6.952 - 5.000 ) 
    Source Clock Delay      (SCD):    1.440ns = ( 6.440 - 5.000 ) 
    Clock Pessimism Removal (CPR):    0.499ns

    Location             Delay type                Incr(ns)  Path(ns)    Netlist Resource(s)
  -------------------------------------------------------------------    -------------------
                         (clock sys_clk_pin fall edge)
                                                      5.000     5.000 f  
    W5                                                0.000     5.000 f  clk (IN)
                         net (fo=0)                   0.000     5.000    clk
    W5                   IBUF (Prop_ibuf_I_O)         0.226     5.226 f  clk_IBUF_inst/O
                         net (fo=1, routed)           0.631     5.858    clk_IBUF
    BUFGCTRL_X0Y0        BUFG (Prop_bufg_I_O)         0.026     5.884 f  clk_IBUF_BUFG_inst/O
                         net (fo=124, routed)         0.557     6.440    lcd1/clk_IBUF_BUFG
    SLICE_X12Y68         FDRE                                         r  lcd1/FSM_sequential_state_reg[1]/C  (IS_INVERTED)
  -------------------------------------------------------------------    -------------------
    SLICE_X12Y68         FDRE (Prop_fdre_C_Q)         0.167     6.607 r  lcd1/FSM_sequential_state_reg[1]/Q
                         net (fo=15, routed)          0.128     6.735    lcd1/state__0[1]
    SLICE_X13Y68         LUT3 (Prop_lut3_I0_O)        0.048     6.783 r  lcd1/data_out[5]_i_2/O
                         net (fo=1, routed)           0.000     6.783    lcd1/data_out[5]_i_2_n_0
    SLICE_X13Y68         FDRE                                         r  lcd1/data_out_reg[5]/D
  -------------------------------------------------------------------    -------------------

                         (clock sys_clk_pin fall edge)
                                                      5.000     5.000 f  
    W5                                                0.000     5.000 f  clk (IN)
                         net (fo=0)                   0.000     5.000    clk
    W5                   IBUF (Prop_ibuf_I_O)         0.414     5.414 f  clk_IBUF_inst/O
                         net (fo=1, routed)           0.685     6.099    clk_IBUF
    BUFGCTRL_X0Y0        BUFG (Prop_bufg_I_O)         0.029     6.128 f  clk_IBUF_BUFG_inst/O
                         net (fo=124, routed)         0.824     6.952    lcd1/clk_IBUF_BUFG
    SLICE_X13Y68         FDRE                                         r  lcd1/data_out_reg[5]/C  (IS_INVERTED)
                         clock pessimism             -0.499     6.453    
    SLICE_X13Y68         FDRE (Hold_fdre_C_D)         0.114     6.567    lcd1/data_out_reg[5]
  -------------------------------------------------------------------
                         required time                         -6.567    
                         arrival time                           6.783    
  -------------------------------------------------------------------
                         slack                                  0.216    

Slack (MET) :             0.218ns  (arrival time - required time)
  Source:                 lcd1/FSM_sequential_state_reg[1]/C
                            (falling edge-triggered cell FDRE clocked by sys_clk_pin  {rise@0.000ns fall@5.000ns period=10.000ns})
  Destination:            lcd1/data_out_reg[2]/D
                            (falling edge-triggered cell FDRE clocked by sys_clk_pin  {rise@0.000ns fall@5.000ns period=10.000ns})
  Path Group:             sys_clk_pin
  Path Type:              Hold (Min at Fast Process Corner)
  Requirement:            0.000ns  (sys_clk_pin fall@5.000ns - sys_clk_pin fall@5.000ns)
  Data Path Delay:        0.345ns  (logic 0.216ns (62.679%)  route 0.129ns (37.321%))
  Logic Levels:           1  (LUT3=1)
  Clock Path Skew:        0.013ns (DCD - SCD - CPR)
    Destination Clock Delay (DCD):    1.952ns = ( 6.952 - 5.000 ) 
    Source Clock Delay      (SCD):    1.440ns = ( 6.440 - 5.000 ) 
    Clock Pessimism Removal (CPR):    0.499ns

    Location             Delay type                Incr(ns)  Path(ns)    Netlist Resource(s)
  -------------------------------------------------------------------    -------------------
                         (clock sys_clk_pin fall edge)
                                                      5.000     5.000 f  
    W5                                                0.000     5.000 f  clk (IN)
                         net (fo=0)                   0.000     5.000    clk
    W5                   IBUF (Prop_ibuf_I_O)         0.226     5.226 f  clk_IBUF_inst/O
                         net (fo=1, routed)           0.631     5.858    clk_IBUF
    BUFGCTRL_X0Y0        BUFG (Prop_bufg_I_O)         0.026     5.884 f  clk_IBUF_BUFG_inst/O
                         net (fo=124, routed)         0.557     6.440    lcd1/clk_IBUF_BUFG
    SLICE_X12Y68         FDRE                                         r  lcd1/FSM_sequential_state_reg[1]/C  (IS_INVERTED)
  -------------------------------------------------------------------    -------------------
    SLICE_X12Y68         FDRE (Prop_fdre_C_Q)         0.167     6.607 r  lcd1/FSM_sequential_state_reg[1]/Q
                         net (fo=15, routed)          0.129     6.736    lcd1/state__0[1]
    SLICE_X13Y68         LUT3 (Prop_lut3_I1_O)        0.049     6.785 r  lcd1/data_out[2]_i_1/O
                         net (fo=1, routed)           0.000     6.785    lcd1/data_out[2]_i_1_n_0
    SLICE_X13Y68         FDRE                                         r  lcd1/data_out_reg[2]/D
  -------------------------------------------------------------------    -------------------

                         (clock sys_clk_pin fall edge)
                                                      5.000     5.000 f  
    W5                                                0.000     5.000 f  clk (IN)
                         net (fo=0)                   0.000     5.000    clk
    W5                   IBUF (Prop_ibuf_I_O)         0.414     5.414 f  clk_IBUF_inst/O
                         net (fo=1, routed)           0.685     6.099    clk_IBUF
    BUFGCTRL_X0Y0        BUFG (Prop_bufg_I_O)         0.029     6.128 f  clk_IBUF_BUFG_inst/O
                         net (fo=124, routed)         0.824     6.952    lcd1/clk_IBUF_BUFG
    SLICE_X13Y68         FDRE                                         r  lcd1/data_out_reg[2]/C  (IS_INVERTED)
                         clock pessimism             -0.499     6.453    
    SLICE_X13Y68         FDRE (Hold_fdre_C_D)         0.114     6.567    lcd1/data_out_reg[2]
  -------------------------------------------------------------------
                         required time                         -6.567    
                         arrival time                           6.785    
  -------------------------------------------------------------------
                         slack                                  0.218    





Pulse Width Checks
--------------------------------------------------------------------------------------
Clock Name:         sys_clk_pin
Waveform(ns):       { 0.000 5.000 }
Period(ns):         10.000
Sources:            { clk }

Check Type        Corner  Lib Pin  Reference Pin  Required(ns)  Actual(ns)  Slack(ns)  Location       Pin
Min Period        n/a     BUFG/I   n/a            2.155         10.000      7.845      BUFGCTRL_X0Y0  clk_IBUF_BUFG_inst/I
Min Period        n/a     FDRE/C   n/a            1.000         10.000      9.000      SLICE_X11Y63   A_mag_reg[0]/C
Min Period        n/a     FDRE/C   n/a            1.000         10.000      9.000      SLICE_X9Y63    A_mag_reg[1]/C
Min Period        n/a     FDRE/C   n/a            1.000         10.000      9.000      SLICE_X9Y63    A_mag_reg[2]/C
Min Period        n/a     FDRE/C   n/a            1.000         10.000      9.000      SLICE_X8Y64    A_sign_reg[3]/C
Min Period        n/a     FDRE/C   n/a            1.000         10.000      9.000      SLICE_X11Y63   B_mag_reg[0]/C
Min Period        n/a     FDRE/C   n/a            1.000         10.000      9.000      SLICE_X11Y63   B_mag_reg[1]/C
Min Period        n/a     FDRE/C   n/a            1.000         10.000      9.000      SLICE_X11Y63   B_mag_reg[2]/C
Min Period        n/a     FDRE/C   n/a            1.000         10.000      9.000      SLICE_X8Y64    B_sign_reg[3]/C
Min Period        n/a     FDRE/C   n/a            1.000         10.000      9.000      SLICE_X13Y60   Eqsign_reg[4]/C
Low Pulse Width   Slow    FDRE/C   n/a            0.500         5.000       4.500      SLICE_X11Y63   A_mag_reg[0]/C
Low Pulse Width   Slow    FDRE/C   n/a            0.500         5.000       4.500      SLICE_X11Y63   B_mag_reg[0]/C
Low Pulse Width   Slow    FDRE/C   n/a            0.500         5.000       4.500      SLICE_X11Y63   B_mag_reg[1]/C
Low Pulse Width   Slow    FDRE/C   n/a            0.500         5.000       4.500      SLICE_X11Y63   B_mag_reg[2]/C
Low Pulse Width   Slow    FDRE/C   n/a            0.500         5.000       4.500      SLICE_X10Y64   data_reg[1][0]/C
Low Pulse Width   Slow    FDRE/C   n/a            0.500         5.000       4.500      SLICE_X10Y64   data_reg[1][1]/C
Low Pulse Width   Slow    FDRE/C   n/a            0.500         5.000       4.500      SLICE_X10Y64   data_reg[1][2]/C
Low Pulse Width   Slow    FDRE/C   n/a            0.500         5.000       4.500      SLICE_X11Y63   data_reg[4][0]/C
Low Pulse Width   Slow    FDRE/C   n/a            0.500         5.000       4.500      SLICE_X10Y64   data_reg[6][3]/C
Low Pulse Width   Slow    FDRE/C   n/a            0.500         5.000       4.500      SLICE_X10Y64   data_reg[7][0]/C
High Pulse Width  Slow    FDRE/C   n/a            0.500         5.000       4.500      SLICE_X13Y60   Eqsign_reg[4]/C
High Pulse Width  Slow    FDRE/C   n/a            0.500         5.000       4.500      SLICE_X12Y58   counter_reg[0]/C
High Pulse Width  Slow    FDRE/C   n/a            0.500         5.000       4.500      SLICE_X12Y60   counter_reg[10]/C
High Pulse Width  Slow    FDRE/C   n/a            0.500         5.000       4.500      SLICE_X12Y60   counter_reg[11]/C
High Pulse Width  Slow    FDRE/C   n/a            0.500         5.000       4.500      SLICE_X12Y61   counter_reg[12]/C
High Pulse Width  Slow    FDRE/C   n/a            0.500         5.000       4.500      SLICE_X12Y61   counter_reg[13]/C
High Pulse Width  Slow    FDRE/C   n/a            0.500         5.000       4.500      SLICE_X12Y61   counter_reg[14]/C
High Pulse Width  Slow    FDRE/C   n/a            0.500         5.000       4.500      SLICE_X12Y61   counter_reg[15]/C
High Pulse Width  Slow    FDRE/C   n/a            0.500         5.000       4.500      SLICE_X12Y58   counter_reg[1]/C
High Pulse Width  Slow    FDRE/C   n/a            0.500         5.000       4.500      SLICE_X12Y58   counter_reg[2]/C



